{
"type": "FeatureCollection",
"name": "geo json lot",
"crs": { "type": "name", "properties": { "name": "urn:ogc:def:crs:OGC:1.3:CRS84" } },
"features": [
{ "type": "Feature", "properties": { "nom": "GR 36" }, "geometry": { "type": "MultiLineString", "coordinates": [ [ [ 1.67368343348417, 44.462881136137376 ], [ 1.674022360372901, 44.462892178824958 ], [ 1.674474193372362, 44.462912896134924 ], [ 1.674763634812268, 44.462860685031423 ], [ 1.675292077907743, 44.462773941972529 ], [ 1.675844152843371, 44.46281324523126 ], [ 1.67648370290819, 44.462889045380464 ], [ 1.676973312426186, 44.462900986577395 ], [ 1.677514625271938, 44.462787330700166 ], [ 1.678131066782549, 44.462692110486223 ], [ 1.678559679617592, 44.462550793355803 ], [ 1.679088534387819, 44.462428061883202 ], [ 1.679589120537554, 44.462574955987989 ], [ 1.68006491136238, 44.462694719397518 ], [ 1.680112932555405, 44.462883865105738 ], [ 1.680111357845098, 44.463018754863214 ], [ 1.680297924583969, 44.4631727573002 ], [ 1.68062261937566, 44.463327586010344 ], [ 1.681024544676727, 44.46332099795287 ], [ 1.681413285288159, 44.463368289268587 ], [ 1.681714754813599, 44.463361097713204 ], [ 1.681878414263177, 44.463326102395847 ] ] ] } },
{ "type": "Feature", "properties": { "nom": "GR 6" }, "geometry": { "type": "MultiLineString", "coordinates": [ [ [ 1.517626558494828, 44.855360210079006 ], [ 1.516562553562591, 44.855478240286473 ], [ 1.515903573084605, 44.855572287814304 ], [ 1.514661210884011, 44.855778924511291 ], [ 1.514780644262368, 44.856256551257609 ], [ 1.515101738827228, 44.856780652424725 ], [ 1.515334058097993, 44.857322083126569 ], [ 1.515628684186791, 44.857926942698384 ], [ 1.515483369881766, 44.858348628491143 ], [ 1.515350567579936, 44.858779402731564 ], [ 1.51350027012808, 44.859898997439736 ], [ 1.512721848441916, 44.860369927817096 ], [ 1.512060679983856, 44.860607857832015 ], [ 1.511522620315061, 44.860217050898427 ], [ 1.510969264269555, 44.860006027440512 ], [ 1.510501370899606, 44.860002526540555 ], [ 1.50985537260364, 44.860069650701817 ], [ 1.509154925695384, 44.860397220152599 ], [ 1.507639523735539, 44.861096460355355 ], [ 1.507345861278192, 44.861283151185773 ], [ 1.507165210067409, 44.861524660644122 ], [ 1.506226591078734, 44.861706500781814 ], [ 1.504747581911766, 44.862504922262048 ], [ 1.504269749003504, 44.863166956395382 ], [ 1.503731488329774, 44.863639634951333 ], [ 1.502590361320113, 44.864674449792894 ], [ 1.503443902897157, 44.865112658284765 ], [ 1.504449488665109, 44.865534015009622 ], [ 1.505053329049716, 44.86575444687108 ], [ 1.505300111423449, 44.866170078819849 ], [ 1.505333231505934, 44.866494150886581 ], [ 1.505290202520601, 44.866835640030175 ], [ 1.5047646432401, 44.866453888386779 ], [ 1.504036872037348, 44.866061614023941 ], [ 1.503522769218431, 44.865760899082723 ], [ 1.503720694418079, 44.866059229829801 ], [ 1.503820933036759, 44.8661229511955 ], [ 1.504044021220514, 44.866430466983047 ], [ 1.50426456526895, 44.866908869304758 ], [ 1.504426165798736, 44.867098983453829 ], [ 1.504500575465892, 44.867198490626933 ], [ 1.504357164542975, 44.867485251992449 ], [ 1.503900554707659, 44.868417299126293 ], [ 1.503280716490917, 44.869267155728096 ], [ 1.503367000028029, 44.870266262547872 ], [ 1.503710815034178, 44.870961479440126 ], [ 1.502873101234273, 44.871998589049085 ], [ 1.502212559349073, 44.872182496947381 ], [ 1.501589694155668, 44.873230215877619 ], [ 1.501314920592666, 44.873839804841644 ], [ 1.501306654705079, 44.873866558878881 ], [ 1.50129568001973, 44.87391052999071 ], [ 1.500826184911816, 44.874375814294936 ], [ 1.500555304284777, 44.8747245731102 ], [ 1.499616711196169, 44.874888370588067 ], [ 1.498943474088023, 44.875072163911526 ], [ 1.498512593627477, 44.875122865584558 ], [ 1.49830453417057, 44.875499081294691 ], [ 1.498095392903258, 44.875947250363474 ], [ 1.497453192022528, 44.876590021347454 ], [ 1.497118624267817, 44.876965274294726 ], [ 1.49650576056426, 44.877338410131109 ], [ 1.495561149300783, 44.877897914337488 ], [ 1.49590188040018, 44.877954479362707 ], [ 1.49630599767289, 44.878002530137209 ], [ 1.496898374584932, 44.878150957875569 ], [ 1.496427487072298, 44.878336274345251 ], [ 1.49595808705978, 44.878422654278481 ], [ 1.494955897640581, 44.878603919790507 ], [ 1.495752844342573, 44.878609989793141 ], [ 1.496218726441172, 44.878757457632304 ], [ 1.496481532453708, 44.878948354710182 ], [ 1.496616352671071, 44.879237224270348 ], [ 1.497210230614556, 44.879286714899223 ], [ 1.49728180393887, 44.879575103195364 ], [ 1.497465878799816, 44.87995429795172 ], [ 1.496546740957486, 44.879659466308055 ], [ 1.495876959153568, 44.879609394334466 ], [ 1.49520582127493, 44.879649259569895 ], [ 1.494342760008225, 44.87983158031831 ], [ 1.493533824485856, 44.879780433139146 ], [ 1.493138135403861, 44.880011285352978 ], [ 1.492126115202262, 44.880003552667489 ], [ 1.491265897232513, 44.87999697280047 ], [ 1.490860271553965, 44.880047838202621 ], [ 1.490117282608352, 44.880653816877071 ], [ 1.489578050634007, 44.881171402278753 ], [ 1.488568549552794, 44.881829298331944 ], [ 1.488029292032982, 44.8823468755051 ], [ 1.487553278356065, 44.882864937014361 ], [ 1.487470942851259, 44.883287077187653 ], [ 1.486933166596216, 44.883705714657758 ], [ 1.486531533060067, 44.884323291458031 ], [ 1.486385108652787, 44.884798908875275 ], [ 1.485911252401845, 44.885173057996703 ], [ 1.485647080504336, 44.885072075917115 ], [ 1.48525776803471, 44.884880177453283 ] ] ] } },
{ "type": "Feature", "properties": { "nom": "Vélo" }, "geometry": { "type": "MultiLineString", "coordinates": [ [ [ 2.004147493646596, 44.973824022694643 ], [ 2.004642830501634, 44.973636616558345 ], [ 2.005124042749963, 44.973692032166227 ], [ 2.005555532209135, 44.973585385837019 ], [ 2.005820680099647, 44.973748091718463 ], [ 2.006125128349538, 44.973695032781521 ], [ 2.006341140735205, 44.973596732895146 ], [ 2.006634516812034, 44.973273788620808 ], [ 2.006901426094485, 44.973139659901712 ], [ 2.007003227279173, 44.9730680032443 ], [ 2.007205924061169, 44.973077603114056 ], [ 2.007713276101605, 44.972998160598785 ], [ 2.008320886560228, 44.973107908488082 ], [ 2.00848662922126, 44.972937494923663 ], [ 2.008766310727142, 44.972785410143153 ], [ 2.009185537822772, 44.972606753205149 ], [ 2.009186438489412, 44.9724538397614 ], [ 2.009364689848864, 44.972310447783009 ], [ 2.009529685731776, 44.972265961408631 ], [ 2.00979547359698, 44.972320717956094 ], [ 2.010023562888001, 44.972321392997017 ], [ 2.010380111851201, 44.972025610275971 ], [ 2.010583067877404, 44.971990229438916 ], [ 2.010811472818555, 44.971936933424246 ], [ 2.011027416763403, 44.971847620288983 ], [ 2.011127525187016, 44.972063796033687 ], [ 2.011302770482168, 44.972433108952835 ], [ 2.011276163129875, 44.972648911885031 ], [ 2.011680187751436, 44.972901962445363 ], [ 2.011717151222893, 44.973081971504214 ], [ 2.01146350514, 44.973117205635916 ], [ 2.011260123524402, 44.973224546471641 ], [ 2.011689811301945, 44.973423702460373 ], [ 2.012157360055611, 44.973649953131044 ], [ 2.012625331648433, 44.973804242540261 ], [ 2.012839970408407, 44.973939797777355 ], [ 2.012763361351606, 44.974038519088403 ], [ 2.012560765247472, 44.974010939516532 ], [ 2.012345812639746, 44.973929353224229 ], [ 2.012042313905183, 44.973820520744248 ], [ 2.011927845594766, 44.973892145105005 ], [ 2.012142325796791, 44.974054685534895 ], [ 2.012622029773413, 44.97437092033887 ], [ 2.012861700335835, 44.974560519629286 ], [ 2.012810278315902, 44.974686299372721 ], [ 2.012405764435888, 44.974514207030182 ], [ 2.011571766690317, 44.974106978724805 ], [ 2.010977022485556, 44.973961305945558 ], [ 2.010318710110399, 44.973851422329844 ], [ 2.009836855490084, 44.97390396812456 ], [ 2.009481828154049, 44.973938896811319 ], [ 2.008998805827849, 44.97418932615544 ], [ 2.008616733506138, 44.974512013886539 ], [ 2.008477073700954, 44.974556574461843 ], [ 2.008160216296972, 44.974564627928899 ], [ 2.007728937568011, 44.974635304742051 ], [ 2.007487632853313, 44.974724536688541 ], [ 2.007068649774118, 44.97485821275675 ], [ 2.007535872950346, 44.975138452433988 ], [ 2.007369747834989, 44.975371828191648 ], [ 2.007291530301532, 44.975740392355483 ], [ 2.007989045342114, 44.975652519702422 ], [ 2.008305538167738, 44.975707431143441 ], [ 2.008469429394524, 44.975851838637645 ], [ 2.008760737379674, 44.975879688494359 ], [ 2.009253534011736, 44.976124016829182 ], [ 2.009037040834892, 44.976303275811766 ], [ 2.008997857648711, 44.976501051360323 ], [ 2.009249933112283, 44.97673566950094 ], [ 2.009666809353918, 44.976961781036515 ], [ 2.010033155457824, 44.977160755910297 ], [ 2.010336720656819, 44.977260599049963 ], [ 2.010665792119313, 44.977333530746897 ], [ 2.011185640923772, 44.977290088157915 ], [ 2.011794145012302, 44.977255899356351 ], [ 2.012199569310036, 44.977275081278933 ], [ 2.013454385642646, 44.977242780111588 ], [ 2.014695953904383, 44.977309370533042 ], [ 2.015113948271311, 44.977346568288219 ], [ 2.015899507409515, 44.977375837702134 ], [ 2.01648235331282, 44.977395518959881 ], [ 2.017116253750063, 44.977352378937169 ], [ 2.01736852172836, 44.977559994860222 ], [ 2.017570048164455, 44.977776458239227 ], [ 2.017846790138179, 44.978137059427439 ], [ 2.017996494418429, 44.978551264580688 ], [ 2.018385704622639, 44.979191035145334 ], [ 2.018587498151965, 44.979362523029572 ], [ 2.018891040892455, 44.979471336935816 ], [ 2.019156973787116, 44.979508082257489 ], [ 2.019524500633252, 44.979509137540184 ], [ 2.020006445087448, 44.979447554763226 ], [ 2.020526713933236, 44.97933210993628 ], [ 2.020806191024537, 44.979215973439238 ], [ 2.021199877698704, 44.979073177897824 ], [ 2.021733172205823, 44.978894797906847 ], [ 2.022380266140995, 44.978761715261086 ], [ 2.023040435994016, 44.978556705968437 ], [ 2.023345047166457, 44.978476615050333 ], [ 2.023852273628236, 44.978424081799872 ], [ 2.024295527506813, 44.978479306957603 ], [ 2.024447351258945, 44.978524711272044 ], [ 2.024700157753181, 44.978642361334408 ], [ 2.024863898743567, 44.978822724528705 ], [ 2.02502723887735, 44.979075046966386 ], [ 2.025114337710952, 44.979363134605258 ], [ 2.025150996724701, 44.979606104978799 ], [ 2.025276269905895, 44.979867313985793 ], [ 2.025452539084148, 44.980074697488618 ], [ 2.025895807594638, 44.980129916296534 ], [ 2.026516506519949, 44.980185630743769 ], [ 2.026833041821839, 44.980240489533465 ], [ 2.026870010429932, 44.98042948978501 ], [ 2.026817110185072, 44.980825123445328 ] ] ] } },
{ "type": "Feature", "properties": { "nom": "GR 65" }, "geometry": { "type": "MultiLineString", "coordinates": [ [ [ 2.16453347603847, 44.616261427010265 ], [ 2.164848595456132, 44.616153997407132 ], [ 2.165062650215372, 44.616154332276267 ], [ 2.165578377773076, 44.616326014986939 ], [ 2.165968219589166, 44.616488505978218 ], [ 2.166458605419691, 44.616714106432461 ], [ 2.167629133930045, 44.616877798988313 ], [ 2.168296490653493, 44.616878823522285 ], [ 2.168384333446847, 44.616977888106959 ], [ 2.168484497689038, 44.617166906921696 ], [ 2.168256085127426, 44.617751139401719 ], [ 2.168154454743572, 44.618047772025115 ], [ 2.168103110003728, 44.618371461870609 ], [ 2.168215217072752, 44.61877634623189 ], [ 2.168352807605075, 44.619082338673877 ], [ 2.168553388196617, 44.619379434298303 ] ] ] } },
{ "type": "Feature", "properties": { "nom": "GR 65" }, "geometry": { "type": "MultiLineString", "coordinates": [ [ [ 1.954446621580669, 44.576897065018876 ], [ 1.954497565442158, 44.576807306860616 ], [ 1.954069269040998, 44.576877763335609 ], [ 1.953263433489607, 44.5769558919555 ], [ 1.952747488192436, 44.576963081658995 ], [ 1.952318202541178, 44.577177423452575 ], [ 1.951485034211993, 44.577570215989773 ], [ 1.950865699442663, 44.577972748244264 ], [ 1.950322039074301, 44.578348562448063 ], [ 1.949714215524834, 44.578904018137834 ] ] ] } },
{ "type": "Feature", "properties": { "nom": "GR 651" }, "geometry": { "type": "MultiLineString", "coordinates": [ [ [ 1.828840677408707, 44.589806304403851 ], [ 1.829209312980522, 44.589403294316227 ], [ 1.829540350429526, 44.588982122781125 ], [ 1.829717436560665, 44.588884010438058 ], [ 1.829681631854382, 44.588667997943787 ], [ 1.829898665232732, 44.588327241641053 ], [ 1.830040105590766, 44.587995129210427 ], [ 1.830306499368438, 44.587762524209957 ], [ 1.831165672762441, 44.587388749369246 ], [ 1.831633900764769, 44.587103108446627 ], [ 1.83157478392293, 44.586680135188971 ], [ 1.831377723112697, 44.58620256725856 ], [ 1.831179775551829, 44.585823923304616 ], [ 1.830981424386072, 44.585490246148368 ], [ 1.830986531917128, 44.584923671857908 ], [ 1.83127067702782, 44.584115553735082 ], [ 1.831540448227747, 44.583505229544329 ], [ 1.83201284926774, 44.58275193866583 ], [ 1.832207993489851, 44.582042340130691 ], [ 1.832149767227019, 44.581520443976466 ], [ 1.83162636264201, 44.580951439997378 ], [ 1.831366811294667, 44.580428617074162 ], [ 1.831795935131389, 44.580286693920868 ], [ 1.832025425524598, 44.579954985597709 ], [ 1.831592040375318, 44.579585846328875 ], [ 1.830874429562257, 44.579212214014326 ], [ 1.830827699579253, 44.578528096477655 ], [ 1.831251488077692, 44.577864912160038 ], [ 1.830485650842902, 44.577672518517396 ], [ 1.829830544148231, 44.57775943205386 ], [ 1.829528805760786, 44.577731057323518 ], [ 1.829229995206591, 44.577378926713024 ], [ 1.828004759369073, 44.577388201983553 ], [ 1.827343923412468, 44.577226295677526 ], [ 1.826616265360253, 44.576989084842403 ], [ 1.826188707307468, 44.576960116210003 ] ] ] } },
{ "type": "Feature", "properties": { "nom": "GR 651" }, "geometry": { "type": "MultiLineString", "coordinates": [ [ [ 1.828840677408707, 44.589806304403851 ], [ 1.828976510913142, 44.590094729154252 ], [ 1.82867169220292, 44.590399103139518 ], [ 1.828619151000367, 44.590641688845643 ], [ 1.828277142098382, 44.590882934902282 ], [ 1.827685458322349, 44.590898180862624 ], [ 1.827420018034221, 44.591022861808604 ], [ 1.827216524969242, 44.591255752633053 ], [ 1.827742592160385, 44.591536994792591 ], [ 1.827614531078815, 44.591779230045795 ], [ 1.827333970278165, 44.592182643514263 ], [ 1.827507559666759, 44.592471245957498 ], [ 1.827997022842009, 44.592626406130897 ], [ 1.828233873163488, 44.592879324984047 ], [ 1.828396268417604, 44.593014982025821 ], [ 1.828658457018946, 44.593250030185864 ], [ 1.828983579584016, 44.593485368332573 ], [ 1.829056898411065, 44.593728536485301 ], [ 1.828978286981107, 44.594069931717954 ], [ 1.829048351325854, 44.594672830810119 ], [ 1.829310550347883, 44.594907877578471 ], [ 1.829372995353043, 44.594962127942175 ], [ 1.829759842560642, 44.59533265519083 ], [ 1.830699047214326, 44.595867612177827 ], [ 1.830959961656735, 44.596246547974836 ], [ 1.830653416024699, 44.596739787429676 ], [ 1.831213665936465, 44.597425886796174 ], [ 1.832139387348301, 44.597677744730269 ], [ 1.836426133478732, 44.5964561401561 ], [ 1.838254849272129, 44.596891464220832 ] ] ] } },
{ "type": "Feature", "properties": { "nom": "GR 36" }, "geometry": { "type": "MultiLineString", "coordinates": [ [ [ 1.209662855276308, 44.504234714013101 ], [ 1.210903928914888, 44.504391356099759 ], [ 1.211074620948462, 44.504653932369031 ], [ 1.21137006809306, 44.504962757546998 ], [ 1.211664979137809, 44.505298558777355 ], [ 1.212037625197484, 44.505518233886853 ], [ 1.212262904874316, 44.505565512368896 ], [ 1.212453185421707, 44.505477521598095 ], [ 1.212782045876006, 44.505372962546105 ], [ 1.212987586844332, 44.505150217495682 ], [ 1.213387164392805, 44.505280223556966 ], [ 1.213772203163426, 44.505509013234629 ], [ 1.214170169414654, 44.505719946013031 ], [ 1.214543905143663, 44.505885659973039 ], [ 1.214765954160173, 44.505465212625467 ], [ 1.215076136954981, 44.50503667141767 ] ] ] } },
{ "type": "Feature", "properties": { "nom": "GR 652" }, "geometry": { "type": "MultiLineString", "coordinates": [ [ [ 1.759268994819516, 44.873250419975093 ], [ 1.759220072543113, 44.873088256634297 ], [ 1.759047267195051, 44.872673589978533 ], [ 1.758910735905527, 44.872421019915222 ], [ 1.758764350158111, 44.871898552559479 ], [ 1.758743056789115, 44.871511662495507 ], [ 1.758863225547662, 44.870900643122781 ], [ 1.758814958820231, 44.870675519371012 ], [ 1.758783251479013, 44.870072699267936 ], [ 1.759079469991526, 44.869561543999382 ], [ 1.759515648111162, 44.868970166650278 ], [ 1.759710761120166, 44.868449486362486 ], [ 1.760126552685578, 44.867381274680532 ], [ 1.76021898741082, 44.86700397478193 ], [ 1.760515546672534, 44.866456839248293 ], [ 1.760900910958336, 44.865883181906632 ], [ 1.760335676718866, 44.865502449041898 ], [ 1.760034276432579, 44.865293994215854 ], [ 1.759782818103214, 44.865148763236277 ], [ 1.759647044190126, 44.864824239970055 ], [ 1.759549307271217, 44.864490920950267 ], [ 1.75942618477449, 44.86416646316669 ], [ 1.759242338948621, 44.863598828514846 ], [ 1.759043711644755, 44.863237996572032 ], [ 1.758830669465215, 44.863047991169964 ], [ 1.758404592002223, 44.862667977401976 ], [ 1.757851027550431, 44.862386236029039 ], [ 1.756995631618325, 44.861941001276968 ], [ 1.756418003835123, 44.861542195010095 ], [ 1.756091815740864, 44.861288624624976 ], [ 1.755955885400873, 44.860982086117026 ], [ 1.755706422758743, 44.860647965683299 ], [ 1.755328533982383, 44.86050205918508 ], [ 1.755076920664966, 44.860374805722557 ], [ 1.754850320586224, 44.860274668315128 ], [ 1.75436068473296, 44.859930284241848 ] ] ] } },
{ "type": "Feature", "properties": { "nom": "GR 46" }, "geometry": { "type": "MultiLineString", "coordinates": [ [ [ 1.578711885472931, 44.471996495012597 ], [ 1.578877571682078, 44.471817771720879 ], [ 1.579029003233183, 44.471764857758515 ], [ 1.579043500155294, 44.471621063227403 ], [ 1.578819748764026, 44.471448643543013 ], [ 1.578784012301228, 44.471304502307859 ], [ 1.579451673244566, 44.471156225350768 ], [ 1.579515676788757, 44.471066733080789 ], [ 1.579466895967074, 44.470958474981778 ], [ 1.579192063619488, 44.470848657486108 ], [ 1.578981115861608, 44.470658339412871 ], [ 1.579236280694073, 44.470363319133021 ], [ 1.579251261951583, 44.470183554734064 ], [ 1.579088974014039, 44.470110487098815 ], [ 1.578738311960194, 44.470036118475903 ], [ 1.578614306330262, 44.469918346921204 ], [ 1.578944091973904, 44.469677804346546 ], [ 1.578986007492075, 44.469363324811702 ], [ 1.578891845321175, 44.468895018883401 ], [ 1.5787224582689, 44.468417198973576 ], [ 1.57844812545783, 44.468271408949327 ], [ 1.57809747567475, 44.46819703744805 ], [ 1.577897278632139, 44.468141693204856 ], [ 1.577548694929667, 44.467914446561785 ], [ 1.577190957586053, 44.467435321416261 ], [ 1.576783846620467, 44.466892899812294 ], [ 1.576201304331535, 44.466322279527262 ], [ 1.575879677931079, 44.465960314332705 ], [ 1.575608650951073, 44.465571719559541 ], [ 1.575384080902268, 44.465462241028241 ], [ 1.57516158262918, 44.465199888876192 ], [ 1.57482850993494, 44.46475690067799 ], [ 1.57445618658893, 44.464430552837726 ], [ 1.573674491772141, 44.463732629441068 ], [ 1.57308944916344, 44.463350836320394 ], [ 1.57205812234646, 44.462543242656139 ], [ 1.571323037765085, 44.462115428109144 ], [ 1.570960736436645, 44.461977999472843 ], [ 1.570437410338405, 44.461677564252881 ], [ 1.570036954767968, 44.461575838989894 ], [ 1.569842797013348, 44.461079847614421 ], [ 1.569429177927247, 44.461022994659267 ], [ 1.568850731853473, 44.461081900249887 ], [ 1.567892525186066, 44.461362975994781 ], [ 1.567387935905701, 44.461530312534393 ], [ 1.567019125039357, 44.461869472410925 ], [ 1.566752486322074, 44.462083442415306 ], [ 1.566350679334818, 44.462080621013584 ], [ 1.56613869808071, 44.461971211484105 ], [ 1.565952570116228, 44.461808023243599 ] ] ] } },
{ "type": "Feature", "properties": { "nom": "GR 652" }, "geometry": { "type": "MultiLineString", "coordinates": [ [ [ 1.158825197970718, 44.572056991197179 ], [ 1.158729459942761, 44.571822110404696 ], [ 1.158787325557717, 44.571462955786224 ], [ 1.159064197081732, 44.570260676318213 ], [ 1.15948767527382, 44.569266839076427 ], [ 1.159230290506686, 44.568940283432987 ], [ 1.15857225291234, 44.5685194879552 ], [ 1.158212543200304, 44.568272782560996 ], [ 1.157868248376253, 44.5678913249914 ], [ 1.157289106486129, 44.567309469180692 ], [ 1.156959480922685, 44.566829228838259 ], [ 1.156657473690677, 44.566232357420304 ], [ 1.156513707354791, 44.565889027391016 ], [ 1.156468115928996, 44.565663677967642 ], [ 1.157028383403262, 44.565345899114611 ], [ 1.15773939982979, 44.565038728732915 ], [ 1.157342996544095, 44.564144033360257 ], [ 1.157203386807899, 44.563602873405642 ], [ 1.15736112346327, 44.563280770000993 ], [ 1.157466847684064, 44.563039057443589 ], [ 1.157241572394305, 44.562982673255362 ] ] ] } },
{ "type": "Feature", "properties": { "nom": "GR 36" }, "geometry": { "type": "MultiLineString", "coordinates": [ [ [ 1.421068430140707, 44.445189646566845 ], [ 1.421455946764252, 44.445291808687571 ], [ 1.422220039200126, 44.445397109291115 ], [ 1.422523343446215, 44.445273730220649 ], [ 1.422952755885077, 44.445115426896756 ], [ 1.423730276966798, 44.445166868745211 ], [ 1.424144361539525, 44.445179308146123 ], [ 1.424446494817941, 44.445127860473491 ], [ 1.425240940620426, 44.444909629606784 ], [ 1.426124846898274, 44.444593208326289 ], [ 1.426364795544066, 44.444505265778034 ], [ 1.426968905758723, 44.444411351023412 ], [ 1.427456118525218, 44.444559285224756 ], [ 1.42790102885289, 44.444994657417773 ], [ 1.427924101159753, 44.445120755984277 ], [ 1.428194881078403, 44.445455756295175 ], [ 1.428356322090171, 44.445565014783575 ], [ 1.428642272820821, 44.445738256868829 ], [ 1.428866912789059, 44.445821057819792 ], [ 1.429153155953941, 44.445976315080813 ], [ 1.429382149391099, 44.445789347034172 ], [ 1.429910951940297, 44.445694792935718 ] ] ] } },
{ "type": "Feature", "properties": { "nom": "GR 36" }, "geometry": { "type": "MultiLineString", "coordinates": [ [ [ 1.552981662750603, 44.464432118482087 ], [ 1.552978279081749, 44.464674915509683 ], [ 1.552860628719591, 44.465006830624446 ], [ 1.552465088440535, 44.465453673159679 ], [ 1.551751843939765, 44.466168043227121 ], [ 1.551662562659397, 44.466266332529123 ], [ 1.551569387203221, 44.466643387783833 ], [ 1.551815389838984, 44.467013878302026 ], [ 1.552186972423337, 44.467385265614119 ], [ 1.552682130250295, 44.467901429356125 ], [ 1.553026728350394, 44.468407521798689 ], [ 1.553235324270609, 44.468759755195144 ], [ 1.553518019571295, 44.469202450216819 ], [ 1.553962097465708, 44.469781197967237 ], [ 1.554494466693759, 44.470333593830937 ], [ 1.554664653979228, 44.47073951074649 ], [ 1.554909570320926, 44.471190926725853 ], [ 1.554900067783241, 44.471874359238846 ], [ 1.554837453583949, 44.472764261463603 ], [ 1.554724601617152, 44.473653807185386 ], [ 1.554633060198315, 44.473913963660188 ], [ 1.554632810368899, 44.473931948606584 ], [ 1.554691979299258, 44.474193180186305 ], [ 1.555544435898482, 44.473407831199573 ], [ 1.556175005313425, 44.473223457596369 ], [ 1.556896064164614, 44.473759197040494 ], [ 1.557551376984506, 44.47360197086838 ], [ 1.557384027729553, 44.47298922972989 ], [ 1.557569072595374, 44.472325030146841 ], [ 1.557628402988412, 44.471668932426525 ], [ 1.558703019166157, 44.469706655342435 ], [ 1.559701905664405, 44.467951373536373 ], [ 1.560482453084443, 44.466904672007594 ], [ 1.562484123444063, 44.465641756408949 ], [ 1.5625436370942, 44.464967672161798 ], [ 1.563593170169864, 44.46444446456286 ], [ 1.565952570116228, 44.461808023243599 ] ] ] } },
{ "type": "Feature", "properties": { "nom": "GR 36" }, "geometry": { "type": "MultiLineString", "coordinates": [ [ [ 1.554760650203714, 44.456611589522986 ], [ 1.554651654182772, 44.456323025489276 ], [ 1.554430914994418, 44.455943730918804 ], [ 1.554137226519681, 44.455393041199699 ], [ 1.553966837961694, 44.455005111874634 ], [ 1.553835243411529, 44.454536518519411 ], [ 1.553580232687513, 44.453914157552028 ], [ 1.553278171552312, 44.453965961135552 ], [ 1.552889354180625, 44.453936203118303 ], [ 1.552803978673486, 44.453755725557265 ] ] ] } },
{ "type": "Feature", "properties": { "nom": "GR 36" }, "geometry": { "type": "MultiLineString", "coordinates": [ [ [ 1.421068430140707, 44.445189646566845 ], [ 1.421455946764252, 44.445291808687571 ], [ 1.422220039200126, 44.445397109291115 ], [ 1.422523343446215, 44.445273730220649 ], [ 1.422952755885077, 44.445115426896756 ], [ 1.423730276966798, 44.445166868745211 ], [ 1.424144361539525, 44.445179308146123 ], [ 1.424446494817941, 44.445127860473491 ], [ 1.425240940620426, 44.444909629606784 ], [ 1.426124846898274, 44.444593208326289 ], [ 1.426364795544066, 44.444505265778034 ], [ 1.426968905758723, 44.444411351023412 ], [ 1.427456118525218, 44.444559285224756 ], [ 1.42790102885289, 44.444994657417773 ], [ 1.427924101159753, 44.445120755984277 ], [ 1.428194881078403, 44.445455756295175 ], [ 1.428356322090171, 44.445565014783575 ], [ 1.428642272820821, 44.445738256868829 ], [ 1.428866912789059, 44.445821057819792 ], [ 1.429153155953941, 44.445976315080813 ], [ 1.429382149391099, 44.445789347034172 ], [ 1.429910951940297, 44.445694792935718 ] ] ] } },
{ "type": "Feature", "properties": { "nom": "GR 46" }, "geometry": { "type": "MultiLineString", "coordinates": [ [ [ 1.567317855648895, 44.647502685671334 ], [ 1.567434826365968, 44.648160075919826 ], [ 1.567399264825805, 44.648915335233198 ], [ 1.5673740194039, 44.64928783719666 ] ] ] } },
{ "type": "Feature", "properties": { "nom": "GR 652" }, "geometry": { "type": "MultiLineString", "coordinates": [ [ [ 1.349517247153461, 44.706674498469134 ], [ 1.350092595272982, 44.706949494899945 ], [ 1.351032243104173, 44.707308700231501 ], [ 1.351683904829063, 44.707548391204263 ], [ 1.352121655593393, 44.707759182972644 ], [ 1.352422900626391, 44.707842827229385 ], [ 1.352460733688734, 44.707843165121282 ], [ 1.352359370813478, 44.707869243942575 ], [ 1.352397045516336, 44.70787857535263 ], [ 1.352597717818838, 44.707943330381035 ], [ 1.352644686685355, 44.708141633681066 ], [ 1.352240970194752, 44.708147020550868 ], [ 1.352050062451341, 44.708244256371749 ], [ 1.351659113923977, 44.708240760585177 ], [ 1.351155298502792, 44.708200275379355 ], [ 1.350839859552939, 44.708206446852202 ] ] ] } },
{ "type": "Feature", "properties": { "nom": "GR 36" }, "geometry": { "type": "MultiLineString", "coordinates": [ [ [ 1.201785573341478, 44.504099573218298 ], [ 1.202733270444413, 44.504469129818247 ], [ 1.203471538017962, 44.504629653546303 ], [ 1.204286107670541, 44.504745989280437 ], [ 1.204913468486354, 44.50479743089376 ], [ 1.205315376806354, 44.50481056837755 ], [ 1.205907393663815, 44.504744718412347 ], [ 1.206273595953703, 44.504658550910406 ], [ 1.20724654267137, 44.504398747529535 ], [ 1.208114447575538, 44.504362705692252 ], [ 1.209144796381295, 44.504373296426522 ], [ 1.209662855276308, 44.504234714013101 ] ] ] } },
{ "type": "Feature", "properties": { "nom": "GR 651" }, "geometry": { "type": "MultiLineString", "coordinates": [ [ [ 1.723336348501555, 44.526186625460745 ], [ 1.723326919824985, 44.527049945818632 ], [ 1.723322009632663, 44.527499592719913 ], [ 1.723468150717972, 44.527932096689135 ], [ 1.723464223177147, 44.528291813438145 ], [ 1.723461375955233, 44.528552608410749 ], [ 1.723345088648268, 44.52883974994046 ], [ 1.723077549117272, 44.529162018889778 ], [ 1.722948294675216, 44.529485061696796 ], [ 1.723008992153091, 44.52968325815619 ], [ 1.723005060308003, 44.530042975137647 ] ] ] } },
{ "type": "Feature", "properties": { "nom": "GR 651" }, "geometry": { "type": "MultiLineString", "coordinates": [ [ [ 1.641826152726153, 44.507461889140963 ], [ 1.641825596523777, 44.50750685306344 ], [ 1.641748973947128, 44.507605295163202 ], [ 1.642098841230423, 44.507769393360839 ], [ 1.642561589392409, 44.507952192131782 ], [ 1.642925359845125, 44.508008453430655 ], [ 1.64323908590463, 44.508046410737435 ], [ 1.643563605058594, 44.5082283310159 ], [ 1.643724867461063, 44.508400226006408 ], [ 1.643684060944657, 44.508651785975239 ], [ 1.643808511300361, 44.508751500000066 ], [ 1.644012686612703, 44.508500971878696 ], [ 1.644052604200493, 44.508321354299667 ], [ 1.643954951426958, 44.508086907273821 ], [ 1.64395927607651, 44.507736189785319 ], [ 1.643923682226586, 44.507565088908827 ], [ 1.644039110257432, 44.507376954781691 ], [ 1.644216706400665, 44.507243173409591 ], [ 1.644444013618169, 44.507154673456704 ], [ 1.644845923562725, 44.507175195709024 ], [ 1.644819351604974, 44.507291942886468 ], [ 1.644618285507262, 44.507290675042505 ], [ 1.644477171040369, 44.507523615271168 ], [ 1.644806117782385, 44.507591742228165 ], [ 1.645057436524991, 44.50773570857298 ], [ 1.645393372461325, 44.507731546664438 ], [ 1.645808026604781, 44.507630931936184 ], [ 1.646223170186206, 44.50759757158869 ], [ 1.646485393367372, 44.507587494143799 ], [ 1.646877427993924, 44.507658599167009 ], [ 1.647329152748379, 44.507595533242281 ], [ 1.647732501019688, 44.507499139433705 ], [ 1.648060337698297, 44.507411262709851 ], [ 1.648463132509331, 44.507359829288944 ], [ 1.648853909992102, 44.507263352175805 ], [ 1.649057837635985, 44.507030800280567 ], [ 1.649487742405676, 44.50681765101416 ], [ 1.649930648984549, 44.506568608321764 ], [ 1.650524789250036, 44.5062845345727 ], [ 1.651374856872293, 44.505624333149711 ], [ 1.651731316949233, 44.505248834342915 ], [ 1.652199662484535, 44.504972960042977 ], [ 1.652687443857807, 44.505164865045316 ] ] ] } },
{ "type": "Feature", "properties": { "nom": "GR 652" }, "geometry": { "type": "MultiLineString", "coordinates": [ [ [ 1.293877863411947, 44.69332633263992 ], [ 1.294082154876179, 44.693867947038214 ], [ 1.294646835124053, 44.694017205257119 ] ] ] } },
{ "type": "Feature", "properties": { "nom": "GR 651" }, "geometry": { "type": "MultiLineString", "coordinates": [ [ [ 1.721803993521726, 44.518020984041783 ], [ 1.722143950887548, 44.517968928952286 ], [ 1.722419684367189, 44.518042420965877 ], [ 1.722594866046867, 44.518115349823944 ], [ 1.722919699687041, 44.518297036516621 ], [ 1.72307975855909, 44.518603708846783 ], [ 1.723164992861492, 44.51885600171412 ], [ 1.723163126615345, 44.519026867474587 ], [ 1.723248363186494, 44.519279160337042 ], [ 1.723358149054704, 44.519585551418963 ], [ 1.723480014879321, 44.519936976748767 ], [ 1.723785127797994, 44.520775072231238 ], [ 1.723778454830143, 44.521386589726639 ], [ 1.723776492920606, 44.521566447163607 ], [ 1.72390042586924, 44.521729021587731 ], [ 1.723985767233218, 44.52197232178127 ], [ 1.723981548573104, 44.522359016583884 ], [ 1.723978409205845, 44.522646789858427 ], [ 1.72408800948313, 44.522971166313255 ], [ 1.723909769785858, 44.523177019737943 ], [ 1.723905256901253, 44.523590693695219 ], [ 1.723895052684908, 44.524525956769189 ], [ 1.723888380463962, 44.525137475234033 ], [ 1.72361172539989, 44.525144922662442 ], [ 1.723385649154861, 44.525125672257928 ], [ 1.723259647734193, 44.525151948004734 ], [ 1.723395470575207, 44.525377544265723 ], [ 1.723391640293499, 44.525728267327565 ], [ 1.723364436575154, 44.52591697882044 ], [ 1.7233374290405, 44.526087703733602 ], [ 1.723335955809838, 44.526222596837897 ], [ 1.723322991600962, 44.526258498427424 ] ] ] } },
{ "type": "Feature", "properties": { "nom": "GR 36" }, "geometry": { "type": "MultiLineString", "coordinates": [ [ [ 1.543236988619071, 44.460836657108153 ], [ 1.542651167159427, 44.460526643153592 ], [ 1.541977968800572, 44.460180019028812 ], [ 1.541715818209942, 44.460070199101366 ], [ 1.541305922335446, 44.459752459681631 ], [ 1.540815861149401, 44.459775884790979 ], [ 1.540365376884665, 44.459664694940564 ], [ 1.539926303929757, 44.459634525955963 ], [ 1.539360907073865, 44.459657397861911 ], [ 1.539158611479344, 44.459754853823462 ], [ 1.538842416956385, 44.459914435977318 ], [ 1.538311621801988, 44.460153395141916 ], [ 1.53783398426942, 44.460185890700586 ], [ 1.537244746969397, 44.46011864416645 ], [ 1.536869219792246, 44.460034966168699 ], [ 1.536419507926812, 44.459869804896172 ], [ 1.536006572452615, 44.459767864183213 ], [ 1.535117283355121, 44.459608481756632 ], [ 1.53526218625259, 44.460014243356802 ], [ 1.534971989115263, 44.460111049615207 ], [ 1.534578907039658, 44.460377977312746 ], [ 1.533887940945807, 44.460399902943607 ], [ 1.533523688506203, 44.460406229730289 ], [ 1.533158920273738, 44.460448524862677 ], [ 1.532768655057314, 44.460517612575579 ], [ 1.532353533732451, 44.460568530165617 ], [ 1.531751615735055, 44.460510153796072 ], [ 1.531287814005342, 44.460452789561984 ], [ 1.530948157022891, 44.460495261593451 ] ] ] } },
{ "type": "Feature", "properties": { "nom": "GR 36" }, "geometry": { "type": "MultiLineString", "coordinates": [ [ [ 1.445136011915341, 44.449066231787427 ], [ 1.445469522169055, 44.448619271743219 ], [ 1.445983327551237, 44.447885984766529 ], [ 1.446698961563301, 44.447091380142908 ], [ 1.447249256681823, 44.446430331228107 ], [ 1.447709114504695, 44.44593042818353 ], [ 1.447815076292832, 44.445580544567697 ], [ 1.447548584619107, 44.44496683296331 ], [ 1.447339315598623, 44.444704327719911 ], [ 1.447194089772561, 44.444361400498764 ], [ 1.447050287725466, 44.443928550924802 ], [ 1.44664246726103, 44.443520539914047 ], [ 1.445885331295599, 44.442974788724854 ], [ 1.445663667640818, 44.442703186488558 ], [ 1.444722410335047, 44.441895123674904 ], [ 1.44330450592458, 44.441065184723826 ], [ 1.443201334100659, 44.441024499187982 ], [ 1.443109692625262, 44.440994880801291 ], [ 1.442973642710367, 44.44093453652394 ], [ 1.44291860162321, 44.440938388540808 ], [ 1.44283737181768, 44.440941849779705 ] ] ] } },
{ "type": "Feature", "properties": { "nom": "GR 64" }, "geometry": { "type": "MultiLineString", "coordinates": [ [ [ 1.489139715424571, 44.76919894017 ], [ 1.488965961628106, 44.768999719646722 ], [ 1.488663776189822, 44.768943426798003 ], [ 1.488533706403522, 44.769194278448019 ], [ 1.488336418806037, 44.769714454647321 ], [ 1.487990487257704, 44.770044596388871 ], [ 1.487662500799795, 44.770024080425245 ], [ 1.486960534182183, 44.769685866081829 ], [ 1.486321154873455, 44.769384109491924 ], [ 1.485600285805075, 44.76945949829436 ], [ 1.485245272733295, 44.769555698234228 ], [ 1.484800649568119, 44.769732156957623 ], [ 1.48401101287898, 44.769348273137986 ], [ 1.483695793690208, 44.769318849508863 ], [ 1.483002643255562, 44.769232530351793 ], [ 1.482435195699815, 44.769183160097995 ], [ 1.482083614057937, 44.769054508497391 ], [ 1.481820135980936, 44.76894452827532 ], [ 1.481635157282809, 44.76865526206182 ], [ 1.480960419966813, 44.768191293962026 ], [ 1.480560963772018, 44.767891366313641 ], [ 1.480375031005773, 44.767665053354584 ], [ 1.480113352010606, 44.767438151576513 ], [ 1.479979713262067, 44.767095313151387 ], [ 1.479969843537177, 44.766915341997091 ], [ 1.480187766630914, 44.766701162061892 ], [ 1.479521417554958, 44.766516087289574 ], [ 1.479993485300571, 44.766195947705775 ], [ 1.480439334400693, 44.765938564641907 ], [ 1.481242511502531, 44.765432102827333 ], [ 1.480942416373982, 44.765240883815594 ], [ 1.480819475331822, 44.765024055360179 ], [ 1.480759656220481, 44.764807717504894 ] ] ] } },
{ "type": "Feature", "properties": { "nom": "GR 64" }, "geometry": { "type": "MultiLineString", "coordinates": [ [ [ 1.480759656220481, 44.764807717504894 ], [ 1.481220452486744, 44.764397538694446 ], [ 1.481500519929885, 44.764246801987838 ], [ 1.481629371350051, 44.76407690190495 ], [ 1.48172365011287, 44.763690860866333 ], [ 1.481726810605458, 44.763484006716553 ], [ 1.481895042952936, 44.763215470414494 ], [ 1.482242342169665, 44.762795411763399 ], [ 1.482310403720914, 44.76247213012028 ], [ 1.482453383793867, 44.762203396785623 ], [ 1.482671690998536, 44.761962231669173 ], [ 1.482613515424992, 44.761637971554137 ], [ 1.482556164285267, 44.761259749257931 ], [ 1.482629303222072, 44.760603702503744 ], [ 1.482686659054895, 44.760154412553057 ], [ 1.482602690321894, 44.759865930911467 ], [ 1.482493201691671, 44.759595241576569 ], [ 1.482231963699475, 44.759341364814176 ], [ 1.482036177533369, 44.758935084864852 ], [ 1.481964012727677, 44.758700663174402 ], [ 1.481915169053929, 44.758592347951613 ], [ 1.481436465618222, 44.75852567059443 ], [ 1.481159727954554, 44.758460560152812 ], [ 1.480606115310681, 44.758339329213719 ], [ 1.480266953712428, 44.758228757455626 ], [ 1.480120849825277, 44.757876828977238 ], [ 1.480076968165417, 44.757444742195013 ], [ 1.479979016737202, 44.75724609785118 ], [ 1.47963054622438, 44.756919579224544 ], [ 1.479433135182292, 44.756621218291826 ], [ 1.479474308312348, 44.75640566629577 ], [ 1.479542104189322, 44.756100374754872 ], [ 1.479747502735532, 44.755877104210832 ], [ 1.47994248079257, 44.75550983816688 ], [ 1.480162562767273, 44.755151762433115 ] ] ] } },
{ "type": "Feature", "properties": { "nom": "GR 64" }, "geometry": { "type": "MultiLineString", "coordinates": [ [ [ 1.462653335120166, 44.750328031114314 ], [ 1.462507504073163, 44.74996708663879 ], [ 1.462487039623378, 44.749661105214678 ], [ 1.462539348884126, 44.749544589393622 ], [ 1.462492939382515, 44.749283375228174 ], [ 1.461904970594638, 44.748945904665156 ], [ 1.461504769069976, 44.748708865061332 ], [ 1.461317429556345, 44.748581450561673 ], [ 1.461044704098764, 44.748264469674318 ], [ 1.460935482892373, 44.747984766384356 ], [ 1.460925818571779, 44.747795800973897 ], [ 1.460794313249888, 44.747327032509567 ], [ 1.460335252521452, 44.746819679793177 ], [ 1.459999863468264, 44.746475212864006 ], [ 1.459877185406319, 44.746249369750771 ], [ 1.45982099066023, 44.745808183183762 ], [ 1.459624569131478, 44.7454558273282 ], [ 1.459374851346837, 44.745282940807918 ], [ 1.458998728919629, 44.745033442780816 ], [ 1.458986846614941, 44.745030721056104 ], [ 1.458974968163024, 44.745027904833997 ], [ 1.458145316199626, 44.74481441388037 ], [ 1.456936375498546, 44.744642862406451 ], [ 1.456432723713151, 44.744566882463452 ], [ 1.455311281462467, 44.744449979848483 ], [ 1.45438962825545, 44.744469586391176 ], [ 1.453130513209733, 44.744279602406188 ], [ 1.451808450505665, 44.744080103191017 ], [ 1.451015702344527, 44.743929818252461 ], [ 1.450639539305642, 44.743773883403691 ], [ 1.449380452512831, 44.743583855949687 ], [ 1.448761676399478, 44.743605855302391 ], [ 1.448271520951578, 44.743475977763381 ], [ 1.448033181527732, 44.743384108856986 ], [ 1.447833558379342, 44.743238583186447 ], [ 1.447207168164551, 44.742945697869793 ], [ 1.446149016933798, 44.742820217736174 ], [ 1.445279010282455, 44.742768208479653 ], [ 1.444496192521109, 44.742788855899342 ], [ 1.44371394844802, 44.74277352283373 ] ] ] } },
{ "type": "Feature", "properties": { "nom": "GR" }, "geometry": { "type": "MultiLineString", "coordinates": [ [ [ 2.118372916716447, 44.609775971049949 ], [ 2.118308912866992, 44.6100456505986 ], [ 2.118004818281822, 44.610539692035438 ], [ 2.117903182640873, 44.61077332245307 ], [ 2.11790226824364, 44.611007153407591 ], [ 2.117876349983391, 44.611195966369081 ], [ 2.118455120098712, 44.611296046495234 ], [ 2.118782153957841, 44.611377637674558 ] ] ] } },
{ "type": "Feature", "properties": { "nom": "GR 65" }, "geometry": { "type": "MultiLineString", "coordinates": [ [ [ 1.386895994005197, 44.364139367617291 ], [ 1.387894539233786, 44.36365340408431 ], [ 1.388577745123468, 44.363281611541069 ] ] ] } },
{ "type": "Feature", "properties": { "nom": "GR 6" }, "geometry": { "type": "MultiLineString", "coordinates": [ [ [ 1.517626558494828, 44.855360210079006 ], [ 1.51764012587996, 44.855297344972698 ], [ 1.517626558494828, 44.855360210079006 ], [ 1.518147100232202, 44.855220150402033 ], [ 1.518589004964412, 44.855268401007272 ], [ 1.519094002677159, 44.855326112044708 ], [ 1.519295265265462, 44.855399563211698 ], [ 1.519511015368312, 44.855347190345739 ], [ 1.519892722988937, 44.855188104613823 ], [ 1.520183944892378, 44.855163274347817 ], [ 1.520562891704706, 44.855193061369363 ], [ 1.521028643416372, 44.855340424008887 ], [ 1.520933134155951, 44.854952932497959 ], [ 1.521300352288385, 44.854919664879006 ], [ 1.521556526403041, 44.854696681585914 ], [ 1.521825343176449, 44.854473790467601 ], [ 1.521539112505006, 44.854156851713917 ], [ 1.521417132272046, 44.853850120990074 ], [ 1.522112179430757, 44.853882236486633 ], [ 1.523322432134998, 44.853270505369728 ], [ 1.524747608625386, 44.852660341431644 ], [ 1.52595754560382, 44.852066569279728 ], [ 1.527281512122566, 44.851455630290033 ], [ 1.528927265036818, 44.850451251561644 ], [ 1.529705672894507, 44.849962220724997 ], [ 1.530651025532606, 44.849294503694516 ], [ 1.531098861433, 44.848928978791157 ], [ 1.531418185043627, 44.848706434303452 ] ] ] } },
{ "type": "Feature", "properties": { "nom": "GR 36" }, "geometry": { "type": "MultiLineString", "coordinates": [ [ [ 1.430414263588432, 44.444844578119216 ], [ 1.43026488675578, 44.445544830059752 ], [ 1.429910951940297, 44.445694792935718 ] ] ] } },
{ "type": "Feature", "properties": { "nom": "GR 6" }, "geometry": { "type": "MultiLineString", "coordinates": [ [ [ 1.982668934669949, 44.686741967088665 ], [ 1.982869569436165, 44.686913497832862 ], [ 1.982604078352926, 44.687029564595157 ], [ 1.981923741830192, 44.686955420912277 ], [ 1.980317813686752, 44.687705720381629 ], [ 1.979634720322307, 44.688063263584077 ], [ 1.97906646287692, 44.688205320346604 ], [ 1.978636197513153, 44.688455750732487 ], [ 1.978003456854581, 44.68882244174155 ], [ 1.977687169910571, 44.688992294377201 ], [ 1.976639399564442, 44.68919573151112 ], [ 1.976224212148778, 44.689059461813436 ], [ 1.975871428151722, 44.689022329388671 ], [ 1.975478499881448, 44.689344822158304 ], [ 1.975045712369616, 44.689981971371409 ], [ 1.974779784389608, 44.690160976096976 ], [ 1.974298702349602, 44.690465186827765 ], [ 1.973464005169646, 44.690858167688582 ], [ 1.971673300394568, 44.690906204570062 ], [ 1.97168432546464, 44.691149077519007 ], [ 1.971756752364007, 44.691643986240202 ], [ 1.971929109184323, 44.692283129107857 ], [ 1.971850998699467, 44.692660617370414 ], [ 1.971195354985758, 44.69265844034873 ], [ 1.970816629099825, 44.692729133794856 ], [ 1.970663797651492, 44.692962468421904 ], [ 1.970424058494808, 44.692988652425953 ], [ 1.970273225679087, 44.692916198276791 ], [ 1.969607151459965, 44.692581200674404 ], [ 1.968915691680004, 44.692273096761355 ], [ 1.968094485411461, 44.692522179629066 ], [ 1.968154806053908, 44.692936104283866 ], [ 1.968595456471538, 44.693036512804518 ], [ 1.968682474839226, 44.6932256774531 ], [ 1.968654066166466, 44.693711257019956 ], [ 1.96861358085747, 44.694115850927211 ], [ 1.968964325247626, 44.694467788997635 ], [ 1.969441872837909, 44.694712221126473 ], [ 1.969628826803826, 44.695045622477423 ], [ 1.970093477981811, 44.695334978657876 ], [ 1.970797827179136, 44.695607142687109 ], [ 1.971326591747301, 44.695734815634907 ], [ 1.97249708479796, 44.696071474275797 ], [ 1.973566659852046, 44.696416780821437 ], [ 1.974182015753424, 44.696805551083862 ], [ 1.974658791549239, 44.69717587442269 ], [ 1.975198099915254, 44.697627347118669 ], [ 1.975850845381949, 44.698088183332587 ], [ 1.976000715474195, 44.698313524052942 ], [ 1.97612513388088, 44.698574758026432 ], [ 1.976045477932043, 44.699195082352901 ], [ 1.977255460843548, 44.699288981859944 ], [ 1.976949065130361, 44.699872589409622 ], [ 1.976655387192088, 44.700438252574081 ], [ 1.976603846382764, 44.700608970254919 ], [ 1.976123321005524, 44.70081425865979 ], [ 1.975641515734387, 44.701217410537168 ], [ 1.975248617540887, 44.701521917557812 ], [ 1.97471711383355, 44.701807978789056 ], [ 1.973920489347994, 44.702138134908331 ], [ 1.973262806815703, 44.702432767173576 ], [ 1.972921499339504, 44.70255755661244 ], [ 1.972642833495352, 44.702745509747579 ], [ 1.972375197441142, 44.703176337063127 ], [ 1.972065609135286, 44.702302889910129 ] ] ] } },
{ "type": "Feature", "properties": { "nom": "GR 652" }, "geometry": { "type": "MultiLineString", "coordinates": [ [ [ 1.264812729425179, 44.660315752882532 ], [ 1.264414380594811, 44.660716629263042 ], [ 1.264119238701541, 44.660992585965062 ], [ 1.263505982166941, 44.661427343700865 ], [ 1.263193926913018, 44.661927998097042 ], [ 1.263066743828771, 44.662646324863644 ], [ 1.263060026493726, 44.662997049495281 ], [ 1.262925922318527, 44.663418486953027 ], [ 1.262601249442758, 44.663919017824114 ], [ 1.262049058898817, 44.664453304690475 ], [ 1.261597841348154, 44.664979581051291 ], [ 1.261510505725099, 44.6655903616033 ], [ 1.261274190119839, 44.666082756917056 ], [ 1.261003000049791, 44.666421903271015 ], [ 1.260620288896139, 44.666661017565659 ], [ 1.260362902308705, 44.666937334120369 ], [ 1.259927706534156, 44.667283868438069 ], [ 1.260155915676842, 44.667870751369861 ], [ 1.260495822229256, 44.668548671557254 ], [ 1.260542777461384, 44.668729023493846 ], [ 1.260757880112557, 44.66934276093167 ], [ 1.260935352006051, 44.669947135694741 ], [ 1.260984902353137, 44.670649201635207 ], [ 1.260963153159297, 44.671125704741634 ], [ 1.26105810830234, 44.671432450030629 ], [ 1.261335550586844, 44.672082774811422 ], [ 1.261564310869286, 44.672642677050753 ], [ 1.261642528565296, 44.673165130393556 ], [ 1.261670001859557, 44.674361686306462 ], [ 1.261625292703676, 44.674721035861616 ], [ 1.261741841431237, 44.675216879576652 ], [ 1.26186996239253, 44.675766805176899 ] ] ] } },
{ "type": "Feature", "properties": { "nom": "GR" }, "geometry": { "type": "MultiLineString", "coordinates": [ [ [ 1.215383007457841, 44.629538437660301 ], [ 1.215331016663118, 44.629618858028977 ], [ 1.215040831388828, 44.629642883821283 ], [ 1.214234501254487, 44.629652647939352 ], [ 1.213843389610428, 44.629684635131028 ], [ 1.213133301507966, 44.629920237462628 ], [ 1.212396218948149, 44.630245505041046 ], [ 1.212026681525883, 44.630457596807688 ], [ 1.211819235289778, 44.630752296473155 ], [ 1.211725489917637, 44.631030169479303 ], [ 1.211223874695502, 44.631546722895784 ], [ 1.210649214561065, 44.631936603637172 ], [ 1.209697092462003, 44.632304625002753 ], [ 1.208972732964, 44.632621007109073 ], [ 1.20871922606602, 44.632699358685301 ], [ 1.208190098546841, 44.632702927181874 ], [ 1.207519722063568, 44.632839961226232 ], [ 1.207176063367523, 44.633016324688299 ], [ 1.206806489381523, 44.633228400157883 ], [ 1.206598280031092, 44.633559060629992 ], [ 1.206492815583283, 44.63379183662714 ], [ 1.206209218490667, 44.634112727894632 ], [ 1.20585186532205, 44.634342914097722 ], [ 1.205605136925182, 44.634709156063892 ], [ 1.205216420994075, 44.635244834031532 ], [ 1.204850890243078, 44.635879689939649 ], [ 1.20485070853356, 44.63588868296592 ], [ 1.204565638845721, 44.636281511819099 ], [ 1.204118467732197, 44.636591720582047 ], [ 1.203810016277728, 44.636894361230887 ], [ 1.203560273646761, 44.637218356650003 ] ] ] } },
{ "type": "Feature", "properties": { "nom": "GR 652" }, "geometry": { "type": "MultiLineString", "coordinates": [ [ [ 1.273497914196522, 44.689452652370242 ], [ 1.273599622148359, 44.689408661093793 ], [ 1.274133544585202, 44.689179951915172 ], [ 1.274604598198297, 44.688941638773578 ], [ 1.275139532234548, 44.688658966619805 ], [ 1.275817391709704, 44.688152801718083 ], [ 1.276492686347032, 44.687781528072684 ], [ 1.277230152783423, 44.68745582265322 ] ] ] } },
{ "type": "Feature", "properties": { "nom": "GR" }, "geometry": { "type": "MultiLineString", "coordinates": [ [ [ 1.190144115952055, 44.605964402182707 ], [ 1.190393374582789, 44.606026480132165 ], [ 1.190784630147323, 44.606043035539912 ], [ 1.191089678166146, 44.605902303495867 ], [ 1.191518583855442, 44.605861798829764 ], [ 1.192098177215494, 44.605840851768654 ], [ 1.19260554194935, 44.605657248033118 ], [ 1.193076916847149, 44.606003943216528 ], [ 1.193684200088362, 44.606477971986465 ], [ 1.194229103253864, 44.606924365889391 ], [ 1.194192026471849, 44.607508622544287 ], [ 1.194442144035609, 44.60759217205392 ], [ 1.195144344114523, 44.607734382486996 ], [ 1.195658087663064, 44.607856644653751 ], [ 1.196258672776648, 44.608042765393563 ], [ 1.196972193043553, 44.608248043584538 ], [ 1.197835684938743, 44.608508837626076 ], [ 1.198874148472582, 44.608834396889989 ], [ 1.198983251882078, 44.6090423988597 ], [ 1.199103851232783, 44.60930448689637 ], [ 1.199150924651086, 44.609466874839917 ], [ 1.19906627702417, 44.609915723631147 ], [ 1.1989334602663, 44.610256140143022 ] ] ] } },
{ "type": "Feature", "properties": { "nom": "GR 36 A" }, "geometry": { "type": "MultiLineString", "coordinates": [ [ [ 1.549079203862888, 44.440895583660868 ], [ 1.549275122680363, 44.441247728871843 ], [ 1.549071272375268, 44.441462103941959 ], [ 1.54876360547391, 44.44191855140317 ], [ 1.549531883739346, 44.442634538828329 ], [ 1.550305966161148, 44.442936871501182 ], [ 1.550769893216307, 44.442976170578923 ], [ 1.551560428338314, 44.442999819846406 ], [ 1.551847999754269, 44.443082817569675 ], [ 1.552020343354658, 44.443326869646896 ], [ 1.552678970504679, 44.44380822546325 ], [ 1.55359995767598, 44.444381383348812 ], [ 1.554444898800509, 44.445007951095143 ] ] ] } },
{ "type": "Feature", "properties": { "nom": "GR 36" }, "geometry": { "type": "MultiLineString", "coordinates": [ [ [ 1.156068900199285, 44.509841138241413 ], [ 1.155880783714476, 44.509821126556055 ], [ 1.155809352625266, 44.509631481457681 ], [ 1.155525807147682, 44.509367600260475 ], [ 1.155302259933111, 44.509239276197277 ], [ 1.154826445822145, 44.509153206797514 ], [ 1.154048478392532, 44.509090860879482 ], [ 1.153345530960734, 44.50904730622954 ], [ 1.153169983447419, 44.509027425510077 ], [ 1.152467794717693, 44.508947897141148 ], [ 1.151780637309165, 44.508751603263818 ], [ 1.151297955413671, 44.508395620316783 ], [ 1.151006422231118, 44.507915783243263 ], [ 1.15075505892315, 44.507319454686595 ], [ 1.150301131025885, 44.506792890549391 ], [ 1.149510033112921, 44.506163740680257 ], [ 1.148862516982904, 44.505877916839943 ], [ 1.148199589720382, 44.505726832725827 ], [ 1.147867360084516, 44.505390452407781 ], [ 1.147485823535544, 44.505008565611107 ], [ 1.147419372433224, 44.504585122463659 ], [ 1.147430403734464, 44.504063583593584 ], [ 1.147219642964997, 44.503332777207682 ], [ 1.147022630827853, 44.502966835667678 ], [ 1.146546206523234, 44.502388668579357 ], [ 1.14555236152969, 44.501791739671326 ], [ 1.145086176252966, 44.501174664415807 ], [ 1.144572821220264, 44.500759872858517 ], [ 1.143674846588648, 44.500947844403626 ], [ 1.142608136504814, 44.501336047000414 ], [ 1.141009953154813, 44.501860341428561 ], [ 1.14096180644014, 44.502091620661297 ], [ 1.140465130787679, 44.502402373722518 ], [ 1.139608586138339, 44.502562000107353 ], [ 1.138386444181555, 44.502744462138303 ], [ 1.137610920165666, 44.502905440457035 ], [ 1.137068923259044, 44.503360470846758 ], [ 1.136153664969152, 44.504070295437302 ], [ 1.136555957632464, 44.504164126327694 ], [ 1.136951558789928, 44.504460921671978 ], [ 1.1378614593398, 44.505143546389149 ], [ 1.138955970671263, 44.503914526145422 ], [ 1.138612736461057, 44.504488963177998 ], [ 1.139119396458926, 44.505106750127929 ], [ 1.13971378518662, 44.505522934309425 ], [ 1.139917749591719, 44.506715841144263 ], [ 1.139665092765604, 44.507001694692669 ], [ 1.140351995622206, 44.507071298143472 ], [ 1.14168288153027, 44.507004092444696 ] ] ] } },
{ "type": "Feature", "properties": { "nom": "GR 651" }, "geometry": { "type": "MultiLineString", "coordinates": [ [ [ 1.842001780762386, 44.59307710778274 ], [ 1.841434852770504, 44.593137508093875 ], [ 1.841134296024674, 44.592965272997986 ], [ 1.840684858053193, 44.59254953657431 ], [ 1.840485153164218, 44.59235976739253 ], [ 1.840155054599167, 44.592682046823882 ], [ 1.84015210863678, 44.593014798683541 ], [ 1.84015163061704, 44.593068757788629 ], [ 1.839672643209144, 44.593147534344432 ], [ 1.839206799157155, 44.593163412674308 ], [ 1.838551125771647, 44.593295344827474 ], [ 1.83844907853873, 44.593447774274857 ], [ 1.838470016775858, 44.593924533219564 ], [ 1.838832943199117, 44.594160013358476 ], [ 1.839145207286055, 44.594431237809737 ], [ 1.839935597834558, 44.594722613068399 ], [ 1.840261571231329, 44.594867985349538 ], [ 1.840600610883201, 44.594959453962709 ] ] ] } },
{ "type": "Feature", "properties": { "nom": "GR 651" }, "geometry": { "type": "MultiLineString", "coordinates": [ [ [ 1.840600610883201, 44.594959453962709 ], [ 1.840119218915396, 44.595308030991852 ], [ 1.839928509302167, 44.595523016622103 ], [ 1.839666263189145, 44.5952879949905 ], [ 1.839139303232315, 44.595096741983681 ], [ 1.83853794680894, 44.594779238267876 ], [ 1.838397977406393, 44.59494948233985 ], [ 1.838594729166015, 44.595472007633767 ], [ 1.838729827150765, 44.595850353875072 ], [ 1.838526763667049, 44.596038299560249 ], [ 1.837996442257072, 44.596224759711255 ], [ 1.837729959510082, 44.596466378574632 ], [ 1.838055138447567, 44.596701690332395 ], [ 1.838254849272129, 44.596891464220832 ] ] ] } },
{ "type": "Feature", "properties": { "nom": "GR 65" }, "geometry": { "type": "MultiLineString", "coordinates": [ [ [ 1.432083367439986, 44.438634921898675 ], [ 1.432399310374225, 44.438502627253101 ], [ 1.43258901980869, 44.438414257042538 ], [ 1.432918811389949, 44.438201133744464 ], [ 1.433033790579103, 44.43807617421885 ], [ 1.432159148050355, 44.43780455617744 ], [ 1.431177146964707, 44.437395189532161 ], [ 1.429740684509165, 44.437453808272686 ], [ 1.42852158202494, 44.437634124741827 ], [ 1.427488054207673, 44.437922417638852 ] ] ] } },
{ "type": "Feature", "properties": { "nom": "GR 65" }, "geometry": { "type": "MultiLineString", "coordinates": [ [ [ 1.878143569507204, 44.538481554993176 ], [ 1.877603849698627, 44.538362383600948 ], [ 1.876814203635698, 44.538053301175282 ], [ 1.875911328657486, 44.537752730508302 ], [ 1.875032500418242, 44.537587153938105 ], [ 1.874467352138006, 44.537503833365911 ], [ 1.873965297037368, 44.537393796300194 ], [ 1.873576256194553, 44.537302220642438 ], [ 1.872962676297374, 44.536993853454895 ], [ 1.872536217981182, 44.536866142123174 ], [ 1.871632415861695, 44.536682446068482 ], [ 1.871143021577022, 44.53656345654715 ], [ 1.870352314931354, 44.536389223561102 ], [ 1.86954926463719, 44.536187952357487 ], [ 1.86912386855412, 44.535934325034859 ], [ 1.868823008493256, 44.5358251216025 ], [ 1.86804564460033, 44.535560994528446 ], [ 1.867292155117413, 44.535449852800568 ], [ 1.866953657330082, 44.535331489791375 ], [ 1.866427166903347, 44.53514037250747 ], [ 1.865762905957589, 44.534885707784866 ], [ 1.865349127084149, 44.53474902981052 ] ] ] } },
{ "type": "Feature", "properties": { "nom": "GR 65" }, "geometry": { "type": "MultiLineString", "coordinates": [ [ [ 1.286756873101109, 44.347954592329053 ], [ 1.287449906942297, 44.34775439540266 ], [ 1.287829170100866, 44.347578167601597 ], [ 1.288031163726248, 44.347499164157846 ], [ 1.288599551747013, 44.347261793813914 ], [ 1.2893953189548, 44.346927671652274 ], [ 1.289610841667988, 44.346794836743136 ], [ 1.289979566623873, 44.346510582386472 ], [ 1.290384207170505, 44.346316602719376 ], [ 1.290600894087125, 44.346120825185345 ], [ 1.290731035357102, 44.345861267864343 ], [ 1.290910462693465, 44.345647146750139 ], [ 1.291440561289189, 44.345445368536055 ], [ 1.291770177489168, 44.345241674481827 ], [ 1.291938068751643, 44.344973483261235 ], [ 1.292145047091945, 44.344624726347419 ], [ 1.292576560350276, 44.344332071295952 ], [ 1.292980677418383, 44.344165055714882 ], [ 1.293625187005393, 44.343874427381039 ], [ 1.293892470635661, 44.343652145877989 ] ] ] } },
{ "type": "Feature", "properties": { "nom": "GR 65" }, "geometry": { "type": "MultiLineString", "coordinates": [ [ [ 1.981055352715111, 44.565609800327039 ], [ 1.980287970883317, 44.565607310688591 ], [ 1.979193280700615, 44.565639723196298 ], [ 1.978362366574425, 44.565735939599442 ], [ 1.977895639679811, 44.565932270340113 ], [ 1.97708843923703, 44.566253391257383 ], [ 1.977340733314533, 44.566146295929592 ], [ 1.976557705629677, 44.566620380927027 ], [ 1.976204014003647, 44.566844054791908 ], [ 1.975748634516217, 44.56722927557945 ], [ 1.975154980704488, 44.567596052561782 ], [ 1.974346404147306, 44.568123998124769 ], [ 1.973664259550096, 44.56855342794173 ], [ 1.972643183058878, 44.568864815842986 ], [ 1.971874411538734, 44.569069112264295 ], [ 1.970853609303321, 44.569335516427884 ], [ 1.969908398755371, 44.569584177734136 ], [ 1.968737372481384, 44.569733146456301 ], [ 1.968070050176752, 44.569811847438245 ], [ 1.967641055719744, 44.569999268159684 ], [ 1.967399649106474, 44.570358194412755 ], [ 1.967196693401959, 44.570609327105416 ], [ 1.967006257502019, 44.570869496015106 ], [ 1.966627398023781, 44.571084062797077 ], [ 1.965996018142891, 44.571432676712959 ], [ 1.965465579551798, 44.571736661081253 ], [ 1.964657091021249, 44.572228562937141 ], [ 1.964040120804855, 44.572298417910773 ], [ 1.963410147662061, 44.572431178864022 ], [ 1.962929591707765, 44.572798275500929 ], [ 1.962461672496627, 44.573156419021871 ], [ 1.961930718005261, 44.573532333067689 ], [ 1.961526357092855, 44.573791761981347 ] ] ] } },
{ "type": "Feature", "properties": { "nom": "GR" }, "geometry": { "type": "MultiLineString", "coordinates": [ [ [ 1.205464967561544, 44.613552549658415 ], [ 1.205738314933615, 44.613735251131708 ], [ 1.206325139825458, 44.613984135981241 ], [ 1.20737525861204, 44.614363698913664 ], [ 1.207469280570172, 44.614697461347482 ], [ 1.207534867545891, 44.615192831919323 ], [ 1.207680338356846, 44.615473155120135 ], [ 1.207695203391686, 44.615985993978583 ], [ 1.207824107112476, 44.616464026636066 ], [ 1.207974285976476, 44.616510540531955 ], [ 1.209041933591655, 44.61664741535246 ] ] ] } },
{ "type": "Feature", "properties": { "nom": "GR 65" }, "geometry": { "type": "MultiLineString", "coordinates": [ [ [ 1.865349127084149, 44.53474902981052 ], [ 1.86532428355583, 44.534712949741994 ], [ 1.865175597948349, 44.534451502907309 ], [ 1.864916856184835, 44.53382085477584 ], [ 1.864835799457481, 44.532993116550898 ], [ 1.864765352019674, 44.532399251486119 ], [ 1.864909998079768, 44.531644431638647 ], [ 1.865105153479758, 44.530862848798833 ], [ 1.865272517454138, 44.53039591401545 ] ] ] } },
{ "type": "Feature", "properties": { "nom": "GR 652" }, "geometry": { "type": "MultiLineString", "coordinates": [ [ [ 1.098436281176543, 44.537924750426676 ], [ 1.097276718660813, 44.538613224538963 ], [ 1.096471348001053, 44.539206751436438 ], [ 1.096190380335082, 44.539401453153147 ], [ 1.095848533018469, 44.539505522135514 ], [ 1.094871684359145, 44.539890229026646 ], [ 1.094378757280836, 44.540001578796492 ], [ 1.093005758744861, 44.54066960595344 ], [ 1.091418365400207, 44.540795521701902 ], [ 1.090001603510242, 44.541166201449073 ], [ 1.089460558550967, 44.541178045179258 ], [ 1.088957832515087, 44.541163338497945 ], [ 1.088932879501561, 44.541720706488753 ], [ 1.088791769366166, 44.542411670108052 ], [ 1.088681594602404, 44.542842148130788 ], [ 1.088257092311211, 44.542702406476749 ], [ 1.087078783669443, 44.542527102423897 ], [ 1.086266312487701, 44.542301987123274 ], [ 1.085804299112083, 44.542152813850208 ], [ 1.084715827018876, 44.541897557949277 ], [ 1.08425221877156, 44.541820315387135 ], [ 1.083777841628548, 44.541661997712495 ], [ 1.083280328543824, 44.541413470609754 ], [ 1.082381883503353, 44.541097400588377 ], [ 1.082128814441795, 44.541166463845265 ], [ 1.081862168749375, 44.5412803442862 ], [ 1.08138499063415, 44.541247905620544 ], [ 1.081341445354556, 44.541508245213379 ], [ 1.081002169885627, 44.541495371528065 ], [ 1.08039946007916, 44.541452498617382 ], [ 1.07980771564734, 44.541481703473927 ], [ 1.079429514056104, 44.541522345174464 ], [ 1.078961488258775, 44.541642905794646 ], [ 1.078124001095984, 44.541975096425155 ], [ 1.078009431076723, 44.542036743497725 ], [ 1.077908039406874, 44.542071559043769 ], [ 1.077465152179896, 44.542192401713898 ], [ 1.07639803066043, 44.542108201998943 ], [ 1.07501557026062, 44.542065340944276 ], [ 1.075267441146023, 44.54205024606803 ], [ 1.074730423174296, 44.541882175490876 ], [ 1.074425432686624, 44.542022579935818 ], [ 1.073828020991412, 44.542303530983169 ], [ 1.073718094208792, 44.542158355929622 ], [ 1.073434365848535, 44.541912242578917 ], [ 1.073431554678159, 44.54190971984395 ] ] ] } },
{ "type": "Feature", "properties": { "nom": "GR 652" }, "geometry": { "type": "MultiLineString", "coordinates": [ [ [ 1.060061098283916, 44.539338051839863 ], [ 1.059336789845109, 44.539113760397605 ], [ 1.058496265811773, 44.53902302856018 ], [ 1.05749291461423, 44.538903408520838 ], [ 1.056906304857441, 44.538707689072112 ], [ 1.056044335039034, 44.53845478728968 ], [ 1.054528197081604, 44.538212230297887 ], [ 1.053742704488396, 44.537915232277989 ], [ 1.053151145026568, 44.537386640366741 ], [ 1.052645958438171, 44.53693101053463 ], [ 1.052175000729365, 44.536628685262322 ], [ 1.05165149862303, 44.536424681242927 ], [ 1.051025161458749, 44.536318408712475 ], [ 1.050728784315491, 44.536081081881761 ], [ 1.04973992757818, 44.535880610840067 ], [ 1.049134417638053, 44.535963455510235 ], [ 1.048601865138214, 44.536155085382156 ], [ 1.047749242822489, 44.536046139521979 ], [ 1.046889417377095, 44.535703246209806 ], [ 1.046765763669462, 44.535611849565036 ] ] ] } },
{ "type": "Feature", "properties": { "nom": "GR 652" }, "geometry": { "type": "MultiLineString", "coordinates": [ [ [ 1.239407983757963, 44.647967675562995 ], [ 1.239334438142914, 44.64850661717319 ], [ 1.239453198662208, 44.64887657915483 ], [ 1.239612746551076, 44.649094040579691 ], [ 1.23980885685169, 44.649374827391391 ], [ 1.239937582089654, 44.649879807262614 ], [ 1.239893281039384, 44.650212165273622 ], [ 1.239937867680054, 44.650509430964988 ], [ 1.240022185063641, 44.650708152973927 ], [ 1.240204474300481, 44.651051763706754 ], [ 1.240462354661975, 44.651396127398883 ], [ 1.240693635130621, 44.651812182567781 ], [ 1.241030925537223, 44.652607064779424 ], [ 1.241369454397515, 44.653338997744065 ], [ 1.242066727936966, 44.653768680858924 ], [ 1.242863927230519, 44.654244326967216 ], [ 1.243375220385085, 44.654519245136527 ] ] ] } },
{ "type": "Feature", "properties": { "nom": "GR 652" }, "geometry": { "type": "MultiLineString", "coordinates": [ [ [ 1.367667872533382, 44.731418221424533 ], [ 1.368461467204718, 44.731497154967023 ], [ 1.369091358601325, 44.73155665673147 ], [ 1.369860656229091, 44.731581398365485 ], [ 1.370289928289246, 44.7315671745218 ], [ 1.370920754016968, 44.731572705172638 ], [ 1.371586949378653, 44.731722457698552 ], [ 1.371275157585836, 44.732241422092848 ], [ 1.370943089810851, 44.732472376677372 ], [ 1.370129873821761, 44.732798052376459 ], [ 1.369571006409495, 44.733009023409728 ], [ 1.368959645882291, 44.733336462532691 ], [ 1.36836167243259, 44.733619042294016 ], [ 1.368018524244377, 44.733759942829003 ], [ 1.367914787508154, 44.733920936654421 ], [ 1.367985509726712, 44.734209391031094 ], [ 1.368145486575527, 44.73444466088683 ], [ 1.368964358214188, 44.734523813189575 ], [ 1.369242403090437, 44.734499270662887 ], [ 1.370275303448052, 44.734607275851459 ], [ 1.371169109433352, 44.73473204264053 ], [ 1.372163391250361, 44.734884665902676 ], [ 1.373394622005916, 44.735201257064794 ], [ 1.374529256348221, 44.735265137969343 ], [ 1.375790065934485, 44.735330107357711 ], [ 1.376561269355543, 44.735246880811921 ], [ 1.377217063237068, 44.735270582332376 ], [ 1.377513562244321, 44.73564194890065 ], [ 1.378205027567877, 44.736401556664617 ] ] ] } },
{ "type": "Feature", "properties": { "nom": "GR 652" }, "geometry": { "type": "MultiLineString", "coordinates": [ [ [ 1.151620791852838, 44.580731088581516 ], [ 1.15207931935011, 44.579278934482822 ], [ 1.152230050192377, 44.578695921134148 ], [ 1.152384190553534, 44.577951045647652 ], [ 1.152546358723721, 44.57742212249687 ], [ 1.152679567753966, 44.577072775308437 ], [ 1.152675519155311, 44.576667982883407 ], [ 1.152645739213316, 44.57628989645702 ], [ 1.152898619930316, 44.575636029136902 ], [ 1.153221600946928, 44.574641128519282 ], [ 1.153598001269892, 44.574096523376618 ], [ 1.154131124957142, 44.573877402450123 ], [ 1.154789293003396, 44.5736956024747 ], [ 1.155346433943894, 44.57353070021987 ], [ 1.155620746808939, 44.573650576245768 ], [ 1.156011880262027, 44.573600813836364 ], [ 1.156490697851277, 44.573569980394545 ], [ 1.157209679607625, 44.57348775679398 ], [ 1.15770126555275, 44.57344806144738 ], [ 1.158268523058915, 44.573400180542684 ], [ 1.158471886278462, 44.573303422727861 ], [ 1.15874060460722, 44.573090438522108 ], [ 1.159074296816028, 44.572779212007205 ], [ 1.159138518658748, 44.572716939418818 ], [ 1.159006358725049, 44.572418708514128 ], [ 1.158825197970718, 44.572056991197179 ] ] ] } },
{ "type": "Feature", "properties": { "nom": "GR 6" }, "geometry": { "type": "MultiLineString", "coordinates": [ [ [ 1.888279745834916, 44.720988970148532 ], [ 1.887799659498433, 44.721076954987268 ], [ 1.887205170489495, 44.721272400656417 ], [ 1.886157770696821, 44.721313089609779 ], [ 1.885792226487011, 44.72127561660357 ], [ 1.885211287619994, 44.721354182204067 ], [ 1.884643541833638, 44.721360846923396 ], [ 1.884155122437412, 44.720918125908959 ], [ 1.883753266749498, 44.720691619207344 ], [ 1.883096131259707, 44.720832820574671 ], [ 1.882664965061693, 44.721109862063592 ], [ 1.882512565814488, 44.721235151611445 ], [ 1.882298184582393, 44.721225272790399 ], [ 1.881945770348616, 44.721124881858373 ], [ 1.881224014392987, 44.721454681574237 ], [ 1.880844247259051, 44.721615005308749 ] ] ] } },
{ "type": "Feature", "properties": { "nom": "GR 651" }, "geometry": { "type": "MultiLineString", "coordinates": [ [ [ 1.831364629050152, 44.597435574806866 ], [ 1.831213665936465, 44.597425886796174 ], [ 1.830814693157224, 44.597001346716993 ], [ 1.830653416024699, 44.596739787429676 ], [ 1.830959961656735, 44.596246547974836 ], [ 1.830699047214326, 44.595867612177827 ], [ 1.830323477339285, 44.595641039420194 ], [ 1.829759842560642, 44.59533265519083 ] ] ] } },
{ "type": "Feature", "properties": { "nom": "GR 651" }, "geometry": { "type": "MultiLineString", "coordinates": [ [ [ 1.826188707307468, 44.576960116210003 ], [ 1.825601675245036, 44.576480725528164 ], [ 1.824750099347097, 44.576036071800345 ], [ 1.824376655923232, 44.575593644176578 ], [ 1.823749769713306, 44.575347890812026 ], [ 1.823186376048485, 44.575039474696325 ], [ 1.822433270188894, 44.574838091221139 ], [ 1.821829336974224, 44.574835261026394 ], [ 1.82150220615118, 44.574833726134251 ], [ 1.820707807027056, 44.575018860865335 ], [ 1.820177210767188, 44.575250199013773 ], [ 1.819709438272614, 44.575490824050391 ], [ 1.819238675769819, 44.576055202590005 ], [ 1.818770560369903, 44.576331797063141 ], [ 1.818301941610997, 44.576662348236589 ], [ 1.817668497893457, 44.57712702267964 ], [ 1.817687585372883, 44.576518744774887 ], [ 1.817693144801926, 44.576253380715542 ], [ 1.817652595979316, 44.576061842170347 ], [ 1.817549754320872, 44.576007657040364 ], [ 1.817417877887397, 44.575921310382789 ], [ 1.817284223517912, 44.575919879483187 ], [ 1.816930480859247, 44.575788688208291 ], [ 1.816515333567222, 44.575752390672378 ], [ 1.816024599811114, 44.57577898268616 ], [ 1.815533418775255, 44.57582680147403 ], [ 1.815384245782128, 44.575857053392753 ], [ 1.814893955122928, 44.575862411404742 ], [ 1.814666515117407, 44.57608292641217 ], [ 1.814347962832693, 44.57639801500445 ], [ 1.814282984990573, 44.576662740421284 ], [ 1.813585000974791, 44.576655246327512 ], [ 1.812796348802547, 44.576721092513225 ], [ 1.812006577578003, 44.576840004574208 ], [ 1.811708444557548, 44.576889883316603 ], [ 1.811319865153554, 44.577002488474527 ], [ 1.810723148296591, 44.577123469514675 ], [ 1.810393521063674, 44.577257939888781 ], [ 1.810094041562176, 44.577371501161238 ], [ 1.809673737603054, 44.577579311823612 ], [ 1.809449630527267, 44.577640598158247 ], [ 1.808927829732382, 44.577730526323997 ], [ 1.808718570940295, 44.577791971286061 ], [ 1.808299829081581, 44.577925475417388 ], [ 1.808162806315088, 44.578083251542637 ], [ 1.808100263597234, 44.578231213330291 ], [ 1.807706541533714, 44.578059783613547 ] ] ] } },
{ "type": "Feature", "properties": { "nom": "GR 652" }, "geometry": { "type": "MultiLineString", "coordinates": [ [ [ 1.189779505143786, 44.613947725336004 ], [ 1.188949688251887, 44.613885099603124 ], [ 1.188978546536545, 44.613705510473082 ], [ 1.189057579210255, 44.613535439523638 ], [ 1.189041229509751, 44.613103531388951 ], [ 1.18853517995974, 44.612603548984438 ], [ 1.188179107246217, 44.612159098902886 ], [ 1.188109645738511, 44.611861553562584 ], [ 1.18811351078147, 44.611672709487642 ], [ 1.188002162712494, 44.610960978769427 ], [ 1.187840461661848, 44.610248722353909 ], [ 1.187844143186682, 44.610068870415802 ], [ 1.187696760830542, 44.609887440150253 ], [ 1.187509521195819, 44.609192905086893 ], [ 1.187265300558339, 44.608821577631346 ], [ 1.187210462985656, 44.608425245510546 ], [ 1.187366313467713, 44.608193018041405 ], [ 1.187561584445228, 44.607880251157077 ], [ 1.188201859814999, 44.607356265907512 ], [ 1.188827144502169, 44.606949048725546 ], [ 1.189258817350548, 44.606773664684845 ], [ 1.189666782795625, 44.606526076446642 ], [ 1.18997532799608, 44.606214487743955 ], [ 1.190130058574275, 44.606036211281207 ], [ 1.190144115952055, 44.605964402182707 ] ] ] } },
{ "type": "Feature", "properties": { "nom": "GR 6" }, "geometry": { "type": "MultiLineString", "coordinates": [ [ [ 2.031539877644478, 44.607257734963994 ], [ 2.030985551584165, 44.607328141760568 ], [ 2.03136979960864, 44.608435421452704 ], [ 2.029176582679635, 44.608905964851722 ], [ 2.028041820124705, 44.609208564962813 ], [ 2.02729842543265, 44.60931439768428 ], [ 2.028071174141028, 44.610737558827495 ], [ 2.028726209452576, 44.610676441327421 ], [ 2.029268177560724, 44.610570036483999 ] ] ] } },
{ "type": "Feature", "properties": { "nom": "GR 36 A" }, "geometry": { "type": "MultiLineString", "coordinates": [ [ [ 1.53035360999906, 44.417008330359693 ], [ 1.53106978114569, 44.416941649977737 ], [ 1.532326471531575, 44.416806987701712 ], [ 1.533067730340115, 44.416740479193692 ], [ 1.533470495241134, 44.416653499616281 ], [ 1.533824227449589, 44.416485220016497 ], [ 1.534835485329694, 44.415962025110765 ], [ 1.535555862857396, 44.415598572015924 ], [ 1.537540530106904, 44.414560857926958 ], [ 1.539322739733237, 44.41363854726464 ], [ 1.540525131164129, 44.412900854871573 ], [ 1.541019743057167, 44.412526733934399 ], [ 1.541388131872499, 44.412205653780354 ], [ 1.541781863091837, 44.411866769859117 ], [ 1.542148847028274, 44.411644601993117 ], [ 1.54290485450772, 44.411416258123076 ], [ 1.544085869405193, 44.41129889998053 ], [ 1.544688920072652, 44.411240307635445 ], [ 1.545330489749057, 44.411119037121665 ], [ 1.545885630566008, 44.410898215550915 ], [ 1.546214832412241, 44.410684754254149 ], [ 1.546774760698373, 44.410122223453591 ], [ 1.547106224635019, 44.409746899845857 ], [ 1.547564012748534, 44.40930953281886 ], [ 1.547831483417132, 44.40902367841619 ] ] ] } },
{ "type": "Feature", "properties": { "nom": "GR" }, "geometry": { "type": "MultiLineString", "coordinates": [ [ [ 2.036131377356587, 44.596208317982992 ], [ 2.036259124101598, 44.596111639546834 ], [ 2.036348012195749, 44.596007255715627 ], [ 2.036376005003825, 44.595502026912243 ], [ 2.039590748550675, 44.596844729278999 ], [ 2.040156305970988, 44.59641259434742 ], [ 2.041186218336661, 44.59684565234496 ], [ 2.042008358972675, 44.597156947668019 ], [ 2.042685156950983, 44.597193987957084 ], [ 2.044823331859996, 44.597310980805524 ], [ 2.044987011243352, 44.597302422602326 ], [ 2.045188499849141, 44.597284970683987 ], [ 2.045365188807254, 44.597195503844816 ], [ 2.045680240589713, 44.597124390817356 ], [ 2.045957345136851, 44.59708915016823 ], [ 2.046447916556862, 44.59715340299573 ], [ 2.046649172279154, 44.597180914566479 ], [ 2.04691317686847, 44.597244566410197 ], [ 2.047391628266619, 44.597218847130591 ], [ 2.047831900393446, 44.597273966734228 ], [ 2.048284762273952, 44.597329118275212 ], [ 2.048724943276479, 44.597402220960738 ], [ 2.04914004530074, 44.597457269919403 ], [ 2.049605725921559, 44.597467481657958 ], [ 2.05008440842019, 44.597396783666632 ], [ 2.05036169496488, 44.597325558682797 ], [ 2.050979200247918, 44.597183269876972 ], [ 2.051432704684322, 44.597112500218515 ], [ 2.051924060045317, 44.597023840040016 ], [ 2.052529108637281, 44.59685452982724 ], [ 2.053159235896163, 44.596703268288124 ], [ 2.053133925578535, 44.596730184259833 ], [ 2.053473912240479, 44.596704080523104 ], [ 2.053965034755109, 44.596660378341255 ], [ 2.054632736444097, 44.596545178971617 ], [ 2.055161798154763, 44.596465595240339 ], [ 2.05562796841496, 44.596376853734604 ], [ 2.056194112722096, 44.596432262022134 ], [ 2.056621666216522, 44.596514295135485 ], [ 2.057124653183492, 44.596614504769661 ], [ 2.057715213296468, 44.596822857515924 ], [ 2.058130095804443, 44.596922839753631 ], [ 2.058532436454289, 44.597013794150236 ], [ 2.058859211116866, 44.597113550566291 ], [ 2.059261599673464, 44.597195509448412 ], [ 2.059676709209019, 44.597250517914958 ], [ 2.060003931068449, 44.597260336804297 ], [ 2.060205460111007, 44.597233863740456 ], [ 2.060419663201911, 44.597189435039127 ], [ 2.060721976709355, 44.597145227269813 ], [ 2.060885212075655, 44.59722657878298 ], [ 2.061362065550599, 44.597524561438988 ], [ 2.062039970008001, 44.597894993618318 ], [ 2.062542407089115, 44.598112093272199 ], [ 2.062919588888533, 44.598202969438802 ], [ 2.063372296588975, 44.598294032485683 ], [ 2.063636412108756, 44.59833965683957 ], [ 2.064227497246465, 44.598449047855659 ], [ 2.064931871014051, 44.598558714571212 ], [ 2.065346734672432, 44.598667662660155 ], [ 2.065673400400606, 44.598794379440086 ], [ 2.065710815825224, 44.59886641938467 ], [ 2.065684727215952, 44.599055219150209 ], [ 2.065708902040219, 44.599262130564782 ], [ 2.065834212861332, 44.59937935488994 ], [ 2.065996983483573, 44.599559626957706 ], [ 2.066297829430851, 44.599821180913139 ], [ 2.066757067801503, 44.600220434419882 ], [ 2.06704591162249, 44.600471545770404 ], [ 2.067220976035594, 44.600875400740705 ], [ 2.067343252722305, 44.60144065533342 ], [ 2.067515860093569, 44.602238555850391 ], [ 2.067649456812719, 44.6028561116239 ], [ 2.068017877219599, 44.603286785636953 ], [ 2.068697804484219, 44.603675383026783 ], [ 2.069426408007601, 44.603963630719697 ], [ 2.069702881889294, 44.60407300676119 ], [ 2.07018116215424, 44.604319936050636 ], [ 2.070771110548947, 44.604624510412883 ], [ 2.071139716525052, 44.604919086390225 ], [ 2.071474398048339, 44.605186546703052 ], [ 2.071778434654546, 44.605528976428296 ], [ 2.072073540125813, 44.60586134133424 ], [ 2.072323140362699, 44.606142453825171 ], [ 2.073107112001901, 44.606493932627956 ], [ 2.072580158219676, 44.604803560902006 ], [ 2.073255369308159, 44.604909978095847 ], [ 2.074900571823823, 44.605494700021971 ], [ 2.076157930458374, 44.605941554373061 ], [ 2.076209988902819, 44.606203542255372 ], [ 2.076430339248068, 44.60652779611469 ], [ 2.076709077435625, 44.606731632871664 ], [ 2.077318949309373, 44.60681061199066 ], [ 2.078004103538447, 44.607461156081861 ], [ 2.078363404723208, 44.607914186820608 ], [ 2.078890711308923, 44.608443847106138 ], [ 2.079361200026894, 44.60899855656956 ], [ 2.079424726093752, 44.609073452765315 ], [ 2.079285910172266, 44.611355149101023 ] ] ] } },
{ "type": "Feature", "properties": { "nom": "GR 46" }, "geometry": { "type": "MultiLineString", "coordinates": [ [ [ 1.542886258936457, 44.612036249135372 ], [ 1.542796602318295, 44.612143529707161 ], [ 1.542906984457728, 44.612351189681867 ], [ 1.543168321733822, 44.612568933058313 ], [ 1.543517156635416, 44.612832276659589 ], [ 1.543764383136672, 44.613157845020424 ], [ 1.543549463138722, 44.614109661251618 ], [ 1.543433479033198, 44.614297698274413 ], [ 1.543413639957379, 44.614810214688362 ], [ 1.543471251630798, 44.615188380337599 ], [ 1.543591564635326, 44.615584985099538 ], [ 1.543650830986973, 44.615846239696445 ], [ 1.543873397951361, 44.616135653944632 ], [ 1.544222004401725, 44.616416982571735 ], [ 1.54459668435276, 44.616635539925603 ], [ 1.544909681630412, 44.616763711103971 ], [ 1.545209708043394, 44.616918769848283 ], [ 1.545248242806684, 44.616865083013344 ], [ 1.545384715053273, 44.617009970558229 ], [ 1.546161177351704, 44.61731235988843 ], [ 1.546699936632051, 44.617505107375266 ], [ 1.547489890982798, 44.617744625924757 ], [ 1.548065799435854, 44.617982603445725 ], [ 1.548174949741507, 44.618280189552799 ], [ 1.548180082310386, 44.618810874890848 ], [ 1.548417550842162, 44.618938494215691 ], [ 1.548806624642589, 44.619031224290289 ], [ 1.549555553530833, 44.619504279148728 ], [ 1.550093588299329, 44.619750969198137 ], [ 1.550717753955279, 44.620142177254642 ], [ 1.551103438729393, 44.620477712810988 ], [ 1.550714216288111, 44.62129338928041 ], [ 1.550735493641356, 44.621572357451591 ], [ 1.551022965666383, 44.622626715889531 ], [ 1.551154932769244, 44.623095349848832 ], [ 1.551299871746518, 44.623537093591104 ], [ 1.551583709265968, 44.62395284779646 ], [ 1.551727646808561, 44.62446653712923 ], [ 1.551760516665167, 44.624817539898423 ], [ 1.551781549115597, 44.625114494312086 ], [ 1.551963521780714, 44.625610466372926 ], [ 1.552279604499628, 44.625522781713222 ], [ 1.552414354755288, 44.625793564396638 ], [ 1.552635246642691, 44.626208867294672 ], [ 1.552528969771056, 44.62660384781644 ], [ 1.552411355039972, 44.626908807783238 ], [ 1.552265533738791, 44.627429423803534 ], [ 1.552297276092863, 44.627861365504693 ], [ 1.552329775221322, 44.628239348151673 ], [ 1.5524382129342, 44.628590891281021 ], [ 1.55270823316605, 44.629096485491658 ], [ 1.552778517321284, 44.629474737638439 ], [ 1.552862526056912, 44.629772141115559 ], [ 1.55289703998531, 44.630006233313786 ], [ 1.553442383810914, 44.630639705105807 ], [ 1.553775771688137, 44.631118765880437 ], [ 1.554171633833103, 44.631634246818322 ], [ 1.554370007774514, 44.631860510891691 ], [ 1.554704538704774, 44.632258630227803 ], [ 1.555089453042996, 44.63265710712151 ], [ 1.555424996190827, 44.632983279025602 ], [ 1.555661288469675, 44.633200815902342 ], [ 1.555708912941645, 44.633399024183845 ], [ 1.555857920315473, 44.633552982103751 ], [ 1.556133128298651, 44.633689847485542 ], [ 1.556710488022757, 44.633837849927389 ], [ 1.55699891986814, 44.633929836162828 ], [ 1.5572106577483, 44.634102224771382 ], [ 1.557458930962533, 44.634364813280065 ], [ 1.557721052263437, 44.634537558346395 ], [ 1.557718803662734, 44.634699436274076 ], [ 1.5574131481154, 44.634940111692195 ], [ 1.557308137997715, 44.635245166541544 ], [ 1.557278698049477, 44.63555075714433 ], [ 1.557401401155593, 44.635785473820775 ], [ 1.557674750007676, 44.636057233826136 ], [ 1.557862555253448, 44.636139510570061 ], [ 1.558187038373009, 44.636357667210397 ], [ 1.558746970271006, 44.636856305494533 ], [ 1.55909665164778, 44.637074637480794 ], [ 1.559584390350096, 44.637329919898924 ], [ 1.56005878960249, 44.637639071186605 ], [ 1.560534313753611, 44.637867281372706 ] ] ] } },
{ "type": "Feature", "properties": { "nom": "GR 65" }, "geometry": { "type": "MultiLineString", "coordinates": [ [ [ 2.161411688423969, 44.615968695608771 ], [ 2.16165168583415, 44.615726251244332 ], [ 2.161904048257217, 44.615555775411607 ], [ 2.162447131213084, 44.615026017256938 ], [ 2.162649262420419, 44.61481049220555 ], [ 2.162700439232953, 44.614549758837434 ], [ 2.162714598670135, 44.614046141692455 ], [ 2.163332172019359, 44.61384925931624 ], [ 2.163874445105889, 44.613571313761099 ], [ 2.164428971968327, 44.613401307029271 ], [ 2.164377526698044, 44.613751975256356 ], [ 2.164111810717193, 44.614174255460142 ], [ 2.163959550660721, 44.614551746705736 ], [ 2.163958632550875, 44.614848532750351 ], [ 2.163894425379258, 44.615253142793321 ], [ 2.163956437041679, 44.615559021722447 ], [ 2.164307411594652, 44.616072207347443 ], [ 2.16453347603847, 44.616261427010265 ] ] ] } },
{ "type": "Feature", "properties": { "nom": "GR 36" }, "geometry": { "type": "MultiLineString", "coordinates": [ [ [ 1.081064080601558, 44.516212984144687 ], [ 1.081815603473316, 44.515771866364204 ], [ 1.082276659686982, 44.515390383049855 ], [ 1.082728553282403, 44.514855891029079 ], [ 1.083203165571439, 44.514429588447143 ], [ 1.083805245107582, 44.513923791323862 ], [ 1.084494681996021, 44.513445970435569 ], [ 1.084800693128793, 44.513251588277392 ], [ 1.085154368250603, 44.513174674234513 ], [ 1.085433642308936, 44.513051939046754 ], [ 1.085537979094789, 44.512882237679968 ], [ 1.085657884056024, 44.51257780021983 ], [ 1.085928188409726, 44.512293064985215 ], [ 1.086542986737629, 44.511778404270913 ], [ 1.087442806744174, 44.511446870352053 ], [ 1.088038426502874, 44.511228794087906 ], [ 1.088644211120873, 44.511118760653062 ], [ 1.088985700214319, 44.511023707587441 ], [ 1.089375858344265, 44.511001160404888 ], [ 1.090368605022045, 44.51101244065925 ], [ 1.09156360985308, 44.510972042669152 ], [ 1.092431687093178, 44.510936917897034 ], [ 1.092832618042962, 44.510995428829794 ], [ 1.093010771340309, 44.511465149156173 ], [ 1.093281466926551, 44.511729049578236 ], [ 1.093617384933139, 44.511885758140657 ], [ 1.093800516891419, 44.512130676668384 ], [ 1.093792365256848, 44.512499348367726 ], [ 1.093829910287997, 44.513075405636208 ], [ 1.094162657666631, 44.513375983694814 ], [ 1.094227327547672, 44.513862405339147 ], [ 1.09420402866314, 44.514347831682251 ], [ 1.094197270515024, 44.514653559671032 ], [ 1.094060069796299, 44.515173672914543 ], [ 1.094129511474812, 44.515444286370332 ], [ 1.094339779562648, 44.515599569533087 ], [ 1.094635635874205, 44.51586375261423 ], [ 1.094578611388782, 44.51616891172128 ], [ 1.095552529473732, 44.516467747433012 ], [ 1.096337942355888, 44.516764443457333 ], [ 1.097264780683041, 44.516918823503353 ], [ 1.09791453954368, 44.517097051436892 ], [ 1.098145515210718, 44.516883796605391 ], [ 1.098077637744291, 44.516541248918791 ], [ 1.097924561162699, 44.51607181957538 ], [ 1.097821163873958, 44.515629934141707 ], [ 1.09802997024572, 44.515281515128223 ], [ 1.098344155910527, 44.51528506113565 ], [ 1.098681297106845, 44.515387801866147 ], [ 1.099432373726362, 44.515531186512881 ], [ 1.099870058280129, 44.515635057450062 ], [ 1.100419467072574, 44.515803143687883 ], [ 1.100789264102328, 44.515564463966307 ], [ 1.101054168905264, 44.51552247474693 ], [ 1.101416846684818, 44.515607505399885 ], [ 1.101940730956694, 44.515793284994075 ], [ 1.102309464268703, 44.516175191345759 ], [ 1.102527389527982, 44.516555400037809 ], [ 1.102444875238498, 44.516878265350357 ], [ 1.102879616445656, 44.517117002655318 ], [ 1.102824015565183, 44.51735922279407 ], [ 1.102713208806449, 44.51782567823912 ], [ 1.103642394429905, 44.518447728959678 ], [ 1.1039681797943, 44.518496359653895 ] ] ] } },
{ "type": "Feature", "properties": { "nom": "GR 36" }, "geometry": { "type": "MultiLineString", "coordinates": [ [ [ 1.215076136954981, 44.50503667141767 ], [ 1.215482893050416, 44.504806984229816 ], [ 1.215687165716637, 44.504647179476237 ], [ 1.215803480662407, 44.504486475928609 ], [ 1.215795396936497, 44.504261543134909 ], [ 1.215811010860586, 44.504108805185261 ], [ 1.215953530162559, 44.503894404874288 ], [ 1.21620895412311, 44.503690152022081 ], [ 1.216755881170323, 44.503362957439641 ], [ 1.217310532890961, 44.50327867608236 ], [ 1.217876136912997, 44.503275449681745 ], [ 1.218353429173441, 44.503289308236937 ], [ 1.218942196190502, 44.503385246493458 ], [ 1.219291515242676, 44.50351471947846 ], [ 1.219552343805766, 44.503670271829513 ], [ 1.219846403544682, 44.504051012071265 ], [ 1.219851644978605, 44.504419818538082 ], [ 1.219972117915723, 44.504681869861869 ], [ 1.220126652127627, 44.504494568036108 ], [ 1.22048633525135, 44.504102492232199 ], [ 1.220705299359741, 44.503834899812368 ], [ 1.220811709969602, 44.50353918081214 ], [ 1.220728395864153, 44.503304490226625 ], [ 1.220596784493225, 44.502970374965813 ], [ 1.220016591448561, 44.502442822961982 ], [ 1.219556339404449, 44.502204295429536 ], [ 1.218982114279736, 44.502009575800678 ], [ 1.219548241038974, 44.501979364029438 ], [ 1.220341247352975, 44.501915481793354 ], [ 1.221308373005536, 44.501943304218031 ], [ 1.222010214352951, 44.502040374886633 ], [ 1.222773635519984, 44.502201023056074 ], [ 1.223016818702389, 44.501978642663659 ] ] ] } },
{ "type": "Feature", "properties": { "nom": "GR 65" }, "geometry": { "type": "MultiLineString", "coordinates": [ [ [ 2.034043774172622, 44.606184412476992 ], [ 2.033903771929614, 44.606752555461654 ], [ 2.033798553001143, 44.607065516103475 ], [ 2.032189474286066, 44.607144175271024 ], [ 2.030985551584165, 44.607328141760568 ], [ 2.030918087388107, 44.606747818736594 ], [ 2.030921395973244, 44.606555239855929 ], [ 2.031227057610571, 44.606546372756227 ], [ 2.030863870666785, 44.606077755237216 ], [ 2.030738371770761, 44.606005457225194 ], [ 2.030134487823179, 44.605931825321072 ], [ 2.030060429116597, 44.605661811466604 ], [ 2.029367982109899, 44.605668870118841 ], [ 2.028474011248456, 44.605693346303035 ], [ 2.027945468957806, 44.60565588866816 ], [ 2.027846936442267, 44.605259893712145 ], [ 2.02714314721131, 44.605042067594489 ], [ 2.026287549769911, 44.604958711569381 ], [ 2.025910730490878, 44.604804755433328 ], [ 2.025483308651616, 44.604695622782216 ], [ 2.025244521450792, 44.604622997478195 ], [ 2.025119832409772, 44.604406797954077 ], [ 2.02497021647746, 44.604145560324092 ], [ 2.024832291677406, 44.604046238885836 ], [ 2.024593807230588, 44.603919652182135 ], [ 2.024128377525633, 44.603855374115305 ], [ 2.023675337507435, 44.603827103006289 ], [ 2.023348485247151, 44.603745228961678 ], [ 2.022858839040511, 44.603509998780041 ], [ 2.022520560495316, 44.603221237774932 ], [ 2.022948317350007, 44.603267428052668 ], [ 2.023375924103163, 44.603340597117928 ], [ 2.024043517302604, 44.603270550275262 ], [ 2.024647665181958, 44.603290255391713 ], [ 2.025371952080717, 44.603400796873572 ], [ 2.02602566753522, 44.603326196008382 ], [ 2.026208393707015, 44.603167080584093 ], [ 2.026794347616868, 44.603107951604102 ], [ 2.027521634399494, 44.602680392769841 ], [ 2.028250018725151, 44.602188549694638 ], [ 2.028613237592859, 44.601998871324575 ], [ 2.028959216533455, 44.601503661193554 ], [ 2.029595940870724, 44.601107439525535 ], [ 2.02982778281299, 44.600707660798903 ], [ 2.029698075565377, 44.600401143121744 ], [ 2.029166819466289, 44.599898227369941 ], [ 2.028959873193269, 44.598851692475904 ], [ 2.028971490782946, 44.598176746983995 ], [ 2.028934252145588, 44.597726387557998 ], [ 2.028938124736461, 44.597501405508879 ], [ 2.030276856993817, 44.598139990650949 ], [ 2.030924707957759, 44.598402834643331 ], [ 2.031420086239745, 44.598375032460162 ], [ 2.032165634642763, 44.598188694179747 ], [ 2.032552684413197, 44.597918849679843 ], [ 2.032809463602515, 44.597374630392473 ], [ 2.032502020375887, 44.596937979881432 ], [ 2.032670482554454, 44.596296552943336 ], [ 2.032943959497523, 44.596090004062219 ], [ 2.034225683301353, 44.596117285524365 ], [ 2.035349694128861, 44.59615924799408 ], [ 2.036141359305318, 44.596208405046781 ] ] ] } },
{ "type": "Feature", "properties": { "nom": "GR 652" }, "geometry": { "type": "MultiLineString", "coordinates": [ [ [ 1.371380736038671, 44.74002282550677 ], [ 1.371197718334872, 44.740390008934952 ], [ 1.370399335710503, 44.740580897401344 ], [ 1.369788053437596, 44.740899348352151 ], [ 1.369518090039423, 44.741184813266656 ], [ 1.369309662594114, 44.741560765367893 ], [ 1.369304688251803, 44.741848555378446 ], [ 1.36970522832459, 44.742040960847973 ], [ 1.369695440523012, 44.742607547417101 ], [ 1.369608228312421, 44.743272397390612 ], [ 1.36947395453983, 44.743738949640814 ], [ 1.3690012898507, 44.744067608405061 ], [ 1.368401645941264, 44.744440124082381 ], [ 1.3679928439476, 44.744724365962732 ], [ 1.367984594506354, 44.745201018269164 ], [ 1.36810020743674, 44.745813681530755 ], [ 1.3677655552482, 44.746188522459946 ], [ 1.367227266589266, 44.746660515426441 ], [ 1.366694736831234, 44.746799747192149 ], [ 1.366017768839883, 44.747261518924795 ], [ 1.365403735363129, 44.747732835769391 ] ] ] } },
{ "type": "Feature", "properties": { "nom": "GR 652" }, "geometry": { "type": "MultiLineString", "coordinates": [ [ [ 1.227165309705462, 44.643284658617461 ], [ 1.227536265511905, 44.643639187424441 ], [ 1.228009419052418, 44.643922787995216 ], [ 1.228201389344242, 44.643771814422628 ], [ 1.228567042272423, 44.643757508395034 ], [ 1.22879342453133, 44.643777776532737 ], [ 1.228980950373504, 44.643851621805958 ], [ 1.229000281858832, 44.644148637204864 ], [ 1.229197565718473, 44.644366493309164 ], [ 1.229424659338179, 44.644350789538379 ], [ 1.229637559692044, 44.644415893605732 ], [ 1.229829348290289, 44.644273910254441 ], [ 1.230066022384785, 44.644411209380429 ], [ 1.230981144762008, 44.644645272767391 ], [ 1.232724295915641, 44.645058536820123 ], [ 1.233539373406924, 44.645255597725047 ], [ 1.23391391785465, 44.645430249485337 ], [ 1.234603388695768, 44.645608053795449 ], [ 1.235043220172224, 44.645666425719938 ], [ 1.235018379453764, 44.645648187788929 ], [ 1.235005252682511, 44.645675039927404 ], [ 1.235043220172224, 44.645666425719938 ], [ 1.235289683901209, 44.645947724463127 ], [ 1.235711625932739, 44.646275751932698 ], [ 1.236468226492984, 44.646885956343411 ], [ 1.236817068282546, 44.647087324582209 ], [ 1.237153314923848, 44.647288565672248 ], [ 1.237543830633933, 44.647292467411539 ], [ 1.238021294869283, 44.64736019690492 ], [ 1.238309623657762, 44.647435032304472 ], [ 1.238355962427725, 44.647642369784776 ], [ 1.238692394194596, 44.647834614017114 ], [ 1.238903909231411, 44.647971642636442 ], [ 1.239407983757963, 44.647967675562995 ] ] ] } },
{ "type": "Feature", "properties": { "nom": "GR 651" }, "geometry": { "type": "MultiLineString", "coordinates": [ [ [ 1.807706541533714, 44.578059783613547 ], [ 1.807394266433937, 44.577815451015596 ], [ 1.807006073066564, 44.577615719318821 ], [ 1.806718543899247, 44.577416473128764 ], [ 1.806418858330427, 44.577172198114802 ], [ 1.80594157637283, 44.577079955880002 ], [ 1.805603042201771, 44.576952409213533 ], [ 1.80466328446162, 44.576534153791492 ], [ 1.804337425226524, 44.576397670259325 ], [ 1.803798266037379, 44.576197195212742 ], [ 1.80348473517782, 44.57608774952466 ], [ 1.803120878614934, 44.575978058397176 ], [ 1.80274520938355, 44.575787367015693 ], [ 1.802394794168483, 44.575587803307023 ], [ 1.801654509334264, 44.575368351841782 ], [ 1.800838909690649, 44.57513053993862 ], [ 1.800525477074102, 44.575012093266679 ], [ 1.800200236825103, 44.574812645523998 ], [ 1.799850094237152, 44.574586094102862 ], [ 1.799987462632785, 44.574694688228419 ], [ 1.799348800754275, 44.574376788961132 ], [ 1.798707729863578, 44.574310694206346 ] ] ] } },
{ "type": "Feature", "properties": { "nom": "GR 651" }, "geometry": { "type": "MultiLineString", "coordinates": [ [ [ 1.721766384802807, 44.51801178001017 ], [ 1.721600426052475, 44.518244679022658 ], [ 1.721089675553329, 44.518970281744863 ], [ 1.720644619413375, 44.519435441553412 ], [ 1.720301691193461, 44.519757279244381 ], [ 1.719922137613628, 44.51997998218026 ], [ 1.719214879658986, 44.520281780097044 ], [ 1.718220492151115, 44.520402085682676 ], [ 1.717153459032568, 44.520270155162599 ], [ 1.716965807351701, 44.520188153830716 ], [ 1.716240047689432, 44.519887267219637 ], [ 1.715438779423451, 44.519594941478658 ], [ 1.714704969914865, 44.520022468475034 ], [ 1.714285590960192, 44.520433788393383 ], [ 1.714006266488433, 44.520684019976379 ], [ 1.713434940665669, 44.521193401659971 ], [ 1.713244596831756, 44.521354202261897 ], [ 1.712879071989488, 44.521442059340849 ], [ 1.712737906036221, 44.521702066196418 ], [ 1.712568401478734, 44.522249703789846 ], [ 1.712562006464177, 44.52282524879184 ], [ 1.712338040966606, 44.522617124270404 ], [ 1.712126548412837, 44.522418064554792 ], [ 1.711971006262386, 44.522839871153451 ], [ 1.71196690524798, 44.523208579987568 ], [ 1.711799990149281, 44.523522400626916 ], [ 1.711322216085384, 44.52352867144679 ], [ 1.710958477982271, 44.523454649637934 ], [ 1.710355603440623, 44.5234062419688 ], [ 1.709558350024331, 44.52387834095952 ], [ 1.708886287155162, 44.524396117707575 ], [ 1.708138486181247, 44.524940438556442 ], [ 1.707971644695083, 44.52524526034945 ], [ 1.707343285281767, 44.526347856581886 ], [ 1.706960508959182, 44.526849294654298 ], [ 1.706164289207881, 44.527222448198422 ], [ 1.70569652967901, 44.527453589488978 ], [ 1.705153842764717, 44.527639330400419 ], [ 1.704702289948488, 44.527546794682131 ], [ 1.70466326032324, 44.527663485329057 ], [ 1.70462311717293, 44.527879098479218 ], [ 1.704518295667188, 44.528256221254026 ], [ 1.704087727403687, 44.528532538005877 ], [ 1.703619339350904, 44.528817628525751 ], [ 1.703400553136327, 44.529266041177259 ], [ 1.703195857152353, 44.529579631633148 ], [ 1.702675849567951, 44.529981335529804 ] ] ] } },
{ "type": "Feature", "properties": { "nom": "GR 65" }, "geometry": { "type": "MultiLineString", "coordinates": [ [ [ 1.57853479115698, 44.35660448827732 ], [ 1.57752742572175, 44.356948231363283 ], [ 1.576356146426407, 44.357362769727807 ], [ 1.573897326811115, 44.358442799495151 ], [ 1.573078756549143, 44.358724866459774 ], [ 1.572613798662459, 44.358811552056267 ], [ 1.5723743204085, 44.358908802783318 ], [ 1.572008164256813, 44.35910408942464 ], [ 1.571704673036763, 44.359299812787839 ], [ 1.571363944754215, 44.359468296660687 ], [ 1.570767773027424, 44.359985715498659 ], [ 1.569753320655439, 44.360841932300545 ], [ 1.569309365536441, 44.361225516011324 ], [ 1.56857589439579, 44.361696996838042 ], [ 1.567416739755065, 44.362129512446892 ] ] ] } },
{ "type": "Feature", "properties": { "nom": "GR 6" }, "geometry": { "type": "MultiLineString", "coordinates": [ [ [ 1.874963087102353, 44.735666416679763 ], [ 1.874255429668072, 44.7357893661625 ], [ 1.873232089726444, 44.735937966193319 ], [ 1.872272210203272, 44.736041852019213 ], [ 1.87157753436873, 44.736119868317424 ], [ 1.870844776626454, 44.736224701928208 ], [ 1.869821645819364, 44.736346288055408 ], [ 1.868735192177496, 44.73649457833077 ], [ 1.867509856447937, 44.736651260648777 ], [ 1.866448930920578, 44.736763660489835 ], [ 1.865476102755556, 44.736903409634849 ], [ 1.864250824453918, 44.737051061780463 ], [ 1.863429864387542, 44.737137479191539 ], [ 1.862963208154178, 44.737108489551417 ], [ 1.862686517040043, 44.736999368630002 ], [ 1.86232248776466, 44.736772944610557 ], [ 1.862134737301797, 44.736592251379712 ], [ 1.861872651753279, 44.736249340223772 ], [ 1.861710064483434, 44.736077748460275 ] ] ] } },
{ "type": "Feature", "properties": { "nom": "GR 65" }, "geometry": { "type": "MultiLineString", "coordinates": [ [ [ 1.307474982414357, 44.33964387707514 ], [ 1.307812110718605, 44.33970999780567 ], [ 1.308215328206523, 44.339587884150014 ], [ 1.30867013488606, 44.339385315792974 ], [ 1.309199783338044, 44.339201434009588 ], [ 1.309665801070215, 44.33907091036918 ], [ 1.30991113157807, 44.339360990510905 ], [ 1.309931438530568, 44.339621980124299 ], [ 1.309913012489258, 44.33994555816777 ], [ 1.309899743589609, 44.340673872989242 ], [ 1.309844057299222, 44.340979115600774 ], [ 1.309801391237164, 44.341257500729085 ], [ 1.309797786111877, 44.341455315158179 ], [ 1.310133288722898, 44.341611343984944 ], [ 1.310330973170098, 44.34176607985502 ], [ 1.310867438376576, 44.34189701158467 ], [ 1.311403906062082, 44.342027940706792 ], [ 1.311754346881368, 44.342170385914223 ], [ 1.311946602213442, 44.342199986645234 ], [ 1.312356277851247, 44.342274829690922 ], [ 1.312854102581023, 44.342386136105823 ], [ 1.31313940737529, 44.342440295462168 ], [ 1.31354670349027, 44.342555356124819 ] ] ] } },
{ "type": "Feature", "properties": { "nom": "GR 6" }, "geometry": { "type": "MultiLineString", "coordinates": [ [ [ 1.951933694429028, 44.712172781671299 ], [ 1.951756741860233, 44.712226127401649 ], [ 1.951251606776135, 44.712314300362472 ], [ 1.95070875457662, 44.712384350216148 ], [ 1.950354846698666, 44.712491038400707 ], [ 1.949836781459544, 44.71262412975117 ], [ 1.949622423787466, 44.712614382205075 ], [ 1.949357176646776, 44.712667413272854 ], [ 1.949204886909665, 44.712801788283471 ], [ 1.94897666733559, 44.712971872343005 ], [ 1.948772115391534, 44.713366891729507 ], [ 1.948530220026489, 44.713689826330871 ], [ 1.948262470058097, 44.714102610599681 ], [ 1.948184667541691, 44.714408134869942 ], [ 1.948094811885982, 44.714632670523535 ], [ 1.947916786367286, 44.714838905753325 ], [ 1.948041609341008, 44.715028222551098 ], [ 1.948166309221934, 44.715235527478555 ], [ 1.947886060503122, 44.715630277736459 ], [ 1.947468495463063, 44.715817678373412 ], [ 1.946952773651973, 44.715608989531532 ], [ 1.946487008679393, 44.715472426993927 ], [ 1.94619702037589, 44.715453410614302 ], [ 1.946006748898911, 44.715605635489396 ], [ 1.945813334250997, 44.716207553693572 ], [ 1.945745301279281, 44.716917846765597 ], [ 1.945803597055798, 44.717601605763235 ], [ 1.945840434233323, 44.717745642496276 ], [ 1.945762047342638, 44.718132110850327 ], [ 1.945417815274755, 44.71865254635695 ], [ 1.944896660790018, 44.71921732167938 ], [ 1.944401920835469, 44.71961130157338 ], [ 1.944300815049869, 44.719637923460432 ], [ 1.943806953366567, 44.719905985554036 ], [ 1.943389657954128, 44.720048401303899 ], [ 1.943110300969103, 44.72030823259599 ] ] ] } },
{ "type": "Feature", "properties": { "nom": "GR 36 A" }, "geometry": { "type": "MultiLineString", "coordinates": [ [ [ 1.554444898800509, 44.445007951095143 ], [ 1.554845333234981, 44.445100739426898 ], [ 1.554966110600134, 44.445443345836729 ], [ 1.554961611487802, 44.445767072585447 ], [ 1.555005950247382, 44.446190073429108 ], [ 1.555001576715961, 44.446504808379032 ], [ 1.555264499228067, 44.447459971848637 ], [ 1.555301095619128, 44.4484405034353 ], [ 1.555446180571941, 44.449745567428572 ], [ 1.555844347956861, 44.450908542003511 ], [ 1.555777708296811, 44.451186860227985 ], [ 1.555684710430061, 44.451554924537874 ], [ 1.555493276627081, 44.451778394169096 ], [ 1.555076865272619, 44.451928313804643 ], [ 1.554723849246464, 44.452033717141674 ], [ 1.554409869580448, 44.45204047151573 ], [ 1.554137597490865, 44.452659068797878 ], [ 1.553540657764472, 44.453149442135242 ], [ 1.552803978673486, 44.453755725557265 ] ] ] } },
{ "type": "Feature", "properties": { "nom": "GR 6" }, "geometry": { "type": "MultiLineString", "coordinates": [ [ [ 1.48525776803471, 44.884880177453283 ], [ 1.484840822877574, 44.884840982741004 ], [ 1.484147898560387, 44.885474295577076 ], [ 1.483559882122018, 44.885865544358538 ], [ 1.482780570696956, 44.88635425794299 ], [ 1.481989005582226, 44.886815887066518 ], [ 1.481121791981336, 44.8872589342906 ], [ 1.480980967067785, 44.887365785523471 ], [ 1.480420420522494, 44.887613307866204 ], [ 1.479504783473337, 44.887912044245432 ], [ 1.478945192669047, 44.888096600539207 ], [ 1.478309546187657, 44.888289557523493 ], [ 1.477700030143563, 44.888428743815396 ], [ 1.47714084368559, 44.888586308386266 ], [ 1.476291345891429, 44.888696634313661 ], [ 1.475429053284981, 44.888815848126335 ], [ 1.474288686352485, 44.888914894979621 ], [ 1.473287907522258, 44.888988035818251 ], [ 1.47305974875871, 44.889013238429264 ] ] ] } },
{ "type": "Feature", "properties": { "nom": "GR 46" }, "geometry": { "type": "MultiLineString", "coordinates": [ [ [ 1.562460384695526, 44.694526478081876 ], [ 1.562821558139351, 44.694852815023296 ], [ 1.562639446903486, 44.695256279026438 ], [ 1.562548949256239, 44.695417541397397 ], [ 1.562571680688857, 44.695597587706828 ], [ 1.562979695535624, 44.696185089501967 ], [ 1.563439643108089, 44.696665021583897 ], [ 1.563608597468564, 44.697214864175976 ], [ 1.563812405247387, 44.697980814865247 ], [ 1.564016590934314, 44.698719785969359 ], [ 1.564174311950281, 44.699170610788762 ], [ 1.564245131522013, 44.699521888018054 ], [ 1.56432794328571, 44.699918221004538 ], [ 1.564396904941797, 44.700404399965635 ], [ 1.564386613473095, 44.701150859641878 ], [ 1.564068386482558, 44.701364491219209 ], [ 1.563549265380551, 44.701513749922995 ], [ 1.563548892750806, 44.701540730275397 ], [ 1.562915283104288, 44.701761137778185 ], [ 1.56234534263696, 44.701937017177102 ] ] ] } },
{ "type": "Feature", "properties": { "nom": "GR 65" }, "geometry": { "type": "MultiLineString", "coordinates": [ [ [ 1.402722865107618, 44.395517674721724 ], [ 1.402770484177697, 44.394915535104673 ], [ 1.402849758468869, 44.394673393815289 ], [ 1.40306698485128, 44.394432427619144 ], [ 1.403221950497712, 44.394163950840564 ], [ 1.403340782527238, 44.393805233835096 ], [ 1.403333160915736, 44.393508393418365 ], [ 1.403387647926858, 44.393248053754228 ], [ 1.403503347814997, 44.393078168268211 ], [ 1.40382029405219, 44.392874022608027 ], [ 1.40396137066118, 44.392686365970953 ], [ 1.403989282296486, 44.392515732451692 ], [ 1.403978976561935, 44.392380746540198 ], [ 1.403993156235242, 44.392281941640064 ], [ 1.403972097001338, 44.392038946149697 ], [ 1.403903259621969, 44.391651653054303 ], [ 1.403795162681602, 44.391362949791279 ], [ 1.403524192115376, 44.391063867350937 ], [ 1.40320425598385, 44.390692421993435 ], [ 1.402896267063953, 44.390357049807164 ], [ 1.402614705000421, 44.389940964182067 ] ] ] } },
{ "type": "Feature", "properties": { "nom": "GR 36" }, "geometry": { "type": "MultiLineString", "coordinates": [ [ [ 1.865490744080363, 44.363666770285967 ], [ 1.865839689839446, 44.363911075560502 ], [ 1.866746335418276, 44.363420382056489 ], [ 1.867577682168311, 44.362938351193698 ], [ 1.868296354232842, 44.362437845722489 ], [ 1.868940103988231, 44.361901045509796 ], [ 1.86963286000077, 44.361499340032161 ], [ 1.870525932220597, 44.361125462309971 ], [ 1.871230903533896, 44.36075977002713 ], [ 1.872086500015048, 44.360367735475101 ], [ 1.87266714889378, 44.359875608127389 ], [ 1.873223536543164, 44.359284456731721 ], [ 1.873944329142625, 44.358514147312995 ], [ 1.874221845055876, 44.358299499531299 ], [ 1.875192914115677, 44.357575203837875 ] ] ] } },
{ "type": "Feature", "properties": { "nom": "GR 651" }, "geometry": { "type": "MultiLineString", "coordinates": [ [ [ 1.798707729863578, 44.574310694206346 ], [ 1.798080624336853, 44.574100766759742 ], [ 1.797239807816875, 44.573871798493194 ], [ 1.796574187509729, 44.573742615706159 ], [ 1.795957424515351, 44.573766560515729 ], [ 1.795315324327135, 44.573808363979062 ], [ 1.794911928586108, 44.573887316291703 ], [ 1.794268608857186, 44.574055018610565 ], [ 1.793965690131666, 44.574152450830603 ], [ 1.793588322701032, 44.574141591867324 ], [ 1.793402557664217, 44.573834889456599 ], [ 1.793353710270889, 44.573681756722202 ], [ 1.793393632217388, 44.573457113824738 ], [ 1.79339755081127, 44.573052421286675 ], [ 1.793378571259977, 44.572413781666008 ], [ 1.793258766621127, 44.571792630225715 ], [ 1.793412962745791, 44.571460630551996 ], [ 1.79347865500787, 44.571173160391396 ], [ 1.793418100290236, 44.570930033572765 ], [ 1.793217674421594, 44.570839105779065 ], [ 1.792953472616728, 44.570837798153384 ], [ 1.792687963429812, 44.570971386376016 ], [ 1.792272177270224, 44.571032280030444 ], [ 1.792069047155543, 44.571220138430839 ], [ 1.791639716417092, 44.571379892868933 ], [ 1.791337157179125, 44.571441345498073 ], [ 1.790908697581349, 44.571511164613817 ], [ 1.7905183296274, 44.571545197984065 ], [ 1.790141595463943, 44.571471374447945 ], [ 1.790092584992028, 44.57133622656761 ], [ 1.790307514810999, 44.571229372904114 ], [ 1.789944677343553, 44.571020713489929 ], [ 1.789330573425162, 44.570774826592334 ], [ 1.788548279092733, 44.570268196622528 ] ] ] } },
{ "type": "Feature", "properties": { "nom": "GR 652" }, "geometry": { "type": "MultiLineString", "coordinates": [ [ [ 1.26186996239253, 44.675766805176899 ], [ 1.262023293021666, 44.67631697539251 ], [ 1.262640562271783, 44.67699759823919 ], [ 1.262592582528214, 44.677527815177989 ], [ 1.262533031815024, 44.678003951229528 ], [ 1.262704148951521, 44.678284455075335 ], [ 1.263409507750248, 44.678974927639736 ], [ 1.263878665841305, 44.679492195578774 ], [ 1.263999204428777, 44.6797811996869 ], [ 1.264196576041682, 44.680007988655497 ], [ 1.264262740293344, 44.680503340579378 ], [ 1.264287090039351, 44.680548551123572 ], [ 1.264224581420598, 44.680520958203722 ], [ 1.264262740293344, 44.680503340579378 ], [ 1.264305243928284, 44.680917508891596 ], [ 1.264417483345179, 44.680981564908627 ], [ 1.264241918324013, 44.681591493263006 ] ] ] } },
{ "type": "Feature", "properties": { "nom": "GR 651" }, "geometry": { "type": "MultiLineString", "coordinates": [ [ [ 1.75959041165949, 44.569273483592148 ], [ 1.759483014106007, 44.568706320255551 ], [ 1.759290793891636, 44.567823935244547 ], [ 1.759148806432384, 44.566950808307112 ], [ 1.758956135202291, 44.566113388917614 ], [ 1.758787424557258, 44.565393011574102 ], [ 1.758666534891111, 44.564915714559277 ], [ 1.75877022872362, 44.564619471444509 ], [ 1.758898524799041, 44.564377319633756 ], [ 1.75910322259399, 44.564045633625128 ], [ 1.759232996291594, 44.563659591447731 ], [ 1.759171671821758, 44.563506377659706 ], [ 1.758882995403436, 44.56344190380883 ], [ 1.758784027211214, 44.563279498251489 ], [ 1.758584425326067, 44.563116562013235 ], [ 1.758812333538273, 44.562973864621718 ], [ 1.759065399986877, 44.562831299109313 ], [ 1.758776725882886, 44.562766824984294 ], [ 1.758388438753116, 44.562602894869926 ], [ 1.758025590579796, 44.56241211739556 ], [ 1.757826087311471, 44.562240187293369 ], [ 1.757752096551696, 44.562095899509622 ], [ 1.757778368612984, 44.56198811515582 ], [ 1.7577560856141, 44.561709196173155 ] ] ] } },
{ "type": "Feature", "properties": { "nom": "GR 651" }, "geometry": { "type": "MultiLineString", "coordinates": [ [ [ 1.765375229705637, 44.575707202438181 ], [ 1.764549670725551, 44.575226240870535 ], [ 1.763823037141564, 44.574916668630692 ], [ 1.763372477539697, 44.57468048218221 ], [ 1.761920350648752, 44.573953399157986 ], [ 1.761746049233971, 44.573772614390819 ], [ 1.761201127089885, 44.572924357590843 ], [ 1.760893141761267, 44.572284194573342 ], [ 1.760422716280381, 44.571535254977476 ], [ 1.759999855549488, 44.571056372705186 ], [ 1.759938891916119, 44.570867185829869 ], [ 1.759808450598636, 44.570093049046143 ], [ 1.75959041165949, 44.569273483592148 ] ] ] } },
{ "type": "Feature", "properties": { "nom": "GR 652" }, "geometry": { "type": "MultiLineString", "coordinates": [ [ [ 1.040583662052317, 44.5217685766588 ], [ 1.040053662876344, 44.520763939480744 ], [ 1.03965176772568, 44.520201538865173 ], [ 1.039202098072676, 44.51953063927737 ], [ 1.038859531316087, 44.51912184113236 ], [ 1.038815279220925, 44.518860480348486 ], [ 1.038827320952541, 44.518338948868852 ], [ 1.038715759666854, 44.517726012503616 ], [ 1.038428876699102, 44.517084017877515 ], [ 1.038440921618925, 44.516562486830388 ], [ 1.038555165390433, 44.515970210454149 ], [ 1.038894995516564, 44.515407584745653 ], [ 1.039185795680663, 44.51479041178056 ], [ 1.039594879402719, 44.513949778650222 ], [ 1.040012368737641, 44.513289130522409 ], [ 1.039679703742431, 44.512997379779833 ], [ 1.039023837052648, 44.512548902011218 ], [ 1.038307331292504, 44.512549421035743 ], [ 1.037849845488831, 44.51222021052596 ], [ 1.037456443730922, 44.511837790239483 ], [ 1.037443460867242, 44.511855625997654 ], [ 1.038115922484316, 44.511584760939606 ], [ 1.038446179113069, 44.511435764572354 ], [ 1.038814133252205, 44.511287213146197 ], [ 1.039408279146492, 44.511141334975441 ], [ 1.04020140783822, 44.511087748673006 ], [ 1.040716626405568, 44.511093835092915 ], [ 1.040956498199462, 44.510503040847247 ], [ 1.041234476698545, 44.50989470854023 ], [ 1.041292613461269, 44.509553610585762 ], [ 1.041440576105339, 44.509132623250999 ], [ 1.041648050486936, 44.508856247510167 ], [ 1.042127064604764, 44.508250286220409 ], [ 1.04290081294929, 44.507944611131165 ], [ 1.043041931048116, 44.507820354439154 ], [ 1.043177310137113, 44.50739921692081 ], [ 1.04338601022361, 44.507068888060239 ], [ 1.043711725723494, 44.506569044729837 ], [ 1.043827294510145, 44.506462474592155 ], [ 1.043818450525309, 44.506300472801726 ], [ 1.043887272876627, 44.506040448919784 ], [ 1.043573143393883, 44.506036747014264 ], [ 1.043478205824186, 44.505792781703178 ], [ 1.043885459383745, 44.505572723476519 ], [ 1.044043061650548, 44.505277767758457 ], [ 1.043846983984755, 44.505059594388356 ], [ 1.043334715278775, 44.504927636253441 ], [ 1.042935120976486, 44.504814993866816 ], [ 1.04259959272979, 44.504649139266007 ], [ 1.042158023261602, 44.504176226024747 ], [ 1.041643557152071, 44.503594518626834 ], [ 1.04130044741402, 44.503212707577987 ], [ 1.041453293131532, 44.503124569641976 ], [ 1.041557123133649, 44.502981886480228 ], [ 1.041524815615207, 44.502747652779867 ], [ 1.041486985338381, 44.502207548534379 ], [ 1.041469726722662, 44.501865560677352 ], [ 1.041515497627038, 44.501515324100637 ], [ 1.041799156390095, 44.501203871713095 ], [ 1.042194439049355, 44.500956695991377 ], [ 1.043057483787129, 44.500589116347072 ], [ 1.043618155665986, 44.500253942570573 ], [ 1.044304665851853, 44.499911255721933 ], [ 1.044886112393306, 44.499765201620541 ], [ 1.045730157173215, 44.49967619950786 ], [ 1.046464426811705, 44.499441993191603 ], [ 1.047078207632011, 44.498981509622702 ], [ 1.047738112020064, 44.498701449261105 ], [ 1.048151266416652, 44.498769262971578 ] ] ] } },
{ "type": "Feature", "properties": { "nom": "GR 36" }, "geometry": { "type": "MultiLineString", "coordinates": [ [ [ 1.063096499697437, 44.525818754808562 ], [ 1.063249373857316, 44.52573058496278 ], [ 1.063513598052651, 44.525167005979533 ], [ 1.063466375821231, 44.52503154236188 ], [ 1.06395195742917, 44.524686394432365 ], [ 1.064511523687568, 44.524405062656989 ], [ 1.064931194432259, 44.524194061305103 ], [ 1.065324300235374, 44.524045712011983 ], [ 1.065995350444898, 44.523837618746931 ], [ 1.066311409647648, 44.523760328117056 ], [ 1.066526712317872, 44.523690865176079 ], [ 1.066944948443757, 44.523542801097662 ], [ 1.06726425396423, 44.523321635954048 ], [ 1.067436384023202, 44.522936869835455 ], [ 1.067631822003123, 44.522633322029186 ], [ 1.067988421625193, 44.52243057481288 ], [ 1.068735058124191, 44.522214345406198 ], [ 1.069090636433924, 44.522056554746115 ], [ 1.069596834953328, 44.521909496106055 ], [ 1.069952814537897, 44.521733718834916 ], [ 1.070759442888987, 44.52164408825616 ], [ 1.071302530575848, 44.52153342544883 ], [ 1.071958936226491, 44.521415070507167 ], [ 1.072528774291969, 44.521232755037346 ], [ 1.072833252544518, 44.521110341810356 ], [ 1.073374714271527, 44.521071604294178 ], [ 1.073788064312723, 44.521139321760231 ], [ 1.074125554544846, 44.520666505721408 ], [ 1.074332102971735, 44.520426034925755 ], [ 1.074501348313417, 44.520167146191021 ], [ 1.074840642402713, 44.519613400313744 ], [ 1.075188663780896, 44.519230646037819 ], [ 1.075219450892528, 44.518979159193954 ], [ 1.075389898120212, 44.518666317678736 ], [ 1.075674868123269, 44.51829183202014 ], [ 1.076134778034875, 44.517964326446446 ], [ 1.07689651211006, 44.517631289332684 ], [ 1.077326639661768, 44.51751030682459 ], [ 1.07765360505069, 44.517505063602442 ], [ 1.07766617211328, 44.517505207802436 ], [ 1.07842044401213, 44.51750486471677 ], [ 1.078587850422251, 44.517326897841166 ], [ 1.078776074370368, 44.516780403514865 ], [ 1.079548333657916, 44.516537413418007 ], [ 1.079814666010156, 44.516432532118579 ], [ 1.080428870845864, 44.516511519366269 ], [ 1.080966667259961, 44.516634600309736 ], [ 1.081296036446423, 44.516521443117753 ], [ 1.081064080601558, 44.516212984144687 ] ] ] } },
{ "type": "Feature", "properties": { "nom": "GR 65" }, "geometry": { "type": "MultiLineString", "coordinates": [ [ [ 1.384651369989769, 44.361952541920978 ], [ 1.385788004153492, 44.362196237925829 ], [ 1.38623634356432, 44.362370999059486 ], [ 1.387344894150689, 44.362794297043642 ], [ 1.387992576118439, 44.363042722940129 ], [ 1.388577745123468, 44.363281611541069 ] ] ] } },
{ "type": "Feature", "properties": { "nom": "GR 651" }, "geometry": { "type": "MultiLineString", "coordinates": [ [ [ 1.769714759595449, 44.55344357881048 ], [ 1.76990205355211, 44.553579449487671 ], [ 1.770253216166881, 44.553680191152388 ], [ 1.770252761788117, 44.55372515653044 ], [ 1.770149058067353, 44.554030402546779 ], [ 1.770020380466905, 44.554317530900036 ], [ 1.769890703260441, 44.554703584286884 ], [ 1.769762657988821, 44.554927761022732 ], [ 1.769507292589156, 44.555304171085652 ], [ 1.769086232098376, 44.555895568651763 ], [ 1.769058893138953, 44.556111272262157 ], [ 1.769156878728049, 44.556372592445982 ], [ 1.769053254563009, 44.55666884341057 ], [ 1.768688498040347, 44.556666956616752 ], [ 1.768389452644149, 44.556386608564814 ], [ 1.767839493520872, 44.55604200442724 ], [ 1.767563422299682, 44.555977618165613 ], [ 1.767398635377881, 44.556102673757316 ], [ 1.767559500816479, 44.556364320946408 ], [ 1.767842956712767, 44.556941377664131 ], [ 1.768002552251972, 44.557328928086314 ], [ 1.767901016896926, 44.557418337760289 ], [ 1.767576176920918, 44.557200808533608 ], [ 1.767203035679893, 44.556785168823815 ], [ 1.766929517489761, 44.556468975293249 ], [ 1.766667210084256, 44.556287742223034 ], [ 1.766530039914777, 44.556259334781515 ] ] ] } },
{ "type": "Feature", "properties": { "nom": "GR 46" }, "geometry": { "type": "MultiLineString", "coordinates": [ [ [ 1.556103292564626, 44.479293518916954 ], [ 1.555925825288478, 44.479409170896062 ], [ 1.555496401080942, 44.479576990065418 ], [ 1.555292685779003, 44.479773396147401 ], [ 1.555037101313468, 44.480086346276053 ], [ 1.554971048277324, 44.480319705523108 ], [ 1.55493124148292, 44.480472310653951 ], [ 1.554966546394595, 44.480643438109809 ], [ 1.554976230949755, 44.480850356767363 ], [ 1.555074215533909, 44.481030923728504 ], [ 1.555347925223996, 44.481221736558098 ], [ 1.554385553348054, 44.481772474198785 ], [ 1.553397790749743, 44.482341008520756 ], [ 1.552789722760753, 44.482705399009852 ], [ 1.551638507182037, 44.483281743806209 ], [ 1.551466543937517, 44.483901063830167 ], [ 1.551461393849459, 44.484269759764679 ], [ 1.551569171911696, 44.484648257358018 ], [ 1.551949915554276, 44.485271530665543 ], [ 1.552225506346617, 44.485497275969571 ], [ 1.552425762267409, 44.485775618637327 ] ] ] } },
{ "type": "Feature", "properties": { "nom": "GR 36" }, "geometry": { "type": "MultiLineString", "coordinates": [ [ [ 1.516946913871605, 44.459618087800997 ], [ 1.516768903411699, 44.459769645247199 ], [ 1.516677209871484, 44.460029768609992 ], [ 1.516280631409014, 44.460530433666612 ], [ 1.515567038459415, 44.46038120041144 ], [ 1.514802174707435, 44.460303524722924 ], [ 1.513986825523975, 44.460243452192124 ], [ 1.513373426278519, 44.460112942012216 ], [ 1.512960925760711, 44.459983937425427 ], [ 1.51230867723277, 44.459934070064392 ], [ 1.51165735502947, 44.459821251862159 ], [ 1.511119036740513, 44.459709280782022 ], [ 1.510692402970209, 44.459688082139309 ], [ 1.5099642973637, 44.4596736036859 ], [ 1.508923884636079, 44.459548843208267 ], [ 1.508246534495316, 44.459498762547575 ], [ 1.508033351207237, 44.459479165063613 ], [ 1.507256484609472, 44.459365372422667 ], [ 1.50637864435556, 44.459286783392862 ], [ 1.505839809787656, 44.45921075598222 ], [ 1.504535213307332, 44.459119926013557 ], [ 1.503230488602959, 44.459038072524599 ], [ 1.5025918835536, 44.458916304652533 ], [ 1.501927902383646, 44.458812325992646 ], [ 1.501429016797678, 44.458583692552949 ], [ 1.501167487190496, 44.458437806021202 ], [ 1.500957249284437, 44.458220362329669 ], [ 1.500425386760557, 44.457676703894435 ], [ 1.500164800583597, 44.457467869101372 ], [ 1.499728576394417, 44.457248699545502 ], [ 1.499343646834843, 44.456957972526311 ], [ 1.498817266546507, 44.45689099896726 ], [ 1.498242006739424, 44.45673371607807 ], [ 1.497703074148995, 44.456666640884173 ], [ 1.496938554545005, 44.456570856739823 ], [ 1.496211701988181, 44.456475356026587 ], [ 1.495497272617788, 44.456388939035747 ], [ 1.494395973524734, 44.456274922181201 ], [ 1.493027468542238, 44.456483997680913 ], [ 1.491837576273699, 44.456809388908589 ], [ 1.490773498411771, 44.45752696248752 ], [ 1.49016702959922, 44.458120638262152 ], [ 1.489338679118843, 44.458516032949596 ], [ 1.488852245153645, 44.458867300416323 ], [ 1.488292897690437, 44.459396532453866 ], [ 1.487850997949241, 44.459780945713092 ], [ 1.487482438484895, 44.459971126595271 ], [ 1.487302158161288, 44.460765871679385 ], [ 1.486758522382341, 44.461555628943522 ], [ 1.486338869277502, 44.461956611862291 ], [ 1.486057945351415, 44.46199100194535 ] ] ] } },
{ "type": "Feature", "properties": { "nom": "GR 46" }, "geometry": { "type": "MultiLineString", "coordinates": [ [ [ 1.554659359881594, 44.474049162876604 ], [ 1.554691979299258, 44.474193180186305 ], [ 1.554650173664596, 44.474489665264613 ], [ 1.554785948560354, 44.474661508719734 ], [ 1.555023323516488, 44.474753134522686 ], [ 1.555623295628852, 44.474964255871889 ], [ 1.556136978077601, 44.475057845986022 ], [ 1.556737206725074, 44.475250977242908 ], [ 1.556731967852042, 44.47562866408397 ], [ 1.556754965569076, 44.47578171599806 ], [ 1.557192552345922, 44.475928720888319 ], [ 1.557492236648407, 44.476056757554304 ], [ 1.557841911508447, 44.4762031355991 ], [ 1.557940519778105, 44.476338737677061 ], [ 1.558114237238711, 44.476492858943658 ], [ 1.55840720317198, 44.477106491008165 ], [ 1.558254618242298, 44.47724031052595 ], [ 1.557964870891694, 44.477301208080824 ], [ 1.557511844013554, 44.477360946047256 ], [ 1.557010199296527, 44.477303421812671 ], [ 1.556933467478314, 44.477401804553338 ], [ 1.556664470745899, 44.477777617286847 ], [ 1.556433773484914, 44.478108733782527 ], [ 1.556367229906952, 44.478378064536273 ], [ 1.556245700478935, 44.478988754741742 ], [ 1.556103292564626, 44.479293518916954 ] ] ] } },
{ "type": "Feature", "properties": { "nom": "GR 36" }, "geometry": { "type": "MultiLineString", "coordinates": [ [ [ 1.530948157022891, 44.460495261593451 ], [ 1.530396722586524, 44.460419262483086 ], [ 1.529907682897206, 44.460370699991714 ], [ 1.52957073607618, 44.460224326267372 ], [ 1.529385106715552, 44.460034099727196 ], [ 1.529025504895338, 44.459716683029427 ], [ 1.528677428849215, 44.459471298016759 ], [ 1.528179979653572, 44.459134876963034 ], [ 1.527782206232864, 44.458853149845112 ], [ 1.52758286794579, 44.45874375841187 ], [ 1.52716982548039, 44.458650777460136 ], [ 1.526456617499585, 44.458474637241487 ], [ 1.525780301717332, 44.458352725305119 ], [ 1.525277429766915, 44.458393972888821 ], [ 1.524788801505105, 44.458318410159471 ], [ 1.524174099705837, 44.45827788483566 ], [ 1.52362087610371, 44.458327746048774 ], [ 1.522992449102792, 44.458368052532165 ], [ 1.522502131105618, 44.458409380959047 ], [ 1.521837337451447, 44.458359477361391 ], [ 1.521531442427609, 44.458671973286378 ], [ 1.521311870620975, 44.459093030942995 ], [ 1.521081563486148, 44.459388101250788 ], [ 1.520813064929612, 44.459718860300676 ], [ 1.520757493742744, 44.460087175917884 ], [ 1.520905164108946, 44.460295122335012 ], [ 1.520863583022967, 44.4605646151944 ], [ 1.520499588696096, 44.460552914189634 ], [ 1.520307984157215, 44.460776323563962 ], [ 1.520069157045876, 44.460792532150087 ], [ 1.519493014369941, 44.460689314153726 ], [ 1.51902974833531, 44.460595927962864 ], [ 1.518819564926474, 44.460369526212801 ], [ 1.51838245966483, 44.460204384425943 ], [ 1.518043448616516, 44.460201855268281 ], [ 1.517544878589852, 44.459946317948891 ], [ 1.516946913871605, 44.459618087800997 ] ] ] } },
{ "type": "Feature", "properties": { "nom": "GR 36" }, "geometry": { "type": "MultiLineString", "coordinates": [ [ [ 1.552981662750603, 44.464432118482087 ], [ 1.552630945714393, 44.464366658119332 ], [ 1.552417101833352, 44.464392109926337 ], [ 1.552066762220502, 44.464299670929329 ], [ 1.551868235711804, 44.464127376583349 ], [ 1.551783978085328, 44.463865965122991 ], [ 1.551539370443121, 44.463396558803716 ], [ 1.551169326155119, 44.462917259972933 ], [ 1.550970682401471, 44.462753956098759 ], [ 1.550758853249825, 44.46263552498668 ], [ 1.550074281716679, 44.462198935440966 ], [ 1.54983960932106, 44.461918457335692 ], [ 1.549817767479851, 44.461684472683466 ], [ 1.54987101311702, 44.461469013728916 ], [ 1.549911072722001, 44.461298426866051 ], [ 1.550204142139834, 44.460994754317824 ], [ 1.550410321147779, 44.460618510041478 ], [ 1.550538899464326, 44.46040359126853 ], [ 1.550556357600958, 44.460052974377462 ], [ 1.550548829993837, 44.459693185774448 ], [ 1.550904918106576, 44.459371975822869 ], [ 1.551437913522451, 44.458971091862587 ], [ 1.551930974616632, 44.458731799934554 ], [ 1.552287801602394, 44.458356631213633 ], [ 1.552543177250014, 44.45805268236856 ], [ 1.553331640035892, 44.457338848162124 ], [ 1.554116830202405, 44.456858811925414 ], [ 1.554760650203714, 44.456611589522986 ] ] ] } },
{ "type": "Feature", "properties": { "nom": "GR 6" }, "geometry": { "type": "MultiLineString", "coordinates": [ [ [ 1.880844247259051, 44.721615005308749 ], [ 1.880792175832292, 44.721812660979609 ], [ 1.880574421411199, 44.722216496825553 ], [ 1.880472034633772, 44.722395955749562 ], [ 1.880318232284997, 44.722692125839245 ], [ 1.880102231962363, 44.722880107710061 ], [ 1.879785970046724, 44.722986725613808 ], [ 1.879153292831637, 44.723217946911312 ], [ 1.878811279444373, 44.723387413992334 ], [ 1.87831633307111, 44.723745121769987 ], [ 1.877960962477333, 44.724004472522665 ], [ 1.87788431079571, 44.724121077450278 ], [ 1.878259683284689, 44.724500396817746 ], [ 1.878371456744396, 44.72471672202353 ], [ 1.878433504303879, 44.724842899326084 ], [ 1.878520341870813, 44.725023144605501 ], [ 1.878505370123134, 44.725310896013092 ], [ 1.878577752581375, 44.72571593482769 ], [ 1.878740066546926, 44.725923476752776 ], [ 1.878939347935311, 44.726239102270213 ], [ 1.879201490854151, 44.726581970911738 ], [ 1.879325446900967, 44.726852311163263 ], [ 1.879322800891207, 44.727176091371867 ], [ 1.879269689626296, 44.727499661715868 ], [ 1.879128630970005, 44.727777895387014 ], [ 1.878937399871903, 44.72801994326587 ], [ 1.878658734118898, 44.728153697597278 ], [ 1.878051890242129, 44.728304072811625 ], [ 1.877698480903006, 44.728320588111394 ], [ 1.877546123063067, 44.728436877909516 ], [ 1.877353405732958, 44.728858801085963 ], [ 1.877008915792338, 44.729325061892268 ], [ 1.876688692662535, 44.729908347303898 ], [ 1.876330093034827, 44.73055443102114 ], [ 1.876175951390279, 44.7308865727572 ], [ 1.87595805524207, 44.731299394081823 ], [ 1.875460721966791, 44.731935901021906 ], [ 1.874669983735429, 44.732957926470021 ], [ 1.874198600282908, 44.733504594551064 ], [ 1.874033008785222, 44.733692777528766 ], [ 1.87397948924421, 44.734061315887075 ], [ 1.873987868376426, 44.73457402187956 ], [ 1.874199623148114, 44.734907697817363 ], [ 1.874261374907639, 44.735069852682841 ], [ 1.87444938175335, 44.735223544629839 ], [ 1.874725197250514, 44.735440563138496 ], [ 1.874963087102353, 44.735666416679763 ] ] ] } },
{ "type": "Feature", "properties": { "nom": "GR 46" }, "geometry": { "type": "MultiLineString", "coordinates": [ [ [ 1.558595202408625, 44.519108814944943 ], [ 1.558333937137516, 44.519600387613821 ], [ 1.558212092654444, 44.520229076055038 ], [ 1.558083158406391, 44.520461995507475 ], [ 1.557714279884514, 44.520774155303378 ], [ 1.557370161880343, 44.521113470587167 ], [ 1.55715236170563, 44.521408713677857 ], [ 1.557173882530793, 44.52166968129054 ], [ 1.557090478359495, 44.522244680982325 ], [ 1.556957666190637, 44.522756374961766 ], [ 1.556887576836089, 44.523277507505838 ], [ 1.556794468776603, 44.523645584183221 ], [ 1.556863025265914, 44.524140720913103 ], [ 1.557139164553534, 44.525078019799764 ], [ 1.557209971478186, 44.525411287614723 ], [ 1.557255638203744, 44.525744376244617 ], [ 1.557288983461837, 44.526059389951442 ], [ 1.557371115326562, 44.526482674141484 ], [ 1.557328288188805, 44.526851110077835 ], [ 1.557060181075395, 44.527145996224156 ], [ 1.556691877418059, 44.527413189630941 ], [ 1.556173841282322, 44.527598375241148 ], [ 1.555796084525553, 44.527640657658459 ], [ 1.555518770587257, 44.527692646706811 ], [ 1.554990034262971, 44.527742845461411 ], [ 1.554787144870344, 44.527867311406297 ], [ 1.554445471159902, 44.528026764107857 ], [ 1.554367665355355, 44.528197088634634 ], [ 1.554314249500788, 44.528421549053682 ], [ 1.55433751356161, 44.528556620465082 ], [ 1.554474920765458, 44.528620554302201 ], [ 1.554889897888929, 44.52861451671113 ], [ 1.555349158213329, 44.529040487400692 ], [ 1.555834317251808, 44.529412678747782 ], [ 1.556106391246595, 44.529738385282002 ], [ 1.556139107817224, 44.530098363753964 ], [ 1.555985748341832, 44.530277147028116 ], [ 1.555895122190695, 44.530465369325938 ], [ 1.555655663816932, 44.530725706490145 ], [ 1.555827888235015, 44.530779668736798 ], [ 1.556353280345045, 44.530972270828769 ], [ 1.556875429144953, 44.531398683148936 ], [ 1.557673422365977, 44.531881011579891 ], [ 1.558259074337075, 44.532262899517249 ], [ 1.558652911800644, 44.532877259525748 ], [ 1.558584070958247, 44.533308468318317 ], [ 1.558377058152203, 44.533729703537894 ], [ 1.558170040999805, 44.534150938426741 ], [ 1.55802638314332, 44.534536647943646 ], [ 1.557831310272818, 44.535002935847857 ], [ 1.557546852353588, 44.535567519551087 ], [ 1.557544107606932, 44.535765360977507 ], [ 1.557566633650858, 44.535954388386514 ], [ 1.557800780811948, 44.536297809269264 ], [ 1.557598241241093, 44.536395303136644 ], [ 1.557218180604483, 44.536599461227141 ], [ 1.556989493070589, 44.536768717384795 ], [ 1.556848193008083, 44.536983562853834 ], [ 1.556781080668733, 44.537288871422646 ], [ 1.556738741650122, 44.537621337031048 ] ] ] } },
{ "type": "Feature", "properties": { "nom": "GR 651" }, "geometry": { "type": "MultiLineString", "coordinates": [ [ [ 1.760447625389021, 44.551956346026358 ], [ 1.760133113194422, 44.551963687500439 ], [ 1.759570949593584, 44.551591996975063 ], [ 1.758943317780827, 44.55147177904437 ], [ 1.758177161117823, 44.551368814227025 ], [ 1.757814477957019, 44.55116904351253 ], [ 1.757500342164335, 44.551140405630974 ], [ 1.757199431662714, 44.551048881551615 ], [ 1.756623046999122, 44.550838985402045 ], [ 1.75586892195528, 44.550790028381797 ], [ 1.755455292987929, 44.550652935940327 ], [ 1.754688501864278, 44.550612898152295 ], [ 1.75423649508531, 44.550538551903855 ], [ 1.753507527482437, 44.550489712169465 ] ] ] } },
{ "type": "Feature", "properties": { "nom": "GR 651" }, "geometry": { "type": "MultiLineString", "coordinates": [ [ [ 1.662494081924968, 44.52366221068614 ], [ 1.662766150025259, 44.522989368036214 ], [ 1.662433663389018, 44.522411739874698 ], [ 1.662048420163557, 44.522040637984418 ], [ 1.661751927468031, 44.521607126177067 ], [ 1.661165901678159, 44.521207805573852 ], [ 1.661463114081136, 44.520535121462729 ], [ 1.661683713531655, 44.519960894079517 ], [ 1.661399479786937, 44.519554437239769 ] ] ] } },
{ "type": "Feature", "properties": { "nom": "GR 36" }, "geometry": { "type": "MultiLineString", "coordinates": [ [ [ 1.54914842180501, 44.454781759790244 ], [ 1.548858023706858, 44.454896587158245 ], [ 1.548467437786549, 44.454992707888202 ], [ 1.548140508441233, 44.455026331447101 ], [ 1.547877234355072, 44.454997458365341 ], [ 1.546826216582744, 44.455628422886861 ], [ 1.546090190628355, 44.456180707735008 ], [ 1.54575831959679, 44.45656502977959 ], [ 1.545312688336571, 44.457002489449245 ], [ 1.545402725329761, 44.456850252229714 ], [ 1.544852974478627, 44.457547766927604 ], [ 1.544394392222035, 44.458012110601203 ], [ 1.544140241009352, 44.458226114798897 ], [ 1.544185901176101, 44.458550206358602 ], [ 1.544395673325974, 44.458812529167979 ], [ 1.544123766566495, 44.459395133951901 ], [ 1.543916915384371, 44.459816327822288 ], [ 1.543712470072544, 44.460066665245748 ], [ 1.543236988619071, 44.460836657108153 ] ] ] } },
{ "type": "Feature", "properties": { "nom": "GR 6" }, "geometry": { "type": "MultiLineString", "coordinates": [ [ [ 1.693459601900811, 44.781455162213362 ], [ 1.692824669594598, 44.781757270035826 ], [ 1.692280096115809, 44.781889006058968 ], [ 1.692154849911971, 44.781798327690375 ], [ 1.691156587547072, 44.781846453442441 ], [ 1.690575787762052, 44.781834056276352 ], [ 1.690285231787156, 44.781841347309573 ], [ 1.689968170982434, 44.781956417381309 ], [ 1.689864231864759, 44.782207654638313 ], [ 1.689620962142305, 44.782494053124502 ], [ 1.689274474564737, 44.782968729768967 ], [ 1.688878612712085, 44.783344175879165 ], [ 1.688471159875442, 44.783629606327906 ], [ 1.68823079698183, 44.78366417125892 ], [ 1.687866127287031, 44.783527106882616 ], [ 1.687008524227277, 44.783423115057701 ], [ 1.686867413989809, 44.783611169734378 ], [ 1.686865637528079, 44.783764066560536 ], [ 1.686797685418628, 44.78417741570771 ], [ 1.686732242440299, 44.784374910810335 ], [ 1.686793505198697, 44.784537174299217 ], [ 1.686206192846433, 44.785082378686234 ], [ 1.685760301862707, 44.785412545296595 ], [ 1.68550499600444, 44.785644897001788 ], [ 1.685212010278337, 44.785859035651512 ], [ 1.684589506785318, 44.786170165030612 ], [ 1.683979835892549, 44.786463377827872 ], [ 1.683701674832075, 44.786488714193901 ], [ 1.683068733497838, 44.786610887261162 ], [ 1.68241147854326, 44.786651961400054 ], [ 1.681880832044572, 44.786666799798674 ], [ 1.681184316026408, 44.786824562523648 ], [ 1.680766805828563, 44.786885042110612 ], [ 1.680438861438639, 44.786847111787722 ], [ 1.679390193165205, 44.786876841967022 ], [ 1.678565361834475, 44.787204720886137 ], [ 1.677983874175342, 44.78724622081112 ], [ 1.677240215485337, 44.787115850807055 ], [ 1.676367716638807, 44.787200574016268 ], [ 1.675770620282642, 44.787493817805583 ], [ 1.675288036248058, 44.787715788101302 ], [ 1.674996703978264, 44.787785996303029 ], [ 1.674478674731205, 44.787800875482127 ], [ 1.673948441457634, 44.787779699347539 ], [ 1.673822037691195, 44.787787933842566 ], [ 1.67366930952227, 44.787885956042331 ], [ 1.673427531409902, 44.788037410078154 ], [ 1.673435574945116, 44.788424225641869 ], [ 1.673433441307188, 44.788604104931515 ], [ 1.673330589637417, 44.788756394355531 ] ] ] } },
{ "type": "Feature", "properties": { "nom": "GR 652" }, "geometry": { "type": "MultiLineString", "coordinates": [ [ [ 1.212267921034541, 44.635389085848324 ], [ 1.212164459899537, 44.635522947567665 ], [ 1.212024837052669, 44.63557548777068 ], [ 1.211808564294774, 44.635681211502543 ], [ 1.211568365078144, 44.635723728304505 ], [ 1.211238738164659, 44.635828291907451 ], [ 1.210832098820183, 44.636004022759082 ], [ 1.210487888794337, 44.63620737494044 ], [ 1.210106614244491, 44.636374369192225 ], [ 1.209814766335093, 44.63647931510458 ], [ 1.20942161539484, 44.636610206565429 ], [ 1.208953980090605, 44.63668636553043 ], [ 1.208373350015602, 44.636743374249654 ], [ 1.207894020512808, 44.636774435977003 ], [ 1.207476217662738, 44.636878083557001 ], [ 1.206828080681501, 44.637159255712817 ], [ 1.206270097299579, 44.637342411375741 ], [ 1.205826551866333, 44.637472771782022 ], [ 1.205435743186448, 44.637486743245283 ], [ 1.204706139811726, 44.637434266455536 ], [ 1.204240305556962, 44.637420477836422 ], [ 1.203760969281694, 44.637451521678699 ] ] ] } },
{ "type": "Feature", "properties": { "nom": "GR 64" }, "geometry": { "type": "MultiLineString", "coordinates": [ [ [ 1.480162562767273, 44.755151762433115 ], [ 1.479361451333039, 44.755532303731137 ], [ 1.478620682313702, 44.75609320325659 ], [ 1.478313885574448, 44.756342665356343 ], [ 1.477938592898048, 44.75694238554825 ], [ 1.477495152065702, 44.75704686537081 ], [ 1.476874027457247, 44.757212919480047 ], [ 1.476431549495427, 44.757254440047603 ], [ 1.47579890315706, 44.757348440496393 ], [ 1.47439780632938, 44.757337486016041 ], [ 1.473708979938426, 44.756981300684295 ], [ 1.472483373275795, 44.756234129650267 ], [ 1.471085264739633, 44.7552157498599 ], [ 1.471479327227674, 44.755038950437516 ], [ 1.471773247364312, 44.754807396561297 ], [ 1.471829155543722, 44.75445704149319 ], [ 1.471898796431488, 44.7540348379734 ], [ 1.472003661399228, 44.753783809439639 ], [ 1.472131685149349, 44.753667883003324 ], [ 1.47213793738702, 44.753263171443614 ], [ 1.472141828064562, 44.753011350192196 ], [ 1.472154033050447, 44.753038430023075 ], [ 1.470956936489733, 44.75290310554864 ], [ 1.470755828282848, 44.752847556954634 ], [ 1.47074529391914, 44.752712553996496 ], [ 1.470745433505045, 44.752703560196217 ], [ 1.470836565467738, 44.752524382951151 ], [ 1.470300946701058, 44.752061442873675 ], [ 1.469713876431351, 44.751661059490019 ], [ 1.469776426193127, 44.751697529880246 ], [ 1.469113290738866, 44.752133050126936 ], [ 1.468831996496352, 44.752364697330549 ], [ 1.468176382637097, 44.752314558400286 ], [ 1.467318970591687, 44.752253827999105 ], [ 1.466637977211251, 44.752212474069204 ], [ 1.465514959729048, 44.752185611484464 ], [ 1.464909698001376, 44.752144845467598 ], [ 1.464672695119103, 44.7519630767992 ], [ 1.464547463703618, 44.751899122240083 ], [ 1.463922152313728, 44.75152538818071 ], [ 1.463062383900969, 44.750807993974227 ], [ 1.462653335120166, 44.750328031114314 ] ] ] } },
{ "type": "Feature", "properties": { "nom": "GR 46" }, "geometry": { "type": "MultiLineString", "coordinates": [ [ [ 1.608573794929928, 44.788111552945594 ], [ 1.608599194660712, 44.788119656142307 ], [ 1.608643485955499, 44.788141330350392 ], [ 1.608919699054633, 44.788269078901358 ], [ 1.609119434743152, 44.788450290883716 ], [ 1.609430849615214, 44.788785146803427 ], [ 1.609625560887708, 44.789353094407488 ], [ 1.609759813019821, 44.789713766006479 ], [ 1.61005802646248, 44.790093507130408 ], [ 1.610155677940063, 44.79035499620781 ], [ 1.610278942064535, 44.790589669213439 ], [ 1.610535534353562, 44.791256964762461 ], [ 1.610854702707981, 44.791969644276094 ], [ 1.610951194944918, 44.792321071958007 ], [ 1.611107106886177, 44.792960719002423 ], [ 1.611165009699922, 44.793365859860018 ], [ 1.611045263888902, 44.793832795326047 ], [ 1.610965976906529, 44.794102113746739 ], [ 1.610926333130552, 44.794236772945062 ], [ 1.611047857941753, 44.794606354194194 ], [ 1.611159087284253, 44.794795974374949 ], [ 1.61109348101963, 44.794984430431434 ], [ 1.61107781530351, 44.79521818908875 ], [ 1.610959814848051, 44.795550215900803 ], [ 1.611034552823806, 44.795631660156836 ], [ 1.611438522905836, 44.795652306494645 ], [ 1.611741909029995, 44.795636312272819 ], [ 1.612009847731693, 44.795431196321381 ], [ 1.612481515245222, 44.795101491974584 ], [ 1.612749798360019, 44.794869391969996 ], [ 1.613029779017368, 44.794709325605695 ], [ 1.613422973999095, 44.794585980326872 ], [ 1.614117220142619, 44.794626510474096 ], [ 1.614746222094669, 44.794828513075188 ], [ 1.615185527342799, 44.795047260728438 ], [ 1.61447829496152, 44.795033636480284 ], [ 1.614652228814964, 44.795259642347759 ], [ 1.615002422836369, 44.795531774780656 ], [ 1.615265244162903, 44.795722382678726 ], [ 1.6156667812087, 44.795931886286425 ], [ 1.616079677155277, 44.796240404767282 ], [ 1.616328946254479, 44.796502879258682 ], [ 1.616071679366233, 44.796860984930802 ] ] ] } },
{ "type": "Feature", "properties": { "nom": "GR 65" }, "geometry": { "type": "MultiLineString", "coordinates": [ [ [ 1.504264557095528, 44.386632334484013 ], [ 1.502550653509922, 44.387194856909368 ], [ 1.502907778993765, 44.387638235740155 ], [ 1.503351490871421, 44.388163209963196 ], [ 1.503681685546292, 44.388732283963051 ], [ 1.503979319904364, 44.3889593732764 ], [ 1.504301639354559, 44.389213628831548 ], [ 1.504513358231221, 44.389314161076115 ], [ 1.505325870324763, 44.390345540393838 ], [ 1.505483186211653, 44.390733436211875 ], [ 1.505677063949767, 44.391193554914501 ], [ 1.50568761317382, 44.391328531140545 ], [ 1.505339323701201, 44.39198238462653 ], [ 1.505009013123172, 44.392267657691526 ], [ 1.504765820792826, 44.392598556080721 ], [ 1.50457159336549, 44.393010763784034 ], [ 1.504475831247822, 44.393549622619325 ], [ 1.5043931387515, 44.394052608728416 ], [ 1.504197973758049, 44.394527760261219 ], [ 1.504128750630104, 44.394967896926133 ] ] ] } },
{ "type": "Feature", "properties": { "nom": "GR 6" }, "geometry": { "type": "MultiLineString", "coordinates": [ [ [ 1.662045264346814, 44.79658518815971 ], [ 1.66169943310466, 44.796978835233624 ], [ 1.66158292365373, 44.797211982997617 ], [ 1.661388885115743, 44.797588569873206 ], [ 1.661306901828898, 44.798100761555659 ], [ 1.661325865183724, 44.798622566817549 ], [ 1.661383811892364, 44.799054664670201 ], [ 1.661277648422576, 44.799476763023243 ], [ 1.660997454910418, 44.799663933923483 ], [ 1.660846410586328, 44.799618034878065 ], [ 1.660239515080503, 44.799659287178066 ], [ 1.659582089685738, 44.799700225257808 ], [ 1.659099227395768, 44.799931120172054 ], [ 1.658843635840479, 44.800172404881259 ], [ 1.658639771451269, 44.800315066343501 ], [ 1.658183801116393, 44.800411202725655 ], [ 1.657704094459168, 44.800381266198634 ], [ 1.657074437827568, 44.800215482649911 ], [ 1.656561212816241, 44.799825548017346 ], [ 1.656452117511146, 44.79944710018011 ], [ 1.656457260385084, 44.799024382727723 ], [ 1.656322792663343, 44.798654773290124 ], [ 1.655984026021165, 44.798463794175284 ], [ 1.655640988637818, 44.798623579873663 ], [ 1.655322774620158, 44.798819496226727 ], [ 1.654919643783135, 44.79872705827605 ], [ 1.654290124204646, 44.798552265762432 ], [ 1.654000685003133, 44.798460527824936 ], [ 1.653722449852191, 44.798485788168648 ], [ 1.65332799777875, 44.798717205462694 ], [ 1.653035700598673, 44.798859308565874 ], [ 1.652768005834483, 44.799055530601564 ], [ 1.652573240781142, 44.799486065421391 ], [ 1.65247020080588, 44.799647330190091 ], [ 1.652215683703819, 44.79979865982191 ], [ 1.651557699507907, 44.79988452022463 ], [ 1.651243323961787, 44.799765635738112 ], [ 1.6509047870921, 44.799556653606714 ], [ 1.650502872258784, 44.799365265663766 ], [ 1.650263080876879, 44.799345783529603 ], [ 1.650122800481706, 44.79945284592781 ], [ 1.649995263093561, 44.79955099305343 ], [ 1.649603219412429, 44.799584530255885 ], [ 1.649248742002929, 44.799645283254257 ], [ 1.648881741199009, 44.799696962683143 ], [ 1.648475624433657, 44.799847338040848 ], [ 1.64810840022918, 44.799917002325309 ], [ 1.647882125728485, 44.799825642861393 ], [ 1.647365751394444, 44.799696490757498 ], [ 1.646319934699688, 44.799474076511459 ], [ 1.645662945692498, 44.799478955468757 ], [ 1.645183698294703, 44.799412989091316 ], [ 1.644502670776729, 44.799318769044724 ], [ 1.643973565692727, 44.799198516551485 ], [ 1.643467162868973, 44.799285280215479 ], [ 1.643101051028042, 44.799264989118669 ], [ 1.642371844755174, 44.798981564967328 ], [ 1.64204664913838, 44.798718671808999 ], [ 1.642113720355739, 44.798404281003414 ], [ 1.642385470726104, 44.797884302797243 ], [ 1.64246773831936, 44.797363130120225 ], [ 1.642332809122084, 44.797038473745708 ], [ 1.642539717462134, 44.796653006059323 ], [ 1.642884788682403, 44.796331370100518 ], [ 1.642965599144285, 44.795927119311479 ], [ 1.642866444599779, 44.795773586470631 ], [ 1.642491186389234, 44.795474401617902 ], [ 1.641890022191306, 44.795056860687474 ], [ 1.641071899381624, 44.794817841946404 ], [ 1.640289996840586, 44.794713965104108 ], [ 1.639693528851431, 44.794935062279485 ], [ 1.639020594221279, 44.795209641088995 ], [ 1.63780495530832, 44.795444798191618 ], [ 1.637348315715983, 44.795594811756189 ], [ 1.636382473869009, 44.79605640431933 ], [ 1.636175073896399, 44.796477835153951 ], [ 1.636080455801289, 44.796971940877064 ], [ 1.636102676121828, 44.797214937436536 ], [ 1.636263734497909, 44.797467811349883 ], [ 1.636321486131414, 44.797899922091091 ], [ 1.636214459888037, 44.798375959282303 ], [ 1.636084420670308, 44.798671956905416 ], [ 1.635777305341121, 44.79898481892107 ], [ 1.63557474037654, 44.799019509154057 ], [ 1.63546014849387, 44.799090737810658 ], [ 1.634838350178299, 44.799311648688459 ], [ 1.634216998625954, 44.799496580436376 ], [ 1.633875475928382, 44.799530382712121 ], [ 1.633445412896165, 44.799572614283399 ], [ 1.632863762861972, 44.799613876838734 ], [ 1.63263490963868, 44.799729346951878 ], [ 1.632431885972554, 44.799800007994811 ], [ 1.632166833904016, 44.799780325530463 ], [ 1.631901102309847, 44.79981460636408 ], [ 1.631404925350842, 44.800090268475699 ], [ 1.630795845537718, 44.800302243781196 ], [ 1.630593499707479, 44.800318938453614 ], [ 1.630124053121692, 44.800477835374693 ], [ 1.629693070896904, 44.80059200462135 ], [ 1.629135875054281, 44.800696366608257 ], [ 1.628857162568343, 44.800757541141792 ], [ 1.62833786188622, 44.800862142587931 ], [ 1.62761700734857, 44.80092047277865 ], [ 1.626946567847845, 44.800988117321815 ], [ 1.626300477648561, 44.801127872589966 ], [ 1.625843074391942, 44.801331802975632 ], [ 1.625205718411574, 44.801777428023769 ], [ 1.624874174780312, 44.802018145116229 ], [ 1.624644034506192, 44.802232532534617 ], [ 1.624541941504179, 44.80231282516867 ], [ 1.624402177808243, 44.802374885348442 ], [ 1.624021241283196, 44.802525334296284 ], [ 1.623591492444258, 44.802540545290007 ], [ 1.62332654585009, 44.802511847549681 ], [ 1.623024158917821, 44.802446928970674 ], [ 1.622886690408032, 44.802329107226484 ] ] ] } },
{ "type": "Feature", "properties": { "nom": "GR 6" }, "geometry": { "type": "MultiLineString", "coordinates": [ [ [ 1.662045264346814, 44.79658518815971 ], [ 1.662366153029879, 44.796164403217553 ], [ 1.662826199567521, 44.795726479006554 ], [ 1.663296811830648, 44.795459514935445 ], [ 1.663415258727988, 44.795064475204526 ], [ 1.663695745216528, 44.794850316014447 ], [ 1.663924947374835, 44.794698806287123 ], [ 1.664015205224663, 44.794546448744718 ], [ 1.664232581711707, 44.794435322319345 ], [ 1.664600347263395, 44.794208221208649 ], [ 1.665475240408733, 44.793934717672201 ], [ 1.666133672064257, 44.793803804994035 ], [ 1.666776883535185, 44.793888666479951 ], [ 1.667304480867972, 44.79413472545 ], [ 1.667593274115621, 44.794280392573931 ], [ 1.667972530585076, 44.794255708988764 ], [ 1.668504649429208, 44.794124015769484 ], [ 1.66884944858008, 44.79381129346212 ], [ 1.669244122335537, 44.793552839759847 ], [ 1.669781380262289, 44.792989430007935 ], [ 1.670064405391279, 44.79255939966972 ], [ 1.670131419103053, 44.792235999336356 ], [ 1.670246488128812, 44.792119765154276 ], [ 1.670224014512402, 44.791885769124228 ], [ 1.670099745404535, 44.791714119957717 ], [ 1.670165470889625, 44.791498646793869 ], [ 1.670406842956915, 44.7913831762814 ], [ 1.670573289077491, 44.791195295470409 ], [ 1.670436925950208, 44.790978600173979 ], [ 1.669894355794424, 44.790930347267683 ], [ 1.669577738874961, 44.791000388642047 ], [ 1.669160935717178, 44.790997866461367 ], [ 1.669075099546897, 44.790781476039513 ], [ 1.669090736291639, 44.790529721295549 ], [ 1.669550469860135, 44.790109758322878 ], [ 1.670145803024924, 44.789969445532378 ], [ 1.670689542427436, 44.789918763382389 ], [ 1.671221185969632, 44.78982303300878 ], [ 1.671587459014205, 44.789825243800678 ], [ 1.672068258873405, 44.789756186350871 ], [ 1.673003634829247, 44.789698858792555 ] ] ] } },
{ "type": "Feature", "properties": { "nom": "GR 652" }, "geometry": { "type": "MultiLineString", "coordinates": [ [ [ 1.80570055884411, 44.871189852490474 ], [ 1.805585094665959, 44.871360198017996 ], [ 1.805457152130441, 44.871512493982138 ], [ 1.805480908673833, 44.8716745150683 ], [ 1.805452443089341, 44.872007185534045 ], [ 1.805374837360083, 44.872186708509417 ], [ 1.805144844076204, 44.872428461088383 ], [ 1.804801693452955, 44.872597709863697 ], [ 1.804714865667562, 44.872417395167787 ], [ 1.804793587768299, 44.872120945843278 ], [ 1.804668127673399, 44.872012403829451 ], [ 1.804441820555591, 44.87186739565135 ], [ 1.804328409352415, 44.87182187535192 ], [ 1.804177309591979, 44.871749187870662 ], [ 1.804164747095655, 44.871740132783749 ] ] ] } },
{ "type": "Feature", "properties": { "nom": "GR 6 B" }, "geometry": { "type": "MultiLineString", "coordinates": [ [ [ 1.67098096336281, 44.800453225690227 ], [ 1.670386162779436, 44.800539579273931 ], [ 1.669981385044564, 44.800582105982379 ], [ 1.669792004962487, 44.800571966413443 ], [ 1.669564618727628, 44.800570591139731 ], [ 1.669374916262842, 44.800587432486104 ], [ 1.669273103487685, 44.800649778765788 ], [ 1.669059101769601, 44.800585520967552 ], [ 1.668121496425092, 44.800813701211609 ], [ 1.667134107396399, 44.800978608653494 ], [ 1.666387165035228, 44.801108990069828 ], [ 1.665931417185039, 44.801187170875863 ] ] ] } },
{ "type": "Feature", "properties": { "nom": "GR 36" }, "geometry": { "type": "MultiLineString", "coordinates": [ [ [ 1.450090795378186, 44.443729115214886 ], [ 1.449036023800572, 44.442991341010107 ], [ 1.448266604113682, 44.442427520856818 ], [ 1.447808151416304, 44.442046083486602 ], [ 1.44755039142728, 44.441675265102162 ], [ 1.44604074638652, 44.441087439613312 ], [ 1.445180672205921, 44.44070272938653 ], [ 1.444820670452669, 44.440447987751966 ], [ 1.444697580421499, 44.440294098511743 ], [ 1.444787293537711, 44.440177914453351 ], [ 1.445027051559865, 44.440098923201226 ], [ 1.444902963833677, 44.440007980982081 ], [ 1.444201943715738, 44.439885364019759 ], [ 1.443273148354535, 44.439877801903513 ], [ 1.443082879163245, 44.440002159359111 ], [ 1.443205822255335, 44.440165042146269 ], [ 1.442891943760815, 44.440498149029871 ] ] ] } },
{ "type": "Feature", "properties": { "nom": "GR 36" }, "geometry": { "type": "MultiLineString", "coordinates": [ [ [ 1.648046355350385, 44.399870059542053 ], [ 1.647617039893234, 44.400101175945807 ], [ 1.647250435621545, 44.400332685631007 ], [ 1.646708559276575, 44.400536110745918 ], [ 1.646217843116916, 44.400658919216035 ], [ 1.645738784849524, 44.400853743236596 ], [ 1.645283261753586, 44.401174615294536 ], [ 1.645144736908241, 44.401218705437145 ], [ 1.644736395988732, 44.401782683809238 ], [ 1.644328821109744, 44.402283715291183 ] ] ] } },
{ "type": "Feature", "properties": { "nom": "GR 652" }, "geometry": { "type": "MultiLineString", "coordinates": [ [ [ 1.75436068473296, 44.859930284241848 ], [ 1.755423518126712, 44.859881918049368 ], [ 1.756169635676554, 44.859885844754203 ], [ 1.756853085071084, 44.859835468201631 ], [ 1.757752447540861, 44.859696273065573 ], [ 1.758498003997563, 44.859754149822422 ], [ 1.759293774840148, 44.859848263925777 ], [ 1.760101637339454, 44.859996404553051 ], [ 1.760480463274129, 44.860052351314224 ], [ 1.761020258838801, 44.860441944419257 ], [ 1.761637422689492, 44.860688021942451 ], [ 1.762845824626001, 44.861242993637831 ], [ 1.763424787802338, 44.861515846915815 ], [ 1.763676608517879, 44.861625091703203 ], [ 1.764356568853877, 44.861916453307138 ], [ 1.765113335066362, 44.862118261031895 ], [ 1.766020763790483, 44.862428779882414 ], [ 1.766411432653584, 44.862565721424772 ], [ 1.767156211000197, 44.862704489239178 ], [ 1.767914463984258, 44.862762367619801 ], [ 1.768368739375553, 44.862863650745567 ], [ 1.76872092715411, 44.863054354183888 ], [ 1.768884238691387, 44.863163132120597 ], [ 1.769200043850915, 44.863200735436948 ], [ 1.769414126318627, 44.863291784655281 ], [ 1.769829646309497, 44.863473815561662 ], [ 1.770144357312893, 44.8636193478347 ], [ 1.770371272507731, 44.863692470772961 ], [ 1.770396566721112, 44.863692600547132 ], [ 1.77099179404245, 44.863614699753363 ], [ 1.771929305144799, 44.863457594693926 ], [ 1.772751353683268, 44.86346179820675 ], [ 1.7734351934361, 44.863375341678754 ], [ 1.774462036064539, 44.863137718208662 ], [ 1.775171526298493, 44.863015402924759 ], [ 1.775727984959833, 44.863018232482219 ], [ 1.776133315487605, 44.862957328297128 ], [ 1.776589140732986, 44.862905673803049 ], [ 1.776931325728163, 44.862835450886649 ], [ 1.777501330552079, 44.862748392466585 ], [ 1.778235022028842, 44.862734117455346 ], [ 1.778704120346033, 44.862619558420384 ], [ 1.779532431112049, 44.86326237287247 ], [ 1.780208726490091, 44.863931399564329 ], [ 1.780522213634516, 44.864202824058957 ], [ 1.780924861085361, 44.864411732713691 ], [ 1.781390746917641, 44.864620957642828 ], [ 1.782224567119952, 44.864715097970986 ], [ 1.782780865735056, 44.864735881131445 ], [ 1.783198936915952, 44.864666019667673 ], [ 1.783644082690061, 44.864416396707064 ], [ 1.783834145763562, 44.864381369744287 ], [ 1.784074441494292, 44.864382573651788 ], [ 1.784390530030778, 44.86439315036246 ], [ 1.784820176833351, 44.864431278365792 ], [ 1.785730594067026, 44.864453816934379 ], [ 1.786415932643617, 44.864214376243197 ], [ 1.786834704209206, 44.864072547145945 ], [ 1.787569118475264, 44.863986255591051 ], [ 1.788174231653733, 44.864187150124117 ], [ 1.788613700582217, 44.864513145346024 ], [ 1.788951820239823, 44.864856626593287 ], [ 1.789495122663804, 44.864913289885955 ], [ 1.789735420810695, 44.86491448064173 ], [ 1.790088838418058, 44.864988190038815 ], [ 1.79074438531623, 44.86520731013858 ], [ 1.791537828913706, 44.865553034142074 ], [ 1.79255928782398, 44.865863897303612 ], [ 1.793076519271808, 44.866001368674446 ], [ 1.793579181338842, 44.866336649948124 ], [ 1.793868676912074, 44.866481991535935 ], [ 1.794335152559468, 44.866637196289723 ], [ 1.795156813586325, 44.866686204539995 ], [ 1.795762768216419, 44.866806108436705 ], [ 1.796202213952997, 44.867141068372135 ], [ 1.796692518589592, 44.867449291622734 ], [ 1.796993804937082, 44.867684629616598 ], [ 1.797521801665664, 44.868020017830524 ], [ 1.798148907114617, 44.868571762498391 ], [ 1.798800193984273, 44.869240553636509 ], [ 1.799428968995576, 44.869621397658776 ], [ 1.800122120244377, 44.869885618580533 ], [ 1.801032027092466, 44.869970990492192 ], [ 1.801652488663273, 44.869902040655802 ], [ 1.802309516175663, 44.869977181738726 ], [ 1.802571947440411, 44.870311259178834 ], [ 1.80286002468031, 44.870609481322639 ], [ 1.803336887716543, 44.871007557153391 ], [ 1.803601564008734, 44.871107777888447 ], [ 1.803828209465625, 44.871216809729802 ], [ 1.803953666139944, 44.871325353565432 ], [ 1.804116469717626, 44.871497039691029 ], [ 1.804164747095655, 44.871740132783749 ] ] ] } },
{ "type": "Feature", "properties": { "nom": "GR 652" }, "geometry": { "type": "MultiLineString", "coordinates": [ [ [ 1.620693534339972, 44.880820364401295 ], [ 1.62074659319199, 44.880990594618581 ], [ 1.620601022933953, 44.881154167842332 ], [ 1.620345816009433, 44.881323417032924 ], [ 1.620078535253959, 44.881447612281349 ], [ 1.619708198075842, 44.881715058578223 ], [ 1.619591451889661, 44.881939175156063 ], [ 1.619588795228172, 44.882146042878553 ], [ 1.619826967411211, 44.882318494309963 ], [ 1.620016500717993, 44.882337714759835 ], [ 1.620271943883037, 44.882150477535454 ], [ 1.620450095755727, 44.882070678581393 ], [ 1.62067781212315, 44.882072154606306 ], [ 1.620967975385152, 44.882137001626155 ], [ 1.621523233273561, 44.882248539186243 ], [ 1.622003278172459, 44.882305617056993 ], [ 1.622826854464741, 44.882211999759946 ], [ 1.623232374419854, 44.882160650598941 ], [ 1.623537259728915, 44.882063675238705 ], [ 1.623992577181553, 44.882075610326915 ], [ 1.62486078771712, 44.882450005191274 ], [ 1.625428592466586, 44.882570599517258 ], [ 1.625896107967443, 44.882618584351221 ], [ 1.626553160964751, 44.882685777415269 ], [ 1.626855756901455, 44.882768677738142 ], [ 1.627245767821359, 44.882942089811962 ], [ 1.627574125293612, 44.882989173954087 ], [ 1.628079598676144, 44.883037393495179 ], [ 1.628560570167251, 44.883022488922748 ], [ 1.630081778716888, 44.882789369554118 ], [ 1.630931106756079, 44.882659876379385 ], [ 1.631752515380368, 44.882737084295215 ], [ 1.6323463219043, 44.88280383834379 ], [ 1.632813617371719, 44.882869782812683 ], [ 1.633056709500778, 44.882655452906739 ], [ 1.633275403351952, 44.88236900641656 ], [ 1.633438393256708, 44.882486979347149 ], [ 1.633483673082672, 44.882910032746587 ], [ 1.633616038585495, 44.883450574204872 ], [ 1.633675330063061, 44.88376577682957 ], [ 1.63367261140677, 44.883981639383684 ], [ 1.633811776617305, 44.883982525691231 ], [ 1.634184098443963, 44.883553135035058 ], [ 1.634428658594262, 44.883221875973511 ], [ 1.63468496177455, 44.882962651369709 ], [ 1.634978198961774, 44.882784615242819 ], [ 1.635182537791559, 44.882632999083789 ], [ 1.635261268474951, 44.882408624776623 ], [ 1.635203100008435, 44.882003481115667 ], [ 1.635625549216576, 44.881610384537858 ], [ 1.636019756917995, 44.881450977239339 ], [ 1.636540243391746, 44.881310359588539 ], [ 1.637071913430091, 44.881286744297405 ], [ 1.637627193625842, 44.881398201299952 ], [ 1.638206090681831, 44.881644729387048 ], [ 1.638558626618198, 44.881781883858501 ], [ 1.6388358216352, 44.881873586101875 ], [ 1.639149733625906, 44.882064464056263 ], [ 1.639513465948082, 44.882318621035274 ], [ 1.640243744058694, 44.882602073531231 ], [ 1.641126515254729, 44.882832513021853 ], [ 1.641529670920143, 44.882969976545986 ], [ 1.642156184598284, 44.883459648296714 ], [ 1.642764132362626, 44.884425933400884 ], [ 1.643300324889817, 44.885058951050937 ], [ 1.643709900856635, 44.885700166668109 ], [ 1.643880885802295, 44.886195963644447 ], [ 1.643902618094742, 44.886483939538962 ], [ 1.644001712609905, 44.886655466606449 ], [ 1.644214787990809, 44.886818713022905 ], [ 1.644364715762394, 44.886972567997205 ], [ 1.644306967599964, 44.887547884914305 ], [ 1.644457789184963, 44.887629785431514 ], [ 1.644834233987135, 44.887884005108866 ], [ 1.645084046983535, 44.88814642461795 ], [ 1.645195243228714, 44.888363001466573 ], [ 1.645319204847589, 44.888570662498488 ], [ 1.645721075722447, 44.888816042188495 ], [ 1.646124063234373, 44.888971478119679 ], [ 1.646880990310872, 44.889156108908686 ], [ 1.647371662057304, 44.889384048729134 ], [ 1.647809840425715, 44.889764572500837 ], [ 1.647919608049488, 44.890098072363912 ], [ 1.648372223226656, 44.890334764389834 ], [ 1.649141386250782, 44.890555435871107 ], [ 1.64988580151105, 44.890730973597165 ], [ 1.650352742770476, 44.890832822140986 ], [ 1.651804407330317, 44.891120679823715 ], [ 1.652839307682429, 44.891342973931422 ], [ 1.653697404048935, 44.891537178996657 ], [ 1.654126729546717, 44.891611793428801 ], [ 1.654725946542148, 44.892281126143651 ], [ 1.654850280836723, 44.892461793486682 ], [ 1.655049109226215, 44.892759856500703 ], [ 1.655185330329531, 44.893003562099892 ], [ 1.655449954349812, 44.893095144736584 ], [ 1.656044337025567, 44.893125795459639 ], [ 1.656891241849467, 44.893202971742078 ], [ 1.656748438224872, 44.893498928035662 ], [ 1.656524559569795, 44.894217149317413 ], [ 1.656391992639877, 44.894711058500597 ], [ 1.656243370513639, 44.895483713332425 ], [ 1.656110359704007, 44.896013600147747 ], [ 1.65616957288034, 44.896346779990033 ], [ 1.656217338408069, 44.896580945303583 ], [ 1.656366009168664, 44.896842716077117 ], [ 1.656767768546196, 44.897106046223506 ], [ 1.65697894910781, 44.897431166928051 ], [ 1.657116395707676, 44.897575932498739 ], [ 1.657215003696377, 44.897792419721618 ], [ 1.657516085011191, 44.898010152736205 ], [ 1.657576073596282, 44.898280371768593 ], [ 1.657508423285191, 44.898639757062313 ], [ 1.657428882351528, 44.898936102972414 ], [ 1.657715892229536, 44.89927068429153 ], [ 1.657866437531823, 44.899379550269963 ], [ 1.658177561052695, 44.899813223067753 ], [ 1.658577819948503, 44.900202467492015 ], [ 1.658851531590455, 44.900590934669701 ], [ 1.659190598980932, 44.900808896539772 ], [ 1.659453300460741, 44.90106236831565 ], [ 1.659388058704821, 44.901223879610043 ], [ 1.65923401142479, 44.901402835656057 ], [ 1.659094146540056, 44.901455947950467 ], [ 1.658560107788311, 44.901659556206916 ], [ 1.65792329013559, 44.901988461034883 ], [ 1.657744580938468, 44.902113292885296 ], [ 1.657665363752522, 44.902382657686815 ], [ 1.657622360549942, 44.902796165693871 ], [ 1.65765474444633, 44.903255112452385 ], [ 1.657926604145455, 44.903796487279628 ], [ 1.657920146920272, 44.904327155382184 ], [ 1.657836002640329, 44.905001267967684 ], [ 1.657918137874687, 44.905532481523352 ], [ 1.657753278617669, 44.905558453404588 ], [ 1.65752951798544, 44.90522425981689 ], [ 1.657485963962021, 44.905682740483101 ], [ 1.657493801770258, 44.906078571795234 ], [ 1.657408444305105, 44.906851621818376 ], [ 1.657125288468774, 44.907236668721339 ], [ 1.657134547589267, 44.907515572060611 ], [ 1.657153725333997, 44.908019414672594 ], [ 1.657214927419375, 44.908190697278712 ], [ 1.657173779082741, 44.908451301526483 ], [ 1.657260297146395, 44.908622739709976 ], [ 1.657308185212129, 44.908847910936856 ], [ 1.657160192408608, 44.909566607038151 ], [ 1.656950554099203, 44.910149997306043 ], [ 1.656576692426039, 44.910705390535163 ], [ 1.656422279501166, 44.910911326635812 ], [ 1.656419318901719, 44.911154175916479 ], [ 1.656437941681342, 44.911702990725296 ], [ 1.656269113959412, 44.912052759264412 ], [ 1.656188229457255, 44.912457039344041 ], [ 1.656208496580158, 44.912870938877937 ], [ 1.656165146350412, 44.913311431131852 ], [ 1.656122342987462, 44.913706950958215 ], [ 1.656080417415312, 44.914030515784667 ], [ 1.655963529919346, 44.91427266360089 ], [ 1.656331058271177, 44.914238946965504 ], [ 1.656940516404927, 44.914089782475521 ], [ 1.657245737128211, 44.91397472375921 ], [ 1.6574757747866, 44.913796237202689 ], [ 1.657825933885735, 44.914149197932289 ], [ 1.658201741504562, 44.914475329435454 ], [ 1.658399570443724, 44.914863333415774 ], [ 1.659023327789993, 44.914579319033123 ], [ 1.659975320176771, 44.915412703269425 ], [ 1.660516691579286, 44.915658885715253 ], [ 1.660677872573923, 44.91593871999406 ], [ 1.660751752829397, 44.916110078900047 ], [ 1.660344058010903, 44.916323465717355 ] ] ] } },
{ "type": "Feature", "properties": { "nom": "GR" }, "geometry": { "type": "MultiLineString", "coordinates": [ [ [ 1.557418805289491, 44.804044651857758 ], [ 1.557431563253644, 44.804035747370968 ], [ 1.557740524451508, 44.803624169928405 ], [ 1.55816430387522, 44.803132449768164 ], [ 1.558653493987736, 44.80247928305765 ], [ 1.559078633030282, 44.801888626688225 ], [ 1.559542160946937, 44.801262259706725 ], [ 1.55985458999141, 44.800598848426361 ], [ 1.559996920057946, 44.800356992026131 ], [ 1.560201660407492, 44.800169543505909 ], [ 1.560405276236614, 44.800063040274402 ], [ 1.560724202449849, 44.799840415947543 ], [ 1.560802118249564, 44.799688053990458 ], [ 1.560677293997619, 44.799579238547665 ], [ 1.560313334061722, 44.799405776065463 ], [ 1.560200768819657, 44.799324030632327 ], [ 1.560229030009598, 44.799108355378138 ], [ 1.560651254904127, 44.798724554232287 ], [ 1.56095629409321, 44.798591778895982 ], [ 1.561225307372904, 44.798323828916935 ], [ 1.561329230043032, 44.798117680621367 ], [ 1.561533832621281, 44.797939223833055 ], [ 1.562055599410356, 44.797664053689488 ], [ 1.56252546342508, 44.797487458785156 ], [ 1.562842874702382, 44.797372755440222 ], [ 1.563593241253559, 44.797009234326978 ], [ 1.564206017274965, 44.796545802965667 ], [ 1.564590177485971, 44.796170714753572 ], [ 1.564770246036061, 44.795938112960542 ], [ 1.565151915488616, 44.795742899412886 ], [ 1.565624730582412, 44.795350438747313 ], [ 1.565933705965423, 44.794929847416597 ], [ 1.566430036332017, 44.794663473768104 ], [ 1.566771446802927, 44.794638874214797 ], [ 1.567084994760302, 44.794802968118702 ], [ 1.567433717193872, 44.795165191192169 ], [ 1.567996062391902, 44.795609854367008 ], [ 1.568283615528987, 44.795827731604881 ], [ 1.56873661439681, 44.795956813778375 ], [ 1.569406076241623, 44.795961474614231 ], [ 1.570257308603388, 44.79560760569796 ], [ 1.570856767179271, 44.795189019063635 ], [ 1.571228981542843, 44.794759857432012 ], [ 1.57164999061772, 44.794456958775399 ], [ 1.572109994899639, 44.794073376708042 ], [ 1.572428718631543, 44.793859713242675 ], [ 1.573178976294592, 44.793496128607359 ], [ 1.573622772971602, 44.79337327477694 ], [ 1.574042040879386, 44.793196281236831 ], [ 1.574550825359986, 44.792938953147981 ], [ 1.574894795145694, 44.792725457058026 ], [ 1.575252248813648, 44.792449090879089 ], [ 1.576055070421819, 44.791932939174679 ], [ 1.576372544261424, 44.791809203261344 ], [ 1.576702034980163, 44.791730522293648 ], [ 1.577475664999616, 44.791501990819711 ], [ 1.578096260865009, 44.7913803368007 ] ] ] } },
{ "type": "Feature", "properties": { "nom": "GR 652" }, "geometry": { "type": "MultiLineString", "coordinates": [ [ [ 1.824528787325099, 44.860871855839079 ], [ 1.824796092916019, 44.860684205655254 ], [ 1.8248474208119, 44.860603490891322 ], [ 1.824646812487082, 44.860413671137039 ], [ 1.824483813165585, 44.860260003798935 ], [ 1.824334782509101, 44.859962485430529 ], [ 1.824109546637032, 44.859700592269881 ], [ 1.823884726810775, 44.859393726256691 ], [ 1.823598909925199, 44.858843718689052 ], [ 1.823526342149764, 44.858483590915384 ], [ 1.823491380869166, 44.858159618015335 ], [ 1.82350758178797, 44.857772919126603 ], [ 1.823410304222913, 44.857349714182995 ], [ 1.823111112391586, 44.856880595822886 ], [ 1.822773493242956, 44.856465266391709 ], [ 1.822511420256233, 44.856086266706527 ], [ 1.822324226891524, 44.855815552160813 ], [ 1.822163071710923, 44.855464006847157 ], [ 1.821924722226952, 44.855256016134973 ], [ 1.821245198169932, 44.854911466736766 ], [ 1.820905253212171, 44.854938740370066 ], [ 1.821094631107918, 44.854766425656457 ], [ 1.821097040357506, 44.854505589650998 ], [ 1.82093440038471, 44.854315940421621 ], [ 1.820733827741601, 44.85412611398074 ], [ 1.820836980645145, 44.853910722614224 ], [ 1.820624929297846, 44.853594915688284 ], [ 1.82032162220767, 44.853575507346804 ], [ 1.820120389532206, 44.853457633774688 ], [ 1.819919156416838, 44.853339760729014 ], [ 1.819807269559374, 44.853132357958202 ], [ 1.819632577137203, 44.852879686863695 ], [ 1.819443991825334, 44.852761871804852 ], [ 1.819331108579898, 44.852662401248018 ], [ 1.819106675415533, 44.852319549297619 ], [ 1.81901974899246, 44.852148241412955 ], [ 1.818830666675604, 44.852084391199284 ], [ 1.818666123119454, 44.852101608685203 ], [ 1.818438859091429, 44.852064562586172 ], [ 1.818199785155103, 44.851937513328735 ], [ 1.81799747546522, 44.851936563027749 ], [ 1.817504011127146, 44.851970221215851 ], [ 1.817216287841204, 44.851636062832618 ], [ 1.817168890308235, 44.851294039741369 ], [ 1.817146698817077, 44.85096113115317 ], [ 1.817110273119957, 44.850799054525787 ], [ 1.816985171867805, 44.850654549352328 ], [ 1.816758835828624, 44.850518562630171 ], [ 1.816331118617805, 44.850282684025316 ], [ 1.816118686207271, 44.850011841114757 ], [ 1.816007323469539, 44.849750468030557 ], [ 1.815871680963635, 44.849381044750359 ], [ 1.815771790527794, 44.849245653039937 ], [ 1.815671731402325, 44.849128249229523 ], [ 1.815207525808542, 44.848739283839421 ], [ 1.814603491928354, 44.848430606993844 ], [ 1.814163492801396, 44.848158683014653 ], [ 1.813748701491208, 44.847895871663049 ], [ 1.813560397495964, 44.847751064362321 ], [ 1.813357850621953, 44.847777088043344 ], [ 1.813179747157756, 44.847893174013628 ], [ 1.81317797629084, 44.8480820546365 ], [ 1.813174771947016, 44.848423839037153 ], [ 1.813273475127499, 44.848685153499723 ], [ 1.81353477683507, 44.849136128762098 ], [ 1.813644609752712, 44.849559400744248 ], [ 1.813792882088691, 44.849928887160083 ], [ 1.81336299050893, 44.849926849261387 ], [ 1.813034248863454, 44.849925289945581 ], [ 1.812730542672816, 44.849950833139147 ], [ 1.812529338913463, 44.849832945944868 ], [ 1.812240304028589, 44.849642683359363 ], [ 1.812167566740415, 44.849309533466666 ], [ 1.811967972325382, 44.849020753496418 ], [ 1.811769308479511, 44.848633036083754 ], [ 1.811339765511772, 44.848595012572723 ], [ 1.811076705984502, 44.848332913727276 ], [ 1.810863036011318, 44.848196974873339 ], [ 1.810547965570129, 44.848087536512381 ], [ 1.810423056822006, 44.847925036088029 ], [ 1.81022245834044, 44.847744184596529 ], [ 1.810058773432242, 44.84767144579375 ], [ 1.809782061935721, 44.847517214616708 ], [ 1.809695341195683, 44.847327911719653 ], [ 1.809546508749753, 44.847021380314771 ], [ 1.809437391309521, 44.846526150033576 ], [ 1.809201929682595, 44.846021320717981 ], [ 1.809217716788501, 44.845688592053634 ], [ 1.809181147394735, 44.845544501969009 ], [ 1.809119037739833, 44.845427274239015 ], [ 1.808981666085435, 44.845246723442685 ], [ 1.808717187744826, 44.845137521938831 ], [ 1.80843853549311, 44.845190155876175 ], [ 1.808235314321835, 44.845288124744172 ], [ 1.807791963300224, 44.845375947667968 ], [ 1.807374238103231, 44.845427913345759 ], [ 1.80670450761347, 44.845388720263287 ], [ 1.80643866612889, 44.845423421520564 ], [ 1.805906982155194, 44.845492823026355 ], [ 1.805500955361066, 44.845643779880753 ], [ 1.805434832311755, 44.845949281171052 ], [ 1.805404325096801, 44.846497812570945 ], [ 1.805337001963305, 44.846929234169238 ], [ 1.805002969411584, 44.847485297988001 ], [ 1.804897282160202, 44.847961509250624 ], [ 1.804817051937143, 44.848419853541088 ], [ 1.804661388070136, 44.848832859795571 ], [ 1.804570139159784, 44.849120250924912 ], [ 1.804492735001827, 44.849281783099215 ], [ 1.804554496291843, 44.84943499132919 ], [ 1.804650675743145, 44.849957148778948 ], [ 1.804720882898738, 44.850551139841834 ], [ 1.804718141267869, 44.850838957596217 ], [ 1.80480219448474, 44.851307088844109 ], [ 1.805010979046687, 44.851955715854125 ], [ 1.80526957571346, 44.852685535424243 ], [ 1.805416858898251, 44.853153970569693 ], [ 1.805817637764303, 44.853560662579817 ], [ 1.806308217242933, 44.853832863292368 ], [ 1.806596570230304, 44.854095096331278 ], [ 1.806770781460183, 44.854392759429132 ], [ 1.806893986558989, 44.854735150766409 ], [ 1.807132108774528, 44.85496116174356 ], [ 1.807345282356452, 44.855151074822324 ], [ 1.80755786241931, 44.85540394694906 ], [ 1.807619723431241, 44.855548159308093 ], [ 1.80765604019788, 44.855719233765633 ], [ 1.807917754965476, 44.85612525095133 ], [ 1.808066432264312, 44.856449774370226 ], [ 1.808379416956624, 44.856784078106585 ], [ 1.808920110560927, 44.857110476595572 ], [ 1.808906274131979, 44.857236336385817 ], [ 1.809106647832811, 44.85744417422071 ], [ 1.809244644102018, 44.857561765187633 ], [ 1.809433988230272, 44.857598649329027 ], [ 1.809584716961598, 44.857707305404858 ], [ 1.810100472911492, 44.857997599501985 ], [ 1.810364167528521, 44.858196741986781 ], [ 1.810589247846115, 44.858467657368443 ], [ 1.810987985864988, 44.859099190565992 ], [ 1.811223518377253, 44.85960401822318 ], [ 1.811370277326767, 44.860135407858877 ], [ 1.811468400760248, 44.860459686267959 ], [ 1.811630264302226, 44.860730299145523 ], [ 1.811991174155105, 44.861352653687412 ], [ 1.812177237805606, 44.861740312615481 ], [ 1.812264327257527, 44.861893637419435 ], [ 1.812436310641717, 44.862434140743879 ], [ 1.812637671377181, 44.863272737897844 ], [ 1.812658731188751, 44.863317908570508 ] ] ] } },
{ "type": "Feature", "properties": { "nom": "GR 6" }, "geometry": { "type": "MultiLineString", "coordinates": [ [ [ 1.450775547236211, 44.901025380351868 ], [ 1.450546616006813, 44.901095507926961 ], [ 1.449963773324269, 44.901135808758049 ], [ 1.449179736753443, 44.90109353424868 ], [ 1.44848400091189, 44.901069954017466 ], [ 1.448000534472371, 44.901227982663862 ], [ 1.447502833536885, 44.901484842588765 ], [ 1.446944147298729, 44.901597284651857 ], [ 1.446500788830013, 44.901620700955533 ], [ 1.446160250452464, 44.901545994616157 ], [ 1.445542306723298, 44.901406083820042 ], [ 1.445037830869075, 44.901294072069987 ], [ 1.444426939045099, 44.901505028223234 ], [ 1.444108404834824, 44.901637385636732 ], [ 1.443462852061902, 44.901641164785033 ], [ 1.443092542715328, 44.901845063592567 ], [ 1.442693894310141, 44.902237632532362 ], [ 1.442178314194226, 44.902818155042645 ], [ 1.441627065652974, 44.903254462180335 ], [ 1.441060987252528, 44.90382557522139 ], [ 1.440786701628151, 44.904354075641443 ], [ 1.440617266380028, 44.90465854234705 ], [ 1.440470830412333, 44.905107120361897 ], [ 1.440295467756388, 44.905780346969507 ], [ 1.43998883245866, 44.905957765878462 ], [ 1.439428206896017, 44.906187094276774 ], [ 1.439250587798892, 44.9062126379077 ], [ 1.438691113696153, 44.906370009727581 ], [ 1.438130043147461, 44.906626313350735 ], [ 1.437432792835822, 44.906692605158035 ], [ 1.4366483985, 44.906668229689735 ], [ 1.435991582614515, 44.906581921699001 ], [ 1.435070733253295, 44.906385511698844 ], [ 1.434856306066796, 44.906338785787554 ], [ 1.434430651192726, 44.906047461814239 ], [ 1.433739807975205, 44.905717987776207 ], [ 1.433033549025543, 44.905559295692974 ], [ 1.432626956812166, 44.905654918943711 ], [ 1.432219632505573, 44.905795511732194 ], [ 1.431760224640789, 44.906025629523363 ], [ 1.431213678926797, 44.906165078263804 ], [ 1.430667716037945, 44.906268548406246 ], [ 1.430118534962183, 44.906569886640206 ], [ 1.429721369136104, 44.906863474173072 ], [ 1.429656918933913, 44.906934907132943 ], [ 1.429249139298699, 44.907102471719277 ], [ 1.42862898211593, 44.90709737886759 ], [ 1.428378784808105, 44.906915416321844 ], [ 1.428040141927249, 44.906723730522096 ], [ 1.427537997188665, 44.906467731822765 ], [ 1.426778775735063, 44.906452488760877 ], [ 1.425957301093166, 44.906373760053221 ], [ 1.424908754025364, 44.906248175502398 ], [ 1.42435232846081, 44.906216598708824 ], [ 1.423744247714313, 44.906247558329646 ], [ 1.422934259252129, 44.906240864809369 ], [ 1.422099547171514, 44.906197979461439 ], [ 1.42140051256162, 44.906372100119391 ], [ 1.420727524748022, 44.906501454849561 ], [ 1.420191978270113, 44.906739889824891 ], [ 1.419516617464226, 44.907013143476917 ], [ 1.418907490002659, 44.907107036010487 ], [ 1.418388583308153, 44.907102725329608 ], [ 1.417918968690734, 44.907179781022151 ], [ 1.417574731260042, 44.907329840008515 ], [ 1.417101704189067, 44.907613756928541 ], [ 1.416803934283493, 44.908016069692486 ], [ 1.416591642558079, 44.90860799573089 ], [ 1.41637830679283, 44.909262880840608 ], [ 1.415985057450787, 44.90931357795759 ], [ 1.415278209304904, 44.909190748731497 ], [ 1.414661299921419, 44.90898770650417 ], [ 1.413601560081257, 44.908771968241297 ], [ 1.412817445611431, 44.908729435249022 ], [ 1.411828140736588, 44.908847097045651 ], [ 1.410813818640004, 44.908946549098189 ] ] ] } },
{ "type": "Feature", "properties": { "nom": "GR 46" }, "geometry": { "type": "MultiLineString", "coordinates": [ [ [ 1.595386350683963, 44.73153118815366 ], [ 1.59388598569985, 44.732393540157183 ], [ 1.593197379410186, 44.732937555312496 ], [ 1.592303174928836, 44.733759004487517 ], [ 1.59154857475545, 44.734518431333605 ], [ 1.590950278571587, 44.734910137513467 ], [ 1.590277827824793, 44.735184411199164 ], [ 1.589474029766388, 44.735844551674859 ], [ 1.589205213484918, 44.736130550369595 ], [ 1.588732703375721, 44.736550082483575 ], [ 1.588414007692274, 44.736790768447307 ], [ 1.588157197267745, 44.73712181931576 ], [ 1.587691633376477, 44.737964135588989 ], [ 1.587507994432149, 44.73848456655729 ], [ 1.587404760140484, 44.738654759512194 ], [ 1.587436596819335, 44.739104700424313 ], [ 1.587430577120716, 44.739554383786384 ], [ 1.586940707977046, 44.740324576751945 ], [ 1.587166977609011, 44.741333499827256 ], [ 1.587325968332137, 44.74171235004502 ], [ 1.587326089236885, 44.741703357042844 ], [ 1.587424634256162, 44.741883917428048 ] ] ] } },
{ "type": "Feature", "properties": { "nom": "GR 36" }, "geometry": { "type": "MultiLineString", "coordinates": [ [ [ 1.642615779516155, 44.485253103482449 ], [ 1.642893580658106, 44.485137947855982 ], [ 1.643145480838869, 44.485085580635726 ], [ 1.643637493668381, 44.484917816889741 ], [ 1.644307139710217, 44.484607278585479 ], [ 1.644611053482828, 44.484411342288801 ], [ 1.644664400404945, 44.484159864231323 ], [ 1.644829138928835, 44.484043989672614 ] ] ] } },
{ "type": "Feature", "properties": { "nom": "GR 652" }, "geometry": { "type": "MultiLineString", "coordinates": [ [ [ 1.04357943930067, 44.529808931550988 ], [ 1.043492944233635, 44.529196292348907 ], [ 1.04350928901368, 44.528485925794577 ], [ 1.043476851866196, 44.527163365955495 ], [ 1.043384827629941, 44.526244852004616 ], [ 1.042510599113987, 44.525443039958255 ], [ 1.041867755947243, 44.524967748829319 ], [ 1.041201028326879, 44.524438206899134 ], [ 1.04125482910295, 44.524285936939492 ], [ 1.041261252822157, 44.52400718622026 ], [ 1.041229970161797, 44.523727990471436 ], [ 1.04106146356638, 44.523402203656431 ], [ 1.040782534383026, 44.522958185189061 ], [ 1.040531649325805, 44.522388575780504 ], [ 1.040583662052317, 44.5217685766588 ] ] ] } },
{ "type": "Feature", "properties": { "nom": "GR 36" }, "geometry": { "type": "MultiLineString", "coordinates": [ [ [ 1.486057945351415, 44.46199100194535 ], [ 1.484258458634805, 44.463065240937816 ], [ 1.482515814697543, 44.464526612986248 ], [ 1.480973310841256, 44.466034487892387 ], [ 1.479296841096612, 44.467262497431719 ], [ 1.477282752097691, 44.468388910370876 ], [ 1.476271842906281, 44.469613095298108 ], [ 1.474867862472925, 44.471077008217314 ], [ 1.473385559053616, 44.472729152246146 ], [ 1.472788669815189, 44.473156142557066 ], [ 1.470993556602685, 44.473906442098787 ], [ 1.469935695997333, 44.474086954110923 ], [ 1.468808303659848, 44.473889178548902 ], [ 1.467742323979636, 44.473781813188104 ], [ 1.466365299015579, 44.47348310557809 ], [ 1.464917259321487, 44.472905018417123 ], [ 1.463937683125069, 44.472087814904611 ], [ 1.462757902660877, 44.4712240398121 ] ] ] } },
{ "type": "Feature", "properties": { "nom": "GR 64" }, "geometry": { "type": "MultiLineString", "coordinates": [ [ [ 1.392313162983915, 44.732819494394022 ], [ 1.392073138659186, 44.732835426437305 ], [ 1.391782951263188, 44.732832938696305 ], [ 1.391388791609495, 44.733009452307698 ], [ 1.39125669940461, 44.733359113750659 ], [ 1.390936413144748, 44.733644196914511 ], [ 1.390424435447268, 44.734071549371713 ], [ 1.39022073720912, 44.73417773694451 ], [ 1.389274451393223, 44.734169605366894 ], [ 1.388675810382251, 44.734497262168354 ], [ 1.388265506914925, 44.734880506070219 ], [ 1.387629306452359, 44.735189844367127 ], [ 1.387122780102154, 44.735293417919159 ], [ 1.386527931906149, 44.735396227659422 ], [ 1.385910747326709, 44.735327941321557 ], [ 1.38570627165539, 44.735479087925043 ], [ 1.385262369434644, 44.735610177828583 ], [ 1.3848692401712, 44.735723714747706 ], [ 1.384540267612432, 44.735774841223389 ], [ 1.384264059578016, 44.735691502119934 ], [ 1.383764106452503, 44.735408342081953 ], [ 1.382939991190025, 44.735635076411263 ], [ 1.38244790992084, 44.735630817155204 ], [ 1.381943211035433, 44.735626445236001 ], [ 1.381565915940431, 44.735551218223769 ], [ 1.381136462485179, 44.735574479411532 ], [ 1.379850712703504, 44.735491365767757 ], [ 1.379483798445836, 44.735803474577963 ], [ 1.379133630138999, 44.736002931247576 ], [ 1.378667128392507, 44.736255239325459 ], [ 1.378205027567877, 44.736401556664617 ] ] ] } },
{ "type": "Feature", "properties": { "nom": "GR 65" }, "geometry": { "type": "MultiLineString", "coordinates": [ [ [ 1.211847201474003, 44.338558905379237 ], [ 1.211645346862171, 44.337999251516919 ], [ 1.211536541467471, 44.337800282052761 ], [ 1.21159652454742, 44.337306272026566 ], [ 1.211843707973723, 44.336850159073542 ], [ 1.212445076019649, 44.336226813737433 ], [ 1.212578423234834, 44.335823490035544 ], [ 1.212770820464619, 44.335600636207168 ], [ 1.212950709510312, 44.334748129070903 ], [ 1.21300942226407, 44.33431705850758 ], [ 1.213217029116394, 44.333959462863476 ], [ 1.21387436924174, 44.333039910084103 ], [ 1.214112032820114, 44.332430812415197 ], [ 1.214157132612164, 44.332053561541663 ], [ 1.213916811843036, 44.330908962052796 ], [ 1.213832706704642, 44.330728235708648 ], [ 1.213866355565496, 44.330296908122982 ], [ 1.214529010099473, 44.329737136147656 ], [ 1.215005725723184, 44.329076528888862 ], [ 1.21509841336265, 44.328196148960849 ], [ 1.215378628558057, 44.327335678238427 ], [ 1.217015715193781, 44.32628225732401 ], [ 1.217150418475359, 44.326224540892916 ] ] ] } },
{ "type": "Feature", "properties": { "nom": "GR 652" }, "geometry": { "type": "MultiLineString", "coordinates": [ [ [ 1.190144115952055, 44.605964402182707 ], [ 1.190066657396645, 44.605441913018488 ], [ 1.18990908107708, 44.605143451446665 ], [ 1.189966598427799, 44.60479326682141 ], [ 1.190214214607191, 44.604382102243541 ], [ 1.190198041357816, 44.603941203829585 ], [ 1.190050850117104, 44.603750785132547 ], [ 1.189939584753299, 44.60365068497947 ], [ 1.189363506531194, 44.603500762089503 ], [ 1.189112311264446, 44.603471156760236 ], [ 1.189013818681702, 44.603362195213201 ], [ 1.18877090249518, 44.602927923551171 ], [ 1.187816735161132, 44.603412652695688 ], [ 1.18712074793301, 44.603585266134196 ], [ 1.186505257746594, 44.603515867268655 ], [ 1.185778879725038, 44.603328374867061 ], [ 1.185169113115593, 44.602980199085088 ], [ 1.184533626961683, 44.602658733647345 ], [ 1.184397937871573, 44.602522394145019 ], [ 1.183401501667259, 44.601999258401818 ], [ 1.182779178031682, 44.601650937454018 ], [ 1.182434141856688, 44.601287535275787 ], [ 1.182141862667625, 44.600807758586619 ], [ 1.18184829296452, 44.600390928576871 ], [ 1.182152214383027, 44.599692552212076 ], [ 1.182684530559203, 44.598906629267582 ], [ 1.182638622814849, 44.598690279623483 ], [ 1.182092041338228, 44.598333755945227 ], [ 1.181658926799996, 44.597969428199406 ], [ 1.181262835814787, 44.597641464806685 ], [ 1.180822695422516, 44.597618848886093 ], [ 1.180344797398784, 44.597595833643368 ], [ 1.179676070963164, 44.597669746162879 ], [ 1.179070643841899, 44.597726333203646 ], [ 1.178587952333141, 44.597325493221604 ], [ 1.17808362237217, 44.596753526920004 ], [ 1.177657973263945, 44.59602948340914 ], [ 1.17707332160947, 44.595690522487139 ], [ 1.176562888652388, 44.595415302552375 ], [ 1.175779671964061, 44.594939321105102 ], [ 1.174789706677615, 44.594721988865786 ], [ 1.174065717203643, 44.594426510662394 ], [ 1.17400736581623, 44.594812655083288 ], [ 1.173736925437564, 44.595106611095538 ], [ 1.173749883092457, 44.595088758697706 ], [ 1.173580869733344, 44.595347810091091 ], [ 1.173527546212678, 44.595491156852887 ], [ 1.173460518249591, 44.595688326394523 ], [ 1.173281339066592, 44.595830340807119 ], [ 1.172999794588386, 44.59605222269024 ], [ 1.172920179306372, 44.596249257699696 ], [ 1.172839257991592, 44.596509240725062 ], [ 1.172824435511571, 44.596617016909519 ] ] ] } },
{ "type": "Feature", "properties": { "nom": "GR 46" }, "geometry": { "type": "MultiLineString", "coordinates": [ [ [ 1.589270576308389, 44.722729268212561 ], [ 1.590179591321381, 44.723625883067903 ], [ 1.590312602698045, 44.724058517113811 ], [ 1.590244731277034, 44.724417834031776 ], [ 1.590202807819618, 44.724723359502249 ], [ 1.590249671736591, 44.724993510532457 ], [ 1.590346399671348, 44.725308971538567 ], [ 1.590417177194195, 44.725678222189849 ], [ 1.590487955622943, 44.726047473745197 ], [ 1.590444474743748, 44.726469917917925 ], [ 1.590475369544484, 44.726991804207216 ], [ 1.590623163853619, 44.727262638229647 ], [ 1.590708599046574, 44.727479083523889 ], [ 1.590844739531803, 44.727677883278204 ], [ 1.5911453670711, 44.727841819503496 ], [ 1.591395053671623, 44.728041387548245 ], [ 1.591655922392057, 44.728348963583407 ], [ 1.591678521079211, 44.728546993808962 ], [ 1.591598634906727, 44.72886125888629 ], [ 1.591225817785976, 44.729380413268359 ], [ 1.590664498206219, 44.730788740269602 ], [ 1.590077676224415, 44.732214882063595 ], [ 1.590531648948023, 44.732235947525886 ], [ 1.590847433058523, 44.732211102714153 ], [ 1.591125846096391, 44.73215002694949 ], [ 1.591583050736757, 44.731928260489319 ], [ 1.591749344906462, 44.731758490657299 ], [ 1.592987354883843, 44.731649929921531 ], [ 1.593795910511896, 44.73157443744131 ], [ 1.594377718071327, 44.73147042714065 ], [ 1.595386350683963, 44.73153118815366 ] ] ] } },
{ "type": "Feature", "properties": { "nom": "GR 46" }, "geometry": { "type": "MultiLineString", "coordinates": [ [ [ 1.609830000774648, 44.922299281104465 ], [ 1.609457817864813, 44.922683624635397 ], [ 1.609138148486729, 44.922924389415023 ], [ 1.608819414253205, 44.923093198434458 ], [ 1.608513221758291, 44.923271084803886 ], [ 1.608421663803663, 44.923495360942489 ], [ 1.608391527806865, 44.923863963897858 ], [ 1.608386594530714, 44.924241728936174 ], [ 1.607910989609175, 44.92478729944326 ], [ 1.607256831403342, 44.925430636076655 ], [ 1.606730915078709, 44.925948883518359 ], [ 1.606075787038652, 44.926664169226754 ], [ 1.605699894915996, 44.927327326738094 ], [ 1.605552368599814, 44.927956014067945 ], [ 1.605486703546268, 44.928135483938874 ], [ 1.605240357719992, 44.928574617522166 ], [ 1.605022282134497, 44.928789058790912 ], [ 1.604777347087842, 44.92912025948052 ], [ 1.604889411948731, 44.929264924410312 ] ] ] } },
{ "type": "Feature", "properties": { "nom": "GR 652" }, "geometry": { "type": "MultiLineString", "coordinates": [ [ [ 1.157241572394305, 44.562982673255362 ], [ 1.156994164431816, 44.562782140650519 ], [ 1.157181589313247, 44.56224449250503 ], [ 1.157507367596182, 44.561708328804798 ], [ 1.157859872208927, 44.560497876950514 ], [ 1.157938678673825, 44.559140577640349 ], [ 1.157923215841669, 44.558079080932878 ], [ 1.157657278089614, 44.557563550049636 ], [ 1.157441086226177, 44.557075536272372 ], [ 1.157021555898851, 44.555488030992045 ], [ 1.156792313044597, 44.554424239250217 ], [ 1.156419452568857, 44.553610745166388 ], [ 1.156139272948905, 44.553176007493605 ], [ 1.155696934810989, 44.552676565093897 ], [ 1.155325708893038, 44.552384755137403 ], [ 1.154717061614154, 44.55201843419934 ], [ 1.154575803369039, 44.551558204686287 ], [ 1.154281936538817, 44.551177280350416 ], [ 1.153646643082205, 44.550882621126597 ], [ 1.153235251597196, 44.550707297470318 ], [ 1.153122451579504, 44.55068809345466 ], [ 1.152710304242822, 44.550548736588603 ], [ 1.152159450199122, 44.550425870490137 ], [ 1.151720070620131, 44.550385152960395 ], [ 1.151180657548935, 44.550316371775601 ], [ 1.150704502338952, 44.550230282204609 ], [ 1.149558972586434, 44.549678247365001 ], [ 1.147800330864775, 44.548975657032692 ], [ 1.147188342153993, 44.5487711550836 ], [ 1.146913977401426, 44.548660251953756 ], [ 1.146174340173055, 44.548544304522281 ], [ 1.145477006722709, 44.548212947867498 ], [ 1.14506604192277, 44.548019609649693 ], [ 1.144591440984178, 44.547861555583978 ], [ 1.143454584225485, 44.547498431284346 ], [ 1.14344659263291, 44.54728248095693 ], [ 1.143324284518838, 44.54711925482296 ], [ 1.14294077661046, 44.546818274576815 ], [ 1.141677282976725, 44.546142709425418 ], [ 1.140891385349379, 44.545772773887336 ], [ 1.140100800320506, 44.545545434246513 ], [ 1.138916109244747, 44.545168764084465 ], [ 1.137726730271404, 44.544934684367433 ], [ 1.137749072550372, 44.54425732265377 ], [ 1.136564424185288, 44.543880627460211 ], [ 1.135572128672594, 44.543721191435033 ], [ 1.134972749615409, 44.543746736794709 ], [ 1.134818487921112, 44.543886813019405 ], [ 1.134812599210772, 44.544065065995227 ], [ 1.134109980928085, 44.544195874071477 ], [ 1.13286489670934, 44.544139151515708 ], [ 1.1319436898971, 44.543338816461159 ], [ 1.131214823733397, 44.542755751466323 ], [ 1.130637879647505, 44.542103914393607 ], [ 1.130455011937528, 44.541601430740727 ], [ 1.1303671195372, 44.541243237114301 ], [ 1.129170772496865, 44.541222968128828 ], [ 1.130122342758776, 44.539598249886069 ], [ 1.130640871984419, 44.539000634577562 ], [ 1.131839226045857, 44.537451423323475 ], [ 1.130699883773039, 44.537218112266572 ], [ 1.129573540883273, 44.536592634352864 ], [ 1.128399742483576, 44.535894999318408 ], [ 1.127458634779832, 44.535700685274264 ], [ 1.126163902370752, 44.535643042672014 ], [ 1.124515655454436, 44.535741688906633 ] ] ] } },
{ "type": "Feature", "properties": { "nom": "GR 6 B" }, "geometry": { "type": "MultiLineString", "coordinates": [ [ [ 1.673003634829247, 44.789698858792555 ], [ 1.672989645515817, 44.78973053823033 ], [ 1.672610499925234, 44.789831411054088 ], [ 1.672102836190195, 44.790035227318278 ], [ 1.671532660545098, 44.790184697053029 ], [ 1.671215727025477, 44.790281725510283 ], [ 1.671100449786276, 44.790415948022797 ], [ 1.671491452394601, 44.790463281355187 ], [ 1.672351699740389, 44.790351538378609 ], [ 1.672780060195838, 44.790444064707998 ], [ 1.673127198005792, 44.790994825471209 ], [ 1.673312279450031, 44.791364718229943 ], [ 1.673394612110118, 44.791877906209137 ], [ 1.673464208078254, 44.7924000119921 ], [ 1.67358720976222, 44.79267958462404 ], [ 1.673863486706915, 44.792816164818277 ], [ 1.674026728301947, 44.79289809807748 ], [ 1.674187838996618, 44.793159909782176 ], [ 1.674362008297176, 44.793385820905222 ], [ 1.674864158838655, 44.793649680540661 ], [ 1.674932281192699, 44.794297701315017 ], [ 1.674978973134661, 44.794621787928463 ], [ 1.674990008242285, 44.794756773007734 ], [ 1.675102412662974, 44.794865383326041 ], [ 1.675604047861614, 44.795174208772025 ], [ 1.675840429081198, 44.795481443162373 ], [ 1.676125639242388, 44.795932883590297 ], [ 1.676828227218273, 44.7963418483181 ], [ 1.677316299667406, 44.796731536850025 ], [ 1.677741537273632, 44.797093864043276 ], [ 1.678004367989561, 44.79730231076104 ], [ 1.67819045579043, 44.797591250380037 ], [ 1.6783398139574, 44.797781029005662 ], [ 1.677891126050349, 44.79833601626644 ], [ 1.677380753873, 44.79876470728906 ], [ 1.676973660616068, 44.799005127869563 ], [ 1.676618578413185, 44.799119932503451 ], [ 1.676049277989839, 44.79918848008694 ], [ 1.67539144430465, 44.799265488596767 ], [ 1.674619491698134, 44.799377786504678 ], [ 1.673973113663099, 44.799553796122062 ], [ 1.673211546035331, 44.799855033833389 ], [ 1.672362610807463, 44.800065793592658 ], [ 1.671843291250033, 44.800179593791157 ], [ 1.671488511348534, 44.800267401299095 ], [ 1.671222159487859, 44.80035574052517 ], [ 1.671348912197606, 44.800320526412989 ], [ 1.67098096336281, 44.800453225690227 ] ] ] } },
{ "type": "Feature", "properties": { "nom": "GR 36" }, "geometry": { "type": "MultiLineString", "coordinates": [ [ [ 1.78843027460452, 44.34106868833414 ], [ 1.788566877566725, 44.341195269816872 ], [ 1.788890029001035, 44.341466667648014 ], [ 1.789113293029091, 44.341701593199964 ], [ 1.789473866093514, 44.341991162355519 ], [ 1.790069719981577, 44.342569669249293 ], [ 1.790478503621534, 44.34305731334554 ], [ 1.791097261635877, 44.343860744806541 ], [ 1.791617011388865, 44.344537783121979 ], [ 1.791888769610801, 44.344943804955228 ], [ 1.792511478554847, 44.3453425816055 ], [ 1.792747826685447, 44.345523609955329 ], [ 1.792934659779792, 44.345641443813612 ], [ 1.793084334879206, 44.345714128721418 ], [ 1.793507607988709, 44.34600399704027 ], [ 1.793869010281633, 44.34621262227904 ], [ 1.794218058014817, 44.346403200288478 ], [ 1.794579465469692, 44.346611823233175 ], [ 1.794941308696505, 44.346775484537396 ], [ 1.795328475067923, 44.346912291701678 ], [ 1.795877252422913, 44.347184787769024 ], [ 1.796106008902432, 44.346853192383698 ], [ 1.796323180664231, 44.346422621517796 ], [ 1.796476831093622, 44.346081663136978 ], [ 1.79668034407788, 44.345767927288819 ], [ 1.797056270469281, 44.345769784597969 ], [ 1.797769410689666, 44.345890207607773 ], [ 1.798759007851285, 44.345931053102156 ], [ 1.799285134044236, 44.345951627577172 ], [ 1.799748949357945, 44.34593592185216 ], [ 1.800049776251384, 44.345928407129506 ], [ 1.800413599764148, 44.345885229634106 ], [ 1.801493220325877, 44.345683691575204 ], [ 1.802283601239597, 44.345588639848636 ], [ 1.803061193008915, 44.3455204978655 ], [ 1.803813891345256, 44.345434244798113 ], [ 1.804513063726161, 44.345707428393858 ], [ 1.804925987103998, 44.345772386161798 ], [ 1.80543983638139, 44.345765892791064 ], [ 1.806066971687779, 44.345705990709376 ], [ 1.806694274931555, 44.345628100674347 ], [ 1.807283222950847, 44.345630954794409 ], [ 1.808147849668689, 44.345635139451517 ], [ 1.808410996797389, 44.345636411457711 ], [ 1.808279104850435, 44.346337196170978 ], [ 1.808163287555561, 44.346660369734252 ], [ 1.808023334565271, 44.346884507443725 ], [ 1.807794396216519, 44.347243103769053 ], [ 1.807742835860468, 44.347395728259762 ], [ 1.807927340786708, 44.347765317441095 ], [ 1.808387876400195, 44.348100270658932 ], [ 1.808609645716444, 44.348506009701453 ], [ 1.808819644036052, 44.348830757120197 ], [ 1.809168421220966, 44.349057255863507 ], [ 1.810206186944797, 44.349314052297728 ], [ 1.810617629615322, 44.349540848570939 ], [ 1.810879283418895, 44.349703974461818 ], [ 1.811051369631582, 44.350064506351607 ], [ 1.811136321795626, 44.350361670987972 ], [ 1.811084766349612, 44.350514297254968 ], [ 1.811007644109935, 44.350720756334546 ], [ 1.810867608982722, 44.350953890762852 ], [ 1.810864080659472, 44.351331563859034 ], [ 1.810988394838655, 44.351440072974825 ], [ 1.811198417648659, 44.351764817202181 ], [ 1.811920422929551, 44.352289857195224 ], [ 1.812770023992375, 44.352572703412861 ], [ 1.813243327674253, 44.352889712211407 ] ] ] } },
{ "type": "Feature", "properties": { "nom": "GR 65" }, "geometry": { "type": "MultiLineString", "coordinates": [ [ [ 1.67140913440495, 44.35051793309681 ], [ 1.671570348813698, 44.350662797606446 ], [ 1.671793585305352, 44.350861994479011 ], [ 1.671991760738446, 44.351061038791975 ], [ 1.672075345138233, 44.351412262100759 ], [ 1.672445578280375, 44.351900118429043 ], [ 1.672704299227272, 44.352279383189298 ], [ 1.672848325170063, 44.352819821110479 ], [ 1.67305639470081, 44.353243742288896 ], [ 1.673355159441917, 44.353416416047132 ], [ 1.673641710784801, 44.353562036798387 ], [ 1.674126562788638, 44.353897705895072 ], [ 1.674857423384374, 44.354630541933979 ], [ 1.675216963662407, 44.354965447968517 ], [ 1.675250337376708, 44.355325359254913 ], [ 1.675446428514364, 44.355704239213765 ], [ 1.676226828642109, 44.35649132220378 ], [ 1.676884339940854, 44.357070825519052 ], [ 1.677727761473897, 44.357831300435997 ] ] ] } },
{ "type": "Feature", "properties": { "nom": "GR 652" }, "geometry": { "type": "MultiLineString", "coordinates": [ [ [ 1.053256697060539, 44.479905352270194 ], [ 1.053577859621571, 44.479594315237676 ], [ 1.053772811667972, 44.479308782851497 ], [ 1.054010975716234, 44.478780915352601 ], [ 1.054399842219112, 44.478254808949877 ], [ 1.054674851455056, 44.477763346832454 ], [ 1.054719905801818, 44.477440084946423 ], [ 1.054688991231658, 44.477142917780085 ], [ 1.05463377884447, 44.476809490055501 ], [ 1.054219137246983, 44.476813635990524 ], [ 1.053803059150086, 44.47688072199422 ], [ 1.053347458538859, 44.477028292414843 ], [ 1.053030822830176, 44.47714151040465 ], [ 1.0526238109624, 44.477361598822583 ], [ 1.052180146402717, 44.477536285349011 ], [ 1.051822953741658, 44.477774942751665 ], [ 1.051504667437841, 44.477960090225515 ], [ 1.051259266143459, 44.478254020841668 ], [ 1.050877358518354, 44.478474397369418 ], [ 1.050653145179163, 44.478390820439557 ], [ 1.050493372298663, 44.478236046677146 ], [ 1.050048857095568, 44.477898050293255 ], [ 1.049889087293081, 44.477743274788487 ], [ 1.04948864383065, 44.477675616527321 ], [ 1.049117844792376, 44.477410434724128 ], [ 1.048562787298915, 44.476963203747637 ], [ 1.048290407337107, 44.476789115671437 ], [ 1.048040264145041, 44.476741206162501 ], [ 1.04781626801745, 44.4766486322643 ], [ 1.047529479408403, 44.476555320624072 ], [ 1.047083758782318, 44.476271261925731 ], [ 1.046847619621054, 44.476160555856559 ], [ 1.046766307400096, 44.475871787014341 ], [ 1.047025928368046, 44.475506080702559 ], [ 1.047094903447747, 44.475237067878126 ], [ 1.046882648411354, 44.475180607568412 ], [ 1.046392667715881, 44.475183837748908 ], [ 1.045725633213973, 44.475238946290723 ], [ 1.045435346683777, 44.475298487823451 ], [ 1.045136629776129, 44.475178046566036 ], [ 1.044923964977585, 44.475139565015319 ], [ 1.044613517859315, 44.474983007595114 ], [ 1.044454597892441, 44.474792258512402 ], [ 1.044736453169496, 44.474552738442576 ], [ 1.045268438492154, 44.474361133134593 ], [ 1.045838298702721, 44.474160977495039 ], [ 1.046771309017805, 44.474010061725743 ], [ 1.047539205143746, 44.473938143758083 ], [ 1.047804159216212, 44.473887293639926 ], [ 1.048653370464949, 44.473555494566213 ], [ 1.049440194015733, 44.473204968492958 ], [ 1.049867148645289, 44.472661339090266 ], [ 1.050234187420882, 44.471991086812217 ], [ 1.05039597943447, 44.471507303698758 ], [ 1.050151614329582, 44.471207631469944 ], [ 1.049821818924897, 44.470799026757469 ], [ 1.049210617370585, 44.470063330953849 ], [ 1.048525943208389, 44.46924582122341 ], [ 1.048090360854598, 44.469069815272817 ], [ 1.047406732902098, 44.468755980864479 ], [ 1.047207471762126, 44.468681684739309 ], [ 1.047033530873442, 44.468598692419711 ], [ 1.046828309542852, 44.468236514970023 ], [ 1.046578430228821, 44.467630971315756 ], [ 1.046362594392026, 44.467709572968403 ], [ 1.045932473326631, 44.467866210015039 ], [ 1.045437810118462, 44.468076244107159 ], [ 1.044784239690048, 44.468095528824833 ], [ 1.044450950109465, 44.468388406446614 ], [ 1.044091716648796, 44.468716954641977 ], [ 1.043817692058199, 44.46916342867852 ], [ 1.043207515715019, 44.469480021312172 ], [ 1.042421120636196, 44.469812518116548 ], [ 1.041355144850498, 44.470285613884194 ], [ 1.040645726426989, 44.47054705470471 ], [ 1.0400248259474, 44.470782555938044 ], [ 1.038960470950468, 44.471183695313407 ], [ 1.037630525392719, 44.471662625322267 ], [ 1.036342801950841, 44.471944169256744 ], [ 1.035460652192468, 44.472068617259239 ], [ 1.03523357552443, 44.472110893571909 ], [ 1.034756595329858, 44.472096237755146 ], [ 1.033581386880254, 44.471857426002629 ], [ 1.032578451061504, 44.471773550621108 ], [ 1.032300935157343, 44.471824214727228 ], [ 1.031999137267239, 44.471838612641122 ], [ 1.031084941776827, 44.471719802848298 ], [ 1.030720147650716, 44.471742441785977 ], [ 1.029975913245787, 44.471877482148848 ], [ 1.029575951996778, 44.471791768416523 ], [ 1.028974026870334, 44.471748615208803 ], [ 1.028459169354123, 44.471742474090703 ], [ 1.028009191148874, 44.471647164219064 ], [ 1.027399942934156, 44.471379061554309 ], [ 1.026985756837256, 44.471365121758623 ], [ 1.026444322896602, 44.471421613322264 ], [ 1.026078480866436, 44.47148919471686 ], [ 1.025712221163404, 44.471574758248536 ], [ 1.025105061273641, 44.471756374849328 ], [ 1.024401421751916, 44.471765945003391 ], [ 1.024026584476024, 44.471680511691211 ], [ 1.02383927186045, 44.471633298970431 ], [ 1.023165157125158, 44.471454337696677 ], [ 1.022403564230682, 44.471256335525901 ], [ 1.021928485644445, 44.47116069895911 ], [ 1.021966158008702, 44.471161150627132 ], [ 1.021204153777796, 44.470981123505553 ], [ 1.020516235749132, 44.470855945305928 ], [ 1.019775776897137, 44.47082906722153 ], [ 1.019046190829962, 44.470874268150681 ], [ 1.018239153342656, 44.471008474809565 ], [ 1.017383358687771, 44.47107913028065 ], [ 1.016654190928148, 44.471106332143044 ], [ 1.015825195866172, 44.471105343845387 ], [ 1.014948084349034, 44.471013828512767 ], [ 1.014295527010337, 44.470987973049318 ], [ 1.01320325302041, 44.47096580151986 ], [ 1.011922409843047, 44.470950335987702 ] ] ] } },
{ "type": "Feature", "properties": { "nom": "GR 6" }, "geometry": { "type": "MultiLineString", "coordinates": [ [ [ 1.47305974875871, 44.889013238429264 ], [ 1.472653484228533, 44.889100014337231 ], [ 1.4718505382951, 44.889471531084617 ], [ 1.471843849413068, 44.889903248961907 ], [ 1.472227300457991, 44.890472947409606 ], [ 1.472418741128513, 44.891185066799679 ], [ 1.471753998223979, 44.890802066583021 ], [ 1.471488292487959, 44.890799986171487 ], [ 1.47012096688531, 44.890843242155817 ], [ 1.469425209156759, 44.890828788248463 ], [ 1.468349732139481, 44.890820340748839 ], [ 1.46774553705168, 44.891427266113439 ], [ 1.467332521768451, 44.891945739611899 ], [ 1.466591923129102, 44.892371681437695 ], [ 1.465463839963566, 44.892488725266325 ], [ 1.464993008837288, 44.89265592173043 ], [ 1.464444006874581, 44.892966422569941 ], [ 1.463841855732584, 44.893438414737439 ], [ 1.463201873960583, 44.893901109403558 ], [ 1.462624163310333, 44.89442726015649 ], [ 1.461822623488965, 44.894699769495844 ], [ 1.461349929297713, 44.894983873668991 ], [ 1.460082027671586, 44.895135737409063 ], [ 1.459539758546197, 44.895014495440925 ], [ 1.458982292853893, 44.895055045894736 ], [ 1.458531916644043, 44.895528215549518 ], [ 1.458187206451266, 44.896523948075291 ], [ 1.457565651543266, 44.897418530566213 ], [ 1.458435815346353, 44.897614350115951 ], [ 1.459229352795837, 44.897854531127642 ], [ 1.459178027696325, 44.897899099999243 ], [ 1.457845650135117, 44.898122388199432 ], [ 1.456830185576529, 44.89831220308325 ], [ 1.456030833934315, 44.898440765228919 ], [ 1.454850566396884, 44.898647239097066 ], [ 1.454238319390413, 44.898948191243086 ], [ 1.453676257632357, 44.899276526567732 ], [ 1.45275615473893, 44.89983587319103 ], [ 1.451759106942929, 44.900457562986958 ], [ 1.451005192168843, 44.90091028301125 ], [ 1.450775547236211, 44.901025380351868 ] ] ] } },
{ "type": "Feature", "properties": { "nom": "GR 652" }, "geometry": { "type": "MultiLineString", "coordinates": [ [ [ 1.172824435511571, 44.596617016909519 ], [ 1.172281941276616, 44.596674232720311 ], [ 1.171751845283816, 44.596740572213818 ], [ 1.171460132403718, 44.59684541348669 ], [ 1.171194336155027, 44.596914551573057 ], [ 1.170624984151532, 44.597052424943648 ], [ 1.17014317094216, 44.597218207056194 ], [ 1.169773879555814, 44.597421160226581 ], [ 1.169359105424774, 44.597389773290743 ], [ 1.169005949934321, 44.597422000106199 ], [ 1.168565068013603, 44.597435304914555 ], [ 1.167888984440982, 44.597257222791058 ], [ 1.167261750949103, 44.597151612578223 ], [ 1.166822181677277, 44.597101962403052 ], [ 1.166457941778734, 44.59706210799277 ], [ 1.166029460591203, 44.59708452872205 ], [ 1.165564909494373, 44.597025613316248 ], [ 1.165037054836096, 44.596984010286192 ], [ 1.164711699741246, 44.596890596846208 ], [ 1.16429862214958, 44.596778258191108 ], [ 1.164009900771174, 44.596739200007633 ], [ 1.163573157291154, 44.596554650884968 ], [ 1.163111620938017, 44.596351845429176 ], [ 1.162463937461763, 44.596021126646107 ], [ 1.161914498553327, 44.595808382347364 ], [ 1.16146556019326, 44.595605704707836 ], [ 1.161325643317838, 44.595073534989396 ], [ 1.16123211680339, 44.59473074407282 ], [ 1.161192508403086, 44.594217635744798 ], [ 1.161090729901993, 44.59366788362739 ], [ 1.161085865635098, 44.593299058225575 ], [ 1.161083638423641, 44.592804338122576 ], [ 1.161093807897738, 44.592318745641315 ], [ 1.161129523147207, 44.591815437981268 ], [ 1.161108119761625, 44.591635319737193 ], [ 1.161211244454138, 44.591519494613173 ], [ 1.161538472718267, 44.590920364021926 ], [ 1.161818554186981, 44.590167823708271 ], [ 1.162020489917967, 44.589540370796733 ], [ 1.162243451687427, 44.589111019305527 ], [ 1.162564634907005, 44.5887996456457 ], [ 1.163000199242248, 44.588435524920712 ], [ 1.163398757765153, 44.588035030702898 ], [ 1.163721433270728, 44.587651714224727 ], [ 1.163905307220139, 44.587284904141491 ], [ 1.163960337445266, 44.587060630085944 ], [ 1.163952637912224, 44.586826692206287 ], [ 1.163816473639907, 44.586717305773973 ], [ 1.163495502945293, 44.586417064070012 ], [ 1.163149368068405, 44.586116551592873 ], [ 1.162990484942955, 44.585889993536284 ], [ 1.16298598533853, 44.585503184710838 ], [ 1.1629897444344, 44.585323336279771 ], [ 1.163110136965428, 44.584982833694013 ], [ 1.16320348189509, 44.584731986252542 ], [ 1.163207240246503, 44.584552137869792 ], [ 1.162908254793354, 44.584405033682032 ] ] ] } },
{ "type": "Feature", "properties": { "nom": "GR 65" }, "geometry": { "type": "MultiLineString", "coordinates": [ [ [ 1.427488054207673, 44.437922417638852 ], [ 1.426956800977775, 44.437396395172783 ], [ 1.426585224725819, 44.43708753692529 ], [ 1.426994302632541, 44.436676773435821 ], [ 1.427109343307995, 44.436320606052838 ], [ 1.42699001447526, 44.435885764759533 ], [ 1.426815523276566, 44.435544296469111 ], [ 1.426689916947928, 44.435335349837082 ], [ 1.426645224014676, 44.435052230839737 ], [ 1.426680921163645, 44.43471376335971 ], [ 1.42684798066593, 44.434377171423279 ], [ 1.426989290230409, 44.434021379616027 ], [ 1.427048640065205, 44.433777409482239 ], [ 1.427083287177044, 44.433476591323156 ], [ 1.427144729559583, 44.433157323587118 ], [ 1.427127354962643, 44.432836930824834 ], [ 1.427110507190209, 44.432700836516005 ], [ 1.427127390742464, 44.432561310719485 ], [ 1.427091243399235, 44.432458300454158 ], [ 1.427109680682963, 44.432262891222678 ], [ 1.4271304472266, 44.43198365501722 ], [ 1.427071669002255, 44.431759190767401 ], [ 1.4271049176986, 44.431498768620628 ], [ 1.427151940443195, 44.431210590317093 ], [ 1.4274006722629, 44.430683030255395 ], [ 1.427735272424653, 44.430146374265874 ], [ 1.428155138215316, 44.429563157769643 ], [ 1.428507483881799, 44.429257510597608 ], [ 1.429763314978926, 44.42871834718747 ] ] ] } },
{ "type": "Feature", "properties": { "nom": "GR 65" }, "geometry": { "type": "MultiLineString", "coordinates": [ [ [ 1.418615220956446, 44.417090477493701 ], [ 1.418687745888905, 44.416772688218124 ], [ 1.418732306465133, 44.416464212452333 ], [ 1.418596236120203, 44.416070748779973 ], [ 1.418503112194804, 44.415801470093719 ], [ 1.418695566052436, 44.415246235808468 ], [ 1.417804535363646, 44.414967123638291 ], [ 1.417461441570115, 44.41458174222717 ], [ 1.417511703952173, 44.414049830493909 ], [ 1.416558070742282, 44.413985398682684 ], [ 1.414755573571243, 44.413286957432263 ], [ 1.414179760978491, 44.412987370993029 ], [ 1.411136384553163, 44.412994239941717 ], [ 1.410350375867005, 44.413261898585439 ], [ 1.410003070384421, 44.413028613872875 ], [ 1.409613982904229, 44.41302299674274 ], [ 1.408971592713938, 44.413216628510767 ], [ 1.408081524953217, 44.414693052741448 ] ], [ [ 1.416225207876704, 44.423043554940101 ], [ 1.416664119386542, 44.422196434610179 ], [ 1.417093033155415, 44.421338017463235 ], [ 1.417444010756756, 44.420958864081101 ], [ 1.417919249591878, 44.42050135912514 ], [ 1.418457497177881, 44.42006288306397 ], [ 1.419177464751518, 44.419409800400274 ], [ 1.419069502267357, 44.418994027696705 ], [ 1.418906156534768, 44.418436589102264 ], [ 1.418734994503859, 44.417857640115109 ], [ 1.418615220956446, 44.417090477493701 ] ] ] } },
{ "type": "Feature", "properties": { "nom": "GR 65" }, "geometry": { "type": "MultiLineString", "coordinates": [ [ [ 1.842595933130703, 44.518487839622409 ], [ 1.842858228746413, 44.518677880976441 ], [ 1.843244955872792, 44.519012375053812 ], [ 1.843844582019445, 44.519437757357721 ], [ 1.84430634369917, 44.519817551871128 ], [ 1.844830488873368, 44.520251583581562 ], [ 1.845291870723303, 44.520676338261922 ] ] ] } },
{ "type": "Feature", "properties": { "nom": "GR 36" }, "geometry": { "type": "MultiLineString", "coordinates": [ [ [ 1.674460469065421, 44.363872694784781 ], [ 1.674212947987483, 44.363601412358598 ], [ 1.674141761310268, 44.36325925574674 ], [ 1.674133459091416, 44.362899494447795 ], [ 1.674112092724251, 44.362584618099433 ], [ 1.674079991711283, 44.362116799514823 ], [ 1.67406798712268, 44.362071762969165 ], [ 1.674044188173977, 44.36196370557245 ], [ 1.674044293270034, 44.361954712970295 ], [ 1.674044188173977, 44.36196370557245 ], [ 1.67468745536702, 44.361625874054916 ], [ 1.675155871695968, 44.361233026179761 ], [ 1.675678111890576, 44.360525754566353 ], [ 1.676177275203305, 44.359647478485336 ], [ 1.676648826181763, 44.358984860609759 ], [ 1.677157439478631, 44.358367428023321 ], [ 1.677709526121119, 44.357842161135714 ], [ 1.677727761473897, 44.357831300435997 ] ] ] } },
{ "type": "Feature", "properties": { "nom": "GR 65" }, "geometry": { "type": "MultiLineString", "coordinates": [ [ [ 1.949714215524834, 44.578904018137834 ], [ 1.949651486681705, 44.578876817151823 ], [ 1.949287450613298, 44.578749623770172 ], [ 1.948999968881419, 44.578469809694518 ], [ 1.948221512789071, 44.578224232665413 ], [ 1.947757257289239, 44.578033725298937 ], [ 1.947292006211335, 44.577987108097012 ], [ 1.946637701955452, 44.577984784884642 ], [ 1.945958295911994, 44.577973375304175 ], [ 1.945506131693851, 44.5778548494212 ], [ 1.945104299672143, 44.577736500701519 ], [ 1.944652515880199, 44.577564011247276 ], [ 1.944250625280417, 44.577454653087948 ], [ 1.943408975615259, 44.577253783746343 ], [ 1.94288075901279, 44.577215916221817 ], [ 1.942779277173768, 44.577332467229887 ], [ 1.942278122695502, 44.577024888764129 ], [ 1.941714630647259, 44.576636141637408 ], [ 1.941100183039911, 44.576337143692008 ], [ 1.940736181367157, 44.576209922252673 ], [ 1.94046038595881, 44.576065030469458 ], [ 1.940247948646229, 44.575857413350775 ], [ 1.940011745828798, 44.575451852799176 ], [ 1.93987556836807, 44.575136588288551 ], [ 1.939548942129841, 44.575063458372988 ], [ 1.939209672166809, 44.574999275944663 ], [ 1.938821157495127, 44.574782025131618 ], [ 1.938357728767738, 44.574483558543136 ], [ 1.937643754933665, 44.574031290215466 ], [ 1.937167757529748, 44.573732774257529 ], [ 1.936903218753613, 44.57377677816558 ] ] ] } },
{ "type": "Feature", "properties": { "nom": "GR 65" }, "geometry": { "type": "MultiLineString", "coordinates": [ [ [ 1.213897631712379, 44.307967318464513 ], [ 1.213347757895451, 44.30790771522291 ], [ 1.212823107753997, 44.307839374192888 ], [ 1.212505612877824, 44.307431424395041 ], [ 1.21239169073539, 44.306863690338481 ], [ 1.212587217313228, 44.306478998268418 ], [ 1.212798844266, 44.305914610462317 ], [ 1.211553909766208, 44.305542090289684 ], [ 1.210969011034096, 44.305356211092381 ], [ 1.210236558838513, 44.305033913433626 ], [ 1.21024787221778, 44.304467467853094 ], [ 1.210150759724334, 44.304313586229668 ], [ 1.210322686933859, 44.303856711012379 ], [ 1.210617842692179, 44.303500028189511 ], [ 1.210786712785366, 44.303196002945747 ], [ 1.210477829240788, 44.302985983724518 ], [ 1.210130489685761, 44.302820531408607 ], [ 1.209793156646641, 44.302781084207361 ], [ 1.209378546439549, 44.302848756221259 ], [ 1.208965192554139, 44.302853488129493 ], [ 1.20829981157691, 44.302936556136878 ], [ 1.207726571833493, 44.302795745216052 ], [ 1.207590827352799, 44.302695420956439 ], [ 1.207631448548549, 44.30254295876756 ], [ 1.207423102035312, 44.302315981796717 ], [ 1.207276999936818, 44.302107633339475 ], [ 1.206979395478549, 44.301960670524885 ], [ 1.206760877043288, 44.301616677713263 ], [ 1.206642160016246, 44.301291702267065 ] ] ] } },
{ "type": "Feature", "properties": { "nom": "GR 64" }, "geometry": { "type": "MultiLineString", "coordinates": [ [ [ 1.557431563253644, 44.804035747370968 ], [ 1.557418805289491, 44.804044651857758 ], [ 1.556773384001441, 44.804121041877046 ], [ 1.556470313251424, 44.804109903557254 ], [ 1.556269313009931, 44.804027527890653 ], [ 1.556198536468546, 44.803667235840571 ], [ 1.556231712696533, 44.803100799039655 ], [ 1.556239371347959, 44.802552171915458 ], [ 1.556372227673235, 44.802085383225695 ], [ 1.556618021610534, 44.801673362399661 ], [ 1.556747986133683, 44.801413433170936 ], [ 1.556913590026162, 44.801315662259761 ], [ 1.557259684223882, 44.800958318016548 ], [ 1.5571891556859, 44.800580038850491 ], [ 1.55697867062833, 44.800272728904957 ], [ 1.556807462971147, 44.799866752939792 ], [ 1.557012212146383, 44.79967931123894 ], [ 1.556610617667043, 44.799487581376539 ], [ 1.556287453480758, 44.799107515078468 ], [ 1.555717056976277, 44.798338922709299 ], [ 1.554881535479407, 44.797559453603675 ], [ 1.553978347823499, 44.797103308706674 ], [ 1.553296746531426, 44.797062489407949 ], [ 1.55237350581879, 44.797136878295099 ], [ 1.551599315979842, 44.797392217175783 ], [ 1.55093956276045, 44.797594396731235 ], [ 1.550558083992358, 44.797771573395273 ], [ 1.549898069769423, 44.797991734871303 ], [ 1.54960842413352, 44.797926704007587 ], [ 1.549256381995377, 44.797807259181383 ], [ 1.548754787056106, 44.797542828058667 ], [ 1.54824157954135, 44.797206353547324 ], [ 1.547776874933813, 44.797014139564389 ], [ 1.547044244657363, 44.797008896116651 ], [ 1.546436531592082, 44.79710348439739 ], [ 1.546171014553519, 44.797119570792781 ], [ 1.545603101213519, 44.797079519270412 ] ] ] } },
{ "type": "Feature", "properties": { "nom": "GR 36" }, "geometry": { "type": "MultiLineString", "coordinates": [ [ [ 1.04357943930067, 44.529808931550988 ], [ 1.044145318584027, 44.529806602033233 ], [ 1.045217530449721, 44.529657323238283 ], [ 1.045999377205973, 44.529558586046342 ], [ 1.046756492468917, 44.529441564012629 ], [ 1.047123304501192, 44.529346936156685 ], [ 1.048209297689314, 44.530241141060117 ], [ 1.049010524186997, 44.530943113125474 ], [ 1.049500775167341, 44.530400203780573 ], [ 1.0499504245399, 44.529982738140355 ], [ 1.050141863666293, 44.529859060673218 ], [ 1.050459419792081, 44.529718871345786 ], [ 1.0507901616427, 44.529551853059822 ], [ 1.050484748397584, 44.529161514921981 ], [ 1.050463312214705, 44.52899936481964 ], [ 1.050604260388116, 44.528884088823453 ], [ 1.050924073043969, 44.528644986647883 ], [ 1.051697642977812, 44.528357230207888 ], [ 1.05239701635893, 44.528014634318936 ], [ 1.052806038602748, 44.527722603943765 ], [ 1.053342398708881, 44.527360106624876 ] ] ] } },
{ "type": "Feature", "properties": { "nom": "GR 6" }, "geometry": { "type": "MultiLineString", "coordinates": [ [ [ 1.673330589637417, 44.788756394355531 ], [ 1.673152169757611, 44.78889023966164 ], [ 1.673188352442499, 44.789034370713978 ], [ 1.673567037426601, 44.789054638765471 ], [ 1.673809245770703, 44.788867208685858 ], [ 1.674075645037278, 44.788769869437502 ], [ 1.674099093969416, 44.788922918035126 ], [ 1.673959099289406, 44.7890120228192 ], [ 1.674046229828459, 44.789120481355006 ], [ 1.67452670066167, 44.789078395697175 ], [ 1.674247137416476, 44.789220629587291 ], [ 1.673968425027625, 44.789290911393543 ], [ 1.673551847556192, 44.789270417422443 ], [ 1.673222721557203, 44.789331399558428 ], [ 1.673003634829247, 44.789698858792555 ] ] ] } },
{ "type": "Feature", "properties": { "nom": "GR 65" }, "geometry": { "type": "MultiLineString", "coordinates": [ [ [ 1.408384140161247, 44.363307383093414 ], [ 1.408518841267064, 44.363754871544089 ], [ 1.407983633792805, 44.364054815256033 ], [ 1.407647684442424, 44.364192885627567 ], [ 1.406934926269442, 44.365921552420915 ], [ 1.406751538141966, 44.366538261522749 ], [ 1.406260678895819, 44.367460200750962 ], [ 1.405770475219147, 44.368358326548432 ], [ 1.405358716359897, 44.368828795357501 ], [ 1.405216545380006, 44.369160240126341 ], [ 1.404837973316389, 44.369631189059263 ], [ 1.404491249523177, 44.370150241334287 ], [ 1.404147203414992, 44.370574045060138 ], [ 1.404007032956708, 44.370834051697493 ], [ 1.403662307831685, 44.371281666619311 ], [ 1.403388001030532, 44.371587370900947 ], [ 1.402940315341674, 44.372152598357907 ], [ 1.402727695525751, 44.372625948950159 ], [ 1.402519102533402, 44.372956426412358 ], [ 1.402307818569373, 44.373382152069127 ], [ 1.402132418708571, 44.373713110770716 ], [ 1.401955674071741, 44.374091694452389 ], [ 1.40183927521212, 44.374685549022161 ] ] ] } },
{ "type": "Feature", "properties": { "nom": "GR 652" }, "geometry": { "type": "MultiLineString", "coordinates": [ [ [ 1.295949045566903, 44.706055458634673 ], [ 1.296328201054923, 44.706014065645753 ], [ 1.296658582490977, 44.705882263689489 ], [ 1.297505661931266, 44.705773325647868 ], [ 1.298224631805196, 44.705771111098798 ], [ 1.298551006566632, 44.705855140040114 ], [ 1.298989545269094, 44.706012182995693 ], [ 1.299401033192301, 44.706267911173455 ], [ 1.300048633250137, 44.706714750901604 ], [ 1.300672851626636, 44.707062424314671 ], [ 1.301186238796595, 44.707265136885567 ], [ 1.301625293993125, 44.707395190104265 ], [ 1.301953344958628, 44.707389277522999 ], [ 1.30264777680007, 44.707350824971904 ], [ 1.303986526263307, 44.707255447066593 ], [ 1.304528795630001, 44.707260530141554 ], [ 1.304956904193184, 44.707300520170705 ], [ 1.30550000088357, 44.707260631325688 ], [ 1.30584082767399, 44.707245832084169 ], [ 1.306217830464643, 44.707321317972877 ], [ 1.306785984491173, 44.707290652666565 ], [ 1.307366418001555, 44.707278088473899 ], [ 1.307931761756646, 44.707400302035282 ], [ 1.308382949929763, 44.707557425880331 ], [ 1.308326230636028, 44.707898697419274 ], [ 1.308700105835704, 44.70814504478966 ], [ 1.308851673100343, 44.70825599691625 ] ] ] } },
{ "type": "Feature", "properties": { "nom": "GR 65" }, "geometry": { "type": "MultiLineString", "coordinates": [ [ [ 1.961526357092855, 44.573791761981347 ], [ 1.961010561270299, 44.573781004770879 ], [ 1.960720696774501, 44.57385195941449 ], [ 1.960494947701909, 44.573743264235553 ], [ 1.960105453698691, 44.573660986714984 ], [ 1.959577259529572, 44.573623199076017 ], [ 1.958645964415817, 44.573655968918899 ], [ 1.957512932851589, 44.573750988676331 ], [ 1.956102609187282, 44.573916982589573 ], [ 1.955239826302671, 44.574975218063351 ], [ 1.95466805820198, 44.575791636200428 ], [ 1.954579002441589, 44.5759352223617 ], [ 1.954376459939033, 44.576114386482026 ], [ 1.954688201829679, 44.576529172497779 ], [ 1.954523097458523, 44.576753435463743 ], [ 1.954497565442158, 44.576807306860616 ], [ 1.954472094153004, 44.576852186398305 ], [ 1.954446621580669, 44.576897065018876 ] ] ] } },
{ "type": "Feature", "properties": { "nom": "GR 652" }, "geometry": { "type": "MultiLineString", "coordinates": [ [ [ 1.378205027567877, 44.736401556664617 ], [ 1.378067178649442, 44.736474284262634 ], [ 1.378047200907063, 44.736492784039328 ], [ 1.377518918534171, 44.736802320187493 ], [ 1.37710698105331, 44.737275456700075 ], [ 1.37646208377714, 44.737350791936422 ], [ 1.375702388916257, 44.73749708175869 ], [ 1.375109349443352, 44.737491908483079 ], [ 1.374703104985753, 44.737632279937799 ], [ 1.374367773247191, 44.738052106082378 ], [ 1.373893483435609, 44.738479713200327 ], [ 1.373356249302713, 44.738897773763668 ], [ 1.372744846829591, 44.739225234465053 ], [ 1.372210076718456, 44.739499394158202 ], [ 1.371380736038671, 44.74002282550677 ] ] ] } },
{ "type": "Feature", "properties": { "nom": "GR 36" }, "geometry": { "type": "MultiLineString", "coordinates": [ [ [ 1.666389840654353, 44.366836134112376 ], [ 1.666621592764661, 44.367377122153741 ], [ 1.667665352915363, 44.367104732233287 ], [ 1.668407186704348, 44.366920416230293 ], [ 1.669010592348732, 44.366780215585408 ], [ 1.669437435135026, 44.366728862498846 ], [ 1.669662433870747, 44.366784191567056 ], [ 1.670228015546798, 44.366661738200904 ], [ 1.671207474708587, 44.366523814881383 ], [ 1.67207432381888, 44.366367213582642 ], [ 1.672916415863649, 44.366183477511647 ], [ 1.673657796117529, 44.366035094829904 ], [ 1.673590738740784, 44.365342243755819 ], [ 1.673784376820781, 44.364866799475038 ], [ 1.673787340582751, 44.364615019137773 ], [ 1.674052161338963, 44.364481731528628 ], [ 1.674343742566235, 44.364204721344564 ], [ 1.674460469065421, 44.363872694784781 ] ] ] } },
{ "type": "Feature", "properties": { "nom": "GR 36" }, "geometry": { "type": "MultiLineString", "coordinates": [ [ [ 1.610651040030357, 44.450637594620588 ], [ 1.609980684232126, 44.451019861735347 ], [ 1.609147463620034, 44.451374064692857 ], [ 1.608177766471819, 44.451601448262956 ], [ 1.607699891559072, 44.451661224130497 ], [ 1.607222833085812, 44.45165804949842 ], [ 1.606959777683285, 44.451611332676421 ], [ 1.605564628237967, 44.45172794029564 ], [ 1.605036882796412, 44.45176039136696 ], [ 1.604510074749961, 44.451720900418259 ], [ 1.602679975073222, 44.452455101645384 ], [ 1.6017699503035, 44.452916653610266 ], [ 1.601089069567011, 44.453136918552204 ], [ 1.600434704864803, 44.453249437567777 ], [ 1.600180670149786, 44.453472563350225 ], [ 1.599245499258646, 44.453933929773157 ], [ 1.598978076074087, 44.454219916488242 ], [ 1.598620760412642, 44.454658184054189 ], [ 1.598139542979268, 44.454969710617107 ], [ 1.597390883920304, 44.45556721817244 ], [ 1.596431254824108, 44.455974437302771 ], [ 1.595623460055595, 44.456292741064601 ], [ 1.595192552149557, 44.456595601173213 ], [ 1.59360508384161, 44.457951841755929 ], [ 1.592727090447775, 44.458827235735008 ], [ 1.592101499238046, 44.459605410264295 ], [ 1.591973201526494, 44.459811385417474 ], [ 1.591820504760225, 44.45996323527325 ], [ 1.591731301693293, 44.460061555823103 ], [ 1.591448753288821, 44.460536283281755 ], [ 1.59130443730816, 44.461002955647444 ], [ 1.591148159289899, 44.461424581230609 ], [ 1.590883163243204, 44.461521706149284 ], [ 1.590909469576618, 44.461431951257829 ], [ 1.590855427295691, 44.461719370620898 ], [ 1.590921582530827, 44.462412308153318 ] ] ] } },
{ "type": "Feature", "properties": { "nom": "GR 36" }, "geometry": { "type": "MultiLineString", "coordinates": [ [ [ 1.590921582530827, 44.462412308153318 ], [ 1.590863127160617, 44.463032451228564 ], [ 1.591144538337633, 44.463591952102512 ], [ 1.591103290841326, 44.463861471750199 ], [ 1.590836137555968, 44.464120462990671 ], [ 1.590494236806813, 44.464333977778239 ], [ 1.590178162875611, 44.464493707459859 ], [ 1.589066090126255, 44.465016741869306 ], [ 1.588863502045911, 44.465141268013134 ], [ 1.588711739625525, 44.465221173215731 ], [ 1.588394578062373, 44.465461830571513 ], [ 1.587913571806395, 44.465746336091932 ], [ 1.587052841259843, 44.466253079167871 ], [ 1.586582698337158, 44.466663559866085 ], [ 1.586062919869346, 44.467028732366195 ], [ 1.585847518651421, 44.467171152604756 ], [ 1.585390157623471, 44.467563729760158 ], [ 1.585060052163111, 44.467831269297868 ], [ 1.584565968773914, 44.468151643995512 ], [ 1.584091057211074, 44.467977513407199 ], [ 1.583521862158735, 44.468279381052369 ], [ 1.583128590788051, 44.468573461538895 ], [ 1.582621449591394, 44.468929711813828 ], [ 1.582274781937391, 44.469493911589808 ], [ 1.581917722556889, 44.469896157984913 ], [ 1.581512719059651, 44.47012719917528 ], [ 1.581103846136226, 44.470646000311149 ], [ 1.580507070573755, 44.471127531452247 ], [ 1.580013295840594, 44.471420908291094 ], [ 1.579694368242701, 44.471787437954916 ], [ 1.579236078292049, 44.472242937359603 ], [ 1.579056499430142, 44.47252049287431 ], [ 1.578714987732246, 44.472698001932855 ], [ 1.57825116022952, 44.472631842926646 ], [ 1.578444029475055, 44.472300420037094 ], [ 1.578648485699274, 44.472041023946623 ] ] ] } },
{ "type": "Feature", "properties": { "nom": "GR 36" }, "geometry": { "type": "MultiLineString", "coordinates": [ [ [ 1.241209408879847, 44.50208184072217 ], [ 1.240619612237402, 44.50279769805352 ], [ 1.240281933987728, 44.503227469747721 ], [ 1.240027092225152, 44.503600541338884 ], [ 1.239455335310307, 44.503736471201037 ], [ 1.238110130251698, 44.503976089871507 ], [ 1.236846854556237, 44.504187991362414 ], [ 1.235867192770529, 44.504404414223316 ], [ 1.234800145579681, 44.504822504426784 ], [ 1.233894249570638, 44.50527217505649 ], [ 1.233188211902139, 44.505812071831166 ], [ 1.232650585352997, 44.506151588105624 ], [ 1.231588926984834, 44.506395670874063 ], [ 1.230916447490583, 44.505862698517504 ], [ 1.230492539147178, 44.505159644445321 ], [ 1.229268284419717, 44.504124629029675 ], [ 1.228916353681697, 44.503712831794459 ], [ 1.228495213732682, 44.502922783018626 ], [ 1.228425089876836, 44.502573529307604 ], [ 1.228085501524845, 44.503061256304512 ], [ 1.228111468656582, 44.503525843088504 ] ] ] } },
{ "type": "Feature", "properties": { "nom": "GR 36" }, "geometry": { "type": "MultiLineString", "coordinates": [ [ [ 1.228111468656582, 44.503525843088504 ], [ 1.227312958422451, 44.503135876478382 ], [ 1.226508997066719, 44.502919880251213 ], [ 1.225385465340204, 44.502553684303237 ], [ 1.224010649776313, 44.502444527989283 ], [ 1.223016818702389, 44.501978642663659 ] ] ] } },
{ "type": "Feature", "properties": { "nom": "GR 36" }, "geometry": { "type": "MultiLineString", "coordinates": [ [ [ 1.166271937464634, 44.512405818365366 ], [ 1.165549987553104, 44.512065334550741 ], [ 1.164810605979123, 44.511958506272755 ], [ 1.164132372320212, 44.511933273872131 ], [ 1.163898105023127, 44.511714912126067 ], [ 1.163487154774346, 44.511530637924238 ], [ 1.162927660648608, 44.51123684360735 ], [ 1.162581240972887, 44.510972308730153 ], [ 1.162075592753298, 44.510508198861764 ], [ 1.161619278217101, 44.510089585175329 ], [ 1.161619942235232, 44.510088669662629 ] ], [ [ 1.161619942235232, 44.510088669662629 ], [ 1.161632220174787, 44.51007173572237 ], [ 1.161631845095299, 44.510089719834554 ], [ 1.161619942235232, 44.510088669662629 ] ], [ [ 1.161619942235232, 44.510088669662629 ], [ 1.161167639844005, 44.510048772182273 ], [ 1.160551322095862, 44.510069151084842 ], [ 1.159797527134719, 44.510052075903197 ], [ 1.159543374827065, 44.51018426136109 ], [ 1.158964943058172, 44.510196043573821 ], [ 1.15849923204251, 44.510227021068417 ], [ 1.158054317072948, 44.510465085078422 ], [ 1.15750290055443, 44.510387208385815 ], [ 1.157254589964945, 44.510240634804596 ], [ 1.157107378577497, 44.510068163683727 ], [ 1.15685869256068, 44.509939573306106 ], [ 1.156068900199285, 44.509841138241413 ] ] ] } },
{ "type": "Feature", "properties": { "nom": "GR 36" }, "geometry": { "type": "MultiLineString", "coordinates": [ [ [ 1.127535233031579, 44.525108423285339 ], [ 1.127054498945405, 44.524662409588963 ], [ 1.126623081980355, 44.524261909100453 ], [ 1.126087242352611, 44.524040139146003 ], [ 1.125406389476574, 44.523546940275864 ], [ 1.124980971099426, 44.523452302470737 ], [ 1.12453216045985, 44.523276457408095 ], [ 1.124273249484783, 44.523039747814416 ], [ 1.124013953539742, 44.522821021715814 ], [ 1.123594558944874, 44.522447624274285 ], [ 1.123167405363792, 44.52243390915325 ], [ 1.122802125172664, 44.522465847436273 ], [ 1.12234983260983, 44.522451850085609 ], [ 1.12185847362852, 44.52250037890191 ], [ 1.121392445022093, 44.522540191502451 ] ] ] } },
{ "type": "Feature", "properties": { "nom": "GR 6" }, "geometry": { "type": "MultiLineString", "coordinates": [ [ [ 1.591113884430684, 44.792737389344495 ], [ 1.591239951398739, 44.792756231341187 ], [ 1.591504596151639, 44.792802993783063 ], [ 1.591542129107273, 44.792830231325183 ], [ 1.592136848618941, 44.792753296723163 ], [ 1.59263100135197, 44.792639701666047 ], [ 1.593111562898028, 44.79259797055856 ], [ 1.593490362829584, 44.79260951982922 ], [ 1.594221030004577, 44.792758357156359 ], [ 1.59479953552499, 44.792951139773812 ], [ 1.595239225004384, 44.793133991778518 ], [ 1.59576506950477, 44.793488319865418 ], [ 1.596088469495017, 44.793868269473123 ], [ 1.596147812549956, 44.794156497905369 ], [ 1.596018405913554, 44.794389490402111 ], [ 1.595814401907235, 44.794532035139923 ], [ 1.595760660266148, 44.79477453092052 ], [ 1.59595870780872, 44.795081680582427 ], [ 1.596317987219301, 44.795614781186103 ], [ 1.596792860871093, 44.796004740410908 ], [ 1.597295382099619, 44.796214989541653 ], [ 1.597611050051504, 44.796226100392211 ], [ 1.59799046949302, 44.796192664754109 ], [ 1.598408376099046, 44.796114511228133 ], [ 1.598777891783163, 44.795874128382628 ], [ 1.599111171432441, 44.795507576150477 ], [ 1.599318253812387, 44.795131184376039 ], [ 1.599627211557696, 44.794692510144785 ], [ 1.600073565148803, 44.794371684981186 ], [ 1.600605016574991, 44.794303276244648 ], [ 1.601047221090973, 44.794297232166386 ], [ 1.601361459839366, 44.794416259595828 ], [ 1.601938588866046, 44.794716930554223 ], [ 1.602478420260894, 44.794972378305694 ], [ 1.602867744509635, 44.795145868263205 ], [ 1.603318811969224, 44.795427704218561 ], [ 1.603594106318625, 44.795627418220448 ], [ 1.60405887437813, 44.795828390494734 ], [ 1.604640624603896, 44.795778285874739 ], [ 1.605376772176483, 44.795513329506235 ], [ 1.605872096804789, 44.795309736165095 ], [ 1.60644367474274, 44.795070666499939 ], [ 1.606697238451953, 44.795000388165022 ], [ 1.607140151213424, 44.794940356103282 ], [ 1.607480490272489, 44.794996575395508 ], [ 1.607731354955931, 44.795133154427063 ], [ 1.60806841479877, 44.795441201280887 ], [ 1.608280334072294, 44.795658473613663 ], [ 1.608617048422141, 44.795993501154321 ], [ 1.609003473282934, 44.796391817698662 ], [ 1.60932838211599, 44.796663801599124 ], [ 1.609592359235291, 44.796764483769898 ], [ 1.609779495402762, 44.796945611436151 ], [ 1.610066750169581, 44.797199355930765 ], [ 1.610369093890395, 44.79726431062096 ], [ 1.610672605065124, 44.797239325199335 ], [ 1.61134383602252, 44.797108822163885 ], [ 1.612091785500509, 44.796906862402828 ], [ 1.61229412451681, 44.796890202406281 ], [ 1.612498326802385, 44.796729639006884 ], [ 1.613159941329777, 44.796365200295945 ], [ 1.613502737572562, 44.796232528476217 ], [ 1.613832085411317, 44.796162731173396 ], [ 1.614588116101208, 44.796311599008419 ], [ 1.615129181169938, 44.796477045120973 ], [ 1.615883016635725, 44.796796789545304 ], [ 1.615958226734088, 44.796842254064956 ], [ 1.616071679366233, 44.796860984930802 ] ] ] } },
{ "type": "Feature", "properties": { "nom": "GR 652" }, "geometry": { "type": "MultiLineString", "coordinates": [ [ [ 1.914431417421587, 44.939903293892257 ], [ 1.914785404782976, 44.939985600966899 ], [ 1.914897816080563, 44.940192914336407 ], [ 1.915302735258786, 44.940239434369317 ], [ 1.915708946221615, 44.940115053149917 ], [ 1.916342163117551, 44.940117463493067 ], [ 1.916761985734505, 44.939867200344899 ], [ 1.916928182207888, 44.939660946805986 ], [ 1.917222237628432, 44.939293269723201 ], [ 1.917743362877459, 44.93904338726805 ], [ 1.918212812587088, 44.938928231752953 ], [ 1.918745040852115, 44.93888527102829 ], [ 1.919201554301358, 44.938806041995093 ], [ 1.919620411678462, 44.938681694035481 ], [ 1.920345287437471, 44.938279653459929 ], [ 1.920954095316148, 44.938156016039606 ], [ 1.921815106592401, 44.938177241954762 ], [ 1.922360256947852, 44.938098332942026 ], [ 1.922829087731284, 44.938064110000866 ], [ 1.923373902083149, 44.938030169876612 ], [ 1.923917981091932, 44.938095167754838 ], [ 1.924398609018791, 44.938177917172474 ], [ 1.925017810471951, 44.938360124851805 ], [ 1.925447521125197, 44.938478659736006 ], [ 1.925661812583316, 44.938614381682463 ], [ 1.926256159704058, 44.938733525574257 ], [ 1.926648611835834, 44.938752972351686 ], [ 1.927116982565953, 44.938781693847481 ], [ 1.927534631423754, 44.938819221113967 ], [ 1.927989744827721, 44.93892884537847 ], [ 1.928443871774859, 44.939173388546493 ], [ 1.928732378687059, 44.939552242169803 ], [ 1.929021021317668, 44.93991310642965 ], [ 1.929486244999803, 44.940373565592921 ], [ 1.929800160843769, 44.940743515332322 ], [ 1.930038026069261, 44.941122179715556 ], [ 1.930061252718638, 44.941410104386648 ], [ 1.930174119005341, 44.941563434603061 ], [ 1.930223267240619, 44.94177049958104 ], [ 1.930335148423622, 44.942058750520324 ], [ 1.930509765292234, 44.942428186364253 ], [ 1.930596910724603, 44.942635391619241 ], [ 1.93078353987773, 44.943094821165396 ], [ 1.931086058571189, 44.943293821293409 ], [ 1.931476580993489, 44.943583092962456 ], [ 1.931576462012299, 44.943781348811271 ], [ 1.931776880968896, 44.944087913257825 ], [ 1.931887271018693, 44.944583041281213 ], [ 1.931808334669592, 44.944987527141699 ], [ 1.93173083670627, 44.945194127497452 ], [ 1.931779536126441, 44.945464155581995 ], [ 1.932143961861678, 44.945861269647885 ], [ 1.932635245808235, 44.94623186139038 ], [ 1.933164729294753, 44.946575606094441 ], [ 1.933289887766392, 44.946782947161829 ], [ 1.93322564544955, 44.946908643143637 ], [ 1.933022209226599, 44.947015840068516 ], [ 1.932286409258441, 44.947175059610089 ], [ 1.931790474592191, 44.947443093440782 ], [ 1.931586312373984, 44.947649230559506 ], [ 1.931546416800412, 44.947909938891804 ], [ 1.93160745582055, 44.948224987353527 ], [ 1.931643230111362, 44.948530948890188 ], [ 1.931679395291038, 44.948782940693867 ], [ 1.931803965734537, 44.9490712377291 ], [ 1.932092546258432, 44.949450084641562 ], [ 1.932572174383894, 44.949685708927817 ], [ 1.932899350643662, 44.949983740222962 ], [ 1.933366516266073, 44.950192330773604 ], [ 1.933783343244256, 44.950355761129963 ], [ 1.934111571670788, 44.950509872857502 ], [ 1.934415636782105, 44.950501984607598 ], [ 1.934693850478018, 44.950565961692732 ], [ 1.935224619387016, 44.950738796496346 ], [ 1.935678615348371, 44.9510192902247 ], [ 1.936260253307136, 44.951165318991237 ], [ 1.936842735718773, 44.951194413051958 ], [ 1.937246397607483, 44.951429742620292 ], [ 1.937484875035841, 44.951736434642967 ] ] ] } },
{ "type": "Feature", "properties": { "nom": "GR" }, "geometry": { "type": "MultiLineString", "coordinates": [ [ [ 1.209041933591655, 44.61664741535246 ], [ 1.209616934808697, 44.616860183660172 ], [ 1.209839770036358, 44.617051351428465 ], [ 1.209984354258692, 44.617376634869842 ], [ 1.2099756861163, 44.617808282342843 ], [ 1.209818638697597, 44.618103492503927 ], [ 1.209676528353112, 44.618281926562794 ], [ 1.209623635366982, 44.618407307859187 ], [ 1.209567672061532, 44.618685563467906 ], [ 1.209940701216601, 44.618923243640886 ], [ 1.210388195516984, 44.619215651513699 ], [ 1.21056158089947, 44.619361339357582 ], [ 1.210645927698427, 44.619551087450802 ], [ 1.210589245331103, 44.619865315619833 ], [ 1.210280740581104, 44.620176964447857 ], [ 1.209972592819005, 44.620470627371098 ], [ 1.209677757036909, 44.620728447637802 ], [ 1.209369603150148, 44.621022108043675 ] ] ] } },
{ "type": "Feature", "properties": { "nom": "GR 46" }, "geometry": { "type": "MultiLineString", "coordinates": [ [ [ 1.59651784275696, 44.760474115966332 ], [ 1.596839748006688, 44.760952989207297 ], [ 1.597332183330299, 44.760947300377076 ], [ 1.597700165320611, 44.760805856009029 ], [ 1.598381001892844, 44.760873382013699 ], [ 1.598859389499438, 44.760975526552976 ], [ 1.599175095629014, 44.760968645732696 ], [ 1.599755658144222, 44.760981524288482 ], [ 1.60017105028462, 44.761074247140996 ], [ 1.600635045336537, 44.761311205483182 ], [ 1.601135023519455, 44.761692315028434 ], [ 1.601357284734685, 44.762071569954507 ], [ 1.601210266035608, 44.762691213914813 ], [ 1.601190549683806, 44.763230756202937 ], [ 1.601198444181494, 44.763590591506421 ], [ 1.601749179087946, 44.763954048088372 ], [ 1.602100648870319, 44.764109299056621 ], [ 1.602444335275844, 44.763895719615036 ], [ 1.602588275710888, 44.763509911307132 ], [ 1.602919804913761, 44.763260271823448 ], [ 1.603213104417998, 44.763037360224715 ], [ 1.603546867073172, 44.7626168366453 ], [ 1.603969344333946, 44.762169918385119 ], [ 1.604311717372784, 44.762055264507971 ], [ 1.604689959403695, 44.762093755554972 ], [ 1.605066202589969, 44.762285139592116 ], [ 1.605568805191828, 44.762468365895884 ], [ 1.606071762444439, 44.762624608833939 ], [ 1.606449422481668, 44.762708062960776 ], [ 1.606878401561554, 44.762728893671671 ], [ 1.607409895255234, 44.762633471952597 ], [ 1.608030691135151, 44.762466681612807 ], [ 1.608247522353878, 44.762297217780528 ], [ 1.608475687925251, 44.762226769464391 ], [ 1.608868195776037, 44.762139416774801 ], [ 1.609273209001964, 44.762061139474788 ], [ 1.609577698491499, 44.761946220070946 ], [ 1.610693510614384, 44.762547216184963 ], [ 1.611295491357066, 44.762856995251418 ], [ 1.612148795958065, 44.763258368621557 ], [ 1.613127075342305, 44.763759495762578 ], [ 1.614269834913156, 44.764234709310855 ], [ 1.614935556721932, 44.764499913406176 ], [ 1.61541168699814, 44.76478186146133 ], [ 1.615887242540807, 44.76510877666496 ], [ 1.615961482916102, 44.765226190992031 ], [ 1.615971326888852, 44.765442124859675 ], [ 1.615814964831664, 44.765818873853043 ], [ 1.615790442529329, 44.765999829322425 ], [ 1.615688117934855, 44.766140829987719 ], [ 1.615175778391491, 44.766453240788813 ], [ 1.614893888986854, 44.766687131002811 ], [ 1.61478751121756, 44.767140277058246 ], [ 1.614910089292598, 44.767575934543572 ], [ 1.615238083056235, 44.768563600084534 ], [ 1.615280618585764, 44.769364174941728 ], [ 1.615473419138684, 44.77070112063673 ], [ 1.615576351333472, 44.771104375538854 ], [ 1.61456092214727, 44.77292466681461 ], [ 1.613654694102397, 44.774891027012885 ], [ 1.61290283462141, 44.776087530223371 ], [ 1.612557193169686, 44.776372622852357 ], [ 1.6127507805325, 44.776760936596823 ], [ 1.613664146307123, 44.777254727589323 ], [ 1.614548227738789, 44.778021483980652 ], [ 1.614132096024724, 44.77933474532594 ], [ 1.614229488883961, 44.779963036314555 ], [ 1.61576097732387, 44.780110800744055 ], [ 1.616927458396313, 44.781331270615993 ], [ 1.617740337713948, 44.781325330697143 ], [ 1.616290408850827, 44.782448838703033 ], [ 1.615796390239767, 44.782775409209137 ], [ 1.615057395740679, 44.783197023604536 ], [ 1.614765761107275, 44.783516722537854 ], [ 1.614578634021018, 44.784201487201138 ], [ 1.614566687432661, 44.78468635241093 ], [ 1.61478268025257, 44.785133647306111 ], [ 1.614601521307487, 44.785575979667151 ], [ 1.614201377416365, 44.785692231938484 ], [ 1.613297575972731, 44.785519260003497 ], [ 1.612560001907781, 44.785510032058809 ], [ 1.612046381324048, 44.785624856433479 ], [ 1.611306808968024, 44.785696431592775 ], [ 1.610961397725419, 44.785894193381957 ], [ 1.610558249914305, 44.786131649256831 ], [ 1.610382046231252, 44.786371948477822 ], [ 1.610986194892704, 44.787187876825122 ], [ 1.610403833222738, 44.78778684812233 ], [ 1.608573794929928, 44.788111552945594 ] ] ] } },
{ "type": "Feature", "properties": { "nom": "GR 36" }, "geometry": { "type": "MultiLineString", "coordinates": [ [ [ 1.813243327674253, 44.352889712211407 ], [ 1.813490048591311, 44.353313546756667 ], [ 1.813725158048288, 44.353638406360808 ], [ 1.813947321237665, 44.354008166776737 ], [ 1.814195805466239, 44.354243162631541 ], [ 1.814419475639782, 44.354451061991796 ], [ 1.814703810405206, 44.3548750732202 ], [ 1.814963916643021, 44.355209042746679 ], [ 1.815337573378086, 44.35546261845078 ], [ 1.815448954539672, 44.355616024171368 ], [ 1.816362619436569, 44.355755266366103 ], [ 1.81707567677088, 44.355902540182036 ], [ 1.817413489651886, 44.355967094075289 ], [ 1.817976402786261, 44.356086670659415 ], [ 1.819202337113042, 44.356344274207309 ], [ 1.820040658014604, 44.356501114534716 ], [ 1.820777812053906, 44.356756389805142 ], [ 1.821613839582742, 44.357165000259251 ], [ 1.822275069237737, 44.357500841177661 ], [ 1.823263079932184, 44.357739294257762 ], [ 1.824539780771791, 44.357934128577917 ], [ 1.825778644485496, 44.358155748308889 ], [ 1.826329879256202, 44.358185301605992 ], [ 1.826706050722813, 44.358169071301042 ], [ 1.82737139072392, 44.358055268812542 ], [ 1.827786381553102, 44.357904326970079 ], [ 1.828539450946323, 44.357790926153989 ], [ 1.829004407586265, 44.357658197205616 ], [ 1.829241490563403, 44.357776201931479 ], [ 1.830799937697779, 44.358700673274221 ], [ 1.831572430087313, 44.359216826153784 ], [ 1.833031567606524, 44.360041887867972 ], [ 1.835726114188623, 44.36149309156626 ], [ 1.837397820584267, 44.362391011016264 ], [ 1.838233733790222, 44.36283546544616 ], [ 1.840728622063529, 44.364213694925276 ], [ 1.842462137517799, 44.365228722737712 ], [ 1.843884614065411, 44.365981534942399 ], [ 1.845331729724854, 44.366788395557023 ], [ 1.846068033824627, 44.367169394082232 ], [ 1.846403439420923, 44.367521612383868 ], [ 1.84661498062893, 44.367702414446619 ], [ 1.846950550585769, 44.368036646553023 ] ] ] } },
{ "type": "Feature", "properties": { "nom": "GR 652" }, "geometry": { "type": "MultiLineString", "coordinates": [ [ [ 1.340345369337689, 44.705386625451311 ], [ 1.340742031172893, 44.705776985038682 ], [ 1.341037652516946, 44.706175424733438 ], [ 1.341279175205665, 44.706069671324698 ], [ 1.341678244469105, 44.706325128146815 ], [ 1.342124568036697, 44.706760905160593 ], [ 1.342252589513751, 44.707364705673854 ], [ 1.342639699430839, 44.707584072911125 ], [ 1.343302504139355, 44.707904866865391 ], [ 1.343733993642537, 44.707755847330162 ], [ 1.34477622738592, 44.707306508248124 ], [ 1.345486581527073, 44.70707904118612 ], [ 1.345892041977202, 44.706974752380162 ], [ 1.346437492452547, 44.706799764040348 ], [ 1.346806387165198, 44.706623185820106 ], [ 1.347527746683904, 44.706485751472648 ], [ 1.347930975744387, 44.706507361365794 ], [ 1.348410505437477, 44.706493675310433 ], [ 1.349001945962861, 44.706570937563804 ], [ 1.349404858496697, 44.706610529064932 ] ] ] } },
{ "type": "Feature", "properties": { "nom": "GR 652" }, "geometry": { "type": "MultiLineString", "coordinates": [ [ [ 1.865028036238261, 44.906799942481733 ], [ 1.865419407512061, 44.906918546341046 ], [ 1.865924085290301, 44.907109591673688 ], [ 1.866998934765108, 44.907231100495132 ], [ 1.867897273143142, 44.907270896998405 ], [ 1.868479189290405, 44.907309344317341 ], [ 1.869378284360404, 44.907259183230515 ], [ 1.869464619565624, 44.907529394892322 ], [ 1.870048196772583, 44.907369953434362 ], [ 1.870580992066996, 44.907228285238915 ], [ 1.871076114374136, 44.907050475185301 ], [ 1.871367222528166, 44.907051702044434 ], [ 1.871721239676956, 44.907098167691892 ], [ 1.872657250660058, 44.907174063001065 ], [ 1.87368208574506, 44.907223338777079 ], [ 1.874694489999298, 44.907245567685024 ], [ 1.874921717672116, 44.907318476980713 ], [ 1.875031275966397, 44.907440367955772 ] ] ] } },
{ "type": "Feature", "properties": { "nom": "GR 652" }, "geometry": { "type": "MultiLineString", "coordinates": [ [ [ 1.875059677613755, 44.90747196657685 ], [ 1.875525603450778, 44.907761749317196 ], [ 1.876092643093297, 44.908069942267097 ], [ 1.87701490508663, 44.908280666577035 ], [ 1.877735177529907, 44.908427580067276 ], [ 1.878544203050515, 44.908556867128588 ], [ 1.879265147111625, 44.908622819647078 ], [ 1.879240054635485, 44.908595730692177 ], [ 1.879429470528726, 44.90865048446603 ], [ 1.880275147549925, 44.90894181890534 ], [ 1.88067959221241, 44.909015448593443 ], [ 1.881059018559768, 44.909052994504663 ], [ 1.881439326265333, 44.908982603125246 ], [ 1.882084848981794, 44.908985262156428 ] ] ] } },
{ "type": "Feature", "properties": { "nom": "GR" }, "geometry": { "type": "MultiLineString", "coordinates": [ [ [ 1.1989334602663, 44.610256140143022 ], [ 1.199480811108308, 44.61058560521726 ], [ 1.199927272991671, 44.610923018220085 ], [ 1.200337976156957, 44.611161120027496 ], [ 1.20059961728616, 44.611298740915174 ], [ 1.201238933788189, 44.611440261730984 ], [ 1.201509709601348, 44.611748870144631 ], [ 1.202272744465414, 44.611999595083049 ], [ 1.203149999467538, 44.612206520395993 ], [ 1.203562541342032, 44.612354684491493 ], [ 1.204036399892124, 44.612584428254777 ], [ 1.204182935721688, 44.612810799885104 ], [ 1.204481273493631, 44.613002756091625 ], [ 1.20469166649553, 44.613184812095213 ], [ 1.205051685536601, 44.613440363484088 ], [ 1.205464967561544, 44.613552549658415 ] ] ] } },
{ "type": "Feature", "properties": { "nom": "GR 652" }, "geometry": { "type": "MultiLineString", "coordinates": [ [ [ 1.330537995421439, 44.708713414915763 ], [ 1.330826732099699, 44.70868212520999 ], [ 1.331368533698891, 44.708714055465855 ], [ 1.331977586305526, 44.708512733574032 ], [ 1.332218652518814, 44.708433979364429 ], [ 1.332576442322478, 44.708176394656107 ], [ 1.332808279965467, 44.707908666445483 ], [ 1.333243985568286, 44.707525863805188 ], [ 1.333249302580408, 44.707229086438218 ], [ 1.333506354282406, 44.706961586182388 ], [ 1.333571181619222, 44.706863235248527 ], [ 1.333936091773248, 44.706911531261582 ], [ 1.334287587573125, 44.707004677543807 ], [ 1.334652982856914, 44.707025991694231 ], [ 1.334881426478343, 44.706947117647815 ], [ 1.335035652626104, 44.706786615129758 ], [ 1.335431734374426, 44.706502385682334 ], [ 1.33566146183033, 44.706351564086319 ], [ 1.336080348617922, 44.706202459612783 ], [ 1.336650400593895, 44.706063721201645 ], [ 1.337093701772932, 44.70595980883396 ], [ 1.337587924831436, 44.705829372778595 ], [ 1.338221023952664, 44.7056911985254 ], [ 1.338855880727746, 44.705454094223249 ], [ 1.339326956893188, 44.705206509932921 ], [ 1.339401498781365, 44.705270147173373 ], [ 1.339856117782616, 44.705238284167876 ], [ 1.340345369337689, 44.705386625451311 ] ] ] } },
{ "type": "Feature", "properties": { "nom": "GR 36" }, "geometry": { "type": "MultiLineString", "coordinates": [ [ [ 1.910577205649752, 44.3557944679782 ], [ 1.911241803322045, 44.355752092592766 ], [ 1.912118580849652, 44.355827441716265 ], [ 1.912619636222354, 44.355865356117505 ], [ 1.913246159258688, 44.355885769661427 ], [ 1.914371175363986, 44.356285793827915 ], [ 1.915121217205923, 44.356549472368968 ], [ 1.916097337806911, 44.356751068321749 ], [ 1.916885733164452, 44.356915964256437 ], [ 1.917761463917342, 44.357135144600804 ], [ 1.918424333426312, 44.357326526039508 ], [ 1.918961671145278, 44.357544401513927 ], [ 1.919015878653789, 44.356996062382272 ], [ 1.919094952117232, 44.356474796627921 ], [ 1.919361687242945, 44.355999209359382 ], [ 1.920155474924794, 44.35543570594006 ], [ 1.920686053240383, 44.354871195852226 ], [ 1.921355147067872, 44.354217284349701 ], [ 1.921683853333271, 44.353831852903269 ], [ 1.921698044656826, 44.353607093839749 ], [ 1.921763229113969, 44.353265624041057 ], [ 1.922017460457997, 44.352780992023973 ], [ 1.922219968665074, 44.352511984421412 ], [ 1.922560793457218, 44.352180552466635 ], [ 1.92264957862466, 44.352037007966317 ], [ 1.92301612455196, 44.351615746772424 ], [ 1.923294675397335, 44.351230121933597 ], [ 1.923497435167051, 44.350925142093075 ], [ 1.923625001283521, 44.350619878365713 ], [ 1.924030182491665, 44.35005488012775 ], [ 1.924535806501746, 44.349463281760535 ], [ 1.925267251922374, 44.348836561519711 ], [ 1.926199053994303, 44.348228573500478 ], [ 1.926940835861849, 44.347898634018293 ], [ 1.927557360699445, 44.347559228154033 ], [ 1.9275465952746, 44.347316390501291 ], [ 1.92751194429687, 44.346911597905816 ], [ 1.927316745054829, 44.346182474874418 ], [ 1.927218852870509, 44.345858377881484 ], [ 1.927023989323336, 44.345084293797221 ], [ 1.926875191963986, 44.344867915780434 ], [ 1.92631373521041, 44.344533086989749 ], [ 1.927239696363688, 44.344716409091653 ], [ 1.927914328905004, 44.344997701498997 ], [ 1.928425024031852, 44.345422257465742 ], [ 1.929083621676115, 44.346189078338654 ], [ 1.929854693553437, 44.347001275560409 ], [ 1.930390548496403, 44.347416923477766 ], [ 1.930927318895747, 44.347706677781048 ], [ 1.931774339816473, 44.348420226900032 ], [ 1.933172517937069, 44.349171775089651 ], [ 1.934146515809531, 44.349660961831795 ], [ 1.934469513851499, 44.350057821277801 ], [ 1.934840653359007, 44.350733624324008 ], [ 1.935262186597934, 44.351373642388296 ], [ 1.93564933887908, 44.351563906146815 ] ] ] } },
{ "type": "Feature", "properties": { "nom": "GR 36" }, "geometry": { "type": "MultiLineString", "coordinates": [ [ [ 1.783296796725218, 44.344486975291709 ], [ 1.783400841609006, 44.344100820632327 ], [ 1.783552444284815, 44.343975691726229 ], [ 1.783803053247755, 44.343976959669114 ], [ 1.784092224115723, 44.343879504045631 ], [ 1.784269149544531, 44.343727523822771 ], [ 1.784403635219825, 44.343601177463995 ], [ 1.784564806412959, 44.343433342031695 ], [ 1.785066053507963, 44.342967178561608 ], [ 1.785532752454293, 44.342654792812418 ], [ 1.78612457073249, 44.342361021149287 ], [ 1.786803040770003, 44.342175592831424 ], [ 1.787418153885499, 44.342061782553138 ], [ 1.787707220506235, 44.341973309220414 ], [ 1.788047021408409, 44.341822141917163 ], [ 1.788276150977195, 44.341454595903897 ], [ 1.78843027460452, 44.34106868833414 ] ] ] } },
{ "type": "Feature", "properties": { "nom": "GR" }, "geometry": { "type": "MultiLineString", "coordinates": [ [ [ 1.224016145232044, 44.643891474855273 ], [ 1.224952565799946, 44.643685069551807 ], [ 1.224926660577673, 44.643720787025195 ], [ 1.224952565799946, 44.643685069551807 ], [ 1.225268725330146, 44.643625301891703 ], [ 1.226268474760317, 44.643401536329534 ], [ 1.227165309705462, 44.643284658617461 ] ] ] } },
{ "type": "Feature", "properties": { "nom": "GR 36" }, "geometry": { "type": "MultiLineString", "coordinates": [ [ [ 1.377189504971243, 44.454878233504388 ], [ 1.37812374980211, 44.454580623285452 ], [ 1.379160257684917, 44.454175976398268 ], [ 1.379754748926604, 44.453920353808549 ], [ 1.380123258078653, 44.453662757009099 ], [ 1.380453643790179, 44.453431806805895 ], [ 1.380886751326987, 44.45306684831835 ], [ 1.381056370879645, 44.452690599358661 ], [ 1.381226141253354, 44.452305357589474 ], [ 1.381394992323811, 44.451974069500736 ], [ 1.381573494932084, 44.451813741474304 ], [ 1.381816902458388, 44.451528068954097 ], [ 1.382376591947195, 44.451101252285525 ], [ 1.383215195086204, 44.45051497686233 ], [ 1.384051648108027, 44.450054584545136 ], [ 1.384864046989982, 44.449531023776444 ], [ 1.386463084678674, 44.448519634273119 ], [ 1.386958880101785, 44.448155197001142 ], [ 1.387731290352513, 44.44776617045104 ], [ 1.388542862881165, 44.447287543399092 ], [ 1.388542712236695, 44.447296536018577 ], [ 1.38902184134768, 44.447174769500947 ], [ 1.389513218319136, 44.447071093014181 ], [ 1.390867713193607, 44.447154733106807 ], [ 1.39130464384257, 44.447302396698632 ], [ 1.391853647272703, 44.447504984756861 ], [ 1.392288597656185, 44.447023083896163 ], [ 1.392721278571031, 44.446676064275408 ], [ 1.393024655226966, 44.446552767232745 ], [ 1.39332622208216, 44.446537375288671 ], [ 1.393974892905389, 44.446785778192748 ], [ 1.394563216206724, 44.446889762135704 ], [ 1.394776763908666, 44.446882603751874 ], [ 1.396235292364456, 44.446751227987832 ], [ 1.39724131370546, 44.446651930164975 ], [ 1.397958920746638, 44.44653216767022 ], [ 1.398928477284886, 44.446360594845068 ], [ 1.399695237865781, 44.446304195335401 ], [ 1.401464264995449, 44.446373255211604 ], [ 1.402616871207421, 44.446517978999729 ], [ 1.403181891982622, 44.446513795540795 ], [ 1.403521560474853, 44.446471718328802 ], [ 1.403849271736874, 44.446393565208773 ], [ 1.404844061317257, 44.44621315914538 ], [ 1.404856762572058, 44.446204273464595 ], [ 1.405625003122086, 44.446057908269331 ], [ 1.406357366333465, 44.445803313107632 ], [ 1.407116611248275, 44.445441019504521 ], [ 1.407409179770247, 44.445209668367369 ], [ 1.408032857200432, 44.444693331464023 ], [ 1.408510141632596, 44.44467938464058 ], [ 1.409541059305855, 44.444589176711204 ], [ 1.410369954709498, 44.4445692001417 ], [ 1.411135200545075, 44.444602640152873 ], [ 1.412302858553409, 44.444594501310668 ], [ 1.413069433930237, 44.444546998735206 ], [ 1.413344551268507, 44.444612269161318 ], [ 1.414162071498387, 44.444520220639092 ], [ 1.414627095579085, 44.444488157083363 ], [ 1.415140707570789, 44.44455542822071 ], [ 1.415278929220306, 44.44454759542873 ], [ 1.416168817693631, 44.444636008416424 ], [ 1.41669439738742, 44.444739346716815 ], [ 1.417033162311993, 44.44475118099497 ], [ 1.417257928694239, 44.44482501293777 ], [ 1.417757379360441, 44.444991079957994 ], [ 1.418318566661129, 44.445220616671527 ], [ 1.418805030911656, 44.445413550570244 ], [ 1.419218383673283, 44.445470969888035 ], [ 1.419594078001526, 44.44552807273152 ], [ 1.420032537361535, 44.445585698632961 ], [ 1.420332625958469, 44.445660152918016 ], [ 1.42044764936815, 44.445535206129179 ], [ 1.420162164088292, 44.44533496577516 ], [ 1.419851869905064, 44.445116529854452 ], [ 1.41960360689263, 44.444943579030934 ], [ 1.419718336604412, 44.444836617409621 ], [ 1.419868524884087, 44.444864852876407 ], [ 1.420430891515464, 44.445022440409183 ], [ 1.421068430140707, 44.445189646566845 ] ] ] } },
{ "type": "Feature", "properties": { "nom": "GR 65" }, "geometry": { "type": "MultiLineString", "coordinates": [ [ [ 1.616568897396772, 44.347346933242868 ], [ 1.616984373572493, 44.347196790287661 ], [ 1.617186132097737, 44.347099197457119 ], [ 1.618189754049968, 44.347015866616943 ], [ 1.619367204075057, 44.347059564923242 ], [ 1.6205958079917, 44.347022651443886 ], [ 1.621372954025911, 44.347009750225368 ], [ 1.622437285901861, 44.347079654286937 ], [ 1.62247533371441, 44.347043931745702 ], [ 1.623101767159528, 44.347057013338137 ], [ 1.62359104407667, 44.347015239618877 ], [ 1.624204263042475, 44.347082185065553 ], [ 1.624981977041972, 44.347024298656066 ], [ 1.626213979809733, 44.346717561553163 ], [ 1.626704497282705, 44.346576862099717 ], [ 1.627709115181321, 44.346412516643568 ], [ 1.628703795176836, 44.34604126340453 ], [ 1.629547983004709, 44.345678022088357 ], [ 1.63063102835883, 44.345253367033443 ], [ 1.631811938355505, 44.345018179681631 ], [ 1.633344478059649, 44.344722292411745 ], [ 1.634085455714835, 44.344592163612447 ], [ 1.634963929037854, 44.344489890082841 ], [ 1.635554089151491, 44.344394755089695 ] ] ] } },
{ "type": "Feature", "properties": { "nom": "GR 651" }, "geometry": { "type": "MultiLineString", "coordinates": [ [ [ 1.702675849567951, 44.529981335529804 ], [ 1.702373008180294, 44.530078513855138 ], [ 1.702022805170144, 44.53012063631617 ], [ 1.70088994229711, 44.530033955394323 ], [ 1.700422646424204, 44.53022010995398 ], [ 1.699889225432665, 44.530693672055001 ], [ 1.699418143967001, 44.531212561552906 ], [ 1.698844535854269, 44.53190173039161 ], [ 1.698827767816151, 44.531164164157246 ], [ 1.698675977554862, 44.530138020853713 ], [ 1.698508658236848, 44.529372598672438 ], [ 1.698515811240412, 44.528743095041342 ], [ 1.698584594337351, 44.528221871231523 ], [ 1.698267449010912, 44.527365643428382 ], [ 1.69780671378674, 44.526976241416556 ], [ 1.697283640675606, 44.526541507451832 ], [ 1.696316327747649, 44.525375705216241 ], [ 1.695523548156155, 44.525443024193166 ], [ 1.69415415583263, 44.52536306592139 ], [ 1.693160550437955, 44.525402211069 ], [ 1.691939947801364, 44.525502968220437 ], [ 1.690820838364374, 44.525523367653257 ], [ 1.690001458800438, 44.525716399363269 ], [ 1.689432144190759, 44.526027815951416 ], [ 1.689126502825838, 44.526367765979771 ], [ 1.688849422526112, 44.526411097536439 ], [ 1.688432918593801, 44.526552534047752 ], [ 1.687839795363852, 44.526746886186054 ], [ 1.687131032771193, 44.527156394903542 ], [ 1.686110790198917, 44.527321228206183 ], [ 1.686060296457454, 44.527338915929718 ], [ 1.685492403871937, 44.527524411208688 ], [ 1.684974478673257, 44.527737180875128 ], [ 1.68459702782612, 44.527761919313498 ], [ 1.684146237984916, 44.527606350246153 ], [ 1.683731699280883, 44.527576903383455 ], [ 1.683203812484235, 44.527564767898234 ], [ 1.682562365353811, 44.527587926857883 ], [ 1.682736268206476, 44.527768833902101 ], [ 1.682847211563109, 44.52795835841065 ], [ 1.683018395674581, 44.528373080908857 ], [ 1.682840302515286, 44.52855189044358 ], [ 1.682637797477792, 44.52866759890491 ], [ 1.681935157722012, 44.528546493488889 ], [ 1.681546386163156, 44.528463231421291 ], [ 1.681307529319808, 44.52846180588876 ], [ 1.68094201188787, 44.528540564165887 ], [ 1.680535313358657, 44.528915861494006 ], [ 1.679800063755532, 44.529433087068305 ], [ 1.679267633847276, 44.529807627894314 ], [ 1.679201932679525, 44.530050059477198 ], [ 1.678996887757171, 44.53038159167096 ], [ 1.678595220270205, 44.53032522232153 ], [ 1.678120758467048, 44.530043576578244 ], [ 1.678024719086406, 44.529656278369472 ], [ 1.677938088390792, 44.52953884220215 ], [ 1.677964920462481, 44.529395107094835 ], [ 1.677916214943408, 44.529259911923582 ], [ 1.677830746630877, 44.529043554318051 ], [ 1.677421056973982, 44.528600410825668 ], [ 1.676899393889448, 44.528057663588037 ], [ 1.676438906625783, 44.527659179038132 ], [ 1.675625479207799, 44.527339508431574 ], [ 1.675184641157652, 44.527408800351033 ], [ 1.674516035443564, 44.527602625736598 ], [ 1.673936485533023, 44.527707049645805 ], [ 1.67354921824691, 44.527497859305164 ], [ 1.673323892055061, 44.527415555370538 ], [ 1.673084508355819, 44.527459075600646 ], [ 1.67246915755003, 44.527401392144988 ], [ 1.671991666057865, 44.527380513877915 ], [ 1.671604728083878, 44.527144337900417 ], [ 1.671005577622808, 44.526780964132186 ], [ 1.670815945251652, 44.526869748612981 ], [ 1.670272615554152, 44.527100282406714 ], [ 1.669753249093944, 44.527429888347484 ], [ 1.669351504414256, 44.527382478674284 ], [ 1.668687477889827, 44.527189574399827 ], [ 1.667794285821448, 44.527238095188551 ], [ 1.667052695201976, 44.527224578522954 ], [ 1.666303472104875, 44.52679730851834 ], [ 1.665854565559948, 44.526488785100298 ], [ 1.665168322506863, 44.526052898597051 ], [ 1.664394633237314, 44.525571504506459 ], [ 1.663957026543639, 44.525370965261942 ], [ 1.66363482045832, 44.524982267367037 ], [ 1.663334526657572, 44.524863509792191 ], [ 1.662870817520699, 44.524743747657084 ], [ 1.662233065236215, 44.52446103029834 ], [ 1.662237060629532, 44.524128294324186 ], [ 1.662352677264446, 44.523922154172595 ], [ 1.662494081924968, 44.52366221068614 ] ] ] } },
{ "type": "Feature", "properties": { "nom": "GR 65" }, "geometry": { "type": "MultiLineString", "coordinates": [ [ [ 1.864123648108692, 44.507062349895953 ], [ 1.864290571769762, 44.506640387041365 ], [ 1.863967621288848, 44.506189333010433 ], [ 1.863568518959827, 44.505827881367431 ], [ 1.863419235504885, 44.505647371690259 ], [ 1.863197587225825, 44.505106820107521 ], [ 1.863152477166322, 44.504495084753472 ], [ 1.863224480075739, 44.503407214390393 ], [ 1.863169457289638, 44.502480674869723 ], [ 1.863149632606412, 44.501851063079414 ], [ 1.863264541888321, 44.501635721729279 ], [ 1.864371449254205, 44.501505598861002 ], [ 1.865366242646764, 44.501258071253226 ], [ 1.86514497013501, 44.500672560740178 ], [ 1.864735903440389, 44.50000530158372 ], [ 1.863585281398371, 44.499361820999525 ], [ 1.862054089122919, 44.499148356731389 ], [ 1.86015714855738, 44.499095159683577 ], [ 1.859328850670613, 44.498974643236181 ], [ 1.855265117161117, 44.498102511087104 ], [ 1.855067782336126, 44.497669968529536 ], [ 1.854924259320384, 44.496823974343975 ], [ 1.854512719723279, 44.496462435729704 ], [ 1.853624744374528, 44.495981884489588 ], [ 1.852856063361443, 44.494782394299499 ], [ 1.852414459819979, 44.493539379935179 ], [ 1.852260750908278, 44.492423542328524 ], [ 1.851858887201767, 44.490946879134242 ], [ 1.851522788539325, 44.490585662903619 ], [ 1.850773204052135, 44.490096708986307 ], [ 1.850048211983034, 44.489670811762409 ], [ 1.849685134672322, 44.489525307652904 ], [ 1.849722901220272, 44.489516482360081 ], [ 1.849248478752499, 44.489172631211225 ], [ 1.848789436250946, 44.48850509179951 ], [ 1.848518060392987, 44.487928318853434 ], [ 1.848457828578968, 44.487631274851573 ], [ 1.848472031918629, 44.487442481186648 ], [ 1.84867639182633, 44.48705668508768 ], [ 1.848942465691847, 44.486797066970283 ], [ 1.849384876002116, 44.486484273853279 ], [ 1.849828373153456, 44.486045579014295 ], [ 1.84984249417774, 44.48586577764938 ], [ 1.849909591315711, 44.485371450560962 ], [ 1.849913333686655, 44.48493979491348 ], [ 1.84906107867845, 44.48471117613844 ], [ 1.847807481715632, 44.484408815550175 ], [ 1.846065719714135, 44.483906405446497 ], [ 1.844386324897064, 44.483458208216952 ], [ 1.843709818170719, 44.483248322969501 ], [ 1.842356819751892, 44.482828541884018 ], [ 1.841947964088755, 44.483609103089783 ], [ 1.841348608502243, 44.484622624993371 ], [ 1.841298361498553, 44.4846223978262 ], [ 1.841085128592967, 44.484585460533573 ], [ 1.840783804357547, 44.484566110894527 ], [ 1.840620342244778, 44.484583357684059 ], [ 1.840417129067856, 44.484834246290525 ], [ 1.840253984072841, 44.484815521417275 ], [ 1.840065795778256, 44.484787689212183 ], [ 1.839802554042266, 44.484723542889846 ], [ 1.839243382820672, 44.48457352924467 ] ] ] } },
{ "type": "Feature", "properties": { "nom": "GR 6" }, "geometry": { "type": "MultiLineString", "coordinates": [ [ [ 1.861710064483434, 44.736077748460275 ], [ 1.861393080448455, 44.736256265624085 ], [ 1.861088713019309, 44.736434835995553 ], [ 1.860708327911785, 44.736649054566321 ], [ 1.859998098847446, 44.7370687115002 ], [ 1.859617320827851, 44.737327896160174 ], [ 1.859347115346944, 44.737938333467262 ], [ 1.859039584156259, 44.738485649146462 ], [ 1.858731818128833, 44.739059946528549 ], [ 1.858033701043287, 44.739533609569115 ], [ 1.857906587304978, 44.739640987563405 ], [ 1.857323029304088, 44.739998219607578 ], [ 1.857079335317979, 44.740455865903307 ], [ 1.856911506908443, 44.740895853612734 ], [ 1.856655493717148, 44.74131746793222 ], [ 1.856551992116428, 44.741613827219773 ], [ 1.856336225639314, 44.741756795047742 ], [ 1.856006572743841, 44.741935241614847 ], [ 1.855524709989441, 44.742202965741676 ], [ 1.855231905142845, 44.742498497318373 ], [ 1.855079539390854, 44.742605761739448 ], [ 1.855052519950386, 44.74281251230294 ], [ 1.854799737273068, 44.742856377130742 ], [ 1.854495855733385, 44.74297197342861 ], [ 1.854077308660779, 44.743212984928554 ], [ 1.853595735480153, 44.74344472505728 ], [ 1.852999024691927, 44.743855842094632 ], [ 1.852490878250756, 44.744240363589348 ], [ 1.852401525848284, 44.74435689663644 ], [ 1.851667533760166, 44.74458751740908 ], [ 1.851578724906605, 44.744641092505518 ], [ 1.850616936234233, 44.744942657067377 ], [ 1.849857532638563, 44.745191143631246 ], [ 1.84919916256633, 44.745431077225135 ], [ 1.848684709000805, 44.745087016318699 ], [ 1.84830720070946, 44.744959423106813 ], [ 1.847765474368929, 44.744849087718414 ], [ 1.847161042327695, 44.74469350049705 ], [ 1.846468587548506, 44.744501540349013 ], [ 1.846114357447817, 44.744598900549541 ], [ 1.845937043576583, 44.744670065147311 ], [ 1.845734332888119, 44.744759104293628 ], [ 1.845695130351767, 44.744911831947476 ], [ 1.845643623114505, 44.745028528021052 ] ] ] } },
{ "type": "Feature", "properties": { "nom": "GR 36" }, "geometry": { "type": "MultiLineString", "coordinates": [ [ [ 1.505442563685752, 44.428315621488409 ], [ 1.504919289375032, 44.428905208695461 ], [ 1.504498524954242, 44.429351679049603 ], [ 1.504283062030917, 44.429493935712735 ], [ 1.504018467061324, 44.429563873287719 ], [ 1.503702609303295, 44.429705366256186 ], [ 1.503272609691089, 44.429926930022724 ], [ 1.502806823741936, 44.4300223152459 ], [ 1.502403116601481, 44.430163136652013 ], [ 1.501985923406126, 44.430366806792073 ], [ 1.501758569666025, 44.430464001084566 ], [ 1.501406788457502, 44.430488302061846 ], [ 1.500857290356323, 44.430304248517977 ], [ 1.500472539534551, 44.430013529827505 ], [ 1.500235977026894, 44.429885819531044 ], [ 1.499998076818137, 44.429848031026346 ], [ 1.499596906062342, 44.429817989290072 ], [ 1.499664734877187, 44.429476762601688 ], [ 1.499606670599622, 44.429161555155332 ], [ 1.499521637890398, 44.428972046600698 ], [ 1.499147845092586, 44.428789327234355 ], [ 1.498412013721536, 44.428477932605745 ], [ 1.497838788230762, 44.428203750261758 ], [ 1.497390117243748, 44.427993472429925 ], [ 1.496629476667478, 44.427663889644705 ], [ 1.496219130734864, 44.427408933219837 ], [ 1.495783827483616, 44.427144791273847 ], [ 1.495521517664617, 44.42706183935055 ], [ 1.494684129048736, 44.426830581013562 ], [ 1.494437062674181, 44.426567878090793 ], [ 1.493847556633775, 44.426545362187959 ], [ 1.493159416715367, 44.426405171585358 ], [ 1.492422299815762, 44.426183660271555 ], [ 1.49143638506773, 44.425816333627971 ], [ 1.489986200211985, 44.425445414379759 ], [ 1.488495816678754, 44.425245036998632 ], [ 1.487193527551486, 44.425055089508604 ], [ 1.486530382002373, 44.424924044477656 ], [ 1.485277618969093, 44.424779424568385 ], [ 1.484152112997191, 44.424518868026716 ], [ 1.483599731157945, 44.424532558026435 ], [ 1.483310174735371, 44.424593258025745 ], [ 1.483020888807448, 44.424635972862838 ], [ 1.482881497478538, 44.424724819789709 ], [ 1.482504512284113, 44.424757856890814 ], [ 1.481733159933216, 44.424946216686415 ], [ 1.48162301023792, 44.424957831233357 ] ] ] } },
{ "type": "Feature", "properties": { "nom": "GR 36" }, "geometry": { "type": "MultiLineString", "coordinates": [ [ [ 1.486057945351415, 44.46199100194535 ], [ 1.485796574862956, 44.461836085933143 ], [ 1.485487432068683, 44.461518917054434 ], [ 1.48542587696682, 44.461437498512325 ], [ 1.485178701150693, 44.461174770788219 ], [ 1.485105135238319, 44.46105728492428 ], [ 1.484905463203557, 44.4609747937007 ], [ 1.484693645035996, 44.460865227713036 ], [ 1.484317917377917, 44.460799354475625 ], [ 1.483966621232664, 44.460778637970044 ], [ 1.484029264955881, 44.460788117731639 ], [ 1.483966621232664, 44.460778637970044 ], [ 1.483656539387814, 44.460524410887047 ], [ 1.483394774235025, 44.460396466747675 ], [ 1.483046756433153, 44.460159929536673 ], [ 1.482712526709608, 44.459842557921668 ], [ 1.482588743498257, 44.459724678994398 ], [ 1.482351276326746, 44.459650882583354 ], [ 1.482165808994923, 44.459460575741147 ], [ 1.482007230918301, 44.459153563339513 ], [ 1.481938183719689, 44.458739327382915 ], [ 1.481769377154817, 44.458279347527203 ], [ 1.482014353296447, 44.457858565182896 ], [ 1.482118348747403, 44.457625546489666 ], [ 1.482110848241367, 44.45729273115662 ], [ 1.482126547092482, 44.457086004645305 ], [ 1.482192737755762, 44.45686168426441 ], [ 1.482196563109558, 44.456609898494129 ], [ 1.482099128884691, 44.456411284184902 ], [ 1.481980957447266, 44.455924718523399 ], [ 1.482225921815598, 44.455503936144055 ], [ 1.482432261456467, 44.455145806478548 ], [ 1.482461059212467, 44.454903208983197 ], [ 1.48235066203215, 44.454731474304459 ], [ 1.482091112932338, 44.454459649565258 ], [ 1.481928858710712, 44.45439543135069 ], [ 1.48168104818218, 44.454177658603086 ], [ 1.481672593515848, 44.453907790324237 ], [ 1.481752431437182, 44.45361163030649 ], [ 1.48153246732178, 44.453214204913174 ], [ 1.48116472792058, 44.452626765918531 ], [ 1.48097983392338, 44.452400488462466 ], [ 1.480645525637491, 44.452092104422142 ], [ 1.480302362535841, 44.451540828642663 ], [ 1.480143132601024, 44.451278776549458 ], [ 1.480096750286562, 44.451026598848728 ], [ 1.480164586113801, 44.450694372812485 ], [ 1.480105240382571, 44.450469074136265 ], [ 1.48016093325539, 44.45010977339971 ], [ 1.480319242848177, 44.449607379365638 ], [ 1.48052817490351, 44.449078400357962 ], [ 1.480632433581661, 44.448827399393892 ], [ 1.48072290608945, 44.448657231041281 ], [ 1.480864687419367, 44.448415516671659 ], [ 1.48103170983228, 44.448165004149118 ], [ 1.481224247153826, 44.447887711511846 ], [ 1.481290430607437, 44.447663393481541 ], [ 1.480984126874621, 44.44716636749871 ], [ 1.480750956064498, 44.44681380702545 ], [ 1.480421061232271, 44.446217668487655 ], [ 1.480004127375326, 44.445566889519881 ], [ 1.479675343050879, 44.44489881183339 ], [ 1.479808128109397, 44.444423200997257 ], [ 1.480141882553922, 44.443940166129174 ], [ 1.480258959625216, 44.443671279038519 ], [ 1.480004264370846, 44.443084721137389 ], [ 1.479760071299631, 44.442633145524859 ], [ 1.47965134994986, 44.442353501988052 ], [ 1.479692568178758, 44.442119996823273 ], [ 1.479758340104058, 44.441922656600767 ], [ 1.479762860878805, 44.441625911766323 ], [ 1.47970708814343, 44.441166814322202 ], [ 1.48005748352646, 44.440414110447556 ], [ 1.480316862651276, 44.43986754211133 ], [ 1.480662590063263, 44.439420573981025 ], [ 1.480720456436023, 44.438917397893938 ], [ 1.480701920554905, 44.438485573589311 ], [ 1.480745867027098, 44.438072222698985 ], [ 1.480778356512242, 44.437586835655971 ], [ 1.480886148376763, 44.437102037544975 ], [ 1.48121985168337, 44.436619001000018 ], [ 1.481793511642094, 44.43603890799335 ], [ 1.482113282592423, 44.435645693979019 ], [ 1.482258028493904, 44.435206149204035 ], [ 1.482163225918022, 44.434836684012005 ], [ 1.482133359941303, 44.434323832096446 ], [ 1.481966810413746, 44.43371998190544 ], [ 1.481733416072634, 44.433385410068524 ], [ 1.48133496323211, 44.433175456436629 ], [ 1.481099659951989, 44.432966774422177 ], [ 1.480753736128612, 44.432604342675937 ], [ 1.480233354972915, 44.432159607085254 ], [ 1.480096677877852, 44.432068606448269 ], [ 1.480024665710741, 44.431852204780377 ], [ 1.480103795909288, 44.431601010361263 ], [ 1.480371713941903, 44.431315317014011 ], [ 1.480633064577279, 44.431461250219293 ], [ 1.480717627437175, 44.431677749750875 ], [ 1.480890858930253, 44.431840981295778 ], [ 1.481102834092006, 44.431932568743278 ], [ 1.481592268767783, 44.43193638644572 ], [ 1.481920880170783, 44.43178606221781 ], [ 1.482226029318743, 44.431527634149745 ], [ 1.482568824543339, 44.431269498670147 ], [ 1.482823770508632, 44.431010678410381 ], [ 1.482966452749514, 44.430706017271035 ], [ 1.482984049235455, 44.43037340206449 ], [ 1.482975456321196, 44.430112529407786 ], [ 1.483575357237274, 44.429451694571881 ], [ 1.484249038197274, 44.428890356148997 ], [ 1.484313689651627, 44.428764952940391 ], [ 1.484040612499226, 44.428564977495689 ], [ 1.483534834322322, 44.427985472675843 ], [ 1.483129047053281, 44.427433724359013 ], [ 1.483071215066732, 44.427109515867897 ], [ 1.483137640496935, 44.426867214415573 ], [ 1.483241983471033, 44.426607220820571 ], [ 1.483245937624944, 44.426346446634575 ], [ 1.482962100733658, 44.426029472613088 ], [ 1.482789153508547, 44.42584826035371 ], [ 1.482666401342298, 44.425667438405675 ], [ 1.482580201122241, 44.425558848148739 ], [ 1.482295415920769, 44.425304817409497 ], [ 1.481984717839325, 44.425104543683744 ], [ 1.481622873189086, 44.424966823867088 ] ] ] } },
{ "type": "Feature", "properties": { "nom": "GR 651" }, "geometry": { "type": "MultiLineString", "coordinates": [ [ [ 1.893904928212307, 44.601518824119729 ], [ 1.89391010883371, 44.600862309109658 ], [ 1.89361091253809, 44.600492362956601 ], [ 1.893248000422098, 44.600221089181332 ], [ 1.892809493749426, 44.599958501461579 ], [ 1.892106154187162, 44.599757796514574 ], [ 1.891352040943033, 44.599610843088769 ], [ 1.890836879393592, 44.599491835585724 ], [ 1.89058548691588, 44.599445846403036 ], [ 1.890234181516454, 44.599300520769532 ], [ 1.889581495683122, 44.599064030831855 ], [ 1.888715763878681, 44.598709751388583 ], [ 1.88787456917638, 44.598436507783312 ], [ 1.887347199364039, 44.598272465497239 ], [ 1.886558316929059, 44.597756598546468 ], [ 1.885643577710151, 44.597240208649538 ], [ 1.885255117552412, 44.597022764874836 ], [ 1.884577377363391, 44.596777149229567 ], [ 1.883509378538683, 44.596538912546634 ], [ 1.882239999696788, 44.59629983247401 ], [ 1.880906673458227, 44.596186382903163 ], [ 1.880428668236798, 44.596148423836112 ], [ 1.879837088861926, 44.596145964410155 ], [ 1.878792827325032, 44.59608765329164 ], [ 1.878126831486125, 44.595949969830059 ], [ 1.877435960735547, 44.595776204122593 ], [ 1.876784476256824, 44.595404738406451 ], [ 1.876485570224247, 44.595016760284011 ], [ 1.876287729984393, 44.594584237451755 ], [ 1.875966023703849, 44.593908366884712 ], [ 1.876033016732573, 44.593413998134686 ], [ 1.876021982516946, 44.593225086067285 ], [ 1.876050035363258, 44.592874452509271 ], [ 1.87595244977281, 44.592496311370347 ], [ 1.875693245526838, 44.591874664504488 ], [ 1.875519631733657, 44.591559158696867 ], [ 1.875361416427341, 44.590901960731614 ], [ 1.875465872901438, 44.590443725832216 ], [ 1.875406126531323, 44.590056749203569 ], [ 1.874979036132308, 44.589956024555761 ], [ 1.874739469853164, 44.590008978549179 ], [ 1.874511820659144, 44.590142924717391 ], [ 1.874179927972754, 44.59070812503338 ], [ 1.87391370117623, 44.590940836945336 ], [ 1.873514452999284, 44.590516453977813 ], [ 1.873115284619021, 44.590083075986833 ], [ 1.872525705105985, 44.589846751616854 ], [ 1.871999503217418, 44.589556731023919 ], [ 1.871269930297742, 44.589508673383392 ], [ 1.870337796495087, 44.589603648133469 ], [ 1.869341608485222, 44.589833245819229 ], [ 1.868532993233867, 44.590207533527874 ], [ 1.867937870244539, 44.590636687406231 ], [ 1.867204370784425, 44.5910562545047 ], [ 1.866609681442675, 44.591431442190725 ], [ 1.865863954013037, 44.591805978817689 ], [ 1.865473340993441, 44.591858265539898 ], [ 1.86460454099244, 44.591899501672458 ], [ 1.862625451858496, 44.592259714327867 ], [ 1.861882427977807, 44.592310466355926 ], [ 1.860951833678847, 44.592216502631715 ], [ 1.860989972609399, 44.592171699422295 ], [ 1.860372348258984, 44.592276945957892 ], [ 1.859892631836193, 44.592445743003147 ], [ 1.859287664874597, 44.592542044070086 ], [ 1.858545553883771, 44.592484854403175 ], [ 1.857828462250512, 44.592445755074699 ], [ 1.857021655886409, 44.592595125876549 ], [ 1.856303640011054, 44.592663935899836 ], [ 1.855635734740438, 44.592759941967145 ], [ 1.855043420285241, 44.592847282680182 ], [ 1.854374273476594, 44.593087174058198 ], [ 1.853767741445171, 44.593363310646573 ], [ 1.853175340808736, 44.593459634119576 ], [ 1.852381170118585, 44.593600033336791 ], [ 1.851575654437585, 44.593596477858291 ], [ 1.850783192116719, 44.59353901260743 ], [ 1.850506686843408, 44.593492820938152 ], [ 1.849727047504581, 44.593408423384794 ], [ 1.849060373002347, 44.593360497746659 ], [ 1.848368371015304, 44.593330441588414 ], [ 1.846985468147066, 44.593144410704348 ], [ 1.845929104086001, 44.593040765228487 ], [ 1.844923007837764, 44.592946328838643 ], [ 1.843690288675893, 44.592859858795087 ], [ 1.842733911174492, 44.592837574082985 ], [ 1.842646679747313, 44.592738251649685 ], [ 1.842609318666545, 44.5926931157884 ], [ 1.842276212518806, 44.59292698022135 ], [ 1.841851999839297, 44.593093065984476 ], [ 1.841434852770504, 44.593137508093875 ], [ 1.840952831690912, 44.592797416834678 ], [ 1.840485153164218, 44.59235976739253 ], [ 1.840155054599167, 44.592682046823882 ], [ 1.84015210863678, 44.593014798683541 ], [ 1.838923998339628, 44.593220317323841 ], [ 1.838551125771647, 44.593295344827474 ], [ 1.838466027604375, 44.593833701996623 ], [ 1.838832943199117, 44.594160013358476 ], [ 1.839145207286055, 44.594431237809737 ], [ 1.839731109652081, 44.594647230034639 ], [ 1.840600610883201, 44.594959453962709 ] ] ] } },
{ "type": "Feature", "properties": { "nom": "GR 65" }, "geometry": { "type": "MultiLineString", "coordinates": [ [ [ 1.834670406263699, 44.42925792754852 ], [ 1.834716910131025, 44.429671815384417 ], [ 1.834774680212104, 44.43022964223946 ], [ 1.834867371860671, 44.4310933894103 ], [ 1.834863036604627, 44.431578987938849 ], [ 1.834914549798044, 44.432838236566283 ], [ 1.834947464498494, 44.433368971798565 ], [ 1.834979338225852, 44.434016610203876 ], [ 1.83514934882846, 44.434655889611975 ], [ 1.83520311654694, 44.435663346583425 ], [ 1.835086467638027, 44.436076488443547 ], [ 1.834981725274834, 44.436561628903 ], [ 1.834750909040428, 44.437109141736393 ], [ 1.834408330702641, 44.437521247208721 ], [ 1.833888901843706, 44.438058441189725 ], [ 1.833419106172259, 44.438658812236611 ], [ 1.83293521744924, 44.439429983020403 ], [ 1.832669696782273, 44.439644592814908 ], [ 1.832303921086671, 44.439840754297727 ], [ 1.831711886550386, 44.44007184237244 ], [ 1.830880470858902, 44.440400745414848 ], [ 1.830172700851484, 44.44093705225059 ], [ 1.829539339647232, 44.441572623485072 ], [ 1.829183575637793, 44.442047603628794 ], [ 1.828776051397531, 44.442693209814642 ], [ 1.828710526460861, 44.442998667789077 ], [ 1.82838776850788, 44.443986400934513 ], [ 1.828397637377267, 44.444283215386832 ], [ 1.828406368994642, 44.444705927384248 ], [ 1.828566548131612, 44.445039412317335 ], [ 1.828939399334255, 44.445454820247534 ], [ 1.828925140090813, 44.445643607919727 ] ] ] } },
{ "type": "Feature", "properties": { "nom": "GR 651" }, "geometry": { "type": "MultiLineString", "coordinates": [ [ [ 1.642615779516155, 44.485253103482449 ], [ 1.642839004308294, 44.485488344340482 ], [ 1.643036995950024, 44.485732418181712 ], [ 1.643433761942488, 44.486157617037556 ], [ 1.644153005456391, 44.4859013533788 ], [ 1.644898251858291, 44.485573301580409 ], [ 1.645694511297376, 44.485182612362813 ], [ 1.646100573853495, 44.484852414811336 ], [ 1.646418370193572, 44.484548640763535 ], [ 1.647081723440907, 44.483725423453066 ], [ 1.647581541704034, 44.482919161292976 ], [ 1.6477894654763, 44.482353885556371 ], [ 1.648202986394858, 44.481412179268027 ], [ 1.648280223737161, 44.48125977639635 ], [ 1.648615612444411, 44.480542412588512 ], [ 1.649042217583478, 44.479555818766961 ], [ 1.649348177038381, 44.479189010121772 ], [ 1.649815658323374, 44.478967105469607 ], [ 1.650205468537512, 44.47893357334312 ], [ 1.650519476831761, 44.478935539099872 ], [ 1.650732014437816, 44.479017808914044 ], [ 1.650703272418351, 44.479314409790007 ], [ 1.650469390534839, 44.479951474913548 ], [ 1.650238578159523, 44.480336744236396 ], [ 1.649994212859254, 44.480802868856316 ], [ 1.649788624441024, 44.481179302378493 ], [ 1.649660268338421, 44.481403332646629 ], [ 1.649507339367176, 44.481582241153319 ], [ 1.6493774419051, 44.481932168487667 ], [ 1.64923729069879, 44.482093170542164 ], [ 1.649572041376841, 44.482455003243537 ], [ 1.649239073475622, 44.482974532273332 ], [ 1.648970115041393, 44.483395534305508 ], [ 1.648840649886866, 44.4837094908343 ], [ 1.648927480344601, 44.483799969265405 ], [ 1.648823796583052, 44.484060126653098 ], [ 1.648592625604277, 44.48447237150048 ], [ 1.648487728319104, 44.48483144876068 ], [ 1.648057437220107, 44.485089555665169 ], [ 1.648358147806688, 44.485154397092018 ], [ 1.648482113357206, 44.485290076197721 ], [ 1.648341069734569, 44.485523019176306 ], [ 1.648012699923722, 44.485664851621564 ], [ 1.647756392783215, 44.48607693738419 ], [ 1.6479347937049, 44.486896456330221 ], [ 1.647965977742941, 44.487427262917542 ], [ 1.64811220721928, 44.487796910242643 ], [ 1.648469246047439, 44.488392715781707 ], [ 1.648751248044431, 44.488961068766045 ], [ 1.648754233829656, 44.489743513683607 ], [ 1.648481165629144, 44.490497246435844 ], [ 1.6482725584474, 44.49111648309524 ], [ 1.648001240079893, 44.49172633104174 ], [ 1.647934346696107, 44.492058667401182 ], [ 1.6479071262561, 44.492229371315126 ], [ 1.648101858261559, 44.492743219693196 ], [ 1.64804366924727, 44.493390380368076 ], [ 1.647772779310898, 44.493964257760538 ], [ 1.647553682480023, 44.494412552968583 ], [ 1.647314971698076, 44.494411053017373 ], [ 1.646976080334423, 44.494381941864589 ], [ 1.646413361265533, 44.494162560194127 ], [ 1.645962615195548, 44.49403381404143 ], [ 1.645310519198182, 44.493930777848753 ], [ 1.644960064733138, 44.493820646682728 ], [ 1.644722020269385, 44.49376518524106 ], [ 1.644386235681331, 44.493484269390166 ], [ 1.643973522209032, 44.493328775769363 ], [ 1.643322548972752, 44.493135800554242 ], [ 1.643419728708905, 44.493406217204402 ], [ 1.643350253811592, 44.493945384077058 ], [ 1.643343708213741, 44.494475955112144 ], [ 1.643110456201514, 44.495050059775423 ], [ 1.642802037576315, 44.495605702403502 ], [ 1.642558210765621, 44.4960178576871 ], [ 1.642375424339897, 44.496574294483828 ], [ 1.642332619622012, 44.496987721364825 ], [ 1.642317944803448, 44.497158504170912 ], [ 1.642567677055114, 44.497285992911948 ], [ 1.642689211737701, 44.497619519493128 ], [ 1.642684547705451, 44.497997214760943 ], [ 1.642809637203098, 44.498042973479599 ], [ 1.643259632621325, 44.498234681827 ], [ 1.643797027977445, 44.498471907604987 ], [ 1.644257821545113, 44.498807575162715 ], [ 1.644654578513058, 44.499241764235336 ], [ 1.645012760355524, 44.499747657203351 ], [ 1.645369953183579, 44.500334482708752 ], [ 1.645630502858967, 44.500605927008074 ], [ 1.645855680552949, 44.500688286521061 ], [ 1.64629270006471, 44.500915873901221 ], [ 1.646553809209884, 44.501142353163388 ], [ 1.64661023101048, 44.501664327311012 ], [ 1.646263341662995, 44.502282692140788 ], [ 1.645994491300478, 44.50268570505181 ], [ 1.645788354733744, 44.50309810538333 ], [ 1.646058611701966, 44.503603440082017 ], [ 1.646115362015975, 44.504098437409738 ], [ 1.646110942477595, 44.504458147602676 ], [ 1.646006986961014, 44.50473629002316 ], [ 1.64561389955873, 44.505021605669008 ], [ 1.645436203811647, 44.505164381412094 ], [ 1.644917779120466, 44.505421923197147 ], [ 1.644589506421104, 44.505545761275428 ], [ 1.644236985721472, 44.505597497479343 ], [ 1.643569975991336, 44.505674226417959 ], [ 1.642978248879678, 44.505760420757269 ], [ 1.642510851468509, 44.505955320444649 ], [ 1.641915563421836, 44.506329277916493 ], [ 1.641761762705853, 44.506571127766989 ], [ 1.641708605246633, 44.506804620560331 ], [ 1.641792678658442, 44.507119925065744 ], [ 1.641826152726153, 44.507461889140963 ] ] ] } },
{ "type": "Feature", "properties": { "nom": "GR 64" }, "geometry": { "type": "MultiLineString", "coordinates": [ [ [ 1.442694532919596, 44.742756295707963 ], [ 1.442691941793375, 44.742756239472563 ], [ 1.442214425891871, 44.74262643781752 ], [ 1.441395046433714, 44.742565814258981 ], [ 1.440600043786466, 44.74255935105041 ], [ 1.440568234342374, 44.742181314533219 ], [ 1.440206316179925, 44.741926518905977 ], [ 1.439972319249994, 44.741564827067641 ], [ 1.438490860567161, 44.741867572501938 ], [ 1.438359564021185, 44.741080902138556 ], [ 1.439195283271344, 44.740172686030895 ], [ 1.438682448411156, 44.73918128099541 ], [ 1.437966712077436, 44.737930269920724 ], [ 1.437270040320251, 44.738155790258283 ], [ 1.434876684257652, 44.737865257681058 ], [ 1.433114666669899, 44.737540814712524 ], [ 1.432999269406715, 44.739528936797697 ], [ 1.431784270059797, 44.740747664062042 ], [ 1.430616980791191, 44.74099287785792 ], [ 1.429622549684418, 44.741128551958177 ], [ 1.428473296853551, 44.741433183112512 ], [ 1.428256670553264, 44.741665458099753 ], [ 1.428125473385748, 44.742106384734015 ], [ 1.427776669284531, 44.741824670781156 ], [ 1.427250619780116, 44.74157747255866 ], [ 1.425303339097802, 44.741030692682017 ], [ 1.425178615993162, 44.740939713656871 ], [ 1.424475339567427, 44.74072701374422 ], [ 1.423807578642103, 44.74065851952394 ], [ 1.422921198389462, 44.74006651451112 ], [ 1.422596347776262, 44.739865935785467 ], [ 1.422194320476782, 44.739754663237342 ], [ 1.421614608784927, 44.739704875416955 ], [ 1.421260703834772, 44.739737914390723 ], [ 1.420720172099913, 44.73960749476003 ], [ 1.420368034621849, 44.739532609203266 ], [ 1.419838358432812, 44.739510212166053 ], [ 1.419259534188966, 44.739406451621022 ], [ 1.418356324761325, 44.739075115884468 ], [ 1.417679221345648, 44.738808622585267 ], [ 1.417037317141534, 44.738704324717318 ], [ 1.416368257706845, 44.738716726216673 ], [ 1.415496715047284, 44.738763410185193 ], [ 1.415061329818762, 44.739146541532747 ], [ 1.414501383424269, 44.739429686522932 ], [ 1.414017142348399, 44.739713462468735 ], [ 1.413839447626026, 44.739774937082295 ], [ 1.413245788293166, 44.739805941826937 ], [ 1.413149737245355, 44.739508310970258 ], [ 1.413143944779826, 44.739094505210858 ], [ 1.4129619427283, 44.73865223761662 ], [ 1.412834275638282, 44.737976562763627 ], [ 1.412814532027952, 44.737643592497477 ], [ 1.412380027910719, 44.737972751950458 ], [ 1.411733090621705, 44.738174200496118 ], [ 1.411013416316478, 44.738195140416373 ], [ 1.410584997770172, 44.738155560033007 ], [ 1.40977982497083, 44.738004873175164 ], [ 1.409009529463586, 44.738034368109233 ], [ 1.407910568625659, 44.738097065377062 ], [ 1.407821795332453, 44.738123300968496 ], [ 1.407316923752547, 44.738128037433384 ], [ 1.406921582849164, 44.738376554289708 ], [ 1.406441560022037, 44.739164038008433 ], [ 1.40611817914763, 44.739638027540821 ], [ 1.405961226472736, 44.739969507254642 ], [ 1.40537224868886, 44.740477230050516 ], [ 1.405057233768562, 44.74044758222648 ], [ 1.404086654205779, 44.740376406638887 ], [ 1.403468345438976, 44.740371171069491 ], [ 1.403050583459451, 44.740448583749505 ], [ 1.402430473451006, 44.740551263834291 ], [ 1.402150913096525, 44.740665824703512 ], [ 1.40208496628104, 44.7408361654864 ], [ 1.401516827145752, 44.740849333694769 ], [ 1.400646141185117, 44.740841938803257 ], [ 1.399800391477072, 44.74085274039971 ], [ 1.398374783927991, 44.74082262241209 ], [ 1.397191196700144, 44.740659628401922 ], [ 1.396812789178648, 44.740647407958377 ], [ 1.396574394403534, 44.740564421232847 ], [ 1.39629905120948, 44.740427150874865 ], [ 1.396099875310616, 44.740263545753358 ], [ 1.396307210302038, 44.739941504519201 ], [ 1.39669014434937, 44.739683922980966 ], [ 1.396783003374541, 44.739414872714697 ], [ 1.396652207149173, 44.738937035169542 ], [ 1.3963328957707, 44.738412615758769 ], [ 1.396225528593374, 44.738042914978571 ], [ 1.396217140884481, 44.737790990833751 ], [ 1.39637127532439, 44.737630401124562 ], [ 1.396793707680144, 44.737274214775333 ], [ 1.397380316741039, 44.736910431329903 ], [ 1.397810076070551, 44.736869119852507 ], [ 1.398312223438254, 44.737026307194895 ], [ 1.398120291055992, 44.736431020154946 ], [ 1.397850997904797, 44.735934016573196 ], [ 1.397417985589774, 44.735417626403311 ], [ 1.396945768987369, 44.73498185389257 ], [ 1.396571779871713, 44.734708822160009 ], [ 1.396259521414226, 44.734517268179808 ], [ 1.396060516755529, 44.734344669670286 ], [ 1.395474313744988, 44.733934902066338 ], [ 1.395127084467104, 44.733572146051543 ], [ 1.394753416875723, 44.733281121940294 ], [ 1.394202965001903, 44.732997578591139 ], [ 1.393448982063641, 44.732811232339117 ], [ 1.392945824661603, 44.732716977764873 ], [ 1.392567623514628, 44.732695748322428 ], [ 1.392313162983915, 44.732819494394022 ] ] ] } },
{ "type": "Feature", "properties": { "nom": "GR 36" }, "geometry": { "type": "MultiLineString", "coordinates": [ [ [ 1.846950550585769, 44.368036646553023 ], [ 1.847592144817956, 44.367778731086005 ], [ 1.848372015847137, 44.367476467164984 ], [ 1.848900075344807, 44.367298971032206 ], [ 1.849302618722867, 44.367138898276004 ], [ 1.849805366729955, 44.366988263443858 ], [ 1.851955385146283, 44.36625142714211 ], [ 1.854796558482179, 44.365310767102294 ], [ 1.855325269504915, 44.365052309100122 ], [ 1.856658140609194, 44.364572567849571 ], [ 1.85777705394804, 44.364190791710371 ], [ 1.858178555193419, 44.364147587145027 ], [ 1.858366274526425, 44.364184378792046 ], [ 1.858666350628376, 44.364275617785204 ], [ 1.859392007026633, 44.364440656068723 ], [ 1.860418511377956, 44.364607000732271 ], [ 1.860819252881134, 44.364653709622587 ], [ 1.86134603131065, 44.364620030974621 ], [ 1.861861107632857, 44.364487379930388 ], [ 1.862213000195435, 44.364380996233017 ], [ 1.862852362692633, 44.364374776027589 ], [ 1.863770518811215, 44.364010054041998 ], [ 1.8645879319781, 44.363698845255549 ], [ 1.865254616031542, 44.363422951018023 ], [ 1.865490744080363, 44.363666770285967 ] ] ] } },
{ "type": "Feature", "properties": { "nom": "GR 6" }, "geometry": { "type": "MultiLineString", "coordinates": [ [ [ 1.797114844686149, 44.750467924347916 ], [ 1.797060802892555, 44.75083642753917 ], [ 1.79705828672018, 44.751097251184923 ], [ 1.796954885368664, 44.751348586833195 ], [ 1.796837038510642, 44.751788732490574 ], [ 1.796558579996999, 44.751868316487979 ], [ 1.79598955905942, 44.751973456929527 ], [ 1.795565821032224, 44.75271790732009 ], [ 1.79527516864788, 44.752752456742691 ], [ 1.794895552409344, 44.752849528440848 ], [ 1.794112206499989, 44.752926622472579 ], [ 1.793679917962429, 44.753248289416057 ], [ 1.792827509284465, 44.753936650020606 ], [ 1.79240765184243, 44.754276362265031 ], [ 1.79187226194001, 44.754813377336419 ], [ 1.7913512374304, 44.755170574457772 ], [ 1.790806276947398, 44.755392734575842 ], [ 1.790513413725969, 44.755652119796565 ], [ 1.790054166853063, 44.756144531999006 ], [ 1.789710716860998, 44.756412658732941 ], [ 1.789189751244129, 44.75676085173712 ], [ 1.788733391296592, 44.75695645893267 ], [ 1.788315426871561, 44.75709828925541 ], [ 1.787872213944365, 44.757239992226168 ], [ 1.787555316234619, 44.757373328609056 ], [ 1.786883735481303, 44.75763081687353 ], [ 1.785996671207577, 44.757977166887962 ], [ 1.78491998263744, 44.7583495445175 ], [ 1.784183130652654, 44.758822554134632 ], [ 1.783624149323513, 44.759179525031776 ], [ 1.783102231383072, 44.759617628593411 ], [ 1.782299733130327, 44.76034213917363 ], [ 1.781436328340541, 44.760841478010505 ], [ 1.780280680230093, 44.761528216548108 ], [ 1.779557177656569, 44.761920313619065 ], [ 1.779049797453061, 44.762160595811295 ], [ 1.778417249405683, 44.762292308918134 ], [ 1.778113194030398, 44.762398701377229 ], [ 1.777755586306072, 44.762810630115673 ], [ 1.777260814876959, 44.763050967787208 ], [ 1.777044223491816, 44.763247745341168 ], [ 1.777017715548334, 44.763373532622971 ], [ 1.775524258629761, 44.76374370225566 ], [ 1.774120057359388, 44.76402436279745 ], [ 1.773524354114262, 44.76425517493162 ], [ 1.772381434570881, 44.764914914390992 ], [ 1.771237580101185, 44.765664582043797 ], [ 1.770574900752604, 44.766272799913402 ], [ 1.770040735592724, 44.766656814531494 ], [ 1.769306111516335, 44.766886889531847 ], [ 1.768709444756828, 44.767207615863398 ], [ 1.768087429428618, 44.767537202000128 ], [ 1.767240256270988, 44.767658749283243 ], [ 1.76635529644971, 44.767771100378418 ], [ 1.765091297481364, 44.767908462092358 ], [ 1.763827292340108, 44.768045809398821 ], [ 1.762890618176984, 44.768274791738435 ], [ 1.762018449215025, 44.768369186080278 ], [ 1.760956989070632, 44.768453589780023 ], [ 1.759754604425978, 44.768735123879779 ], [ 1.758629541012752, 44.768864144271802 ], [ 1.757656910646072, 44.768904010438646 ], [ 1.757239615858259, 44.768964778473375 ], [ 1.756631630971154, 44.769150463463262 ], [ 1.755302299548648, 44.769494242111158 ], [ 1.75426165738151, 44.770001430597553 ], [ 1.752538354304839, 44.770585943760523 ], [ 1.751144514584125, 44.771055253234877 ], [ 1.749675461091956, 44.771470177765437 ], [ 1.749029641401312, 44.771646624890437 ], [ 1.747193259107241, 44.772167491588093 ], [ 1.746292808016794, 44.772540439103693 ], [ 1.745506647267382, 44.772851031057954 ], [ 1.744759500188486, 44.773053894088967 ], [ 1.744239815815853, 44.77323998549884 ], [ 1.743566510937715, 44.773623126423146 ], [ 1.743072164650142, 44.7738003540872 ], [ 1.742868134035296, 44.773988139845756 ], [ 1.74271556372763, 44.774086256645994 ], [ 1.742362112344594, 44.774075356970087 ], [ 1.741945240241275, 44.774091096709505 ], [ 1.741250198811251, 44.774141310573221 ], [ 1.741085572923828, 44.774185394203826 ], [ 1.740363836699417, 44.774370374902333 ], [ 1.739830922728762, 44.774610341952332 ] ] ] } },
{ "type": "Feature", "properties": { "nom": "GR 652" }, "geometry": { "type": "MultiLineString", "coordinates": [ [ [ 1.768391505773988, 44.885476801904964 ], [ 1.768458612176085, 44.885099361874815 ], [ 1.768170552388398, 44.884810042768905 ], [ 1.767515598566132, 44.884518831941364 ], [ 1.767100297475009, 44.884300814017067 ], [ 1.766861844727115, 44.884110690433118 ], [ 1.76600540188969, 44.883728482695432 ], [ 1.765677014575551, 44.883672815143974 ], [ 1.765261726903498, 44.883454789502714 ], [ 1.764072217526875, 44.883475611633372 ], [ 1.764596549539731, 44.882929642104997 ], [ 1.764626461862508, 44.882480053363039 ], [ 1.76463217749289, 44.881922400462571 ], [ 1.764562172167655, 44.881346366294459 ], [ 1.764655337544881, 44.88089710503904 ], [ 1.765075579362689, 44.880629436095198 ], [ 1.765649189928776, 44.880209645212041 ], [ 1.765461453988158, 44.880010786956625 ], [ 1.765336420612319, 44.879866222258691 ], [ 1.765199198264266, 44.879676619923124 ], [ 1.764850143977037, 44.87917110057974 ], [ 1.764039130557744, 44.879301819299485 ], [ 1.763695629398921, 44.879488929484992 ], [ 1.763367453928537, 44.87941526709016 ], [ 1.763242705125649, 44.879243716587638 ], [ 1.762992468987594, 44.878972570217044 ], [ 1.762817583294378, 44.878755784778456 ], [ 1.762606967763254, 44.878322936234092 ], [ 1.76233292017658, 44.877907746887558 ], [ 1.761867087115666, 44.877689446619911 ], [ 1.761263591540822, 44.877326507998553 ], [ 1.761175875608986, 44.877245096558518 ], [ 1.760975424444523, 44.877055159926208 ], [ 1.760702600965467, 44.876523040220242 ], [ 1.76059562136956, 44.875856862184641 ], [ 1.760565192822873, 44.875128120695202 ], [ 1.760444547314522, 44.874560815616952 ], [ 1.760095008977348, 44.874109248091713 ], [ 1.759518070315026, 44.873629506124871 ], [ 1.759268994819516, 44.873250419975093 ] ] ] } },
{ "type": "Feature", "properties": { "nom": "GR 651" }, "geometry": { "type": "MultiLineString", "coordinates": [ [ [ 1.954446621580669, 44.576897065018876 ], [ 1.954104194557597, 44.577291585574933 ], [ 1.953700261929158, 44.577479039715996 ], [ 1.953433752360463, 44.577810869362764 ], [ 1.953243412979117, 44.578044035236665 ], [ 1.953163673253685, 44.578664307904923 ], [ 1.952983268386823, 44.579284229001672 ], [ 1.952942442620677, 44.579733761255902 ], [ 1.95285116031509, 44.580201104540208 ], [ 1.952596846335498, 44.580586935447116 ], [ 1.9523819440278, 44.580730079722301 ], [ 1.952104924052615, 44.580756090031379 ], [ 1.951652169553948, 44.580718528539698 ], [ 1.95102349456209, 44.580644373153355 ], [ 1.950331161904188, 44.58067791310463 ], [ 1.949928617781337, 44.58065850847602 ], [ 1.9497271592592, 44.580675784791325 ], [ 1.949676019618362, 44.580792520088387 ], [ 1.949661078310119, 44.581134220853933 ], [ 1.949294356057231, 44.581393739590858 ], [ 1.948764230146738, 44.581625698348923 ], [ 1.947907362032273, 44.581793543753662 ], [ 1.947328140286051, 44.581845451821941 ], [ 1.946748606020281, 44.581942323386585 ], [ 1.946420116975859, 44.582130019956743 ], [ 1.947100199267539, 44.582051494580234 ], [ 1.947465001117433, 44.582070774959028 ], [ 1.947943055725557, 44.582090456506528 ], [ 1.948761928959687, 44.581958450450159 ], [ 1.948962956778531, 44.582004128841369 ], [ 1.948697020327969, 44.582246013700448 ], [ 1.948567884115307, 44.582722213420801 ], [ 1.948565706483177, 44.583036979229021 ], [ 1.948727804470706, 44.583253397292609 ], [ 1.948952450951963, 44.583523996721304 ], [ 1.949138290140854, 44.583947348756723 ], [ 1.949337338138042, 44.584280811459273 ], [ 1.949536697735015, 44.58456930725994 ], [ 1.95011544958414, 44.584589334261914 ], [ 1.950629300009737, 44.584896922924372 ], [ 1.950854889271162, 44.585032618886942 ], [ 1.950955130781324, 44.585095925549652 ], [ 1.950824647618586, 44.585769982232165 ], [ 1.950593668246827, 44.586416704021438 ], [ 1.950516612490508, 44.586641271869269 ], [ 1.950389340622432, 44.586847674827695 ], [ 1.95008377231788, 44.587359231470323 ], [ 1.950119543758088, 44.587647150504239 ], [ 1.949791714926441, 44.587735930565991 ], [ 1.949513541658251, 44.587923814520586 ], [ 1.949247268894892, 44.588210668820039 ], [ 1.949045348909676, 44.588290897972151 ], [ 1.94864237668513, 44.588325448020385 ], [ 1.948466123293829, 44.588333818448589 ], [ 1.948100408692346, 44.588440447566555 ], [ 1.947331405566017, 44.588626587392767 ], [ 1.946233991976676, 44.588982431026999 ], [ 1.944909087746053, 44.589472356744565 ], [ 1.943736949983728, 44.589710993106209 ], [ 1.943220191831906, 44.589817065341549 ], [ 1.942564675604704, 44.589967604436019 ], [ 1.941933249859916, 44.590271116770666 ], [ 1.941706014381348, 44.59036922838375 ], [ 1.941189563574746, 44.5904303244914 ], [ 1.940634464907279, 44.590617188464897 ], [ 1.940444347223774, 44.590805366821137 ], [ 1.940138921004934, 44.591280922884515 ], [ 1.940110252475886, 44.591775465229446 ], [ 1.939630906696713, 44.591926623615265 ], [ 1.939530093181654, 44.591944246176134 ], [ 1.939454386617227, 44.591970952672568 ], [ 1.938406755389364, 44.592389855598427 ], [ 1.937321029921578, 44.59285357731941 ], [ 1.936374440721915, 44.593218866678072 ], [ 1.935503163066014, 44.59361140371643 ], [ 1.93492155316083, 44.593978013902287 ], [ 1.934757029073447, 44.594103321785468 ], [ 1.93449245690236, 44.594138327474994 ], [ 1.934115058702189, 44.594109963783289 ], [ 1.933660721247229, 44.59427917537375 ], [ 1.933181144287053, 44.594457285251671 ], [ 1.932588089972463, 44.594661957046249 ], [ 1.932059976507043, 44.594588063607461 ], [ 1.931392243387617, 44.594675536584795 ], [ 1.930976368258572, 44.594745949213916 ], [ 1.93037097706147, 44.594914589091367 ], [ 1.929803081891676, 44.59511933839164 ], [ 1.929349311870215, 44.595207591709745 ], [ 1.928883803337037, 44.595178883167279 ], [ 1.928684641742429, 44.594872361477037 ], [ 1.928446479499405, 44.594736572393622 ], [ 1.927804108236332, 44.594797137234266 ], [ 1.926858804589901, 44.594973485752313 ], [ 1.92596450078386, 44.595060079644213 ], [ 1.925221033754277, 44.59517421347406 ], [ 1.924326591741452, 44.595278780614827 ], [ 1.923356759030411, 44.595365070230486 ], [ 1.922588773778339, 44.59538915807002 ], [ 1.92170764215804, 44.595394824927808 ], [ 1.920876389281475, 44.595463629787353 ], [ 1.919920136532933, 44.595415036461723 ], [ 1.919555123820574, 44.59541365062384 ], [ 1.918950361233946, 44.595492293710016 ], [ 1.918307635720933, 44.595597770052095 ], [ 1.918016799555753, 44.595776534016743 ], [ 1.917410148609942, 44.596106982324834 ], [ 1.917070237995186, 44.596114677336452 ], [ 1.917002323407076, 44.596779944531015 ], [ 1.917034229427139, 44.597562510026009 ], [ 1.917117494188858, 44.59821036733441 ], [ 1.917087609714945, 44.598839806147055 ], [ 1.917447668824865, 44.599506708484462 ] ] ] } },
{ "type": "Feature", "properties": { "nom": "GR 651" }, "geometry": { "type": "MultiLineString", "coordinates": [ [ [ 1.788548279092733, 44.570268196622528 ], [ 1.788304905657568, 44.570158143470934 ], [ 1.788167220359353, 44.570085507279543 ], [ 1.787641815036371, 44.569777097761389 ], [ 1.787315066710205, 44.569739489397691 ], [ 1.786723681134836, 44.569745521482837 ], [ 1.786573770330154, 44.569636847611903 ], [ 1.786487380372819, 44.569465536448917 ], [ 1.786451489469904, 44.569276491299938 ], [ 1.78635322625995, 44.569033171217434 ], [ 1.786156612225753, 44.568555525246296 ], [ 1.785996771404101, 44.568176992789425 ], [ 1.785737704003991, 44.567654064590734 ], [ 1.785764277149097, 44.567510301127307 ], [ 1.785601793394187, 44.567401562456872 ], [ 1.785339021777748, 44.567256345128506 ], [ 1.785279036572974, 44.566959255947928 ], [ 1.785572796599036, 44.566511051349678 ], [ 1.785739250758434, 44.566215098882282 ], [ 1.785617159277291, 44.565836756059703 ], [ 1.78529290958195, 44.565547332956697 ], [ 1.78495696719619, 44.565167914853603 ], [ 1.78482035850295, 44.564987356336232 ], [ 1.78470899883495, 44.564797931566595 ], [ 1.784382458332594, 44.564742327625545 ], [ 1.783842861766564, 44.564604707870252 ], [ 1.783042555938847, 44.564115020776654 ], [ 1.782353969658498, 44.563778783926104 ], [ 1.781803496308775, 44.563470221308634 ], [ 1.781053007734257, 44.563034733402191 ], [ 1.780628698388139, 44.562690828541847 ], [ 1.780491486216167, 44.562573217406282 ], [ 1.780341783525675, 44.562446548426315 ], [ 1.780293339343267, 44.562257437634621 ], [ 1.780446428745653, 44.56204236805771 ], [ 1.780649386281923, 44.561872518684453 ], [ 1.780588808299067, 44.561638379238346 ], [ 1.780413505188914, 44.561556548557853 ], [ 1.78003479857305, 44.561689532656708 ], [ 1.779391663627444, 44.561848153137866 ], [ 1.778999926911003, 44.562026034981407 ], [ 1.778718895273316, 44.562456297793204 ], [ 1.778561954105244, 44.563058069266305 ], [ 1.778344885751455, 44.563380734212735 ], [ 1.778179743101259, 44.563541778387886 ], [ 1.777814403233214, 44.563593880795047 ], [ 1.777482858102072, 44.564041871580997 ], [ 1.777350430245905, 44.564706721523976 ], [ 1.776824706593943, 44.565702329750827 ], [ 1.776353055752393, 44.566320480523537 ], [ 1.776122123962889, 44.566768981236599 ], [ 1.77597466731642, 44.567676581801486 ], [ 1.775968916177556, 44.568252142023681 ], [ 1.775914370413399, 44.568674563163391 ], [ 1.775992100518787, 44.569709224234778 ], [ 1.776112607889834, 44.570240462420628 ], [ 1.776007467746521, 44.57068960665827 ], [ 1.775877883135512, 44.57106667614142 ], [ 1.775874198588945, 44.571435395495406 ], [ 1.775869074580852, 44.571948005623206 ], [ 1.775664447915702, 44.57227972377563 ], [ 1.775295989980743, 44.572637584789469 ], [ 1.775116790764658, 44.572942451916568 ], [ 1.775064843900715, 44.573104071467128 ], [ 1.774822823564513, 44.573399622479116 ], [ 1.774289889967123, 44.573846575370609 ], [ 1.773860217700406, 44.574033239611197 ], [ 1.773557083343408, 44.574148602895399 ], [ 1.773026209900393, 44.574388706152298 ], [ 1.772660614267962, 44.574458777872394 ], [ 1.772394768064725, 44.574619297150626 ], [ 1.771765221829004, 44.574661028830221 ], [ 1.771349295961877, 44.574730836442939 ], [ 1.77093454719798, 44.574683732193606 ], [ 1.770081976371015, 44.574382546505817 ], [ 1.769403922832747, 44.574244140233176 ], [ 1.768623215704069, 44.574303059288511 ], [ 1.768120034626177, 44.57429146160213 ], [ 1.767744039669051, 44.574145615305071 ], [ 1.767401413832224, 44.574431636126178 ], [ 1.766703293411745, 44.575030587646388 ], [ 1.766335217096924, 44.57534345429422 ], [ 1.765752509992736, 44.575727152190211 ], [ 1.765375229705637, 44.575707202438181 ] ] ] } },
{ "type": "Feature", "properties": { "nom": "GR 36" }, "geometry": { "type": "MultiLineString", "coordinates": [ [ [ 1.724451158862692, 44.358228744351941 ], [ 1.72429164647665, 44.357913105988835 ], [ 1.724345496465052, 44.357571684784901 ], [ 1.724383585384538, 44.357526934245676 ], [ 1.724672342775604, 44.357483588134528 ], [ 1.724736182442895, 44.357376032869453 ], [ 1.724927699990177, 44.357053366884621 ], [ 1.725157498258715, 44.356667966386823 ], [ 1.725296925695386, 44.356524863140493 ], [ 1.725498237442434, 44.356454047430603 ], [ 1.725800692193829, 44.356302861893781 ], [ 1.726141231907276, 44.356106924418739 ], [ 1.726596709548893, 44.355713788329147 ], [ 1.727012050506611, 44.355554236859071 ], [ 1.727551454498679, 44.355512279958859 ], [ 1.72796581861523, 44.35544264655266 ], [ 1.728230273516948, 44.355327213519139 ], [ 1.728938620347718, 44.354728643428714 ], [ 1.729482474949881, 44.354273038482233 ], [ 1.730189922423905, 44.353755389610257 ], [ 1.730544512486416, 44.353415634976805 ], [ 1.731061729116956, 44.353103757324348 ], [ 1.731128453289831, 44.352726434741562 ], [ 1.731183804423258, 44.352241136535369 ], [ 1.731275687150705, 44.351854960063605 ], [ 1.731390022966895, 44.351711710777757 ], [ 1.73164337087489, 44.351461318151514 ], [ 1.731849292094293, 44.350958868623387 ], [ 1.731995062234053, 44.350222276368633 ], [ 1.732148339526598, 44.349953344506567 ], [ 1.732350005128678, 44.349846546994634 ], [ 1.732653465959967, 44.34959642992942 ], [ 1.732643829083576, 44.349326596880736 ], [ 1.732975529961306, 44.348779877052905 ], [ 1.733379516581861, 44.34733429021545 ], [ 1.733776549671813, 44.346536135477393 ], [ 1.733907539065962, 44.346006292199455 ], [ 1.734111399385102, 44.345692673096408 ], [ 1.734201616605169, 44.345459362020058 ], [ 1.734595549451367, 44.344948952192226 ], [ 1.735092215423222, 44.344205298733705 ], [ 1.73549741363889, 44.343811851557142 ], [ 1.735687000140118, 44.343660019680613 ], [ 1.736416539465227, 44.343403242973118 ], [ 1.737660383753767, 44.343095324458282 ], [ 1.73788650048681, 44.343042607951567 ], [ 1.738352315646864, 44.342838327841434 ], [ 1.738830370148368, 44.342661091491848 ], [ 1.739521146744249, 44.34251199301967 ], [ 1.740047790735014, 44.342478898856193 ], [ 1.741404650513483, 44.342144577519662 ], [ 1.742849677945278, 44.341765755844634 ], [ 1.744105508453462, 44.341502793315783 ], [ 1.745411068103395, 44.341276055812941 ], [ 1.746177931786951, 44.341037401572173 ], [ 1.746845211638411, 44.340735255504967 ], [ 1.747346211095701, 44.340755944064973 ], [ 1.747985977098749, 44.340687450345072 ], [ 1.74832474829961, 44.340644312167377 ], [ 1.748902990664953, 44.340467571224153 ], [ 1.749481979039973, 44.340218890287552 ], [ 1.749984192621411, 44.340122668816832 ], [ 1.750912782252862, 44.339992760924687 ], [ 1.75136328464406, 44.340049130424291 ], [ 1.75215329898157, 44.339990410249698 ], [ 1.753404576718022, 44.340158961839442 ], [ 1.754006088914095, 44.34015317759475 ], [ 1.754933276657369, 44.340158117176379 ], [ 1.755660177114434, 44.340143998395959 ], [ 1.756336774715238, 44.340147593226803 ], [ 1.756963252605918, 44.340150918314549 ], [ 1.757614606275108, 44.340172356748916 ], [ 1.758980053038247, 44.340206560737265 ], [ 1.759682354845805, 44.340147322863338 ], [ 1.760527448168733, 44.339603232899918 ], [ 1.7614832697142, 44.339257556791246 ], [ 1.762539128758678, 44.33893038368533 ], [ 1.762941990847424, 44.338743654859705 ], [ 1.763471240920949, 44.338449676580069 ], [ 1.763911591516448, 44.338272134211962 ], [ 1.764401234766675, 44.338175780977842 ], [ 1.765491907634673, 44.338118538690757 ], [ 1.766269807669095, 44.338014690274704 ], [ 1.767046794467844, 44.33800075851066 ], [ 1.768761831463162, 44.338153565494189 ], [ 1.769776148739828, 44.338212787628997 ], [ 1.770765229021162, 44.338289855032059 ], [ 1.771429816869126, 44.338239338982603 ], [ 1.771931163777506, 44.338223946148297 ], [ 1.772596470060573, 44.338101486006153 ], [ 1.772947736900128, 44.338058335340662 ], [ 1.773588340185802, 44.337899772435286 ], [ 1.774374171860726, 44.33825452902326 ], [ 1.77492177646145, 44.338626040583634 ], [ 1.775620100489685, 44.338962354094484 ], [ 1.776456614033246, 44.339263400223828 ], [ 1.777319265654249, 44.339456663385199 ], [ 1.777742678411112, 44.339719614599417 ], [ 1.777866635457956, 44.339855137398423 ], [ 1.778028003008808, 44.340008835891709 ], [ 1.778201454100406, 44.340207559746304 ], [ 1.778387972708771, 44.34035239399865 ], [ 1.778586663780132, 44.340533260892812 ], [ 1.778847739189412, 44.340741422531778 ], [ 1.779158577343466, 44.340985809420083 ], [ 1.77944444923825, 44.34122107431233 ], [ 1.779742497211245, 44.341492371338433 ], [ 1.779928934477581, 44.341646195661802 ], [ 1.780051922959917, 44.341880629349653 ], [ 1.780577470883155, 44.341955245240115 ], [ 1.78103921798677, 44.34214643840555 ], [ 1.781701005707317, 44.342383608291897 ], [ 1.782023953949714, 44.342673010756165 ], [ 1.782281509254848, 44.343240851731643 ], [ 1.782514274829138, 44.343781587454906 ], [ 1.782736726282293, 44.344097456140979 ], [ 1.782985655686411, 44.344269577530959 ], [ 1.783296796725218, 44.344486975291709 ] ] ] } },
{ "type": "Feature", "properties": { "nom": "GR 651" }, "geometry": { "type": "MultiLineString", "coordinates": [ [ [ 1.753507527482437, 44.550489712169465 ], [ 1.752677483655506, 44.550485298715472 ], [ 1.751519608109582, 44.550560073097103 ], [ 1.751027437428287, 44.550719330944226 ], [ 1.750449106579514, 44.550698256090143 ], [ 1.75000864737476, 44.550722883127506 ], [ 1.749543129723774, 44.55073838141719 ], [ 1.749251047643913, 44.551006624459184 ], [ 1.749048221714444, 44.551158429431517 ], [ 1.748850293282584, 44.5508425947815 ], [ 1.748648503553828, 44.550895475118629 ], [ 1.748443321551038, 44.551272105218011 ], [ 1.748239833383409, 44.551486859002168 ], [ 1.748079637045006, 44.551171225548551 ], [ 1.747868192598882, 44.550945252632239 ], [ 1.747858163892396, 44.550702372653603 ], [ 1.748100793693605, 44.550352925735652 ], [ 1.748067213742529, 44.54995702942179 ], [ 1.748031088010596, 44.549803945150209 ], [ 1.747767269348314, 44.54977554925896 ], [ 1.747540612567611, 44.5498013133302 ], [ 1.747198787474324, 44.550015323205642 ], [ 1.747205113889, 44.549412789516502 ], [ 1.746560136292628, 44.549751077962938 ], [ 1.745829766609787, 44.549837084106571 ], [ 1.744948384003371, 44.549931263872374 ], [ 1.74513930233729, 44.549716448086961 ], [ 1.745431209146367, 44.549466201978689 ], [ 1.74568632999587, 44.549125821206843 ], [ 1.745223003746201, 44.548934460301261 ], [ 1.744699834419873, 44.548454981944268 ], [ 1.744451729658903, 44.548129875143786 ], [ 1.74377073256886, 44.548306069270105 ], [ 1.743546265374406, 44.548124985160975 ], [ 1.743548450869397, 44.547918145217096 ], [ 1.743462890358412, 44.547683850914595 ], [ 1.743112194372163, 44.547547051662583 ], [ 1.742586486292662, 44.547310374291506 ], [ 1.741709046307172, 44.547035814446325 ], [ 1.741657408848583, 44.547161443905836 ], [ 1.741453719018457, 44.547394171599706 ], [ 1.741126749544602, 44.547392397820317 ], [ 1.740500159754779, 44.547182144106088 ], [ 1.740299713697544, 44.547109106192771 ], [ 1.739798695121347, 44.546917518226834 ], [ 1.739802232523867, 44.54658477646776 ], [ 1.739615607918953, 44.546394896637111 ], [ 1.739016099740379, 44.546004910878473 ], [ 1.738882271006246, 44.545581485629839 ], [ 1.738886772299214, 44.54515881390779 ], [ 1.738763797421663, 44.544897331162254 ], [ 1.738502018617475, 44.544680059475937 ], [ 1.738252144692453, 44.544525807087645 ], [ 1.738104216029166, 44.544246200759396 ], [ 1.738195597232991, 44.543931925544328 ], [ 1.738146351611651, 44.543832727863922 ], [ 1.737983932454168, 44.543732913604408 ], [ 1.737669272569271, 44.543758176934212 ], [ 1.737291928508176, 44.543765109862711 ], [ 1.736852190666043, 44.543726732553154 ], [ 1.736385958082337, 44.543814118707708 ], [ 1.736527262667165, 44.543536091578453 ], [ 1.736995125867544, 44.543295823844623 ], [ 1.737138057609018, 44.542864915913576 ], [ 1.737244801401385, 44.542289913039383 ], [ 1.737399439393256, 44.541940010733235 ], [ 1.737565307323141, 44.541716078134463 ], [ 1.737694696709833, 44.541375030731309 ], [ 1.737800088209291, 44.540925929326534 ], [ 1.738168193420141, 44.540604171512868 ], [ 1.738308714673049, 44.540398086656516 ], [ 1.738119813980651, 44.540424037317607 ], [ 1.737264290725756, 44.540464334123996 ], [ 1.736095469972244, 44.540403982383303 ], [ 1.735493931919372, 44.540211824236664 ], [ 1.735307247188903, 44.540030930989261 ], [ 1.734968325310675, 44.539975111329227 ], [ 1.734186996807787, 44.540132707734699 ], [ 1.733670975938651, 44.540174840415517 ], [ 1.733569126758503, 44.540291196146249 ], [ 1.7336162356199, 44.540588241459758 ], [ 1.733433626488431, 44.541198797599542 ], [ 1.733032311714338, 44.541097662003324 ], [ 1.732632449831564, 44.540861629094614 ], [ 1.732243712365489, 44.54076056026004 ], [ 1.731730106530484, 44.540577858976597 ], [ 1.73165776206898, 44.540289667644103 ], [ 1.731635617896987, 44.540010745912006 ], [ 1.731601288197498, 44.539695783767478 ], [ 1.731604098411813, 44.539434986475754 ], [ 1.731168568902558, 44.539009888756375 ], [ 1.730944276670088, 44.538819787287203 ], [ 1.730946313993803, 44.538630934186919 ], [ 1.731024278366063, 44.538397533229933 ], [ 1.731290944576904, 44.538156180302863 ], [ 1.731544840635035, 44.537932742794737 ], [ 1.731686831759264, 44.537591771820651 ], [ 1.731564683008715, 44.537258338746469 ], [ 1.731240294120304, 44.537022717806288 ], [ 1.730738813681671, 44.536885046880897 ], [ 1.729963054930286, 44.53653001260178 ], [ 1.729249879625766, 44.536202300287549 ], [ 1.728787688336337, 44.535920941687095 ], [ 1.728727938443901, 44.535632819058584 ], [ 1.728794990660383, 44.535246469548134 ], [ 1.728633294797213, 44.535083690369078 ], [ 1.728140025362761, 44.535350760677929 ], [ 1.727859323896567, 44.535726931055258 ], [ 1.727433789284445, 44.535544698597064 ], [ 1.726872786635782, 44.535100900233068 ], [ 1.726461983858731, 44.534720888319598 ], [ 1.726122711593129, 44.534701014044721 ], [ 1.725807607114809, 44.534771208312748 ], [ 1.724965420274336, 44.534748528633841 ], [ 1.724173131665836, 44.534762095475877 ], [ 1.723898099084296, 44.53461666341628 ], [ 1.723697816586226, 44.534534603314185 ], [ 1.723521993588309, 44.534515633858852 ], [ 1.723332811855146, 44.534568537340881 ], [ 1.72316847996247, 44.534648560071886 ], [ 1.723106473595689, 44.534623845892433 ], [ 1.723048550287907, 44.534117272966803 ], [ 1.722976750276652, 44.533784111015748 ], [ 1.722955732872909, 44.533406266272571 ], [ 1.722724423931949, 44.532712472662176 ], [ 1.722413575258082, 44.53124479254172 ], [ 1.722493925561911, 44.530795567874776 ], [ 1.722597058972358, 44.530562314295729 ], [ 1.722737513137767, 44.530365243424818 ], [ 1.72277660491864, 44.530239553842158 ], [ 1.722967345789772, 44.530042763884481 ] ] ] } },
{ "type": "Feature", "properties": { "nom": "GR 36" }, "geometry": { "type": "MultiLineString", "coordinates": [ [ [ 1.371919175363465, 44.46127137411225 ], [ 1.37207447203623, 44.461002933150944 ], [ 1.372140798439588, 44.460796663994813 ], [ 1.37229470594927, 44.460609152912312 ], [ 1.372412796117964, 44.460313404398619 ], [ 1.372554916257399, 44.460080820975151 ], [ 1.372635644391735, 44.459766756023015 ], [ 1.372565860537749, 44.459442374635977 ], [ 1.372446933506908, 44.459054606775922 ], [ 1.372511028336367, 44.458245750549629 ], [ 1.372513340289583, 44.458110868346473 ], [ 1.372730939585753, 44.457869955156944 ], [ 1.373051598174413, 44.457477056965466 ], [ 1.373461522533008, 44.457004000686986 ], [ 1.373942304929746, 44.456792377461696 ], [ 1.374238454897033, 44.456363287280233 ], [ 1.374747261405721, 44.455981028890058 ], [ 1.375041400778164, 44.455668835335622 ], [ 1.375499362739664, 44.455322102684541 ], [ 1.376610308199365, 44.454972092555671 ], [ 1.377189504971243, 44.454878233504388 ] ] ] } },
{ "type": "Feature", "properties": { "nom": "GR 46" }, "geometry": { "type": "MultiLineString", "coordinates": [ [ [ 1.556738741650122, 44.537621337031048 ], [ 1.556109951511577, 44.53762586272908 ], [ 1.55568445951336, 44.537478938525119 ], [ 1.555389269720842, 44.537908536256147 ], [ 1.555155317395111, 44.538455486472756 ], [ 1.555050850120659, 44.538733547869995 ], [ 1.554846418522335, 44.53896592892319 ], [ 1.554693656784681, 44.539099746108434 ], [ 1.554453506332904, 44.539187973280711 ], [ 1.554049645774646, 44.539293019576775 ], [ 1.553782966076755, 44.539479986632024 ], [ 1.553452789028975, 44.539711467883507 ], [ 1.553110663366054, 44.539897894952851 ], [ 1.553007562517644, 44.540077034175383 ], [ 1.553055725137661, 44.540230270316066 ], [ 1.55317820237654, 44.540464980896964 ], [ 1.553237686115553, 44.540708235196057 ], [ 1.553208774629662, 44.540977840430791 ], [ 1.553027342907165, 44.541363275253026 ], [ 1.552697151728024, 44.541594755325548 ], [ 1.552328607145331, 44.541870928052745 ], [ 1.551819479388498, 44.542307982706575 ], [ 1.551285446343913, 44.542726869980918 ], [ 1.550957630656869, 44.542787480858699 ], [ 1.550506839532607, 44.542649348947464 ], [ 1.549954572803551, 44.542573444053197 ], [ 1.549527042934015, 44.542570380354874 ], [ 1.549020787501478, 44.54280058722059 ], [ 1.548362246986754, 44.543128629549074 ], [ 1.547895220700387, 44.543251188581536 ], [ 1.547391985677564, 44.543265559865318 ], [ 1.546727332498962, 44.543087962535914 ], [ 1.54645866213554, 44.542972405051522 ], [ 1.546270502005272, 44.542767526495638 ], [ 1.546259834082531, 44.542699771649275 ], [ 1.546443418360156, 44.542605162631112 ], [ 1.546718931772668, 44.542521300381864 ], [ 1.546828043285796, 44.542418096714997 ], [ 1.546996938465952, 44.54220181093055 ], [ 1.547086569041068, 44.541784136432376 ], [ 1.546804485311742, 44.541501261380425 ], [ 1.546147421545002, 44.541126734684681 ], [ 1.545716548453846, 44.540789225681515 ], [ 1.545392109333311, 44.540654634156894 ], [ 1.545263425064284, 44.540487682029195 ], [ 1.544812488357382, 44.540692773522373 ], [ 1.544309910779147, 44.540662166734414 ], [ 1.544184043891988, 44.540670252710186 ], [ 1.544083071171318, 44.540696504367517 ], [ 1.543754116465048, 44.540838029579042 ], [ 1.543204289485251, 44.540951589795995 ], [ 1.542980286050608, 44.540876962974366 ], [ 1.542736003596547, 44.540794455251444 ], [ 1.542258772106929, 44.540535823580186 ], [ 1.541991472164218, 44.540396722706404 ], [ 1.541460713055177, 44.540356821386332 ], [ 1.540955041508876, 44.540284075310801 ], [ 1.540448851016274, 44.540379617262957 ], [ 1.540060008506407, 44.540523293000021 ], [ 1.539551252579221, 44.540656596934099 ], [ 1.539247468961307, 44.540749264617439 ], [ 1.538741584912631, 44.541017744428075 ], [ 1.538233164480458, 44.541454238205894 ], [ 1.538240235025989, 44.542138143325275 ], [ 1.537960786411054, 44.542333972866437 ], [ 1.537418555721222, 44.542437953147846 ], [ 1.5367136236939, 44.542486782130631 ], [ 1.536146495536317, 44.542572586853723 ], [ 1.535741806997275, 44.542731523493352 ], [ 1.535212142084937, 44.542835584092138 ], [ 1.534568406008664, 44.543001764714369 ], [ 1.534351812867073, 44.543198045176062 ], [ 1.534197322263481, 44.543448740865472 ], [ 1.534061804902124, 44.544011004481078 ], [ 1.534014926731469, 44.544105174807186 ] ] ] } },
{ "type": "Feature", "properties": { "nom": "GR" }, "geometry": { "type": "MultiLineString", "coordinates": [ [ [ 1.212267921034541, 44.635389085848324 ], [ 1.212265937864577, 44.635488006594265 ], [ 1.212038306206463, 44.636160273532369 ], [ 1.212191761179638, 44.636674533061317 ], [ 1.212142797235567, 44.637231696275926 ], [ 1.21226351929191, 44.637493773755466 ], [ 1.212600520875488, 44.637650125266887 ], [ 1.213453924893673, 44.637811748845834 ], [ 1.213956649793504, 44.637870848222271 ], [ 1.215002950325132, 44.63846616834433 ], [ 1.215562188477062, 44.638849640773529 ], [ 1.215871141628058, 44.63914960980874 ], [ 1.216470333304546, 44.639425550042255 ], [ 1.216819236043343, 44.639617987686854 ], [ 1.217243176272594, 44.639838171622891 ], [ 1.217517945831212, 44.63995789709076 ], [ 1.21814449883024, 44.640126170855211 ], [ 1.21849789373107, 44.640093784680509 ], [ 1.218608923952935, 44.640211842750666 ], [ 1.219208499187493, 44.640469782132769 ], [ 1.219383227258983, 44.640552507661134 ], [ 1.219897324997544, 44.64067465696872 ], [ 1.220221234074656, 44.640857835742892 ], [ 1.220509685199296, 44.640923724283311 ], [ 1.222220569467653, 44.642317239130684 ], [ 1.223063357883681, 44.643018355791511 ], [ 1.223670939614943, 44.643510211061276 ], [ 1.223943243032857, 44.643755818571101 ], [ 1.224016145232044, 44.643891474855273 ] ] ] } },
{ "type": "Feature", "properties": { "nom": "GR 36" }, "geometry": { "type": "MultiLineString", "coordinates": [ [ [ 1.053342398708881, 44.527360106624876 ], [ 1.053465635329605, 44.527469480347563 ], [ 1.053560652467749, 44.527713439292867 ], [ 1.053679784514184, 44.528002652145183 ], [ 1.053841348710915, 44.528085490073103 ], [ 1.054369499716154, 44.528082667354994 ], [ 1.055038792679065, 44.52795556902263 ], [ 1.055644208116034, 44.527872692245573 ], [ 1.055939262779364, 44.527615298332712 ], [ 1.057043787775092, 44.527700135823601 ], [ 1.058037846237319, 44.527666747858518 ], [ 1.058973548932787, 44.527434795821307 ], [ 1.059569651606796, 44.527207880287932 ], [ 1.060192115300681, 44.526927300586834 ], [ 1.060344791372392, 44.526848127079596 ], [ 1.061133307168547, 44.526452546849264 ], [ 1.061641811347373, 44.52620661276265 ], [ 1.062020942335451, 44.526121072134053 ], [ 1.063096499697437, 44.525818754808562 ] ] ] } },
{ "type": "Feature", "properties": { "nom": "GR 36" }, "geometry": { "type": "MultiLineString", "coordinates": [ [ [ 1.552803978673486, 44.453755725557265 ], [ 1.55277924448473, 44.453728569523449 ], [ 1.552478060759758, 44.453717422825967 ], [ 1.551836773846381, 44.453784782008761 ], [ 1.551471561764561, 44.453863108083823 ], [ 1.551118651733063, 44.453959508016183 ], [ 1.550563483336771, 44.454153383453146 ], [ 1.550045598255039, 44.454374504079105 ], [ 1.549161228673466, 44.454763864629307 ] ] ] } },
{ "type": "Feature", "properties": { "nom": "GR 46" }, "geometry": { "type": "MultiLineString", "coordinates": [ [ [ 1.575499449102918, 44.659216045653935 ], [ 1.57510272137371, 44.659663008362926 ], [ 1.5748489971069, 44.659787170121788 ], [ 1.574631238544318, 44.660046493133699 ], [ 1.574740733308052, 44.660335066003576 ], [ 1.57496498173075, 44.660525496329981 ], [ 1.575536316917749, 44.661141056288407 ], [ 1.57614437014959, 44.66183781489805 ], [ 1.576231237025303, 44.66193735159608 ], [ 1.575612802105063, 44.66200502780562 ], [ 1.575142036793884, 44.662334555096912 ], [ 1.574922681813522, 44.662710792592762 ], [ 1.574892589125896, 44.663070351995543 ], [ 1.575002091103401, 44.663358924937477 ], [ 1.574845738511804, 44.663735598508005 ], [ 1.574447873523774, 44.664263500595574 ], [ 1.574366637681522, 44.664676671341496 ], [ 1.574371410767945, 44.665252333138874 ], [ 1.574200856798383, 44.665745833091719 ], [ 1.573969368807107, 44.666086007817796 ], [ 1.573683429768545, 44.66672261432079 ], [ 1.573409719352402, 44.667386288048633 ], [ 1.573406166736445, 44.667647095759648 ], [ 1.573439442745636, 44.667980112396229 ], [ 1.573596540891891, 44.668475884187025 ], [ 1.573505015961744, 44.668718093186094 ], [ 1.573262624194864, 44.668932273309885 ] ] ] } },
{ "type": "Feature", "properties": { "nom": "GR 46" }, "geometry": { "type": "MultiLineString", "coordinates": [ [ [ 1.5673740194039, 44.64928783719666 ], [ 1.567472152399062, 44.650031119630917 ], [ 1.567495498161804, 44.650166195742635 ], [ 1.567604690750227, 44.650472759959086 ], [ 1.567676335043555, 44.650761074391539 ], [ 1.567835307080333, 44.651112957320102 ], [ 1.567944379502003, 44.651428515793647 ], [ 1.568127689649737, 44.65184352758078 ], [ 1.568144997346805, 44.652419275206427 ], [ 1.568141915219053, 44.65264410780641 ], [ 1.568237776436508, 44.653004543974681 ], [ 1.568372670297395, 44.653275310989912 ], [ 1.568482982249162, 44.653500935935512 ], [ 1.568757332506392, 44.653709717914687 ], [ 1.569069236821268, 44.653936748504165 ], [ 1.569369282855305, 44.654109732020423 ], [ 1.569742835985588, 44.654436126940318 ], [ 1.570043255979249, 44.654582127862049 ], [ 1.570570837924336, 44.654702728441883 ], [ 1.57075798888235, 44.654838944615506 ], [ 1.570740596021496, 44.655189595368263 ], [ 1.57050925516668, 44.655520768810639 ], [ 1.570417491147725, 44.655780960365227 ], [ 1.570500649810107, 44.656150301411209 ], [ 1.570799852204608, 44.656386233750453 ], [ 1.571419167079504, 44.657173037624212 ], [ 1.571603873437167, 44.657489118441184 ], [ 1.572101869587479, 44.657933296109022 ], [ 1.572962712085555, 44.658568868575273 ], [ 1.573149023149792, 44.658768034421399 ], [ 1.573512355276133, 44.658923456927845 ], [ 1.574002795636901, 44.65899881178094 ], [ 1.574668911114317, 44.659129347598572 ], [ 1.57522211424288, 44.659223119686409 ], [ 1.575499449102918, 44.659216045653935 ] ] ] } },
{ "type": "Feature", "properties": { "nom": "GR 36" }, "geometry": { "type": "MultiLineString", "coordinates": [ [ [ 1.284892930451083, 44.490816514474496 ], [ 1.284413410239961, 44.491594058861757 ], [ 1.283912693977588, 44.492164860139312 ], [ 1.283535238574764, 44.492862755772187 ], [ 1.283259793037418, 44.493480685740913 ], [ 1.282911828563728, 44.493945023499215 ], [ 1.282579962110928, 44.494220644789202 ], [ 1.282294298149296, 44.494712560325141 ], [ 1.281959049697091, 44.495168024485153 ], [ 1.28148711777309, 44.495541228461597 ], [ 1.280832130133397, 44.49562486536631 ], [ 1.280365424317679, 44.495719306319302 ], [ 1.279634884784645, 44.495811202892689 ], [ 1.279404176203889, 44.496051813944312 ], [ 1.279094655233124, 44.495805997582195 ], [ 1.2785240514212, 44.496079305137116 ], [ 1.277798953429248, 44.496548984538975 ], [ 1.277062127962623, 44.496973576393827 ], [ 1.276551269319288, 44.497409340778859 ], [ 1.276076906598936, 44.497908413501364 ], [ 1.275606780417081, 44.498182677323413 ], [ 1.275111350458973, 44.49846568924378 ], [ 1.274805396757994, 44.498696569721695 ], [ 1.274513873354594, 44.498828655721205 ], [ 1.27415782799565, 44.499050055500717 ], [ 1.273877165723754, 44.499272184488497 ], [ 1.27339853484425, 44.499330504592152 ], [ 1.272818537720112, 44.499432809959288 ], [ 1.272113916487212, 44.499479939424567 ], [ 1.271788267302914, 44.499422816542598 ], [ 1.271162609982502, 44.499281835233511 ], [ 1.270437807301931, 44.499067935790137 ], [ 1.269835068454325, 44.499044089456973 ], [ 1.269143697102324, 44.499055353541259 ], [ 1.268503607174593, 44.499013149229043 ], [ 1.267211893572889, 44.498874652883352 ], [ 1.266872833791603, 44.498862354235598 ], [ 1.266626172309092, 44.498617114105301 ], [ 1.266250791129799, 44.498532508037684 ], [ 1.265925666667808, 44.4984483917898 ], [ 1.264950472105377, 44.498187042916889 ], [ 1.264399715584562, 44.498073735789681 ], [ 1.263884593465668, 44.498068700978592 ], [ 1.263482547648526, 44.498064769489432 ], [ 1.263284443603366, 44.49790993586668 ], [ 1.263023005325102, 44.497781463343102 ], [ 1.262423720113783, 44.497577733181821 ], [ 1.261585209988639, 44.497398636691486 ], [ 1.260959086096466, 44.497284573711816 ], [ 1.260442249919485, 44.497369445360356 ], [ 1.259885136949232, 44.497588826194892 ], [ 1.259960692868769, 44.497580574331252 ], [ 1.259430771745739, 44.497692292938019 ], [ 1.258964875073491, 44.497741682175935 ], [ 1.258337372003206, 44.497699541578676 ], [ 1.257860808472045, 44.497649887398687 ], [ 1.257700240090262, 44.497504406552018 ], [ 1.257497319658279, 44.497601343902552 ], [ 1.25696445815302, 44.49786591873621 ], [ 1.256355689603514, 44.498156725704739 ], [ 1.255860854801535, 44.498403681623543 ], [ 1.255598048176598, 44.498347129657468 ], [ 1.255463476034212, 44.498156932162715 ], [ 1.255065235698213, 44.497955141627465 ], [ 1.254490931460944, 44.497760607174627 ], [ 1.253765865727833, 44.497564582667671 ], [ 1.252862658454608, 44.497483714119554 ], [ 1.251899237637334, 44.497267334563347 ], [ 1.251420425992529, 44.497334550943528 ], [ 1.250912145415193, 44.497626321361935 ], [ 1.250566494330561, 44.497955675161172 ], [ 1.250246661762515, 44.498249307535573 ], [ 1.249950390698594, 44.498624118031486 ], [ 1.249550820027977, 44.499141806062894 ], [ 1.249093117070599, 44.499416081637605 ], [ 1.248422513397231, 44.499652269520638 ], [ 1.247891748511583, 44.499767993651098 ], [ 1.247756473647089, 44.499817860514234 ], [ 1.247700197938127, 44.499842560616642 ], [ 1.247625874148345, 44.499875502928937 ], [ 1.247105795668377, 44.500173971238006 ], [ 1.246507095082118, 44.501179820518928 ], [ 1.245946188648157, 44.502273300170025 ], [ 1.245608554014396, 44.502703088969213 ], [ 1.244874753912545, 44.502836468479238 ], [ 1.244341730917372, 44.503031060266153 ], [ 1.243405339046136, 44.503161206684993 ], [ 1.242595002564292, 44.503148300647176 ], [ 1.241209408879847, 44.50208184072217 ] ] ] } },
{ "type": "Feature", "properties": { "nom": "GR 65" }, "geometry": { "type": "MultiLineString", "coordinates": [ [ [ 1.254390022771317, 44.347666310667577 ], [ 1.253246813025276, 44.347807884979666 ], [ 1.252467328010924, 44.347935064081604 ], [ 1.251854199424031, 44.347884023654068 ], [ 1.251117324300346, 44.347750812828515 ], [ 1.249892459903727, 44.347576780267701 ], [ 1.24897947420235, 44.347477778737577 ], [ 1.248558997254364, 44.34718581730742 ], [ 1.248450737500558, 44.346950917338738 ], [ 1.248265882023448, 44.346139691212613 ], [ 1.247982182579932, 44.345255537174168 ], [ 1.247142316843776, 44.344617655657778 ] ] ] } },
{ "type": "Feature", "properties": { "nom": "GR 65" }, "geometry": { "type": "MultiLineString", "coordinates": [ [ [ 1.247142316843776, 44.344617655657778 ], [ 1.246660439119745, 44.344262123534698 ], [ 1.245766656044763, 44.34382154539918 ], [ 1.244897598288908, 44.343399192553683 ], [ 1.243952678969162, 44.343012048301901 ], [ 1.243394263199815, 44.342727682607418 ], [ 1.242749893685042, 44.3423525230777 ], [ 1.241460130594649, 44.341656141886723 ], [ 1.239945053621091, 44.340948494728025 ], [ 1.239498388462868, 44.340719188147062 ], [ 1.239397982181683, 44.340727174772809 ] ] ] } },
{ "type": "Feature", "properties": { "nom": "GR 652" }, "geometry": { "type": "MultiLineString", "coordinates": [ [ [ 1.162908254793354, 44.584405033682032 ], [ 1.162949012673028, 44.584261558190349 ], [ 1.162950892241519, 44.584171634018695 ], [ 1.162991648584842, 44.584028158503749 ], [ 1.162981885763788, 44.583893137771817 ], [ 1.162995408823773, 44.58384831020004 ], [ 1.162970430425161, 44.583839048410802 ], [ 1.162971370186102, 44.583794086332013 ], [ 1.162985269627843, 44.583731274120687 ], [ 1.162999544200822, 44.583650476346108 ], [ 1.162989969608653, 44.583506463764884 ], [ 1.163018706763736, 44.58333587636001 ], [ 1.163021525901347, 44.58320099015215 ], [ 1.163261349893783, 44.583167573350174 ], [ 1.163450655387178, 44.583142611029608 ], [ 1.163602023133365, 44.583126238746956 ], [ 1.163792830390077, 44.583029336339237 ], [ 1.163946264990959, 44.58291404669604 ], [ 1.164147400384891, 44.58292518686239 ], [ 1.164387598483099, 44.582873782979142 ], [ 1.164485250977165, 44.582416109869108 ], [ 1.164478488434306, 44.582137210400809 ], [ 1.164344025000312, 44.581946893496038 ], [ 1.16397875775174, 44.581960984179851 ], [ 1.163830397160906, 44.581833478929404 ], [ 1.163783824531158, 44.581653094018506 ], [ 1.163624762062102, 44.581435530023818 ], [ 1.163561850698047, 44.581434858770066 ], [ 1.163464574626093, 44.581271920639701 ], [ 1.163526734621146, 44.581308562123212 ], [ 1.163427202664295, 44.581253532645704 ], [ 1.163402977838027, 44.581208301712032 ], [ 1.16330344743799, 44.581153272146203 ], [ 1.163126731264907, 44.58117836868751 ], [ 1.162901001504724, 44.581139980252324 ], [ 1.162298368642965, 44.581070580829881 ], [ 1.1619222178545, 44.581003598858217 ], [ 1.161648608212354, 44.580847768868701 ], [ 1.161223448504349, 44.580717299263405 ], [ 1.161365210817464, 44.581159542014845 ], [ 1.161069228748453, 44.581471180668295 ], [ 1.161253634332062, 44.581680024977345 ], [ 1.161278234565782, 44.581707271768657 ], [ 1.161389593021452, 44.581798407107961 ], [ 1.161287616007032, 44.581860277155592 ], [ 1.160906753007193, 44.582018102733876 ], [ 1.160477064936889, 44.5821034484538 ], [ 1.160034039212, 44.582224627825788 ], [ 1.159566413146375, 44.582318558274252 ], [ 1.159178428281795, 44.582215462768048 ], [ 1.158550812824193, 44.582136781149963 ], [ 1.157869281370954, 44.582228410881562 ], [ 1.157415365364521, 44.582268512509039 ], [ 1.157723577862899, 44.581975003285493 ], [ 1.157316479132157, 44.581583874492452 ], [ 1.156977699599402, 44.581535265715019 ], [ 1.156325685037537, 44.581420330958991 ], [ 1.156003272423497, 44.581192006578448 ], [ 1.155438773090493, 44.58110499012259 ], [ 1.153981314963641, 44.580990375488007 ], [ 1.152776075894058, 44.580851475163414 ], [ 1.151620791852838, 44.580731088581516 ] ] ] } },
{ "type": "Feature", "properties": { "nom": "GR 65" }, "geometry": { "type": "MultiLineString", "coordinates": [ [ [ 1.330111640625818, 44.342120617452274 ], [ 1.330606553609661, 44.342475896262748 ], [ 1.330745671585829, 44.343106689663834 ], [ 1.330657331597962, 44.34384330875347 ], [ 1.330713881237229, 44.344185564745004 ], [ 1.33085942393582, 44.344456694253068 ], [ 1.331416530504425, 44.344839520239091 ], [ 1.332134773699039, 44.345322746576336 ], [ 1.332929970188605, 44.345707749523413 ], [ 1.334171627637492, 44.346357634347143 ], [ 1.334681692971648, 44.346569144808875 ], [ 1.335216981784169, 44.346771890542314 ], [ 1.335719476121986, 44.346704541933022 ], [ 1.33618469608125, 44.346618863396728 ], [ 1.336978643005186, 44.347119772468773 ], [ 1.33764627244478, 44.347502377648993 ], [ 1.339473142616521, 44.347845170240689 ], [ 1.340849602610326, 44.347875460424895 ], [ 1.343341605882771, 44.348018105611857 ], [ 1.345605094046162, 44.348453333723583 ], [ 1.347700597317725, 44.349172542780138 ], [ 1.350270988527517, 44.350042106545374 ], [ 1.351974098676945, 44.350526108692335 ], [ 1.352749964006206, 44.351311411441884 ], [ 1.353373668700808, 44.351836536784511 ], [ 1.353538297394375, 44.353042509696792 ], [ 1.354120443588081, 44.353624319114701 ], [ 1.355381298767689, 44.353987067095588 ] ] ] } },
{ "type": "Feature", "properties": { "nom": "GR 46" }, "geometry": { "type": "MultiLineString", "coordinates": [ [ [ 1.587424634256162, 44.741883917428048 ], [ 1.587809932090191, 44.74232726802267 ], [ 1.588242227350472, 44.743031777079601 ], [ 1.588572854916973, 44.743789560752873 ], [ 1.588865391001699, 44.744565075262564 ], [ 1.589106495264118, 44.745412195803269 ], [ 1.589274166931651, 44.746087921150234 ], [ 1.591041984193792, 44.74697236981882 ], [ 1.591779402170235, 44.747517029642708 ], [ 1.592438838285752, 44.748232053157132 ], [ 1.592834210221246, 44.748873334991487 ], [ 1.593104339250554, 44.749441813392188 ], [ 1.593262079264798, 44.749919587739598 ], [ 1.593506377565032, 44.750532863164622 ], [ 1.593682835280559, 44.750552042206635 ], [ 1.594521534015092, 44.751079378388447 ], [ 1.594996494456776, 44.751433363481013 ], [ 1.595537067807897, 44.75159890347328 ], [ 1.59574841730761, 44.751843177416397 ], [ 1.596221249366076, 44.75235904397811 ], [ 1.597058334955909, 44.753012273059348 ], [ 1.597924246704037, 44.753395853494261 ], [ 1.598818733278628, 44.753527771486681 ], [ 1.599547719604813, 44.753766509462388 ], [ 1.599936275206314, 44.753975983072507 ], [ 1.600375912055999, 44.75414082249965 ], [ 1.600789480352558, 44.754368448654368 ], [ 1.601126846673377, 44.754631542409363 ], [ 1.601517658984489, 44.754670128795212 ], [ 1.601693305629984, 44.75475225106986 ], [ 1.602420431021953, 44.7551348692107 ], [ 1.603010962208609, 44.755345676152984 ], [ 1.603638776349289, 44.755601701004693 ], [ 1.60428298361814, 44.755570006655894 ], [ 1.603954982592833, 44.756536157611407 ], [ 1.603840882135699, 44.757573476839326 ], [ 1.603428557215114, 44.758166353284373 ], [ 1.602891540307716, 44.758442881732655 ], [ 1.602181765731404, 44.758559841257444 ], [ 1.600811068759182, 44.758605497463215 ], [ 1.599971923377485, 44.758594898852472 ], [ 1.599167539826719, 44.758962464015198 ], [ 1.598408096373815, 44.759299114061584 ], [ 1.597692026204417, 44.759667784906476 ], [ 1.597106092362455, 44.760132532499306 ], [ 1.59651784275696, 44.760474115966332 ] ] ] } },
{ "type": "Feature", "properties": { "nom": "GR 36" }, "geometry": { "type": "MultiLineString", "coordinates": [ [ [ 1.01324049882235, 44.537200592855918 ], [ 1.013504512002378, 44.537203775104182 ], [ 1.013971794735924, 44.537119460662993 ], [ 1.014631344862031, 44.537415229441031 ], [ 1.015103280139914, 44.537133087858123 ], [ 1.015498509294134, 44.536903987842955 ], [ 1.015970435999508, 44.536621841713227 ], [ 1.016507330883777, 44.536250529790145 ], [ 1.016776830381122, 44.536019913429698 ], [ 1.016254518880767, 44.535770780880675 ], [ 1.015671467359702, 44.535430969841663 ], [ 1.015337528438631, 44.535193094279784 ], [ 1.015422894259836, 44.534771379847363 ], [ 1.015431985009912, 44.534384726050384 ], [ 1.015096996634568, 44.534191809696587 ], [ 1.014573440743049, 44.533996620629338 ], [ 1.013586865915684, 44.533705905443448 ], [ 1.013788006500575, 44.533708329438355 ], [ 1.014454284653962, 44.533716356301071 ], [ 1.01511137519417, 44.533580356964883 ], [ 1.015657435893627, 44.5333530727004 ], [ 1.016046085921362, 44.533402721339598 ], [ 1.016381072858286, 44.533595634749972 ], [ 1.017698946516553, 44.533701422690505 ], [ 1.018625848539942, 44.533856466907338 ], [ 1.019357093416598, 44.533775299155018 ], [ 1.019903489760787, 44.534069678271273 ], [ 1.02042474921375, 44.534363753262696 ], [ 1.021408002713387, 44.534798279406786 ], [ 1.022001340247211, 44.535237121863879 ], [ 1.022515050590922, 44.535854897940844 ], [ 1.022898428085891, 44.536668990897319 ], [ 1.023601129984387, 44.537810704130393 ], [ 1.024429584808703, 44.538953916265356 ], [ 1.025600683785641, 44.539966297040003 ], [ 1.027032713270083, 44.541116695902168 ], [ 1.028210605984924, 44.541841305612493 ], [ 1.028669113314475, 44.542134593354326 ], [ 1.029459134040134, 44.542233946866048 ], [ 1.030324388167341, 44.542343184774936 ], [ 1.0309884731388, 44.542450024510629 ], [ 1.031254639942106, 44.542902914232847 ], [ 1.031572776228477, 44.543284465759278 ], [ 1.031834149518572, 44.543944171148659 ], [ 1.032004125369464, 44.544207031677011 ], [ 1.032396463758542, 44.544643429158199 ], [ 1.032954356148424, 44.544991846069813 ], [ 1.033344621412527, 44.545518160719872 ], [ 1.033747259841512, 44.546053615731189 ], [ 1.034000266494529, 44.546533326614572 ], [ 1.033859721465694, 44.54717027035597 ], [ 1.033849921531045, 44.547592895558957 ], [ 1.034003174120891, 44.5480354452244 ], [ 1.033986494158692, 44.548754809420643 ], [ 1.034077710371477, 44.549160645359947 ], [ 1.034002743836045, 44.549681438000349 ], [ 1.033932154864652, 44.550013398011558 ], [ 1.034076612569329, 44.550142403473529 ], [ 1.034117444937698, 44.550159509106017 ] ] ] } },
{ "type": "Feature", "properties": { "nom": "GR 36 A" }, "geometry": { "type": "MultiLineString", "coordinates": [ [ [ 1.505442563685752, 44.428315621488409 ], [ 1.505609948339908, 44.428029105940489 ], [ 1.506154057740295, 44.427727457873694 ], [ 1.506381394214096, 44.427630253748774 ], [ 1.506496056561381, 44.42751421000132 ], [ 1.506550762034471, 44.427208852973713 ], [ 1.506914537721191, 44.427220599838797 ], [ 1.507278579489185, 44.427214361054496 ], [ 1.507656096930428, 44.427145270243237 ], [ 1.507897168409267, 44.426967227730586 ], [ 1.508254616911942, 44.42655623975611 ], [ 1.508597526255671, 44.426280039420028 ], [ 1.508900803713901, 44.426138437533361 ], [ 1.509443820216567, 44.425908711295165 ], [ 1.509898333909208, 44.425723281836369 ], [ 1.51030397165802, 44.425447549401952 ], [ 1.510729544174618, 44.424668343996807 ], [ 1.511015759640119, 44.42397802060308 ], [ 1.511352291222315, 44.423279081499956 ], [ 1.511855490667558, 44.42233857880688 ], [ 1.511933016926784, 44.422186277442833 ], [ 1.512446014582201, 44.422289060606545 ], [ 1.512734607093504, 44.422291230085179 ], [ 1.513047372823576, 44.422356533124386 ], [ 1.513625083871442, 44.422324899293031 ], [ 1.514163969497312, 44.422373910271197 ], [ 1.514217970617388, 44.422113511668712 ], [ 1.514316446818307, 44.421385798598465 ], [ 1.51426225192634, 44.420800832733818 ], [ 1.514291814842746, 44.420495284708714 ], [ 1.514343646328044, 44.419524405925614 ], [ 1.514400140860464, 44.419093155210859 ], [ 1.515177516259578, 44.419134956887575 ], [ 1.515143551522093, 44.418882891958866 ], [ 1.51498595823118, 44.418503995813339 ], [ 1.514890443019862, 44.418170531257864 ], [ 1.514982864731118, 44.417856461911356 ], [ 1.515449184466944, 44.417716065164619 ], [ 1.515979283421656, 44.41750419761869 ], [ 1.51632105194558, 44.417299911978347 ], [ 1.51705502823172, 44.416873728953028 ], [ 1.517927264657133, 44.416430587086552 ], [ 1.518444926668377, 44.41620962287935 ], [ 1.518935924444015, 44.416096375640919 ], [ 1.519713915624393, 44.416093182919674 ], [ 1.520566530485387, 44.416135506983167 ], [ 1.520842805498263, 44.41611957703352 ], [ 1.521532973397496, 44.416115718864752 ], [ 1.52243629535519, 44.416122432477124 ], [ 1.523403517163435, 44.416048673832208 ], [ 1.52418124690474, 44.416063434860753 ], [ 1.52475642321244, 44.416202594214354 ], [ 1.525343500040647, 44.4163868052837 ], [ 1.525944940943545, 44.416445213675964 ], [ 1.526246568180056, 44.416411472076184 ], [ 1.526686979134523, 44.416324794861019 ], [ 1.527279882744825, 44.41610434485515 ], [ 1.528140254568888, 44.415607076017793 ], [ 1.528649607355652, 44.415961566186496 ], [ 1.529109556145916, 44.416261730516091 ], [ 1.53035360999906, 44.417008330359693 ] ] ] } },
{ "type": "Feature", "properties": { "nom": "GR 6" }, "geometry": { "type": "MultiLineString", "coordinates": [ [ [ 1.717052250555209, 44.777902549858432 ], [ 1.716407549271514, 44.777961885087066 ], [ 1.715875296323617, 44.778129784922122 ], [ 1.715735594393912, 44.778200953801537 ], [ 1.715101117659115, 44.778476208177914 ], [ 1.714480362431941, 44.778652595860237 ], [ 1.713896785617728, 44.778892152656951 ], [ 1.713662067963327, 44.778423110916414 ], [ 1.71288005769046, 44.778337737504287 ], [ 1.711970769724849, 44.778341582990237 ], [ 1.711401925081962, 44.778392324167825 ], [ 1.711011172737974, 44.778327145254131 ], [ 1.710597381341743, 44.778063954834892 ], [ 1.710006306446942, 44.777844727345219 ], [ 1.709792041995874, 44.777807531083837 ], [ 1.709739112115824, 44.778023098039938 ], [ 1.709661733877871, 44.778166570922536 ], [ 1.70939413479769, 44.778380916511438 ], [ 1.709063999603, 44.778540938601353 ], [ 1.708948836749125, 44.778675200804969 ], [ 1.709048142777533, 44.778828673624304 ], [ 1.709386569166813, 44.779055463237931 ], [ 1.709258071265093, 44.779252611646655 ], [ 1.709116036963568, 44.779530633171071 ], [ 1.70901340006976, 44.779673961059416 ], [ 1.709163016437511, 44.77984570869387 ], [ 1.709247982662211, 44.780152006988864 ], [ 1.708604761405007, 44.780076387286343 ], [ 1.707735048080591, 44.779927516353546 ], [ 1.706876651868629, 44.779895631530358 ], [ 1.705879450008006, 44.779853951012385 ], [ 1.705563953652578, 44.779834156058868 ], [ 1.705186334455532, 44.779724059466197 ], [ 1.704618586827757, 44.77967583292785 ], [ 1.703873947917881, 44.779635582452471 ], [ 1.702916267417832, 44.779450189474154 ], [ 1.702274389187108, 44.779257611890884 ], [ 1.701696676113671, 44.778975454992562 ], [ 1.701307770798366, 44.778748350925177 ], [ 1.700929962830954, 44.778656227258267 ], [ 1.700829759908073, 44.77858369354702 ], [ 1.700628023709942, 44.778555546055003 ], [ 1.700362843399315, 44.778554015001099 ], [ 1.700222813196122, 44.778652146754567 ], [ 1.7001347268022, 44.778624654633425 ], [ 1.699752927733082, 44.778883290316884 ], [ 1.699625421842561, 44.778990487954673 ], [ 1.699523170195508, 44.779097831351024 ], [ 1.698914167104642, 44.779346155746303 ], [ 1.698179188655716, 44.77956676430604 ], [ 1.697964618072731, 44.779556526694236 ], [ 1.697508371433112, 44.779697794785299 ], [ 1.696771529974818, 44.780080284075325 ], [ 1.695894327570124, 44.780587877302999 ], [ 1.695336218228353, 44.780800500868715 ], [ 1.694704295646589, 44.780841794641546 ], [ 1.693956239431642, 44.781098277032179 ], [ 1.69349717663116, 44.781482365119011 ] ] ] } },
{ "type": "Feature", "properties": { "nom": "Vélo" }, "geometry": { "type": "MultiLineString", "coordinates": [ [ [ 1.937484875035841, 44.951736434642967 ], [ 1.937611029942908, 44.951808849833775 ], [ 1.937813443713069, 44.951845560521789 ], [ 1.938382687597363, 44.951955553603042 ], [ 1.938711194276412, 44.952073672547044 ], [ 1.938989613039736, 44.952110654456966 ], [ 1.939330852803604, 44.952219821984166 ], [ 1.939849114048872, 44.952374599079462 ], [ 1.940330978522785, 44.952304368961308 ], [ 1.940786994948524, 44.952306003451667 ], [ 1.941534035715782, 44.952353651401886 ], [ 1.941989733946555, 44.95240025506223 ], [ 1.942458609193527, 44.952374943123097 ], [ 1.94300348766071, 44.952349900585695 ], [ 1.943434297210324, 44.952333445026575 ], [ 1.94378878700125, 44.952361690228841 ], [ 1.944524177621467, 44.952265357167448 ], [ 1.945043023240166, 44.952339157563685 ], [ 1.945422531292005, 44.952412461641657 ], [ 1.94609363868675, 44.952450815333904 ], [ 1.946702418717349, 44.952345025155353 ], [ 1.947020294080682, 44.95217524179467 ], [ 1.94746515251944, 44.951960928851619 ], [ 1.948278102481308, 44.951639969598581 ], [ 1.949103460632848, 44.951355026908629 ], [ 1.949915894344899, 44.951106013423768 ], [ 1.950296337555365, 44.951044379426207 ], [ 1.950727134949052, 44.951027894719786 ], [ 1.951131662993714, 44.951146242073364 ], [ 1.951587048475842, 44.951237779601428 ], [ 1.952041129069344, 44.951518205648917 ], [ 1.9524455403431, 44.951654537898293 ], [ 1.952914653028053, 44.95159320258405 ], [ 1.95321971415225, 44.951441346639037 ], [ 1.953525825724636, 44.951136578756213 ], [ 1.953958973702636, 44.950778280060057 ], [ 1.954212681100105, 44.950725188563077 ], [ 1.95433718548193, 44.951040444069868 ], [ 1.954359058747955, 44.951544239393442 ], [ 1.954393414659058, 44.952075063648998 ], [ 1.954502909475095, 44.952732076376847 ], [ 1.954500376960025, 44.953100863453784 ], [ 1.954638174000907, 44.953326214916636 ], [ 1.954649482689205, 44.953524143724543 ], [ 1.954878422229152, 44.953390009394738 ], [ 1.95527215894212, 44.95323845435086 ], [ 1.955792012676585, 44.953168287334549 ], [ 1.955957180170428, 44.953096896196065 ], [ 1.956501936565066, 44.953089777170938 ], [ 1.95694480202675, 44.953163259911967 ], [ 1.957387177595464, 44.953308698634778 ], [ 1.957918594722592, 44.953400471775488 ], [ 1.958235095952491, 44.953428540798399 ], [ 1.958552208186229, 44.953366661493831 ], [ 1.958907199955277, 44.953322900746763 ], [ 1.959313349773021, 44.953207352796596 ], [ 1.959579302709895, 44.953217255747887 ], [ 1.959794221080819, 44.953280953826486 ], [ 1.960134840005608, 44.953488999819605 ], [ 1.960653353608076, 44.953616695514874 ], [ 1.961261754240254, 44.953564794594193 ], [ 1.961579592442638, 44.953394968656774 ], [ 1.961909428339019, 44.953324127598954 ], [ 1.962226597168202, 44.953253242991273 ], [ 1.962604804384474, 44.953524373909886 ], [ 1.962845303274805, 44.953552172731193 ], [ 1.963085440851174, 44.953633940051624 ], [ 1.963249755502507, 44.953688464867781 ], [ 1.963413830054481, 44.953778969694568 ], [ 1.963615786023145, 44.953887591229289 ], [ 1.96366488806167, 44.954121626671935 ], [ 1.963651437343468, 44.95423851623945 ], [ 1.963673878548829, 44.954670352398097 ], [ 1.963748678172822, 44.954850504555075 ], [ 1.96387348796655, 44.955129771319804 ], [ 1.964188075072185, 44.955445656498306 ], [ 1.964804472617133, 44.956095373478227 ], [ 1.964435354893758, 44.956354985177526 ], [ 1.964018694960666, 44.95614669613137 ], [ 1.963743252916578, 44.955660036555237 ], [ 1.963137065796289, 44.95537914468796 ], [ 1.962683078147158, 44.95507177910337 ], [ 1.962278859738538, 44.954899504600128 ], [ 1.961770696309312, 44.955113662027848 ], [ 1.961464486361283, 44.955436443538055 ], [ 1.960589553184917, 44.955559399229806 ], [ 1.959359367080566, 44.955762090761489 ], [ 1.958497703100453, 44.955795125423307 ], [ 1.957674287673504, 44.955792305179223 ], [ 1.957040338439296, 44.955871083761906 ], [ 1.956799033861407, 44.955960205256027 ], [ 1.956974176296601, 44.956284626841885 ], [ 1.957338790039234, 44.956690654417919 ], [ 1.957501207511301, 44.957024027834606 ], [ 1.95812954009795, 44.957772767603089 ], [ 1.958279969899737, 44.958007152749879 ], [ 1.958315957866577, 44.958304111726548 ], [ 1.958528265632002, 44.958754588908121 ], [ 1.95910748165009, 44.959278280292082 ], [ 1.959246655139998, 44.959305740692237 ], [ 1.959512149866397, 44.959387602613866 ], [ 1.960272457190686, 44.959363209790737 ], [ 1.960905591108797, 44.959410338792068 ], [ 1.961284561375346, 44.959573537387122 ], [ 1.961664442516397, 44.959601811935599 ], [ 1.962311398725514, 44.959478075230052 ], [ 1.962755591463768, 44.959362644010227 ], [ 1.963123528671082, 44.959282932854293 ], [ 1.963465704883266, 44.959266098649309 ], [ 1.963820490006625, 44.959258301552353 ], [ 1.964035677649615, 44.959286012146414 ], [ 1.964225768933657, 44.959277658211022 ], [ 1.964579109648574, 44.959485733312661 ], [ 1.964856800404901, 44.959639583605316 ], [ 1.965034103509314, 44.959649174803083 ], [ 1.965084418352928, 44.959703313864409 ], [ 1.965010808760456, 44.959343266209736 ], [ 1.965453434939806, 44.959461688559237 ], [ 1.965821128811479, 44.959417947880638 ], [ 1.966618243554044, 44.959573535238519 ], [ 1.967543066369259, 44.959576628749446 ], [ 1.968176506471511, 44.959578742091871 ], [ 1.968835580328673, 44.959535963011589 ], [ 1.969165979325767, 44.959384146633269 ], [ 1.969434041137031, 44.959079207063667 ], [ 1.969625495810125, 44.95886396318523 ], [ 1.969905332524249, 44.95869398705436 ], [ 1.970210444955699, 44.958533089328689 ], [ 1.97071712905452, 44.958543763534607 ], [ 1.970983227750658, 44.958535648624128 ], [ 1.971199538539374, 44.958392444053686 ], [ 1.971300532902785, 44.95844674832572 ], [ 1.971628616917499, 44.958645723026159 ], [ 1.971893713808376, 44.958790518447842 ], [ 1.972057934066071, 44.958863020037043 ], [ 1.972386847691281, 44.958936065464094 ], [ 1.972830132353187, 44.958955515932452 ], [ 1.972917637223135, 44.959135703535161 ], [ 1.972625432654533, 44.959260671588275 ], [ 1.972117034381091, 44.959510855996989 ], [ 1.971749048746803, 44.959599591760295 ], [ 1.971545935101924, 44.959661886173329 ], [ 1.971341757554001, 44.959886086722513 ], [ 1.971403684427149, 44.960102171891606 ], [ 1.971605030342603, 44.960309722556069 ], [ 1.971920279394689, 44.960535638651699 ], [ 1.972325040044524, 44.960635918627183 ], [ 1.972298878250808, 44.960761762890243 ], [ 1.972107663466233, 44.96094103295529 ], [ 1.972410132100292, 44.961184895973332 ], [ 1.972903524014856, 44.961294460460728 ], [ 1.973409351888411, 44.961440045318213 ], [ 1.973787610288691, 44.961720133716113 ], [ 1.973823681532836, 44.96201708707784 ] ] ] } },
{ "type": "Feature", "properties": { "nom": "GR 652" }, "geometry": { "type": "MultiLineString", "coordinates": [ [ [ 1.203354783112522, 44.636979618496689 ], [ 1.20323846553419, 44.636501706737718 ], [ 1.20311319067001, 44.635843809871368 ], [ 1.2029054433099, 44.635526858342423 ], [ 1.202737118669834, 44.635129361897334 ], [ 1.202234750148683, 44.634431598618839 ], [ 1.20137571810736, 44.633307408016819 ], [ 1.20134649048382, 44.632884360323978 ], [ 1.201203190975158, 44.63249611434096 ], [ 1.200695947765487, 44.632041147959939 ], [ 1.200088510156739, 44.631558160825804 ], [ 1.199456806571757, 44.631029945610329 ], [ 1.198812158229522, 44.630519582500796 ], [ 1.198613764034028, 44.630364621697844 ], [ 1.198489290374171, 44.630291376763324 ], [ 1.198333790029955, 44.630505637728419 ], [ 1.198017311255843, 44.630583313203374 ], [ 1.197601179191292, 44.630605988015454 ], [ 1.197085943668737, 44.630546683853588 ], [ 1.196705947392561, 44.630650680548506 ], [ 1.196414104171438, 44.630755590862478 ], [ 1.195770921974506, 44.630793893799314 ], [ 1.195468679290593, 44.630790758501334 ], [ 1.195215711521574, 44.6308421009849 ], [ 1.194887364517569, 44.630883665578544 ], [ 1.194660498858777, 44.630890305363181 ], [ 1.194322121830276, 44.630805839946696 ], [ 1.193910934163762, 44.630585698138852 ], [ 1.19352163694722, 44.630527685325212 ], [ 1.193271968335679, 44.630417154897259 ], [ 1.192756371880406, 44.630375815642296 ], [ 1.191961520091361, 44.630439502811917 ], [ 1.190836483085464, 44.630634664042951 ], [ 1.190814602264965, 44.630472532979809 ], [ 1.190608683322743, 44.62945399824082 ], [ 1.19034192494754, 44.628947521682996 ], [ 1.189711446486807, 44.628365294378561 ], [ 1.188945220474391, 44.627646729246571 ], [ 1.188852574886086, 44.627250000368342 ], [ 1.18899009250662, 44.626684776615903 ], [ 1.189241675477447, 44.626084764632466 ], [ 1.189375237915784, 44.62509675408733 ], [ 1.189470372352887, 44.624755952646808 ], [ 1.18970585554638, 44.624326669467386 ], [ 1.190201260897655, 44.62350433469976 ], [ 1.190513753878853, 44.623003895629388 ], [ 1.190439942539001, 44.62230155033793 ], [ 1.190413743427572, 44.621734619678342 ], [ 1.190470540060382, 44.621420402533694 ], [ 1.190656271429926, 44.620342990903794 ], [ 1.190910644446385, 44.618987464582105 ], [ 1.191069078911062, 44.618629333263748 ], [ 1.191229898419967, 44.618154297982997 ], [ 1.191299094074864, 44.617849204186385 ], [ 1.191319945895513, 44.617444667405259 ], [ 1.191265989230878, 44.617003372142769 ], [ 1.19098246971333, 44.616703598717564 ], [ 1.19067579353848, 44.616304643190666 ], [ 1.190374169564352, 44.615042264398411 ], [ 1.190069068397611, 44.61395074565916 ], [ 1.189779505143786, 44.613947725336004 ] ] ] } },
{ "type": "Feature", "properties": { "nom": "GR 46" }, "geometry": { "type": "MultiLineString", "coordinates": [ [ [ 1.610429244524915, 44.901560447076953 ], [ 1.610272462083373, 44.901937209543895 ], [ 1.610178603934015, 44.902341372119096 ], [ 1.610235089047749, 44.902863458791593 ], [ 1.610407935385084, 44.903197414890876 ], [ 1.610664691296527, 44.903891725850897 ], [ 1.610553846230083, 44.904628595359114 ], [ 1.610549396895576, 44.904970380592538 ], [ 1.610607995068746, 44.905330569714167 ], [ 1.610704914379246, 44.905664026167855 ], [ 1.610684416143353, 44.906266563579614 ], [ 1.61072977485129, 44.906671641375709 ], [ 1.61091365384951, 44.907131600760557 ], [ 1.611110075191809, 44.907600636909024 ], [ 1.611710114545633, 44.908180264123409 ], [ 1.612109992093759, 44.908578673101275 ], [ 1.612383772107512, 44.908940273280727 ], [ 1.612543058642053, 44.909346097914984 ], [ 1.61264186446657, 44.909535643033287 ], [ 1.612711969735733, 44.909985859201221 ], [ 1.612635726182214, 44.910983818067336 ], [ 1.612564265483663, 44.911613008687027 ], [ 1.612605789611939, 44.912314901170113 ], [ 1.612610508105322, 44.912926600319572 ], [ 1.612526037259782, 44.913582692228204 ], [ 1.612279694392184, 44.914030833933467 ], [ 1.612040982029364, 44.914865816212767 ], [ 1.611968458643718, 44.915575956358332 ], [ 1.611828431927874, 44.91660947994319 ], [ 1.611744414711351, 44.917229593280865 ], [ 1.611647968779765, 44.917831636120582 ], [ 1.611528892990647, 44.918226641407436 ], [ 1.611331053539429, 44.918837012926623 ], [ 1.611059710445236, 44.919258003250867 ], [ 1.610773712994775, 44.91983181527408 ], [ 1.610639743442795, 44.920397629323126 ], [ 1.610555822446875, 44.921008748885001 ], [ 1.610332174715924, 44.9216549308195 ], [ 1.609830000774648, 44.922299281104465 ] ] ] } },
{ "type": "Feature", "properties": { "nom": "GR 46" }, "geometry": { "type": "MultiLineString", "coordinates": [ [ [ 1.626436127887752, 44.910776568633707 ], [ 1.626359267508743, 44.910848035633236 ], [ 1.625928914792701, 44.910845267259539 ], [ 1.625577373663461, 44.910618126948542 ], [ 1.625250232372933, 44.910463103986139 ], [ 1.625036548712635, 44.91034479135093 ], [ 1.624631400739891, 44.91035117529816 ], [ 1.624327050688156, 44.910394188688812 ], [ 1.623618701059091, 44.910353637908521 ], [ 1.622899766721642, 44.910151102220873 ], [ 1.62204402816897, 44.909758780352163 ], [ 1.621159987429112, 44.909600140104757 ], [ 1.620314732771054, 44.909378779949044 ], [ 1.619584552753549, 44.909068208033446 ], [ 1.618817799396376, 44.908649452989025 ], [ 1.618076719178752, 44.90820387387641 ], [ 1.616871297783627, 44.907449431844029 ], [ 1.616242996167801, 44.907094526738561 ], [ 1.615076058881675, 44.906304334657797 ], [ 1.614273621077962, 44.905714408110192 ], [ 1.613935282375895, 44.905451336754481 ], [ 1.613660109772749, 44.905197672960462 ], [ 1.613284391525436, 44.904889379771049 ], [ 1.61299481866292, 44.904770546575421 ], [ 1.612768061420386, 44.904688104099122 ], [ 1.612478024235486, 44.904605247256541 ], [ 1.612290403101761, 44.904433110452089 ], [ 1.611967773978558, 44.903936263435732 ], [ 1.611921824431272, 44.903576157674415 ], [ 1.611812246940065, 44.903242620012442 ], [ 1.611437252595706, 44.90288035425742 ], [ 1.610812781541656, 44.902237600408831 ], [ 1.610429244524915, 44.901560447076953 ] ] ] } },
{ "type": "Feature", "properties": { "nom": "GR 46" }, "geometry": { "type": "MultiLineString", "coordinates": [ [ [ 1.607476990798652, 44.933770635849058 ], [ 1.607586720221748, 44.934095187284434 ], [ 1.607821549656927, 44.934537501225101 ], [ 1.608031410910453, 44.934952665388138 ], [ 1.60830012378698, 44.935710034738378 ], [ 1.608747976797275, 44.935722069628333 ], [ 1.609075836814937, 44.935756627473282 ], [ 1.609632298794211, 44.935794043043664 ], [ 1.609945117764007, 44.935858865002338 ], [ 1.610228858444191, 44.935943624235485 ], [ 1.610555714923196, 44.93601877127147 ], [ 1.610726156285333, 44.936130781190791 ], [ 1.611040978952077, 44.936267776523543 ], [ 1.61139227202463, 44.936521949010881 ], [ 1.611666185061898, 44.936883554927142 ], [ 1.611649311353114, 44.937207272016494 ], [ 1.612023367767977, 44.937659485928066 ], [ 1.612184719533032, 44.937912409693318 ], [ 1.61216843278532, 44.93819115529864 ], [ 1.612216866649488, 44.938362381761031 ], [ 1.612187682680264, 44.938659033080754 ], [ 1.611889986810786, 44.939151818233142 ], [ 1.611567777387675, 44.939581475108547 ], [ 1.610951245866814, 44.940243075636424 ], [ 1.610349708486423, 44.940724867011298 ], [ 1.609952546527029, 44.941073070001679 ], [ 1.609542598673682, 44.941430183377783 ], [ 1.609004944723036, 44.941867411515176 ], [ 1.608569303231319, 44.942251338397419 ], [ 1.608542094350111, 44.942395082259132 ], [ 1.608511948943828, 44.942763689130793 ], [ 1.608457648200532, 44.943042183254384 ], [ 1.608276346940293, 44.943346827482415 ], [ 1.608057990733994, 44.943579263799485 ], [ 1.607331977347613, 44.943889309509053 ], [ 1.60717070206242, 44.944598869803656 ], [ 1.607101137572379, 44.945075159025912 ], [ 1.606828340206073, 44.945595082111439 ], [ 1.606697211789128, 44.945936036160127 ], [ 1.606678540334308, 44.946394670387264 ], [ 1.606605319361615, 44.947149788193023 ], [ 1.606159311456751, 44.947353732513719 ], [ 1.605646787587177, 44.947800107790798 ], [ 1.605119229401171, 44.94842628633937 ], [ 1.60485835462354, 44.949000256464267 ], [ 1.604953897723771, 44.949441656713567 ], [ 1.605027178931348, 44.949649032471662 ], [ 1.605352960208427, 44.949921046672422 ], [ 1.605879046625212, 44.950374288887943 ], [ 1.606138203651333, 44.950897727531604 ], [ 1.606095017401992, 44.951293234242584 ], [ 1.605150964394092, 44.951799721740592 ], [ 1.604157053801796, 44.95224290422275 ], [ 1.603519220071229, 44.952580496631761 ], [ 1.603058834379645, 44.95291026719039 ], [ 1.602710550674977, 44.953384705836783 ], [ 1.602298807283448, 44.953867716501797 ], [ 1.601851662582333, 44.954152594834341 ], [ 1.601456131895492, 44.954365851581429 ], [ 1.60108379661128, 44.954741177080052 ], [ 1.600941963210786, 44.954929134276433 ], [ 1.600731566517301, 44.955512428003118 ], [ 1.600462579084905, 44.955735518810243 ], [ 1.600192994131024, 44.956003582599898 ], [ 1.599911810650359, 44.956190610100663 ], [ 1.599704369648483, 44.956549040174764 ], [ 1.599536596688129, 44.956781799754793 ], [ 1.599596842536417, 44.957016078379581 ], [ 1.600036652205222, 44.957288868224296 ], [ 1.600236962542102, 44.957470108627341 ], [ 1.600372983230684, 44.957722882481846 ], [ 1.600508173974192, 44.958038618959655 ], [ 1.600756309747965, 44.958436063769753 ], [ 1.601283744532816, 44.95879038965731 ], [ 1.601949116262642, 44.959253574035074 ], [ 1.602288080381679, 44.959489703366032 ], [ 1.602410379661136, 44.9598233423119 ], [ 1.602799313972607, 44.96011377357388 ], [ 1.603177239952957, 44.960278197048503 ], [ 1.603897220764488, 44.960444886937914 ], [ 1.604542021297942, 44.960548106686808 ], [ 1.605005684083345, 44.960937974035694 ], [ 1.605794733412669, 44.961635830706292 ], [ 1.60644609217888, 44.9622068383892 ], [ 1.606670482896852, 44.96248717485571 ], [ 1.606894287072262, 44.962812483751435 ], [ 1.607241960244889, 44.963354495858418 ], [ 1.607350342559795, 44.96414881923932 ], [ 1.606488316581923, 44.963881059337112 ], [ 1.606242020177638, 44.963839428590511 ], [ 1.606573023366851, 44.964123677714021 ], [ 1.606698187281755, 44.964241443505749 ], [ 1.607036377650946, 44.964540520742489 ], [ 1.607220887720642, 44.96496451767554 ], [ 1.607417363824731, 44.965442565727024 ], [ 1.607666523976356, 44.965768040250055 ], [ 1.608094006474252, 44.966022726782413 ], [ 1.608140217450986, 44.96636485347085 ], [ 1.607679392539226, 44.966721629129438 ], [ 1.607180668081858, 44.96706915743998 ], [ 1.606923732303361, 44.967337321472748 ], [ 1.607136652884337, 44.967527628512705 ], [ 1.607734036563486, 44.967387643153273 ], [ 1.60832894852879, 44.967436539073589 ], [ 1.607994583561942, 44.967812140526426 ], [ 1.607443522511949, 44.968285259890649 ], [ 1.606841180883114, 44.968803015464353 ], [ 1.60630347749168, 44.96922224574265 ], [ 1.605677778820175, 44.969586919976869 ], [ 1.604952241741139, 44.969833990377438 ], [ 1.604088738144362, 44.969972199407714 ], [ 1.603492856212434, 44.969995235664413 ], [ 1.602807211061698, 44.970098631737557 ], [ 1.601738473558407, 44.970424362334889 ], [ 1.601495945713748, 44.970557679820871 ], [ 1.600797026477833, 44.970705952791235 ], [ 1.599613749322508, 44.971066882097375 ], [ 1.598875968367956, 44.971277851594806 ], [ 1.598114032573948, 44.971398701355461 ], [ 1.597668752544886, 44.971530658148083 ], [ 1.597360945919044, 44.971807456748564 ], [ 1.59737099148642, 44.972005421761452 ], [ 1.597213922884272, 44.972382176386809 ], [ 1.597034614327068, 44.972524903225228 ], [ 1.596578801393374, 44.972494868953511 ], [ 1.595972487399213, 44.972346884449237 ], [ 1.595807651140305, 44.972436531365958 ], [ 1.595671594096078, 44.972567400244117 ], [ 1.595612905045616, 44.9727042905022 ], [ 1.595496349579832, 44.972892412208182 ], [ 1.595388396895592, 44.973386433212447 ], [ 1.594870397604541, 44.974219529457692 ], [ 1.594658023632247, 44.974490391899359 ], [ 1.594428747245608, 44.974971442962037 ], [ 1.594181774892473, 44.975492250913454 ], [ 1.593643790930368, 44.975920416266192 ], [ 1.593045678521979, 44.97610530011827 ], [ 1.592637044679617, 44.976336431367038 ], [ 1.592301918282007, 44.976756959532686 ], [ 1.592674523891364, 44.977326174402386 ], [ 1.593202327607905, 44.977662551385841 ], [ 1.593629476354673, 44.977944278178946 ], [ 1.594055670362367, 44.978297959236833 ], [ 1.59453052381623, 44.978804886577677 ], [ 1.594917634359637, 44.979239260616886 ], [ 1.595180271280994, 44.97948071618513 ], [ 1.594870873103182, 44.979895609670969 ], [ 1.594836546046796, 44.980570033394322 ], [ 1.594846104590859, 44.980803977544149 ], [ 1.594829839376403, 44.981073729484891 ] ] ] } },
{ "type": "Feature", "properties": { "nom": "GR 65" }, "geometry": { "type": "MultiLineString", "coordinates": [ [ [ 2.14754079596484, 44.621953409120565 ], [ 2.147931597287798, 44.621828170316405 ], [ 2.148448414178672, 44.621676165796288 ], [ 2.148977910879705, 44.62149719939751 ], [ 2.149948176736221, 44.621309987425235 ], [ 2.150565425458902, 44.621248079671808 ], [ 2.15090569425971, 44.621167713519263 ], [ 2.151233608663598, 44.621015375954443 ], [ 2.151700635459767, 44.620683399693945 ], [ 2.15255834638572, 44.620253148076479 ], [ 2.153100587013513, 44.620020222314778 ], [ 2.152936856981316, 44.620028941600559 ], [ 2.15360425070218, 44.620030055726396 ], [ 2.154825472144281, 44.620104033681919 ], [ 2.155908444660523, 44.620096827570514 ], [ 2.156853072856902, 44.620035422189936 ], [ 2.15747021335353, 44.620000456681858 ], [ 2.158566548029987, 44.619750418888223 ], [ 2.159209040202738, 44.619661522578483 ], [ 2.159777940356038, 44.618951946446934 ], [ 2.160068781387231, 44.618565690591879 ], [ 2.160334121752999, 44.618278321312033 ], [ 2.160599375467954, 44.618017933082228 ], [ 2.161141334486014, 44.617856916433588 ], [ 2.161570641819178, 44.617479870617835 ], [ 2.16207585797254, 44.616986027970526 ], [ 2.162493093804191, 44.616438081522062 ], [ 2.162053261619344, 44.616158582232693 ], [ 2.161411688423969, 44.615968695608771 ] ] ] } },
{ "type": "Feature", "properties": { "nom": "GR 65" }, "geometry": { "type": "MultiLineString", "coordinates": [ [ [ 2.126530146375114, 44.620143491357744 ], [ 2.127046432593017, 44.620144477539512 ], [ 2.127487030387943, 44.62018129163387 ], [ 2.128053853967411, 44.620137400513698 ], [ 2.129212516521737, 44.620094626979828 ], [ 2.130081321542732, 44.620114251202502 ], [ 2.130345760934075, 44.620114748019262 ], [ 2.130623090445861, 44.620034326270194 ], [ 2.131241171730577, 44.619747687526797 ], [ 2.132375361867463, 44.61950697514775 ], [ 2.132804119769639, 44.619336893723094 ], [ 2.133776686451109, 44.618520276731601 ], [ 2.134105446854329, 44.618143152249495 ], [ 2.134433584453619, 44.617936904151286 ], [ 2.134786773242233, 44.61776667553837 ] ] ] } },
{ "type": "Feature", "properties": { "nom": "GR 65" }, "geometry": { "type": "MultiLineString", "coordinates": [ [ [ 2.107642260608888, 44.61995285521369 ], [ 2.107743513380832, 44.619827155356589 ], [ 2.107832726477243, 44.619566526751491 ], [ 2.107972270193077, 44.619314995887088 ], [ 2.108302124515305, 44.618713110302394 ], [ 2.108378667006513, 44.618470442259259 ], [ 2.108444817454199, 44.618083264293794 ], [ 2.108444926986708, 44.617661155381917 ], [ 2.108383509566086, 44.617283296941125 ], [ 2.108585562728659, 44.617139818811992 ], [ 2.109696256085893, 44.61649457995108 ], [ 2.109823556496588, 44.6161530862625 ], [ 2.110026256976298, 44.615847722385638 ], [ 2.110532820031479, 44.615129279188075 ], [ 2.111001306121082, 44.614482704215753 ], [ 2.111317748422995, 44.614069648858724 ], [ 2.112001885965416, 44.613018800457176 ], [ 2.112205357402472, 44.612515576394081 ], [ 2.112257234204314, 44.612137952053025 ] ] ] } },
{ "type": "Feature", "properties": { "nom": "GR 65" }, "geometry": { "type": "MultiLineString", "coordinates": [ [ [ 2.122977481180283, 44.616542845983396 ], [ 2.123042935993306, 44.616611275944095 ], [ 2.123243473947835, 44.616854492024117 ], [ 2.123480589694167, 44.617412555011782 ], [ 2.123719011864944, 44.617628864031559 ], [ 2.123970368830051, 44.61775526159623 ], [ 2.124397398618902, 44.618043882308022 ], [ 2.124510110866523, 44.618205984396639 ], [ 2.124445923076574, 44.61852962984009 ], [ 2.124495404277939, 44.618763559755031 ], [ 2.124456604568688, 44.619033292008353 ], [ 2.124531305144744, 44.619258277176769 ], [ 2.124995614717416, 44.619681871669584 ], [ 2.125510878125795, 44.619952671468731 ], [ 2.125913255791585, 44.62010633491613 ], [ 2.126530146375114, 44.620143491357744 ] ] ] } },
{ "type": "Feature", "properties": { "nom": "GR 65" }, "geometry": { "type": "MultiLineString", "coordinates": [ [ [ 2.107642260608888, 44.61995285521369 ], [ 2.106736575483108, 44.619717129674321 ], [ 2.106007485548123, 44.619409819023829 ], [ 2.105454730776858, 44.619093881167636 ], [ 2.104902353310874, 44.618688005497447 ], [ 2.104525898710415, 44.61837243421369 ], [ 2.103292825930179, 44.618144982993037 ], [ 2.101808529238323, 44.617773082922682 ], [ 2.100890577594944, 44.617474327783441 ], [ 2.100349892483824, 44.617293294844693 ], [ 2.099822030224925, 44.617058323912914 ], [ 2.099017808043071, 44.616669862214422 ], [ 2.097762184363867, 44.615839726871997 ], [ 2.097347899346453, 44.615551029836062 ], [ 2.096820799482788, 44.615145168741655 ], [ 2.096305949684368, 44.61482027355418 ], [ 2.09609213257265, 44.614765844251728 ], [ 2.095727028211903, 44.614756050030323 ], [ 2.094845417306726, 44.614808073829344 ], [ 2.093749561016454, 44.614904584622757 ], [ 2.092905758287237, 44.614947682786166 ], [ 2.09091564495492, 44.615105132844427 ], [ 2.089857786676248, 44.615147728411053 ], [ 2.089267431310922, 44.614822631289435 ], [ 2.088865947681875, 44.614497956201873 ], [ 2.088878982592879, 44.614326975340177 ], [ 2.088174328066742, 44.614152720207223 ], [ 2.087019107216482, 44.613890518168063 ], [ 2.087324521127946, 44.613233298155606 ], [ 2.086916890790419, 44.612921116583543 ], [ 2.086771516797776, 44.612189988698596 ], [ 2.086663398505765, 44.611585502936329 ], [ 2.085910616551404, 44.611958280663508 ], [ 2.085554667248786, 44.612095706890138 ], [ 2.085240289267139, 44.612093105715942 ], [ 2.084790421627768, 44.611963048483986 ], [ 2.083709751045652, 44.611954095739115 ], [ 2.083001491092062, 44.612004370789798 ], [ 2.08236999749341, 44.612167575260585 ], [ 2.081798130861717, 44.612289160000678 ], [ 2.081075932142185, 44.611988380107746 ], [ 2.080317877673266, 44.611476741590437 ], [ 2.080182170987306, 44.6113633157617 ], [ 2.079285910172266, 44.611355149101023 ] ] ] } },
{ "type": "Feature", "properties": { "nom": "GR 65" }, "geometry": { "type": "MultiLineString", "coordinates": [ [ [ 2.112257234204314, 44.612137952053025 ], [ 2.11254706997916, 44.612075588191026 ], [ 2.112723697101618, 44.61198601315899 ], [ 2.113177674449008, 44.611807065381193 ], [ 2.11359448555877, 44.611475150665214 ], [ 2.114541479903755, 44.610793557901694 ], [ 2.114806908512199, 44.61053328034027 ], [ 2.115261186876695, 44.610273384028574 ], [ 2.11605571297807, 44.609933226451744 ], [ 2.116421532571242, 44.609754089165989 ], [ 2.116749651050951, 44.60955688808275 ], [ 2.117233340706657, 44.609541353026216 ], [ 2.117542608841388, 44.609612433527509 ], [ 2.117979332918768, 44.609645525144835 ], [ 2.118372916716447, 44.609775971049949 ] ] ] } },
{ "type": "Feature", "properties": { "nom": "GR 65" }, "geometry": { "type": "MultiLineString", "coordinates": [ [ [ 2.143572285427276, 44.626110550430695 ], [ 2.14457993596241, 44.626067348087091 ], [ 2.145965548116351, 44.625979826160261 ], [ 2.147224914146189, 44.625982004641706 ], [ 2.147829895605384, 44.625839148076807 ], [ 2.148296344748557, 44.625696051274474 ], [ 2.148598652343327, 44.625678581672787 ], [ 2.149014180292742, 44.625697279539416 ], [ 2.15010946317843, 44.625807068689191 ], [ 2.149758165995886, 44.625410751405219 ], [ 2.149633253563204, 44.625104756299891 ], [ 2.149546394190168, 44.62471788240002 ], [ 2.149422177822156, 44.624205034613709 ], [ 2.148832682096829, 44.623493533053136 ], [ 2.14848128612219, 44.623133186749229 ], [ 2.148217863474086, 44.62282695253969 ], [ 2.148155779369322, 44.62256603160516 ], [ 2.147967765684456, 44.62230489380574 ], [ 2.14754079596484, 44.621953409120565 ] ] ] } },
{ "type": "Feature", "properties": { "nom": "GR 65" }, "geometry": { "type": "MultiLineString", "coordinates": [ [ [ 2.134786773242233, 44.61776667553837 ], [ 2.135101050413127, 44.617911150149212 ], [ 2.135716886940473, 44.618236047591076 ], [ 2.136244684200961, 44.618533799858007 ], [ 2.13654582979051, 44.618831138169014 ], [ 2.136720286392002, 44.619344090162244 ], [ 2.136767761466752, 44.620153600600048 ], [ 2.136685838129808, 44.621934186331622 ], [ 2.136219068194629, 44.622167169239482 ], [ 2.136089688559247, 44.62312924926961 ], [ 2.136036799067415, 44.62383065492515 ], [ 2.136073869436633, 44.624028582678008 ], [ 2.13641324229364, 44.624209074148332 ], [ 2.137998139644896, 44.624733581000719 ], [ 2.138740353556766, 44.62495976137194 ], [ 2.139067560083645, 44.625023306074617 ], [ 2.139596104066205, 44.625132178398658 ], [ 2.140351301894686, 44.625250447140637 ], [ 2.140615418828792, 44.625349848720454 ], [ 2.141093783303213, 44.625404663235273 ], [ 2.142314699272261, 44.625595695787176 ], [ 2.142665852779478, 44.626019016671187 ], [ 2.143068662789953, 44.626073689577929 ], [ 2.143572285427276, 44.626110550430695 ] ] ] } },
{ "type": "Feature", "properties": { "nom": "GR 36" }, "geometry": { "type": "MultiLineString", "coordinates": [ [ [ 1.875192914115677, 44.357575203837875 ], [ 1.875555060099045, 44.357738599014503 ], [ 1.875833377154725, 44.357425032514215 ], [ 1.876036563082758, 44.357102155624311 ], [ 1.876342000589359, 44.356536909553675 ], [ 1.876572746694244, 44.355908400619036 ], [ 1.876829363185414, 44.355181081340376 ], [ 1.877099461124818, 44.354336914812357 ], [ 1.877442470805915, 44.353771825000564 ], [ 1.877657873026118, 44.353484966985881 ], [ 1.877998820139967, 44.353171658414126 ], [ 1.878200146757258, 44.353073585444427 ], [ 1.878826774068734, 44.353076212167117 ], [ 1.879628490935425, 44.353124531230591 ], [ 1.880668109459908, 44.35320081537408 ], [ 1.881720482930509, 44.35325016417184 ], [ 1.88254734204248, 44.353289574515863 ], [ 1.882760033387975, 44.353335420378279 ], [ 1.883147457675959, 44.353471918005887 ], [ 1.883735911517315, 44.353546299363373 ], [ 1.884563066762704, 44.3535497245649 ], [ 1.885352623289881, 44.353552987776347 ], [ 1.885928044897504, 44.353690251615276 ], [ 1.886277520814901, 44.353871543620997 ], [ 1.886512835812189, 44.354223224091015 ], [ 1.886825005189576, 44.354368390777246 ], [ 1.887200990155954, 44.354369937411505 ], [ 1.888177835524677, 44.354463876958597 ], [ 1.888691180813495, 44.354528930383111 ], [ 1.889142435536127, 44.354521786881804 ], [ 1.889856595695153, 44.354551687027275 ], [ 1.890191914471355, 44.35493973804364 ], [ 1.890452324448524, 44.355291512709847 ], [ 1.890777186198062, 44.355418734425093 ], [ 1.891027064732511, 44.355518672025589 ], [ 1.891339395237507, 44.355645841409633 ], [ 1.891813307562106, 44.355944526219673 ], [ 1.892837907782495, 44.356344365755859 ], [ 1.893700650211794, 44.356608651660238 ], [ 1.894699784672194, 44.357062326136855 ], [ 1.895611764704759, 44.357443699462017 ], [ 1.896611632971102, 44.357807433712821 ], [ 1.896862656480928, 44.357763481278511 ], [ 1.898304230854888, 44.357742295461776 ], [ 1.898767904194099, 44.357753146949229 ], [ 1.89942028029665, 44.35767482659746 ], [ 1.90051439577522, 44.357202591176012 ], [ 1.901444446304261, 44.356873572292216 ], [ 1.902512075186495, 44.35658106156766 ], [ 1.903303060010756, 44.356404349019854 ], [ 1.904242780097315, 44.356444039871882 ], [ 1.904882185221019, 44.356419589136685 ], [ 1.906161612914312, 44.356289746221847 ], [ 1.907416106676147, 44.356141804422982 ], [ 1.9085952571594, 44.356011539105666 ], [ 1.909711804148547, 44.35587202477339 ], [ 1.910414206453096, 44.355802824451345 ], [ 1.910577205649752, 44.3557944679782 ] ] ] } },
{ "type": "Feature", "properties": { "nom": "GR 65" }, "geometry": { "type": "MultiLineString", "coordinates": [ [ [ 1.392371984521266, 44.379835488028021 ], [ 1.392376977036492, 44.379695019242021 ], [ 1.392266571918442, 44.379537073002339 ], [ 1.392181974197011, 44.379347487887976 ], [ 1.392136197363012, 44.379086291048488 ], [ 1.392299769580447, 44.378305297475926 ], [ 1.392371051312895, 44.377793302641344 ], [ 1.392379042866182, 44.377316734493348 ], [ 1.392393216296091, 44.376471500983115 ], [ 1.392384297133388, 44.376255588571546 ], [ 1.392147732829235, 44.375408193351312 ], [ 1.391901671402557, 44.375127284117049 ], [ 1.391894414582813, 44.374812461742806 ], [ 1.392280015909683, 44.374249219449524 ], [ 1.392289365045616, 44.373691726692115 ], [ 1.392097981056773, 44.373141494928348 ], [ 1.391692278240193, 44.372661359919867 ], [ 1.391544999503976, 44.371724803532906 ], [ 1.391334604561905, 44.371561111618561 ], [ 1.390718828933073, 44.370899297383716 ], [ 1.390214679769357, 44.370310388601396 ], [ 1.390264979448504, 44.369555402345064 ], [ 1.390325245158226, 44.368953384836466 ], [ 1.390231767056753, 44.367801458676709 ], [ 1.38968627918966, 44.366690592237177 ], [ 1.38871463463994, 44.365576034060425 ], [ 1.388301173554086, 44.364817034403409 ], [ 1.387580839063681, 44.364415098058842 ], [ 1.386895994005197, 44.364139367617291 ] ] ] } },
{ "type": "Feature", "properties": { "nom": "GR 36" }, "geometry": { "type": "MultiLineString", "coordinates": [ [ [ 1.648046355350385, 44.399870059542053 ], [ 1.648424725788372, 44.399701572830629 ], [ 1.648437158614221, 44.399710643863287 ], [ 1.648550593122235, 44.399666392142599 ], [ 1.648666115818363, 44.399451286641813 ], [ 1.648919494903333, 44.399246039996285 ], [ 1.649478177468912, 44.39869198326442 ], [ 1.649909778418382, 44.398272022514092 ], [ 1.650190098176213, 44.397914061217975 ], [ 1.650545010500993, 44.397610525803536 ], [ 1.65080133465298, 44.397162483361562 ], [ 1.650930043093533, 44.396893500173164 ], [ 1.651120474238462, 44.396705841316894 ], [ 1.651385718490383, 44.396554620856591 ], [ 1.652118294350604, 44.396136535328331 ], [ 1.652662404915963, 44.395744246042497 ], [ 1.652801784964948, 44.39562820845979 ], [ 1.653334108920695, 44.395172891868832 ], [ 1.653803606170203, 44.394726174340633 ], [ 1.65431104843898, 44.394252712405404 ], [ 1.654602226430071, 44.394029703368297 ], [ 1.654943241845212, 44.393833982887088 ], [ 1.655246739652843, 44.393629034275421 ], [ 1.655212491068685, 44.393350039498294 ], [ 1.655304851810147, 44.392972911101445 ], [ 1.655622735167017, 44.392615172117793 ], [ 1.656368529849341, 44.392134190342475 ], [ 1.656507351261547, 44.392063109981976 ], [ 1.656948892816138, 44.391850022509004 ], [ 1.657481146643778, 44.39139468664564 ], [ 1.657999875070856, 44.391020200871267 ], [ 1.658555786401888, 44.390681914987098 ], [ 1.659414505311201, 44.390192620049035 ], [ 1.659907479616824, 44.38987192394498 ], [ 1.660247802661967, 44.389730140873887 ], [ 1.660614717980506, 44.389462620083485 ], [ 1.660919358774702, 44.389158742012881 ], [ 1.661134378922324, 44.389007190135146 ], [ 1.661490362725284, 44.388604704672105 ], [ 1.661605165991455, 44.388443541031556 ], [ 1.661860929085869, 44.388031443683658 ], [ 1.662165879050889, 44.387700586101921 ], [ 1.662507260573419, 44.387468873809766 ], [ 1.663063863272132, 44.387067619610974 ], [ 1.663532785585011, 44.386656831201122 ], [ 1.66358359059322, 44.386603185926688 ], [ 1.663621855082511, 44.386549464047128 ], [ 1.663583805433264, 44.386585201452561 ], [ 1.663500866422735, 44.386180010740027 ], [ 1.663432082359967, 44.385640013620737 ], [ 1.663446772613772, 44.385460246488122 ], [ 1.663251519781456, 44.385009400288837 ], [ 1.663092165030596, 44.384702661169349 ], [ 1.663056376920023, 44.384549562051156 ], [ 1.662697257912856, 44.384169649198533 ], [ 1.662365593190136, 44.383592061603338 ], [ 1.661821634453465, 44.382941221334747 ], [ 1.661487072361705, 44.382606420812074 ], [ 1.661364488953683, 44.38237184952979 ], [ 1.660379105436361, 44.381934106685783 ], [ 1.659816916161584, 44.381759765923491 ], [ 1.659531663027622, 44.381497208064765 ], [ 1.659037586013457, 44.380873641697264 ], [ 1.658592916645163, 44.380313328697468 ], [ 1.658359671727207, 44.37989821135168 ], [ 1.658013802307925, 44.379464408906344 ], [ 1.657802063552125, 44.37934618801269 ], [ 1.657202075999808, 44.379189585878827 ], [ 1.656764544739307, 44.379078953990373 ], [ 1.656289401539641, 44.378968086350277 ], [ 1.655852199034258, 44.37883047469645 ], [ 1.655542556391065, 44.378513796972932 ], [ 1.655294408373662, 44.378296423320016 ], [ 1.655022711662038, 44.377953002449047 ], [ 1.655455092300679, 44.37745209470819 ], [ 1.655963670579716, 44.376870722667 ], [ 1.656637613603644, 44.376092534372852 ], [ 1.65710953263813, 44.375429994293079 ], [ 1.657389366771624, 44.375098996309603 ], [ 1.657567057700412, 44.37492024173465 ], [ 1.658195976379258, 44.374753279207255 ], [ 1.658924645826241, 44.374631894071072 ], [ 1.659527617533048, 44.374536705377785 ], [ 1.660331829488429, 44.374388800691136 ], [ 1.66089772415669, 44.374248411383427 ], [ 1.661291227122126, 44.373846162647553 ], [ 1.661546278993774, 44.37348802277257 ], [ 1.662018871762599, 44.372762517647303 ], [ 1.662326646723879, 44.37218887368207 ], [ 1.662441737695176, 44.372000733422169 ], [ 1.662444752253484, 44.371748952557553 ], [ 1.66234747646113, 44.371496553517382 ], [ 1.662338494215296, 44.371199734698429 ], [ 1.662694464412036, 44.370788257823989 ], [ 1.663039183558965, 44.370268797216283 ], [ 1.66365080893765, 44.369445221187362 ], [ 1.664032152951542, 44.36900691832966 ], [ 1.664158692830144, 44.368908774696202 ], [ 1.66460292202767, 44.368452870892234 ], [ 1.664906784101276, 44.368202938594266 ], [ 1.665413894687922, 44.367729431282662 ], [ 1.66590835298979, 44.367264838018649 ], [ 1.666389840654353, 44.366836134112376 ] ] ] } },
{ "type": "Feature", "properties": { "nom": "GR 64" }, "geometry": { "type": "MultiLineString", "coordinates": [ [ [ 1.528137776484321, 44.787058597801476 ], [ 1.527534954315561, 44.786820312006355 ], [ 1.527007912508907, 44.786582579503637 ], [ 1.526314089256324, 44.786523513492554 ], [ 1.525898501551513, 44.786439505235059 ], [ 1.525283195867474, 44.786192120075434 ], [ 1.524551492564396, 44.786132764193376 ], [ 1.524186687267779, 44.786031133992175 ], [ 1.523760698389645, 44.785794130364643 ], [ 1.523410879407425, 44.785530702209819 ], [ 1.523046602735042, 44.785393093277754 ], [ 1.522784013649952, 44.785211260727571 ], [ 1.522170701597471, 44.784828951565579 ], [ 1.521393092733061, 44.784454419625931 ], [ 1.521219438207545, 44.7842372606734 ], [ 1.520995139307414, 44.784028722286685 ], [ 1.520633109235197, 44.783738211692111 ], [ 1.519934187090297, 44.783166366943746 ], [ 1.51942062768246, 44.782874729656882 ], [ 1.518955614793413, 44.782718370805789 ], [ 1.518542960322732, 44.782436472496016 ], [ 1.517979824616735, 44.78208149664102 ], [ 1.517682543732834, 44.781683520440339 ], [ 1.517106923736996, 44.781319453059787 ], [ 1.516254159085106, 44.780908346433904 ], [ 1.515715911840232, 44.780580528756893 ], [ 1.515127821722983, 44.780207362971005 ], [ 1.5140606824886, 44.779776652911856 ], [ 1.513105221526315, 44.77948168727027 ], [ 1.512765469761476, 44.779398195974345 ], [ 1.512134624182552, 44.779357499946713 ], [ 1.511038818058749, 44.779160408466929 ], [ 1.510154097501081, 44.779207746417811 ], [ 1.509482049110873, 44.779391595233214 ], [ 1.509177258375656, 44.779506239311161 ], [ 1.508671757020732, 44.779529427403297 ], [ 1.507725224374804, 44.779486335390452 ], [ 1.506902699122298, 44.77959707847441 ], [ 1.506406486602344, 44.779845194575763 ], [ 1.505733081600016, 44.78011895825653 ], [ 1.505263718518199, 44.780259334800377 ], [ 1.504844997999369, 44.780391096853585 ], [ 1.504461749241229, 44.780685031423147 ], [ 1.503727327853746, 44.780814405492158 ], [ 1.502725035886237, 44.781121644209463 ], [ 1.501721793884415, 44.781491829649312 ], [ 1.501206061822889, 44.781353001464204 ], [ 1.500790951882173, 44.781241917438116 ], [ 1.500540544022606, 44.781096102439491 ], [ 1.500127186608589, 44.78086809753821 ], [ 1.499712756204798, 44.780712040754615 ], [ 1.499123289737266, 44.780437721483835 ], [ 1.498585012927731, 44.780118814638271 ], [ 1.498060853115996, 44.779701069293132 ], [ 1.497585052644622, 44.779427606330515 ], [ 1.497220204175602, 44.779334881563095 ], [ 1.49660213254521, 44.779285199669822 ], [ 1.496148354129675, 44.779227772317562 ], [ 1.495718750631043, 44.779242485018422 ], [ 1.495596397823865, 44.778980704102956 ], [ 1.495562842607766, 44.778692615990209 ], [ 1.495300915309809, 44.778474743117052 ], [ 1.494996372184693, 44.778571360347414 ], [ 1.494695888548251, 44.778398165527413 ], [ 1.494294253520051, 44.778233191431376 ], [ 1.493802198163456, 44.778202446804862 ], [ 1.493589161608941, 44.778092880619965 ], [ 1.493718414891082, 44.777895983928872 ], [ 1.493717601594224, 44.777949946510411 ], [ 1.493441702454114, 44.777821909793914 ], [ 1.493180330380296, 44.777568057233076 ], [ 1.492881892913466, 44.777259951590153 ], [ 1.492619032186403, 44.777105028952342 ], [ 1.492106078509698, 44.776786283161734 ], [ 1.491895903182433, 44.77648784622022 ], [ 1.49176108341823, 44.776216970364075 ], [ 1.491042054352257, 44.775329971444989 ], [ 1.490620640244483, 44.7748050428658 ], [ 1.489958245067801, 44.774350219645569 ], [ 1.489536576436818, 44.773843274021488 ], [ 1.489380743818077, 44.773293397326263 ], [ 1.489186357169613, 44.772788197030394 ], [ 1.489031076451834, 44.772202345389054 ], [ 1.488839422543993, 44.771517271406161 ], [ 1.488710627625586, 44.770850670306842 ], [ 1.488579381439719, 44.77034595551423 ], [ 1.488648779552928, 44.769932731209877 ], [ 1.488968774436744, 44.769647362067218 ], [ 1.489185447576854, 44.769514107372927 ], [ 1.489383111887101, 44.769459539578179 ], [ 1.489353743800932, 44.769405269320572 ], [ 1.489139715424571, 44.76919894017 ] ] ] } },
{ "type": "Feature", "properties": { "nom": "GR 36" }, "geometry": { "type": "MultiLineString", "coordinates": [ [ [ 1.034117444937698, 44.550159509106017 ], [ 1.034362762303594, 44.549343916331026 ], [ 1.034419105457007, 44.549083743618723 ], [ 1.034492817355815, 44.548616902617638 ], [ 1.034639890479934, 44.548240876881529 ], [ 1.034977246343457, 44.547795150725676 ], [ 1.035448958357251, 44.547521911575458 ], [ 1.035817156789046, 44.547373367925331 ], [ 1.036270875465818, 44.54733377002961 ], [ 1.036796295446977, 44.547456919768571 ], [ 1.037195765532931, 44.547587571269467 ], [ 1.037774606192083, 44.547576430811624 ], [ 1.038342327217233, 44.547502194412189 ], [ 1.038924697449086, 44.547338184029776 ], [ 1.039736515466625, 44.547041962645309 ], [ 1.040578246052496, 44.546539214710442 ], [ 1.04100252697313, 44.546139469778502 ], [ 1.041136975780452, 44.545763287375536 ], [ 1.041218225619087, 44.545512399855291 ], [ 1.04147716820221, 44.545191653428027 ], [ 1.041759596239546, 44.544943138735285 ], [ 1.042081609275706, 44.544614140052261 ], [ 1.042154630056267, 44.544174271129336 ], [ 1.041925674832963, 44.543739836205823 ], [ 1.041684357815895, 44.543296260182423 ], [ 1.041502595367709, 44.542997298499259 ], [ 1.041397103791755, 44.542663257920239 ], [ 1.041148404581794, 44.541994732382904 ], [ 1.040963613857425, 44.541281987371441 ], [ 1.040908836173301, 44.540930556247474 ], [ 1.040917129673976, 44.540570875642572 ], [ 1.040926046808033, 44.540184218834625 ], [ 1.040973094594969, 44.539780022448582 ], [ 1.0409925095384, 44.539483434463271 ], [ 1.041113127322504, 44.539161056404481 ], [ 1.041081007133731, 44.538917827501137 ], [ 1.041090751481797, 44.538495202275598 ], [ 1.041273191031398, 44.538218527078939 ], [ 1.041442227685396, 44.537977671029715 ], [ 1.041864780764768, 44.537649860597163 ], [ 1.042183436389798, 44.537464734479229 ], [ 1.042755604368914, 44.537192651278041 ], [ 1.043614233814609, 44.537040868157646 ], [ 1.044207604715943, 44.536939922721807 ], [ 1.045027271672615, 44.536841636207491 ], [ 1.045570142420021, 44.536749083197741 ], [ 1.045863018291434, 44.536590627079235 ], [ 1.046186198392413, 44.536207665019525 ], [ 1.04668930104015, 44.535655923291138 ], [ 1.046729447616403, 44.535628963950153 ], [ 1.046765763669462, 44.535611849565036 ] ] ] } },
{ "type": "Feature", "properties": { "nom": "GR 65" }, "geometry": { "type": "MultiLineString", "coordinates": [ [ [ 1.828591267540168, 44.46591241862307 ], [ 1.828825390470671, 44.466408126106224 ], [ 1.828678881499615, 44.467333736664081 ], [ 1.828708099201635, 44.468269156785141 ], [ 1.828779057438989, 44.46875511418051 ], [ 1.828851562096223, 44.469070209681732 ], [ 1.829718572515226, 44.469020266193063 ], [ 1.831139034563202, 44.468873947747696 ], [ 1.831516428778373, 44.468803743948712 ], [ 1.831742719997268, 44.468777807487825 ], [ 1.832019405429243, 44.468734117455121 ], [ 1.832673079223004, 44.468665181190914 ], [ 1.833352027664463, 44.468578371917971 ], [ 1.834131198582835, 44.468518997090818 ], [ 1.834822703053953, 44.468432236847995 ], [ 1.835137058228556, 44.468388710231189 ], [ 1.835326473707267, 44.468272667247362 ], [ 1.835528126215811, 44.468192651800628 ], [ 1.836030691124053, 44.468167970131603 ], [ 1.837362728747487, 44.468075126489772 ], [ 1.837739312384762, 44.468094828559558 ], [ 1.838027190785, 44.468204055892485 ], [ 1.838300038666122, 44.468592002212574 ], [ 1.838359479453055, 44.468969983320029 ], [ 1.838393006571459, 44.469437777398852 ], [ 1.838362225993354, 44.470076148540414 ], [ 1.838254417586239, 44.470903025598631 ], [ 1.838162995464505, 44.471298306849583 ], [ 1.837867675742269, 44.472025406517737 ], [ 1.837230932222594, 44.473011749403213 ], [ 1.836836795691963, 44.473549539949666 ], [ 1.836455373125607, 44.474069401558154 ], [ 1.836123298152208, 44.474688411155697 ], [ 1.836070094959267, 44.475020914290901 ], [ 1.836129687866258, 44.475380913075391 ], [ 1.836252560542894, 44.475687240938676 ], [ 1.836538313165501, 44.476039278831372 ], [ 1.836330627462438, 44.476793754539699 ], [ 1.836501422649167, 44.477361103691671 ], [ 1.83619373002434, 44.47806116429399 ], [ 1.836614135761404, 44.478809516803921 ], [ 1.83717199962549, 44.479639431868378 ], [ 1.838231037016803, 44.480615517311598 ], [ 1.839064489760579, 44.481536608845488 ], [ 1.839042367763151, 44.482615689019347 ], [ 1.839099039959321, 44.483308421336417 ], [ 1.839180598391243, 44.484028245791542 ], [ 1.839252543320155, 44.484415279659416 ], [ 1.839243382820672, 44.48457352924467 ], [ 1.839222879611253, 44.484927756259609 ], [ 1.839378459252619, 44.485800801887741 ] ] ] } },
{ "type": "Feature", "properties": { "nom": "GR 652" }, "geometry": { "type": "MultiLineString", "coordinates": [ [ [ 1.882084848981794, 44.908985262156428 ], [ 1.882590115988693, 44.909113269253368 ], [ 1.883397991479587, 44.909386433869244 ], [ 1.884040816441334, 44.909721881570178 ], [ 1.88450731784077, 44.909948664153127 ], [ 1.884998628465738, 44.910238511162497 ], [ 1.885565599481829, 44.910564644445074 ], [ 1.8863730740272, 44.910891755589809 ], [ 1.887142585424368, 44.911218706604771 ], [ 1.88767312687287, 44.911355788517909 ], [ 1.888747670713617, 44.911531054264728 ], [ 1.889861134153099, 44.911589534015604 ], [ 1.891162310702991, 44.911918606031847 ], [ 1.891540899731429, 44.912064050528215 ], [ 1.892059232610991, 44.91214709281514 ], [ 1.892667249324321, 44.912095568759881 ], [ 1.893428734954587, 44.911846770740603 ], [ 1.893974100915495, 44.911714034393889 ], [ 1.894822539568781, 44.911672456978643 ], [ 1.89582251680513, 44.911676452883405 ], [ 1.896443325209274, 44.911606969859918 ], [ 1.897165891289212, 44.911474924191879 ], [ 1.89767312903187, 44.911360008174761 ], [ 1.898421641421359, 44.911147102983676 ], [ 1.899015782360792, 44.911248403056199 ], [ 1.899585879066872, 44.911187696207783 ], [ 1.899675189296, 44.911098100975856 ], [ 1.899891641469132, 44.910937048732222 ], [ 1.900146558888461, 44.91071318497152 ], [ 1.900376368243635, 44.910462235519581 ], [ 1.900821002961038, 44.91025710926413 ], [ 1.901252485052672, 44.910114892684803 ], [ 1.901160647630178, 44.910528295008753 ], [ 1.901247493211815, 44.910753509716656 ], [ 1.901257901650697, 44.911041387320743 ], [ 1.901294046864972, 44.911275396785832 ], [ 1.901418236056387, 44.911581712154089 ], [ 1.901596428693319, 44.911456485850358 ], [ 1.901885944343692, 44.911664508707446 ], [ 1.902162452457884, 44.911917453923195 ], [ 1.902515613429654, 44.912080750644769 ], [ 1.903008993495944, 44.912118667811292 ], [ 1.903439295231609, 44.912129351452379 ], [ 1.903806026593703, 44.912175764199013 ], [ 1.904019675365398, 44.912374488694638 ], [ 1.904309554610506, 44.912537531854369 ], [ 1.904802033540166, 44.912692372039722 ], [ 1.905500109489105, 44.912452236664841 ], [ 1.906020618922807, 44.912256380205655 ], [ 1.906110059695519, 44.912148790393694 ], [ 1.905654789766724, 44.912093044698473 ], [ 1.905706256582066, 44.911985307222615 ], [ 1.906175990791209, 44.911807241547578 ], [ 1.906430120648945, 44.911682303065135 ], [ 1.906709844558497, 44.911521483986476 ], [ 1.907003194101466, 44.91123478923317 ], [ 1.90711808602898, 44.911109307917123 ], [ 1.907409213464372, 44.911110440325565 ], [ 1.907737553128294, 44.911210659026857 ], [ 1.907964631359163, 44.911310484890727 ], [ 1.908368921201379, 44.911410997003756 ], [ 1.908787112279437, 44.911349653689257 ], [ 1.909029060542893, 44.911161697792963 ], [ 1.909207236126385, 44.911036459313792 ], [ 1.909498777311817, 44.910983618116887 ], [ 1.909751587460247, 44.911029570269321 ], [ 1.909987950613369, 44.911570175869741 ], [ 1.910326271164727, 44.912021226648037 ], [ 1.910616027969321, 44.912202242710968 ], [ 1.910881639047289, 44.912230251374964 ], [ 1.911274106011812, 44.912222769083932 ], [ 1.911628942306982, 44.912170166007037 ], [ 1.91193307728426, 44.912126361452337 ], [ 1.912148536718173, 44.912091210073605 ], [ 1.912388902138872, 44.912110123877426 ], [ 1.91274127214742, 44.912381323537495 ], [ 1.913079413779393, 44.91285934922572 ], [ 1.913367202226787, 44.913301202586283 ], [ 1.913593410911522, 44.913517946287769 ], [ 1.913831392317828, 44.913851668734274 ], [ 1.914046175584676, 44.913906459761321 ], [ 1.914197393288161, 44.913996987110103 ], [ 1.914719659354136, 44.9135672294423 ], [ 1.915367206107093, 44.913308849725979 ], [ 1.915963162936892, 44.913176197938093 ], [ 1.916622476089482, 44.913034788972624 ], [ 1.917268992023208, 44.912911317793302 ], [ 1.917674662902437, 44.912831903012361 ], [ 1.91786358792558, 44.912958548012305 ], [ 1.918241306566355, 44.913229826475813 ], [ 1.918923704376889, 44.913385322353506 ], [ 1.919225884636061, 44.913602342363369 ], [ 1.919351052920874, 44.913791707662277 ], [ 1.919551970751067, 44.914008344337574 ], [ 1.919753361119478, 44.914162017732018 ], [ 1.920043227370678, 44.91433401373201 ], [ 1.920283334634656, 44.914388889277667 ], [ 1.920460150157389, 44.914443524921396 ], [ 1.920687331981202, 44.914534329284265 ], [ 1.920584316511481, 44.914767808568058 ], [ 1.920329195609664, 44.91502769923359 ], [ 1.920694885590894, 44.915217969801255 ], [ 1.921085627252086, 44.915444312553774 ], [ 1.921033783773107, 44.915606025513668 ], [ 1.921159096914245, 44.915777400374154 ], [ 1.921351192416258, 44.915481290934693 ], [ 1.921477109511852, 44.915571713047179 ], [ 1.921538258712809, 44.915859779861634 ], [ 1.921675628795758, 44.916112152854886 ], [ 1.922180177543555, 44.916356909611046 ], [ 1.922938779266433, 44.916485682396058 ] ] ] } },
{ "type": "Feature", "properties": { "nom": "GR 65" }, "geometry": { "type": "MultiLineString", "coordinates": [ [ [ 1.666999274026078, 44.347217675654043 ], [ 1.667224939661105, 44.34721006421141 ], [ 1.6680592895545, 44.347655810381546 ], [ 1.668843100141727, 44.348137212919518 ], [ 1.669688729387642, 44.348690927886899 ], [ 1.67006073229599, 44.349025925706563 ], [ 1.670432527057081, 44.349378907397494 ], [ 1.670752818511842, 44.349848478865638 ], [ 1.671050707749958, 44.350093095318996 ], [ 1.67140913440495, 44.35051793309681 ] ] ] } },
{ "type": "Feature", "properties": { "nom": "GR 652" }, "geometry": { "type": "MultiLineString", "coordinates": [ [ [ 1.973823681532836, 44.96201708707784 ], [ 1.974062406616185, 44.962323701595871 ], [ 1.974264531353403, 44.962414315234547 ], [ 1.97447967825408, 44.962451000515529 ], [ 1.974670071198799, 44.962397653496005 ], [ 1.974987917588529, 44.962227788788589 ], [ 1.975189342311535, 44.962426338222201 ], [ 1.975340383163361, 44.962579747728796 ], [ 1.975632014314604, 44.962544721067573 ], [ 1.976138561197073, 44.962582354285956 ], [ 1.97644163830661, 44.962736258688913 ], [ 1.976568974370606, 44.962637728343125 ], [ 1.976999853121151, 44.962621140897994 ], [ 1.977126431628012, 44.962639543174546 ], [ 1.977265796265101, 44.962639996448772 ], [ 1.977264982683756, 44.962765923683534 ], [ 1.977465894483849, 44.963045422831726 ], [ 1.977859000643478, 44.962992730044938 ], [ 1.978087458724359, 44.962930506503177 ], [ 1.978669969080195, 44.962977369494425 ], [ 1.979441600451245, 44.963168762257496 ], [ 1.98001133038754, 44.963233567349981 ], [ 1.980327782755135, 44.963279563311119 ], [ 1.980771221069519, 44.963280992425439 ], [ 1.981214544263191, 44.963300409510907 ], [ 1.981404760425649, 44.963274035552288 ], [ 1.981557026505099, 44.963238545271878 ], [ 1.981557083387682, 44.96322955039647 ], [ 1.981506405608023, 44.963229387061347 ], [ 1.981607417400749, 44.963283682037861 ], [ 1.98161991529749, 44.963310707030182 ], [ 1.981872791860974, 44.963392474386673 ], [ 1.981858975239103, 44.963572330568745 ], [ 1.981668413299617, 44.963652673630051 ], [ 1.981187077595899, 44.963633136180448 ], [ 1.980539539563288, 44.963846932451418 ], [ 1.980273186164035, 44.96389104882153 ], [ 1.979981954649306, 44.963863124466997 ], [ 1.979614011359818, 44.963942891500565 ], [ 1.979435594804712, 44.964104225191662 ], [ 1.979484771836985, 44.964338254341065 ], [ 1.979635541097754, 44.964536632464586 ], [ 1.980077259228295, 44.964807909639099 ], [ 1.980430174972651, 44.965096888578515 ], [ 1.980327662995524, 44.965276458350147 ], [ 1.980364808658322, 44.965411503937794 ], [ 1.980439158869844, 44.965672599321941 ], [ 1.981058561219651, 44.965899469805258 ], [ 1.981527130928664, 44.965936956290307 ], [ 1.981704341807948, 44.965964510682589 ], [ 1.981754276638168, 44.966081606445087 ], [ 1.98165142207421, 44.966315146753757 ], [ 1.981434188049657, 44.966602290042566 ], [ 1.981482572701746, 44.966962246807824 ], [ 1.981405285618788, 44.9671598890992 ], [ 1.981505731659477, 44.967304132152606 ], [ 1.981720843937289, 44.967349798352501 ], [ 1.981923172197479, 44.967413413568536 ], [ 1.982048215390964, 44.967674671185243 ], [ 1.982047354403613, 44.967809593514247 ], [ 1.982020751512421, 44.968007399382174 ], [ 1.982121372314944, 44.968124657261392 ], [ 1.982450983923565, 44.968098729404666 ], [ 1.982882361381465, 44.968010160083786 ], [ 1.983185715394583, 44.968128066818409 ], [ 1.983286280972218, 44.968254318525567 ], [ 1.983298151753855, 44.968380287095037 ], [ 1.983386504900949, 44.968434539461875 ], [ 1.983588039505341, 44.968624079162126 ], [ 1.983776675774098, 44.968849557918574 ], [ 1.983762978253243, 44.969011424849469 ], [ 1.983875475498571, 44.969254649714621 ], [ 1.983823764669611, 44.969416395406199 ], [ 1.983847852128182, 44.969614363193664 ], [ 1.984011321013451, 44.969812775798353 ], [ 1.98412410712106, 44.970011026931729 ], [ 1.984287807751586, 44.970173459608411 ], [ 1.984502762788375, 44.970246105139402 ], [ 1.984921652508907, 44.97013050313312 ], [ 1.985188713904266, 44.969978437770841 ], [ 1.985506288872098, 44.96985351619319 ], [ 1.985900058405934, 44.969701851091067 ], [ 1.986012681195511, 44.969927084076176 ], [ 1.986213889388122, 44.970170588439338 ], [ 1.986655741092852, 44.970432845044044 ], [ 1.98697088238199, 44.970694698713963 ], [ 1.986994358967767, 44.970991609714844 ], [ 1.987196819613944, 44.971037224719247 ], [ 1.987691060238703, 44.971029792092111 ], [ 1.98836264638, 44.97103191042978 ], [ 1.988741550939171, 44.971230994690067 ], [ 1.988879080672293, 44.971528264057973 ], [ 1.988827269467505, 44.971708001971784 ], [ 1.988927685781515, 44.971861233401256 ], [ 1.989053839774753, 44.971951580430925 ], [ 1.989673458824075, 44.972160413556402 ], [ 1.989939451489054, 44.972179238854814 ], [ 1.990394735817413, 44.972324586500633 ], [ 1.990762328344837, 44.972307747912296 ], [ 1.990876261426775, 44.972326094355552 ], [ 1.990963341650829, 44.972587223444926 ], [ 1.99112729231903, 44.972713666568453 ], [ 1.991405960023018, 44.97273252765612 ], [ 1.991697635238651, 44.972697457878795 ], [ 1.991913724292815, 44.972590192032925 ], [ 1.992155379559853, 44.972447024530695 ], [ 1.992447887576846, 44.972277030192579 ], [ 1.992664531007303, 44.972079813919002 ], [ 1.992869112104967, 44.971783613348286 ], [ 1.993174118535471, 44.97164064181338 ], [ 1.99360517402201, 44.971606000212532 ], [ 1.994113088397929, 44.971436669899525 ], [ 1.994379244903359, 44.971428498979904 ], [ 1.994784899995467, 44.971402769863531 ], [ 1.995025436807066, 44.971439494134543 ], [ 1.995227518920636, 44.971548058819423 ], [ 1.995643363706463, 44.971927134072878 ], [ 1.995807377589656, 44.972044576269518 ], [ 1.996137005930078, 44.972018606928245 ], [ 1.996706955300382, 44.972065336863139 ], [ 1.997163464168154, 44.972012769871384 ], [ 1.997519037901215, 44.971887930626309 ], [ 1.997986901493861, 44.972051276452298 ], [ 1.998226841748296, 44.972186936835477 ], [ 1.99858033714143, 44.972403899589239 ], [ 1.998617204042382, 44.972592908781195 ], [ 1.998526752195064, 44.972880472997851 ], [ 1.998665704216015, 44.972952858684792 ], [ 1.998870148542315, 44.972674637721205 ], [ 1.998936129131653, 44.972243077094255 ], [ 1.999088080213034, 44.972261531232469 ], [ 1.999060770592475, 44.972585269171638 ], [ 1.999135437483467, 44.972810373889466 ], [ 1.999452396842611, 44.972784356336206 ], [ 1.999605003854506, 44.972694870920101 ], [ 1.999820805422605, 44.97263256423593 ], [ 2.000138034277625, 44.972561570197989 ], [ 2.000466412246594, 44.972742470818325 ], [ 2.000718108367301, 44.973031078363732 ], [ 2.000971273016026, 44.973076822894313 ], [ 2.001174293799216, 44.973032464313903 ], [ 2.001517462793512, 44.97286260046247 ], [ 2.001809184730794, 44.972818509250054 ], [ 2.001959080532984, 44.973178765898716 ], [ 2.002096740010763, 44.973467024186625 ], [ 2.00224793782625, 44.973611402719776 ], [ 2.002780051252699, 44.9736310027236 ], [ 2.003020279651411, 44.973721678285692 ], [ 2.00332392179906, 44.973803550646579 ], [ 2.003691301698882, 44.973822648936746 ], [ 2.004147493646596, 44.973824022694643 ] ] ] } },
{ "type": "Feature", "properties": { "nom": "GR 36" }, "geometry": { "type": "MultiLineString", "coordinates": [ [ [ 1.642615779516155, 44.485253103482449 ], [ 1.642351427420532, 44.485296397434304 ], [ 1.642300291572464, 44.48536802049054 ], [ 1.641966904021468, 44.484898253067264 ], [ 1.641248776244014, 44.485064575381763 ], [ 1.6405440967055, 44.485159031376647 ], [ 1.640104771331439, 44.485129261924023 ], [ 1.639628206656664, 44.485063279653666 ], [ 1.639364858219648, 44.485025631648888 ], [ 1.639088724898817, 44.48500588884913 ], [ 1.638911855698542, 44.485085704153043 ], [ 1.638533553628079, 44.485200210700839 ], [ 1.638259542769536, 44.485009604071116 ], [ 1.638071788300024, 44.484954448149779 ], [ 1.637807993320064, 44.48495276683628 ], [ 1.637492833192156, 44.485040691819435 ], [ 1.637090970832515, 44.485029136026576 ], [ 1.636577622927923, 44.484890958256955 ], [ 1.636188995807749, 44.484825523222845 ], [ 1.635786687129488, 44.484849933092022 ], [ 1.635536352702533, 44.484776385295831 ], [ 1.63534893859883, 44.484694246496737 ], [ 1.635196963917882, 44.484792201533203 ], [ 1.634390548539095, 44.484984895079023 ], [ 1.633634824895262, 44.485141934142952 ], [ 1.633231836990181, 44.48522029029354 ], [ 1.632792515014692, 44.485190490815761 ], [ 1.631877314777435, 44.485040718243553 ], [ 1.63103681198993, 44.484945379045222 ], [ 1.630269534142041, 44.48502138001831 ], [ 1.629651297652099, 44.485233237746172 ], [ 1.628893404966864, 44.485561104134007 ], [ 1.627999477420413, 44.485717212335906 ], [ 1.627243726233562, 44.485874207660622 ], [ 1.626916209018578, 44.485944035629771 ], [ 1.626297268624151, 44.486209830236298 ], [ 1.625377858198057, 44.486392732911376 ], [ 1.624887372377959, 44.486434517151672 ], [ 1.6244349130174, 44.486449566802811 ], [ 1.623881615888908, 44.486490938634397 ], [ 1.623429841075473, 44.486452027696771 ], [ 1.623204980842907, 44.486351637728447 ], [ 1.622530406216936, 44.48605046421487 ], [ 1.621881191986555, 44.485731465015704 ], [ 1.621481616620199, 44.485539997848051 ], [ 1.621046419697865, 44.485186415684609 ], [ 1.621121790592043, 44.485186906943774 ], [ 1.620432272967171, 44.485074485003075 ], [ 1.619430552804731, 44.48481612220629 ], [ 1.618703473348354, 44.484694449797949 ], [ 1.618065591857209, 44.4844744297612 ], [ 1.617595639444896, 44.484876052891721 ], [ 1.617025414926767, 44.48525902934395 ], [ 1.61654714910453, 44.485327837468958 ], [ 1.616333254775487, 44.48535341346048 ], [ 1.616067383051664, 44.485513547552571 ], [ 1.615926090732526, 44.485755442128792 ], [ 1.615660676894966, 44.485879604922374 ] ] ] } },
{ "type": "Feature", "properties": { "nom": "GR 6" }, "geometry": { "type": "MultiLineString", "coordinates": [ [ [ 1.845643623114505, 44.745028528021052 ], [ 1.845115074854888, 44.744855279156575 ], [ 1.844749405117559, 44.744817669476006 ], [ 1.844522004738418, 44.744843636306655 ], [ 1.843967032237227, 44.744805177773983 ], [ 1.843288397576865, 44.744478346030888 ], [ 1.842975036973207, 44.744234095839317 ], [ 1.842661282280479, 44.744034814628897 ], [ 1.842310226484339, 44.743772405702785 ], [ 1.842097436971703, 44.743573576403328 ], [ 1.841698213855921, 44.743050113885857 ], [ 1.841439088751011, 44.742383372554087 ], [ 1.841038208720239, 44.742048781262646 ], [ 1.84054907550832, 44.741704796666873 ], [ 1.840108990267319, 44.741522927729129 ], [ 1.839375783614331, 44.741663527238927 ], [ 1.838921001896999, 44.741715439205187 ], [ 1.838628993200623, 44.741911993114343 ], [ 1.838172286487912, 44.742179755069508 ], [ 1.837881074002773, 44.742286367433465 ], [ 1.837666138756502, 44.742330365180337 ], [ 1.837147770816268, 44.742435947269904 ], [ 1.836779953814509, 44.742641146810826 ], [ 1.836374353922839, 44.742837179352179 ], [ 1.835908712369166, 44.742691154588314 ], [ 1.835507459269115, 44.74240151213175 ], [ 1.83518184684808, 44.742121207416389 ], [ 1.834858013768907, 44.741643035301578 ], [ 1.834329368892977, 44.741487722563832 ], [ 1.833734799843018, 44.741646906041247 ], [ 1.833026248661412, 44.741850536918996 ], [ 1.832774992731937, 44.741723467429395 ], [ 1.832524141548105, 44.741551428492038 ], [ 1.830765307832116, 44.740670918253102 ], [ 1.830074018544639, 44.740361934967943 ], [ 1.829320129577049, 44.739998694061882 ], [ 1.828629018674831, 44.739671713572271 ], [ 1.828313299028554, 44.739697239779971 ], [ 1.827632035411036, 44.739676104854667 ], [ 1.827088844955459, 44.73973655244113 ], [ 1.826631936918805, 44.740022253962898 ], [ 1.826464197530492, 44.740426219823703 ], [ 1.826563429484546, 44.740615559869582 ], [ 1.826497792315466, 44.740894078619014 ], [ 1.82653351748398, 44.741128094631442 ], [ 1.826174760805553, 44.74172005543965 ], [ 1.826121821736054, 44.741989638918561 ], [ 1.825726346068954, 44.742455508157782 ], [ 1.825369708406642, 44.74281362457684 ], [ 1.825254240652756, 44.743019957052596 ], [ 1.825125411995272, 44.743307175725889 ], [ 1.824908571317943, 44.743558009325874 ], [ 1.825032302625182, 44.743828412800134 ], [ 1.825220697902659, 44.743928224834164 ], [ 1.825458176284654, 44.744181167706898 ], [ 1.825721144745738, 44.744407245755127 ], [ 1.82590798267346, 44.744677940758272 ], [ 1.825901085705228, 44.745433429588964 ], [ 1.825628912896214, 44.746214671460365 ], [ 1.825321829901492, 44.746671956347988 ], [ 1.825013671238064, 44.747246160738584 ], [ 1.824781314735218, 44.747811723292088 ], [ 1.824679113418937, 44.747946162378106 ], [ 1.824513230818553, 44.748143266403808 ], [ 1.823941499077455, 44.748554345026619 ] ] ] } },
{ "type": "Feature", "properties": { "nom": "GR 65" }, "geometry": { "type": "MultiLineString", "coordinates": [ [ [ 1.59635067482456, 44.351465581736846 ], [ 1.597435732085653, 44.350915358654412 ], [ 1.598445342795048, 44.350382602397936 ], [ 1.599190831644496, 44.349920000526026 ], [ 1.60006091605292, 44.349512189374721 ], [ 1.601006882440083, 44.349050929714224 ], [ 1.602101097274603, 44.348752528524152 ], [ 1.603058510518654, 44.348372263518797 ], [ 1.604088642204515, 44.348181325833629 ], [ 1.605180722457197, 44.348044749478447 ], [ 1.605745907220325, 44.34794960774407 ], [ 1.606673909958788, 44.347901847364412 ], [ 1.607726173479737, 44.347935842605729 ], [ 1.608716480615334, 44.347915459772651 ], [ 1.609742639645674, 44.348030196894769 ], [ 1.610893650824608, 44.348181723793388 ], [ 1.611456743744373, 44.348248407301575 ], [ 1.611881993627895, 44.348314175474457 ], [ 1.612258393008855, 44.348280697835818 ], [ 1.61314741463469, 44.348340538035842 ], [ 1.614038401094309, 44.348247507104276 ], [ 1.614919962786637, 44.347911602607681 ], [ 1.61537511266319, 44.347599858316926 ], [ 1.615703106937091, 44.347431158023035 ], [ 1.616305630733693, 44.347354192210325 ], [ 1.616568897396772, 44.347346933242868 ] ] ] } },
{ "type": "Feature", "properties": { "nom": "GR 36" }, "geometry": { "type": "MultiLineString", "coordinates": [ [ [ 1.1039681797943, 44.518496359653895 ], [ 1.104019043823725, 44.518469948122238 ], [ 1.104514326326978, 44.518241658319944 ], [ 1.10503276976711, 44.518103569199724 ], [ 1.105479348125788, 44.51780277486241 ], [ 1.10620950138135, 44.517181365418097 ], [ 1.107016423359377, 44.5164978522876 ], [ 1.107734761874542, 44.51584032432563 ], [ 1.108246699627885, 44.515423326867854 ], [ 1.108947335136007, 44.515575073560385 ], [ 1.109649348360529, 44.515663872408282 ], [ 1.110112776732795, 44.51574100568115 ], [ 1.110432849593954, 44.515474755159062 ], [ 1.110872319108557, 44.515497653291781 ], [ 1.111575511349095, 44.515532487115884 ], [ 1.112078015246043, 44.515547088854639 ], [ 1.112318363740058, 44.515477816500635 ], [ 1.11291275565631, 44.515313554815677 ], [ 1.113622205816625, 44.515060631196306 ], [ 1.113936636440727, 44.515630770255854 ], [ 1.114380854548086, 44.516013474897385 ], [ 1.114553673014922, 44.516159307037398 ], [ 1.114973742381567, 44.516496769864908 ], [ 1.115255570844306, 44.51683269286962 ], [ 1.115538379058342, 44.517123654769058 ], [ 1.115831414046712, 44.517522659805266 ], [ 1.115947916374679, 44.517946684597561 ], [ 1.116114495690823, 44.518380260208225 ], [ 1.116537128297852, 44.518600820019579 ], [ 1.116642163322734, 44.518395120864817 ], [ 1.116611094811224, 44.518088971679703 ], [ 1.116801762949073, 44.517992153932234 ], [ 1.117164089731268, 44.518095116917578 ], [ 1.11756314878255, 44.518243457328495 ], [ 1.118374423281935, 44.518513297813271 ], [ 1.118190867890625, 44.518862034998243 ], [ 1.118121592676524, 44.519158075459103 ], [ 1.118577461722811, 44.519585863892146 ], [ 1.118873259793586, 44.519858973128336 ], [ 1.119096376315081, 44.520005355572223 ], [ 1.119353693464511, 44.520314014016357 ], [ 1.119367145738778, 44.520853816561001 ], [ 1.119433405674337, 44.521277280388212 ], [ 1.119687809709529, 44.521720818955544 ], [ 1.120205388523061, 44.522203250378737 ], [ 1.120662466313642, 44.522577078619754 ], [ 1.121392445022093, 44.522540191502451 ] ] ] } },
{ "type": "Feature", "properties": { "nom": "GR 652" }, "geometry": { "type": "MultiLineString", "coordinates": [ [ [ 1.048257131941943, 44.498536655759303 ], [ 1.048151266416652, 44.498769262971578 ], [ 1.048257131941943, 44.498536655759303 ], [ 1.048329837570361, 44.498105787095824 ], [ 1.048322629980467, 44.497871851847997 ], [ 1.048566071826806, 44.49766784326841 ], [ 1.048632183665522, 44.497524712095363 ], [ 1.048767288986669, 44.497112564487558 ], [ 1.048867171865741, 44.496043424493529 ], [ 1.049707862416429, 44.49609826168242 ], [ 1.050798580093337, 44.496209988030884 ], [ 1.051626507113589, 44.496273654689823 ], [ 1.052502839550281, 44.496418830104354 ], [ 1.053142734871073, 44.496462295460638 ], [ 1.053905390843275, 44.496633112514189 ], [ 1.05468620776034, 44.497109939413328 ], [ 1.054539343707349, 44.496937332570859 ], [ 1.054711744259283, 44.497092248551333 ], [ 1.054551234318014, 44.496415806914413 ], [ 1.054438519796688, 44.495847854308565 ], [ 1.05516942392561, 44.495757459255834 ], [ 1.056213784992792, 44.495697700239909 ], [ 1.056290521375187, 44.495086990794853 ], [ 1.056599932148099, 44.494191181229198 ], [ 1.056647852246656, 44.493742031054765 ], [ 1.056817713002096, 44.493456198340382 ], [ 1.056963797382757, 44.492558483549203 ], [ 1.057053492217534, 44.491929937369434 ], [ 1.057428836254058, 44.491448629250513 ], [ 1.057532399794429, 44.491314924008371 ], [ 1.05754884710793, 44.491144226030343 ], [ 1.057506897635959, 44.490226331057031 ], [ 1.057362617657504, 44.489388189908865 ], [ 1.057258478826258, 44.488442587099065 ], [ 1.057079265811275, 44.48803575845502 ], [ 1.056845842240003, 44.487250543034435 ], [ 1.056812045693683, 44.48707925911372 ], [ 1.056464150416007, 44.486355665836967 ], [ 1.056169166938805, 44.485515765804166 ], [ 1.055891329199794, 44.485026836999396 ], [ 1.055275527711564, 44.483931352272599 ], [ 1.054926032313367, 44.483279689171994 ], [ 1.054250749022321, 44.482039597523446 ], [ 1.053644290573782, 44.481088119009613 ], [ 1.052997712257264, 44.48024409828416 ], [ 1.052884677529939, 44.480242775061868 ], [ 1.053256697060539, 44.479905352270194 ] ] ] } },
{ "type": "Feature", "properties": { "nom": "GR 651" }, "geometry": { "type": "MultiLineString", "coordinates": [ [ [ 1.917447668824865, 44.599506708484462 ], [ 1.91725791368512, 44.599631894323771 ], [ 1.917105852648813, 44.599766218499909 ], [ 1.916813711329142, 44.600115852911493 ], [ 1.916496527436874, 44.600447403625779 ], [ 1.916231441944206, 44.600545318972358 ], [ 1.915979618510404, 44.600553348005469 ], [ 1.915665800678963, 44.600435228706957 ], [ 1.91531327551675, 44.600442869543429 ], [ 1.914406210547933, 44.600538315868903 ], [ 1.913964756769432, 44.600653534458225 ], [ 1.913674626480272, 44.600733360112919 ], [ 1.913384021203804, 44.600876138304493 ], [ 1.913081300587085, 44.600955914264546 ], [ 1.912325006343686, 44.601087899059287 ], [ 1.911719629174891, 44.601238449771714 ], [ 1.910975575074373, 44.601415440445798 ], [ 1.910153730957196, 44.601888914154806 ], [ 1.909356297076401, 44.602461407223366 ], [ 1.908824024350916, 44.602927004793941 ], [ 1.908087030577979, 44.603823495321812 ], [ 1.90741509031247, 44.604441432580458 ], [ 1.907145289091222, 44.605150876070724 ], [ 1.907002127945878, 44.605761884037946 ], [ 1.906808193590192, 44.606426656094243 ], [ 1.906802749434645, 44.607137133734959 ], [ 1.9069485155795, 44.60783021517198 ], [ 1.90710838995404, 44.608325492277231 ], [ 1.907179589388124, 44.608892371866673 ], [ 1.907049698393363, 44.609413496757085 ], [ 1.90658132489235, 44.609744429284966 ], [ 1.90581078805104, 44.610074175245359 ], [ 1.904891099218458, 44.610151507343929 ], [ 1.904702319574428, 44.610141771446692 ], [ 1.904136465598683, 44.610049608334947 ], [ 1.903446658857464, 44.609705130411911 ], [ 1.902782249480832, 44.609333767526053 ], [ 1.902318796802056, 44.609026151023834 ], [ 1.901734746923285, 44.608482621238821 ], [ 1.901305127553719, 44.608496817578782 ], [ 1.900745558984828, 44.60822126534967 ], [ 1.900474526055591, 44.608268595252646 ], [ 1.900286435281367, 44.608166673382321 ], [ 1.900230044842928, 44.607980303126816 ], [ 1.900100853182075, 44.607936138751057 ], [ 1.899812186197009, 44.607861801051619 ], [ 1.899597577376068, 44.607580951787519 ], [ 1.899432003950585, 44.607350615242147 ], [ 1.899330696815078, 44.607163837802744 ], [ 1.899291176425515, 44.606877544898033 ], [ 1.899165196588191, 44.606669042140958 ], [ 1.898858486460605, 44.606494471623655 ], [ 1.898332435554817, 44.606281981380398 ], [ 1.898014612263996, 44.606164469487446 ], [ 1.897736795963919, 44.606047355668736 ], [ 1.897548579161471, 44.605952573868663 ], [ 1.8973399392989, 44.605879027854215 ], [ 1.897161585089003, 44.605791489803607 ], [ 1.896938949848114, 44.605653024622441 ], [ 1.89711108444475, 44.605228093516182 ], [ 1.897139080894476, 44.604868459210287 ], [ 1.897027896613283, 44.604598204967274 ], [ 1.896651081579412, 44.604488771573429 ], [ 1.895908774348677, 44.604431833445361 ], [ 1.894637320564165, 44.604426723462034 ], [ 1.893718420013417, 44.604414027109065 ], [ 1.892673917857783, 44.604364841558962 ], [ 1.892057288474839, 44.604335365407394 ], [ 1.891477925790128, 44.604368993700156 ], [ 1.891606238429077, 44.604063729109235 ], [ 1.891960143404864, 44.603885289682566 ], [ 1.892629186464804, 44.603654161611075 ], [ 1.893059186516459, 44.603404077430291 ], [ 1.893375957675576, 44.60314454058183 ], [ 1.893858078066122, 44.602669821329762 ], [ 1.894163316986673, 44.602275331751542 ], [ 1.894139560030656, 44.602095363295803 ], [ 1.893904928212307, 44.601518824119729 ] ] ] } },
{ "type": "Feature", "properties": { "nom": "GR 36 A" }, "geometry": { "type": "MultiLineString", "coordinates": [ [ [ 1.547831483417132, 44.40902367841619 ], [ 1.548159784531928, 44.408873157354265 ], [ 1.548146736149892, 44.408909035544987 ], [ 1.548218602788704, 44.409152367464671 ], [ 1.548238024644117, 44.409557198435706 ], [ 1.548206761907922, 44.409997636717755 ], [ 1.548086551987257, 44.410518374640397 ], [ 1.547905378426995, 44.410912768317971 ], [ 1.547836855829222, 44.411325960412888 ], [ 1.547681590110764, 44.412556903375751 ], [ 1.54757731854106, 44.412834940720089 ], [ 1.547194396685546, 44.413299827352049 ], [ 1.547675100432561, 44.413914822610501 ], [ 1.548318910772074, 44.414530990373656 ], [ 1.548663521530322, 44.415010105513723 ], [ 1.548909279526876, 44.41538059130864 ], [ 1.549178119929491, 44.415895133378569 ], [ 1.549396780292768, 44.416409314782491 ], [ 1.549455863706553, 44.41667054070453 ], [ 1.54942750007971, 44.416904159716907 ], [ 1.549310305769143, 44.41720908593939 ], [ 1.549048554297132, 44.417980618332258 ], [ 1.548736735056456, 44.418742797252115 ], [ 1.548336951973714, 44.419513335827091 ], [ 1.548270437552141, 44.419782652910705 ], [ 1.548452723091488, 44.420206643640327 ], [ 1.548637277393293, 44.42046877270554 ], [ 1.54889548040458, 44.420848342719076 ], [ 1.549055196927602, 44.42109230647506 ], [ 1.549210258454564, 44.421668984860112 ], [ 1.549292553530751, 44.422065275919465 ], [ 1.549313371484189, 44.422371194645876 ], [ 1.549433311844845, 44.422767756311856 ], [ 1.549564921081436, 44.423227354680527 ], [ 1.549724143615669, 44.423507286779838 ], [ 1.550022526599156, 44.423707278892991 ], [ 1.55036607642254, 44.424267321547923 ], [ 1.550274828286451, 44.425408804462108 ], [ 1.550055474549081, 44.425838904959321 ], [ 1.549911532910095, 44.426260553153497 ], [ 1.549818160533349, 44.426655583918702 ], [ 1.549832821699592, 44.427402126256005 ], [ 1.550058926540154, 44.428285084421297 ], [ 1.550145239474283, 44.429292944704009 ], [ 1.550249635657029, 44.429905233107384 ], [ 1.550495594828329, 44.430266726005328 ], [ 1.550517049053093, 44.430527683686712 ], [ 1.550401465688886, 44.430715712640009 ], [ 1.550384894773707, 44.431003377523886 ], [ 1.550502474956401, 44.431570794590939 ], [ 1.550404447693545, 44.432298544163707 ], [ 1.550238536262226, 44.432495205261532 ], [ 1.550158334676645, 44.4328453667435 ], [ 1.550066587210138, 44.433123498467467 ], [ 1.549810809692286, 44.433463406570439 ], [ 1.549903287693143, 44.434030644902855 ], [ 1.54987416245354, 44.434318219698241 ], [ 1.549866868418072, 44.434839776371255 ], [ 1.549787038646386, 44.435162960563645 ], [ 1.54968273575982, 44.435441002721461 ], [ 1.549213585898777, 44.435779378166394 ], [ 1.548604483202998, 44.43625164507305 ], [ 1.548461385590573, 44.436610346659229 ], [ 1.548405009238106, 44.437050611875932 ], [ 1.548461967603751, 44.437464711524449 ], [ 1.548658626684794, 44.437762902470581 ], [ 1.549177838507031, 44.438333208473352 ], [ 1.549526250990039, 44.438551549042401 ], [ 1.549574065211849, 44.438722764658287 ], [ 1.549382775749207, 44.438937229621075 ], [ 1.549163865605266, 44.439331361617583 ], [ 1.548893614399949, 44.439806064314368 ], [ 1.549089778498355, 44.440140224101285 ], [ 1.549101952811726, 44.440167292072474 ], [ 1.549089778498355, 44.440140224101285 ], [ 1.549079203862888, 44.440895583660868 ] ] ] } },
{ "type": "Feature", "properties": { "nom": "GR 46" }, "geometry": { "type": "MultiLineString", "coordinates": [ [ [ 1.552425762267409, 44.485775618637327 ], [ 1.552632535310181, 44.485799541283328 ], [ 1.55290370645258, 44.485771424884625 ], [ 1.553016673429357, 44.486250451567741 ], [ 1.553273328238224, 44.486764913268097 ], [ 1.553433501412666, 44.486990893624387 ], [ 1.55358073729807, 44.487243762664065 ], [ 1.55371340787285, 44.487640422801171 ], [ 1.553759773987183, 44.487919552376042 ], [ 1.553882389701016, 44.488136271018867 ], [ 1.554718680909676, 44.488528953875168 ], [ 1.555480110249568, 44.48888512339807 ], [ 1.555878858670526, 44.489121792045331 ], [ 1.55633942578251, 44.489430847169963 ], [ 1.556748998889955, 44.489793499727476 ], [ 1.557021758847763, 44.490056249411815 ], [ 1.557319646641994, 44.490319176725919 ], [ 1.557577980555115, 44.490716724958695 ], [ 1.557823629548951, 44.491123177003757 ], [ 1.557845888594938, 44.491330185862516 ], [ 1.557803340109573, 44.49168063050233 ], [ 1.55741572709139, 44.492451320741296 ], [ 1.557192548550453, 44.493142236010314 ], [ 1.557062923185055, 44.493429107786149 ], [ 1.556870853310685, 44.493688554969722 ], [ 1.556451888963534, 44.494000350239581 ], [ 1.556199119336485, 44.494106475844212 ], [ 1.555907783688043, 44.494275279948404 ], [ 1.555465181702553, 44.4944789814149 ], [ 1.555223721115844, 44.494675120122594 ], [ 1.554689790416933, 44.49512099270347 ], [ 1.553893010068199, 44.495493040322579 ], [ 1.553940384120348, 44.495700229406445 ], [ 1.554051205750803, 44.495862903292682 ], [ 1.554652274905503, 44.496011085312063 ], [ 1.555212528532721, 44.496383810791066 ], [ 1.555483938108012, 44.496745484528191 ], [ 1.555669777120919, 44.4969356710547 ], [ 1.555969818849628, 44.497045728787732 ], [ 1.556610595771424, 44.49705028483254 ], [ 1.557112790947831, 44.497080834150474 ], [ 1.557400396628091, 44.497181805373117 ], [ 1.558185343776072, 44.497664033514539 ], [ 1.558645619487411, 44.498000058294238 ], [ 1.55895238946667, 44.498532851362626 ], [ 1.559032626558192, 44.499091019327501 ], [ 1.558760925487691, 44.49965568699664 ], [ 1.558352250101035, 44.500129446980935 ], [ 1.557628819507215, 44.500645938636701 ], [ 1.556882241979792, 44.501018365132268 ], [ 1.556323132947302, 44.501464067534634 ], [ 1.556269127166906, 44.501733489737852 ], [ 1.556403598901892, 44.502004252057709 ], [ 1.55672405921325, 44.502456206433031 ], [ 1.55686735839279, 44.502996836407256 ], [ 1.556757723816821, 44.503652585768862 ], [ 1.556512858956613, 44.504091528451497 ], [ 1.555977848794752, 44.504609349774803 ], [ 1.555824433831034, 44.50479712305674 ], [ 1.555508285311335, 44.50493877003467 ], [ 1.555166376957861, 44.505125200751621 ], [ 1.554911178144141, 44.505402183624206 ], [ 1.554830402198034, 44.505788330911521 ], [ 1.554875038202074, 44.506193358535519 ], [ 1.55515668454323, 44.506725984283698 ], [ 1.555766189339029, 44.507180000033074 ], [ 1.556264979125151, 44.507462348006513 ], [ 1.556725448550467, 44.507789388251147 ], [ 1.556949652156846, 44.507934878103839 ], [ 1.557245390221308, 44.508359676359554 ], [ 1.557475181670164, 44.509008844459103 ], [ 1.557667276929907, 44.50965774451592 ], [ 1.557757966482351, 44.510368879615221 ], [ 1.557703708760228, 44.510656288759847 ], [ 1.557569681571811, 44.511257907147105 ], [ 1.557421837924964, 44.511949362169766 ], [ 1.557298752752717, 44.512667974712222 ], [ 1.557391687168582, 44.513217242848867 ], [ 1.557672643853242, 44.51380382042209 ], [ 1.557945775488953, 44.514048585279333 ], [ 1.558408923943753, 44.514186773721917 ], [ 1.558633157271742, 44.51433226054791 ], [ 1.558404939216461, 44.51447453973114 ], [ 1.55802677276137, 44.514552800067925 ], [ 1.557671623827689, 44.514784114321621 ], [ 1.557429460702197, 44.515025222265947 ], [ 1.557198491850707, 44.515365338728159 ], [ 1.556952579984415, 44.515876227431541 ], [ 1.556946840224063, 44.516289891401222 ], [ 1.55705571436726, 44.516596447695036 ], [ 1.557265513854601, 44.516876738761482 ], [ 1.557713748089601, 44.517185702229725 ], [ 1.558087694593427, 44.517413195386936 ], [ 1.558497358029838, 44.517784837974531 ], [ 1.558680537740854, 44.518172861136726 ], [ 1.55873865058833, 44.518515029754248 ], [ 1.558673190405487, 44.518703431352158 ], [ 1.558595202408625, 44.519108814944943 ] ] ] } },
{ "type": "Feature", "properties": { "nom": "GR 6" }, "geometry": { "type": "MultiLineString", "coordinates": [ [ [ 1.62642290604781, 44.805654222277042 ], [ 1.626209720298477, 44.806281254268733 ], [ 1.626002205028312, 44.806702669315534 ], [ 1.625767704685945, 44.807258830948712 ], [ 1.625546975970225, 44.807725133346473 ], [ 1.625225056956267, 44.808199777358539 ], [ 1.624851450046923, 44.808764034456566 ], [ 1.624681361568526, 44.809221667055105 ], [ 1.624473366017651, 44.809679055401993 ], [ 1.62441652492307, 44.810173398298453 ], [ 1.624424918788546, 44.810506257930008 ], [ 1.624560463726006, 44.810776975272645 ], [ 1.625279201275593, 44.811887966505978 ], [ 1.625649899947153, 44.812546972595854 ], [ 1.626108141027995, 44.813278499786207 ], [ 1.626182009453887, 44.813431885893166 ], [ 1.626725901835878, 44.813390414912931 ], [ 1.627090957662878, 44.813500700996762 ], [ 1.62804691570529, 44.813848647098659 ], [ 1.628336734025094, 44.813913472517001 ], [ 1.628473901370528, 44.814058268706212 ], [ 1.628383742328727, 44.8141926108351 ], [ 1.628227442325292, 44.814560392130915 ], [ 1.628517492265922, 44.814607227832951 ], [ 1.628376676831187, 44.814750239991405 ], [ 1.628171997530909, 44.814946809405114 ], [ 1.627942500595664, 44.815107240411749 ], [ 1.628303695109526, 44.815523319310579 ], [ 1.628725338963858, 44.816155659430073 ], [ 1.628923756392822, 44.816453759126347 ], [ 1.629046815390263, 44.816715396796099 ], [ 1.629169077354866, 44.817039991842897 ], [ 1.629379454396292, 44.817392136465664 ], [ 1.629776535580814, 44.817970346872052 ], [ 1.630135487451813, 44.818566300428017 ], [ 1.630594175955458, 44.819270828860695 ], [ 1.630904414834967, 44.819722552510314 ], [ 1.631089311672828, 44.820092520152095 ], [ 1.631174591288943, 44.820344918872109 ], [ 1.631323963879826, 44.820525769825473 ], [ 1.631585709637468, 44.820815275946579 ], [ 1.631781549806683, 44.821320234035184 ], [ 1.631867514380269, 44.821518668901668 ], [ 1.631865359140164, 44.821689555159217 ], [ 1.631912732059094, 44.821941711896613 ], [ 1.632079902201692, 44.82271633001173 ], [ 1.632325964279472, 44.823248592626214 ], [ 1.632447806400872, 44.823609161606981 ], [ 1.632681578105996, 44.82411436081226 ], [ 1.632630573157986, 44.824150014465715 ], [ 1.632362799286797, 44.824337195582444 ], [ 1.631838975057583, 44.824783588907572 ], [ 1.631518939837117, 44.825105355839028 ], [ 1.631094730255183, 44.825669314316826 ], [ 1.630670058001364, 44.826269248145607 ], [ 1.630273381629152, 44.826653484546483 ], [ 1.629904025567057, 44.82687598906066 ], [ 1.629549239092682, 44.826945673841998 ], [ 1.628662382286905, 44.827110886613966 ], [ 1.628166745334749, 44.827323579019556 ], [ 1.627530138699977, 44.82768827511871 ], [ 1.626575499688423, 44.828212827416742 ], [ 1.625569715501309, 44.828782016281245 ], [ 1.624844373815838, 44.829164115446609 ], [ 1.624500716277129, 44.829350788202696 ], [ 1.624119597135637, 44.829501238842603 ], [ 1.624039976747379, 44.829797553362447 ], [ 1.624063076013528, 44.829968603944415 ], [ 1.624263237909829, 44.830131802737 ], [ 1.62429622405032, 44.830518792965883 ], [ 1.624431702729364, 44.83079850649748 ], [ 1.62455373962004, 44.831141096594408 ], [ 1.624549499019823, 44.831473877502553 ], [ 1.624507453065583, 44.831797419260589 ], [ 1.624538838473607, 44.832310326126091 ], [ 1.624269163068795, 44.832641393150325 ], [ 1.623760016229461, 44.832916943864845 ], [ 1.623328081372159, 44.833085054060128 ], [ 1.622970835227303, 44.833343593157444 ], [ 1.622790198874064, 44.83363025858003 ], [ 1.622483851549282, 44.833862141135441 ], [ 1.622191866187175, 44.833959194320187 ], [ 1.621847595058945, 44.834190829404015 ], [ 1.621694301970723, 44.8343157641714 ], [ 1.62172946075667, 44.834531867118258 ], [ 1.621751403851115, 44.834792859860599 ], [ 1.622034650371194, 44.835379358684435 ], [ 1.622409376857496, 44.835732583052248 ], [ 1.622557152915914, 44.836039364231127 ], [ 1.622647701786415, 44.836867474315795 ], [ 1.622803757503077, 44.837516112288526 ], [ 1.62299877151948, 44.838084048339667 ], [ 1.623195054969226, 44.838553049289914 ], [ 1.623327445213544, 44.839075605914509 ], [ 1.623514078330538, 44.839310678440903 ], [ 1.623916532763439, 44.839475185799294 ], [ 1.624345418301763, 44.839549914054594 ], [ 1.62482441170357, 44.839660943518751 ], [ 1.625176421382073, 44.839816126205683 ], [ 1.625274803663666, 44.840032636867953 ], [ 1.625337437630523, 44.840078014714685 ], [ 1.625522593540363, 44.840430007407576 ], [ 1.625581450467281, 44.8407721909674 ], [ 1.625521495930149, 44.841509381697556 ], [ 1.625528069498569, 44.841986151004328 ], [ 1.625709685780111, 44.842616960225115 ], [ 1.625717863401691, 44.842967812750068 ], [ 1.625949823355243, 44.843616936623341 ], [ 1.626210391238688, 44.8440053927227 ], [ 1.626269027540217, 44.844365564847983 ], [ 1.626200440021412, 44.844787881147433 ], [ 1.625854858087286, 44.845118465488945 ], [ 1.625700171654531, 44.845351335652772 ], [ 1.625557439166511, 44.845638251249156 ], [ 1.62550286051772, 44.845952719686487 ], [ 1.625612410116527, 44.846286236029286 ], [ 1.625684145549716, 44.846610513469919 ], [ 1.625870698603037, 44.846854575974433 ], [ 1.626092550486941, 44.84730574816863 ], [ 1.626188547287591, 44.847711135602495 ], [ 1.626010456259639, 44.848789373096253 ], [ 1.625851067430458, 44.849391003758988 ], [ 1.625779378300463, 44.850056162435614 ], [ 1.625669757999358, 44.850721077584808 ], [ 1.625673699841339, 44.851404714133892 ], [ 1.625414407616946, 44.851906756549582 ], [ 1.625382705706056, 44.85241026569004 ], [ 1.62548848692116, 44.853040589858601 ], [ 1.625700578388109, 44.85326682825508 ], [ 1.625799558732666, 44.853438368846703 ], [ 1.625859460854905, 44.853699606877527 ], [ 1.626017087432879, 44.854231320760462 ], [ 1.62618839133514, 44.854682168518302 ], [ 1.626271871399396, 44.855078480794916 ], [ 1.626039114811164, 44.855481752377003 ], [ 1.626007531439686, 44.855976268884866 ], [ 1.626015026815552, 44.856381087807677 ], [ 1.625958609381835, 44.856839464571223 ], [ 1.62601370963927, 44.857478457186275 ], [ 1.626122367592974, 44.857883927773983 ], [ 1.626195036592447, 44.858136252568187 ], [ 1.626251056535845, 44.85870329268753 ], [ 1.626320067085943, 44.859243430809734 ], [ 1.626276294010233, 44.859701889886743 ], [ 1.625886960152972, 44.860481940806693 ], [ 1.625366457191441, 44.861629937146809 ], [ 1.625144136189588, 44.862204179743706 ], [ 1.624896403335496, 44.862787252511026 ], [ 1.624887002508933, 44.863524775749148 ], [ 1.624986571685992, 44.863651346936678 ], [ 1.624990507384409, 44.864334986366288 ], [ 1.624804164089431, 44.865062374356974 ], [ 1.62447697496572, 44.865923777451258 ], [ 1.624280496795692, 44.86645321138532 ], [ 1.624044351128382, 44.867117313079028 ], [ 1.623935363900329, 44.867728265053181 ], [ 1.623789235366005, 44.868276013335233 ], [ 1.6236293084113, 44.868913621907268 ], [ 1.623397968370653, 44.869199965188713 ], [ 1.623442126917973, 44.869703968103146 ], [ 1.623368660735206, 44.870504043720921 ], [ 1.623219301949947, 44.87130362963272 ], [ 1.62316307634495, 44.87174401937672 ], [ 1.623209763452452, 44.87205014997938 ], [ 1.623402719761692, 44.872788983274987 ], [ 1.623484368009897, 44.873329208548789 ], [ 1.6235392267126, 44.873986195350149 ], [ 1.623288552885933, 44.874794122753073 ], [ 1.623259805608438, 44.87506378634378 ], [ 1.623129520430712, 44.875359778005411 ], [ 1.622860203715169, 44.875645876228781 ], [ 1.622566274519261, 44.875877845160382 ], [ 1.622143661398899, 44.876279884795572 ], [ 1.621705743785858, 44.876888708032126 ], [ 1.62146090594499, 44.877237926225462 ], [ 1.621087950926196, 44.877712244231191 ], [ 1.62077950989178, 44.878088033258415 ], [ 1.620588145300096, 44.878212722036089 ], [ 1.620369055147085, 44.878526125316576 ], [ 1.620379282388124, 44.878715086543096 ], [ 1.619969974763204, 44.87906323543136 ], [ 1.619724192194501, 44.879484404001694 ], [ 1.619670934106167, 44.879690942459867 ], [ 1.619718994831706, 44.879889144777849 ], [ 1.619905864502948, 44.880115232995301 ], [ 1.620219586335298, 44.880315158697286 ], [ 1.620633360904211, 44.880605682742065 ], [ 1.620693534339972, 44.880820364401295 ] ] ] } },
{ "type": "Feature", "properties": { "nom": "GR 36" }, "geometry": { "type": "MultiLineString", "coordinates": [ [ [ 1.644328821109744, 44.402283715291183 ], [ 1.644325060014258, 44.402589453773153 ], [ 1.644398107386755, 44.402769775646973 ], [ 1.644519891917994, 44.403067314462746 ], [ 1.644568628813286, 44.403184531423079 ], [ 1.644515910840809, 44.403391037634691 ], [ 1.644463967804461, 44.403534597398092 ], [ 1.644460981427794, 44.403777389593806 ], [ 1.644196349307279, 44.403874639254852 ], [ 1.644057262361722, 44.403963689056752 ], [ 1.64402918813603, 44.404206322791197 ], [ 1.643903307897661, 44.404241498384778 ], [ 1.643763777159316, 44.404366517893308 ], [ 1.643637011419924, 44.40447363151155 ], [ 1.643023698206936, 44.404361831544868 ], [ 1.642718879509455, 44.404665663109427 ], [ 1.642252984799924, 44.404806597539469 ], [ 1.641926179470693, 44.404858482117369 ], [ 1.641623240169428, 44.405009440434313 ], [ 1.64102823251585, 44.405446319447613 ], [ 1.641122805699953, 44.405914558086081 ], [ 1.641393664407667, 44.406329956921056 ], [ 1.6418024026398, 44.406755223981158 ], [ 1.642162635816367, 44.407045285921576 ], [ 1.642574711441165, 44.407200780353982 ], [ 1.642684838401759, 44.407426303515329 ], [ 1.643078723444474, 44.408040325008123 ], [ 1.643336619973896, 44.408491609782928 ], [ 1.643507482155536, 44.408879392696143 ], [ 1.643412468327466, 44.409463338380569 ], [ 1.643369959732433, 44.409858762500605 ], [ 1.643464005736828, 44.410371961180566 ], [ 1.643509200741252, 44.410776933941058 ], [ 1.643614355202239, 44.411407112150904 ], [ 1.643708738489813, 44.411893334476019 ], [ 1.643741834122216, 44.412262258391273 ], [ 1.643700322000165, 44.412576752680323 ], [ 1.643696778084775, 44.412864507917988 ], [ 1.643805814388791, 44.413179954698862 ], [ 1.643813819928224, 44.413548720236705 ], [ 1.643872341283328, 44.413890826421067 ], [ 1.643756218398963, 44.414150890412039 ], [ 1.643510978896657, 44.414706908557839 ], [ 1.643392635270952, 44.415146818891074 ], [ 1.643212446423241, 44.415514394234044 ], [ 1.643029927793248, 44.416070807948145 ], [ 1.642937224768724, 44.416465915566434 ], [ 1.642957883568432, 44.416825769670588 ], [ 1.642967104286217, 44.417095619691075 ], [ 1.643050274404362, 44.417473855887714 ], [ 1.643255367299784, 44.41814064244349 ], [ 1.643473565337192, 44.418762545495888 ], [ 1.643494338442432, 44.419113407063861 ], [ 1.643388090371076, 44.419589368350941 ], [ 1.643320701075696, 44.41996665088665 ], [ 1.643516248341817, 44.420390563876623 ], [ 1.643455977740357, 44.421208553220083 ], [ 1.643351719318896, 44.421522651551292 ], [ 1.643371385671921, 44.421963438092504 ], [ 1.64344124188227, 44.422404542015784 ], [ 1.643273024442142, 44.422817159809306 ], [ 1.64316654485242, 44.423311105493646 ], [ 1.643303685421486, 44.4233839186127 ], [ 1.643440494887782, 44.423483709124554 ], [ 1.643284267427368, 44.423941368292752 ], [ 1.643153576680704, 44.424363216568558 ], [ 1.642809341913264, 44.424801698603574 ], [ 1.642652217873725, 44.425331297026965 ], [ 1.642571935878735, 44.425735478689766 ], [ 1.642591707835534, 44.426167273367959 ], [ 1.642665001761463, 44.426329613554017 ], [ 1.643596147081729, 44.426128667487333 ], [ 1.643860884309756, 44.426031418291203 ], [ 1.643994932806928, 44.426356018129418 ], [ 1.644052914864053, 44.426743088538672 ], [ 1.64408823709736, 44.426932167207518 ], [ 1.644296917055128, 44.42731119748403 ], [ 1.644450315713427, 44.428103562139569 ], [ 1.644585809882446, 44.428311260066721 ], [ 1.644858129450009, 44.428618745927828 ], [ 1.645003411617229, 44.429051333203773 ], [ 1.645186676338532, 44.429457181493973 ], [ 1.645190161291405, 44.430194640057273 ], [ 1.645334014152086, 44.430744128826298 ], [ 1.645622501397262, 44.431780159838503 ], [ 1.645741924730957, 44.432275535873259 ], [ 1.645872464687994, 44.432887893124985 ], [ 1.645704453254216, 44.433282531731869 ], [ 1.645713469033521, 44.433570369235142 ], [ 1.645874082643091, 44.433778224232469 ], [ 1.646016404484552, 44.434453607657019 ], [ 1.646303629768669, 44.434572329128351 ], [ 1.646665166381544, 44.434772456724893 ], [ 1.647137234079668, 44.435171126965614 ], [ 1.647585199552296, 44.43548870623863 ], [ 1.64787320409351, 44.435544476287326 ], [ 1.648271303105521, 44.435834759803967 ], [ 1.648395489569968, 44.435943457449341 ], [ 1.64863197438799, 44.436106819531581 ], [ 1.648843798431356, 44.436234054001027 ], [ 1.649043732214901, 44.43630725439013 ], [ 1.64943357635313, 44.436246748771623 ], [ 1.649772888120878, 44.436212903300785 ], [ 1.649948709225708, 44.436205012563136 ], [ 1.65028692285961, 44.436261091550385 ], [ 1.650485431957707, 44.436451191297401 ], [ 1.650835102406349, 44.436597270948283 ], [ 1.651033724653502, 44.436778377765187 ], [ 1.65154080071211, 44.436367864342984 ], [ 1.652146743228526, 44.436083871146273 ], [ 1.652941487209939, 44.435756087259527 ], [ 1.653545669132313, 44.435615966146472 ], [ 1.654335707743086, 44.435674848795344 ], [ 1.65506135909648, 44.435868222190898 ], [ 1.655224192959438, 44.435896214309373 ], [ 1.655183817075663, 44.436120791967191 ], [ 1.655377223201062, 44.436733529389009 ], [ 1.655497287050723, 44.437183933325059 ], [ 1.655765789482589, 44.437815122922991 ] ] ] } },
{ "type": "Feature", "properties": { "nom": "GR 6" }, "geometry": { "type": "MultiLineString", "coordinates": [ [ [ 1.547828273638087, 44.844408414438327 ], [ 1.548116506731297, 44.844590372588172 ], [ 1.54847023810036, 44.844610889641814 ], [ 1.548735726850546, 44.844612784968625 ], [ 1.548727143556517, 44.844324886028893 ], [ 1.548931576395304, 44.844173431422732 ], [ 1.549048779208428, 44.843931404453222 ], [ 1.549269274793715, 44.843537200591371 ], [ 1.549491160169897, 44.843044061283784 ], [ 1.549709748034718, 44.842784767484559 ], [ 1.549948297697263, 44.84290340235404 ], [ 1.55010846486836, 44.843201376853045 ], [ 1.550064206957716, 44.84365080818538 ], [ 1.550060153368331, 44.843938617409968 ], [ 1.549905407808203, 44.844153393364039 ], [ 1.550067983285834, 44.844280481291001 ], [ 1.550469498301671, 44.844499220270457 ], [ 1.550885808757208, 44.844565149734578 ], [ 1.550575951836154, 44.844122191270806 ], [ 1.550482661501258, 44.8435638407908 ], [ 1.550615030112838, 44.84314202174258 ], [ 1.550885826007734, 44.842766162779398 ], [ 1.551093408268886, 44.84238985254369 ], [ 1.551428037560737, 44.841969473012085 ], [ 1.551420072715701, 44.842536097117851 ], [ 1.55157809754509, 44.842986967786352 ], [ 1.551749903617811, 44.843356982705579 ], [ 1.552046618607147, 44.843835824311093 ], [ 1.552086187491025, 44.843719171460727 ], [ 1.552372520889972, 44.843136535535848 ], [ 1.552864273616559, 44.842330484695054 ], [ 1.553271839233994, 44.842117500938663 ], [ 1.553804810011645, 44.841977363826906 ], [ 1.553818208436748, 44.841923488766817 ], [ 1.553771043969452, 44.841680291337994 ], [ 1.553851304779436, 44.84136603876123 ], [ 1.553804771911772, 44.841077870526071 ], [ 1.553858993228491, 44.840817402151345 ], [ 1.553976294268484, 44.840566376975673 ], [ 1.554130889196392, 44.840360589781568 ], [ 1.554278509147945, 44.839749981849458 ], [ 1.55447215730406, 44.839463517429962 ], [ 1.554601967735706, 44.83922157399801 ], [ 1.554459340982116, 44.838572929099449 ], [ 1.554136093020418, 44.838183855627697 ], [ 1.553785046429371, 44.837974482768523 ], [ 1.553090936398267, 44.837888602574722 ], [ 1.552572663204758, 44.837884920476419 ], [ 1.552132001865816, 44.837755859737229 ], [ 1.551338288430414, 44.837561320630464 ], [ 1.550760862049217, 44.837269372632015 ], [ 1.549868314432389, 44.836912210704156 ], [ 1.549277882550688, 44.836647146185229 ], [ 1.548953921728064, 44.836312021916719 ], [ 1.548995899588488, 44.836024485084465 ], [ 1.548825401896019, 44.835564527045115 ], [ 1.54837783917511, 44.835030630377041 ], [ 1.547979447985425, 44.834596028516735 ], [ 1.548854275291093, 44.834413384159376 ], [ 1.548720181369935, 44.83406162588831 ], [ 1.548727284934101, 44.83355796168734 ], [ 1.549290661144409, 44.833049274079862 ], [ 1.549507056698931, 44.832942879309904 ], [ 1.549876014444949, 44.832774607017882 ], [ 1.550409030813362, 44.832625493384825 ], [ 1.550881376944075, 44.832296047109566 ], [ 1.551559233577968, 44.831734194489385 ], [ 1.551956739965196, 44.831332251697603 ], [ 1.552530936772254, 44.83094955353414 ], [ 1.552966222070292, 44.830556870913838 ], [ 1.552845760147335, 44.830133255934328 ], [ 1.552461901113572, 44.829563849761229 ], [ 1.552327544034316, 44.829230083793007 ], [ 1.551940160633279, 44.828912508250376 ], [ 1.551384938886225, 44.828845593702297 ], [ 1.551094626097229, 44.828816542588285 ], [ 1.550591733590441, 44.828624068318604 ], [ 1.550226349982867, 44.828540510588098 ], [ 1.549912787605071, 44.828367372105909 ], [ 1.549992165196231, 44.828116080829197 ], [ 1.550276162918444, 44.827695346766397 ], [ 1.550633217242037, 44.826573530734592 ], [ 1.550698559087959, 44.826421083246807 ], [ 1.550816603357348, 44.8261160987335 ], [ 1.550736231397111, 44.825539853852995 ], [ 1.550827353372245, 44.825351610537638 ], [ 1.550806883339335, 44.825009660287037 ], [ 1.55044114443615, 44.824953084851757 ], [ 1.550026246715025, 44.824797214722523 ], [ 1.549713973255823, 44.824534136478682 ], [ 1.549313365698968, 44.824261431494236 ], [ 1.549050761967873, 44.824061669619745 ], [ 1.548699315927266, 44.823888258133188 ], [ 1.548512034910424, 44.823725012272327 ], [ 1.548148337004207, 44.823524526115598 ], [ 1.547848082544429, 44.823306503065943 ], [ 1.547737010457163, 44.82311681672914 ], [ 1.547463178528103, 44.822818027029875 ], [ 1.547467115148734, 44.82253921398808 ], [ 1.547495310671897, 44.822332534427076 ], [ 1.547711923240709, 44.822208155321064 ], [ 1.547802160516928, 44.822082872574995 ], [ 1.547982508995702, 44.821841301017351 ], [ 1.548349367394883, 44.821816938391336 ], [ 1.548627005210278, 44.821845906925986 ], [ 1.549487093620003, 44.821798078529405 ], [ 1.550297010942797, 44.821722900414862 ], [ 1.551184645704695, 44.821513348310646 ], [ 1.551821048664295, 44.821194062651671 ], [ 1.552421677568779, 44.820721607442508 ], [ 1.552958987185453, 44.820257693603835 ], [ 1.553104676124997, 44.819782001155438 ], [ 1.553175046630602, 44.819269795319109 ], [ 1.5533873155641, 44.818551714759579 ], [ 1.553732909801461, 44.818239349112432 ], [ 1.554074342653251, 44.818223781656648 ], [ 1.554416532156143, 44.818154250319701 ], [ 1.554620224128495, 44.818047756166521 ], [ 1.5549278990182, 44.817735118004691 ], [ 1.555020629291667, 44.817429951040182 ], [ 1.555114364696355, 44.817052832080719 ], [ 1.55512153376399, 44.816540177091774 ], [ 1.555001336894125, 44.816098578209925 ], [ 1.554803818046241, 44.81576437008318 ], [ 1.554696009919857, 44.815340848180767 ], [ 1.554778618575766, 44.814855713383089 ], [ 1.55502372636447, 44.814497657122352 ], [ 1.555380160634211, 44.814311291275502 ], [ 1.555912861195842, 44.814171146209844 ], [ 1.556469950787297, 44.81409413487841 ], [ 1.557483920171391, 44.813876432115109 ], [ 1.558067654171358, 44.813700657753643 ], [ 1.558843291833978, 44.813355332235886 ], [ 1.559199080837299, 44.813213923784929 ], [ 1.559516463470294, 44.813108222562235 ], [ 1.559745272801115, 44.813010891978415 ], [ 1.56005563992473, 44.81250037265773 ], [ 1.560260424311777, 44.812312923263256 ], [ 1.56068274949354, 44.811929118507507 ], [ 1.560711516495387, 44.811677466755214 ], [ 1.560752915782026, 44.811425903298392 ], [ 1.561019870536259, 44.811310848681401 ], [ 1.561086288843406, 44.811077450788737 ], [ 1.560900138440239, 44.81083328149623 ], [ 1.560500822814092, 44.810470679920321 ], [ 1.56003946495088, 44.810026686400349 ], [ 1.559816293008114, 44.809719291550365 ], [ 1.55977000541266, 44.809413142453529 ], [ 1.559962645468284, 44.809189629033938 ], [ 1.560280002678484, 44.809083925752788 ], [ 1.561065326409745, 44.808945534892437 ], [ 1.561772970974324, 44.808941514374737 ], [ 1.562189778083563, 44.808953437017159 ], [ 1.562619717439892, 44.808929470727087 ], [ 1.562937690502438, 44.808778790301474 ], [ 1.563255661837338, 44.808628109872117 ], [ 1.563400610270884, 44.808197376183671 ], [ 1.563404591691852, 44.807909570761161 ], [ 1.563193173271982, 44.807665228649824 ], [ 1.562981755425673, 44.807420886139198 ], [ 1.562013928526004, 44.807054300317198 ], [ 1.561082766139567, 44.80677791171793 ], [ 1.560404038617045, 44.806521282501159 ], [ 1.559803869521285, 44.806067317174481 ], [ 1.558977682967998, 44.805512811830518 ], [ 1.558502116797452, 44.805185644408112 ], [ 1.558064957317389, 44.804822767251167 ], [ 1.557678587763274, 44.804442257637128 ], [ 1.557418805289491, 44.804044651857758 ] ] ] } },
{ "type": "Feature", "properties": { "nom": "GR 6" }, "geometry": { "type": "MultiLineString", "coordinates": [ [ [ 1.620693534339972, 44.880820364401295 ], [ 1.620260608444773, 44.88106200885688 ], [ 1.619726855013459, 44.881247439520742 ], [ 1.618966540846874, 44.881341444929774 ], [ 1.618359189890632, 44.881346490736476 ], [ 1.617788170264737, 44.881477698859804 ], [ 1.617810691267107, 44.8816937262864 ], [ 1.618046541383985, 44.882046066097935 ], [ 1.618303646431372, 44.882713369088229 ], [ 1.618765720080211, 44.883184114687687 ], [ 1.618913255154899, 44.883517888506972 ], [ 1.619013539439935, 44.883590500526189 ], [ 1.619197644272346, 44.8840324523931 ], [ 1.61934079249637, 44.884708008292534 ], [ 1.619432412084056, 44.885455189030814 ], [ 1.619397979971182, 44.88616557161172 ], [ 1.619274287923609, 44.886929343692181 ], [ 1.619153483310119, 44.887468259897481 ], [ 1.61890592270139, 44.888024342595401 ], [ 1.618827002572055, 44.888257700074583 ], [ 1.618720578944302, 44.888661783777536 ], [ 1.618703876674689, 44.888976500996954 ], [ 1.618687868982884, 44.889237252840886 ], [ 1.618570294468876, 44.889524329591943 ], [ 1.618342431671097, 44.889531842721404 ], [ 1.617950665041673, 44.8894933129978 ], [ 1.617884158937936, 44.889744741373107 ], [ 1.617572964569576, 44.890327392007897 ], [ 1.617339303215313, 44.890784616172617 ], [ 1.616990719183919, 44.891322047815365 ], [ 1.616656288014011, 44.891742634204469 ], [ 1.616450937133891, 44.891966170924654 ], [ 1.616280875245382, 44.892396823366255 ], [ 1.616264158184802, 44.892711540584905 ], [ 1.616152715277412, 44.893502377736091 ], [ 1.616218071279856, 44.894321352544125 ], [ 1.616183127777628, 44.895067713676241 ], [ 1.616098728194791, 44.895723801127247 ], [ 1.616041027418836, 44.896272123445186 ], [ 1.616926583911136, 44.896295887721223 ], [ 1.617672364865676, 44.896363711483794 ], [ 1.618749469522644, 44.896253782354705 ], [ 1.620030883602422, 44.896001248288862 ], [ 1.621084744730976, 44.895729235017079 ], [ 1.621520374427087, 44.896298744878884 ], [ 1.621782194004802, 44.896606271806306 ], [ 1.621966247624129, 44.897057215280356 ], [ 1.621922986772516, 44.897470707863185 ], [ 1.621855336823434, 44.897812081560517 ], [ 1.621863037984682, 44.89819891907819 ], [ 1.622033752277991, 44.898703746903642 ], [ 1.622290059537581, 44.899442999460057 ], [ 1.622534064013402, 44.9001551870602 ], [ 1.621797999750163, 44.900312336773538 ], [ 1.620932842672208, 44.90066653711235 ], [ 1.620526031223523, 44.9008078214476 ], [ 1.621063396228888, 44.901342014592757 ], [ 1.621325465921481, 44.901631555113241 ], [ 1.621458563956895, 44.902109155917046 ], [ 1.621808305265343, 44.90247122412331 ], [ 1.621968449113982, 44.902814073466672 ], [ 1.622123871634594, 44.903525691451584 ], [ 1.622230977399426, 44.904057094626033 ], [ 1.622352122928683, 44.904480647705213 ], [ 1.622016961721713, 44.90495521943361 ], [ 1.62190109719842, 44.90510738638357 ], [ 1.622324264711697, 44.905667819830356 ], [ 1.622635260164822, 44.906092600281191 ], [ 1.623014950407793, 44.90609505381984 ], [ 1.623330094051441, 44.906196036251579 ], [ 1.623519479533885, 44.906233238843207 ], [ 1.623656744614384, 44.906387041505972 ], [ 1.623992837840874, 44.906829971232362 ], [ 1.624318575316701, 44.9070929300958 ], [ 1.624647531593626, 44.907104045490186 ], [ 1.625040574335346, 44.907052608307097 ], [ 1.625447074192137, 44.906938289574541 ], [ 1.625714236775969, 44.906832068424386 ], [ 1.62591868946924, 44.906680468194281 ], [ 1.626649674556053, 44.906928036257348 ], [ 1.626572361015569, 44.9070354810815 ], [ 1.627112589551367, 44.907353781147584 ], [ 1.627716450270815, 44.907645501432448 ], [ 1.628343916750485, 44.908072296391175 ], [ 1.628645054550515, 44.908281114767085 ], [ 1.62819966646589, 44.908467155332893 ], [ 1.627843215334311, 44.908626780909195 ], [ 1.627778901965033, 44.908707323959788 ], [ 1.62731959321549, 44.908992218389784 ], [ 1.626959818392332, 44.909412677503205 ], [ 1.626753412949445, 44.909717185429969 ], [ 1.626687494666716, 44.90992364929096 ], [ 1.626635949221021, 44.909995278957297 ], [ 1.626568541556888, 44.91031866883295 ], [ 1.626515278084708, 44.910525214333326 ], [ 1.626475931839683, 44.910632902580005 ], [ 1.626436127887752, 44.910776568633707 ] ] ] } },
{ "type": "Feature", "properties": { "nom": "GR 36" }, "geometry": { "type": "MultiLineString", "coordinates": [ [ [ 1.301068622101562, 44.473486219426334 ], [ 1.300688388343821, 44.473671497260838 ], [ 1.30083362509012, 44.473969661053609 ], [ 1.300686038666301, 44.474480909066095 ], [ 1.301026752970806, 44.475077710914647 ], [ 1.301571234476185, 44.475523541913425 ], [ 1.301803234838322, 44.475885480152577 ], [ 1.302205773850956, 44.476536824118959 ], [ 1.302747969356197, 44.476425016936219 ], [ 1.303406498791235, 44.476134428929711 ], [ 1.30376410019991, 44.475814022874346 ], [ 1.303986687030854, 44.475321463601411 ], [ 1.304056911109589, 44.474917407946435 ], [ 1.304188608924587, 44.474585879759196 ], [ 1.304419452592464, 44.474327234803575 ], [ 1.304700200353544, 44.474087046230736 ], [ 1.305474522637707, 44.473644642687205 ], [ 1.30607169740909, 44.473272518985539 ], [ 1.306377054525899, 44.47305953859825 ], [ 1.306870785784328, 44.472848325572727 ], [ 1.307604273428377, 44.472576404051296 ], [ 1.308048853993189, 44.471618248751767 ], [ 1.308540200146054, 44.470849398104015 ], [ 1.308937056643858, 44.470439407547026 ], [ 1.309306983224088, 44.470128093849546 ], [ 1.3094546448758, 44.469607842694643 ], [ 1.309789846682941, 44.469134316647036 ], [ 1.310311762871542, 44.468752473234979 ], [ 1.310934296082711, 44.468362575156696 ], [ 1.311669835177884, 44.467973729016272 ], [ 1.3122766816057, 44.467754556773137 ], [ 1.312698766250265, 44.467335794719602 ], [ 1.313210870174138, 44.466800954769781 ], [ 1.313750369281949, 44.466140456615257 ], [ 1.314187275959745, 44.465595916781595 ], [ 1.314425555870354, 44.464923614406814 ], [ 1.314722061924026, 44.463811164647886 ], [ 1.314909448768728, 44.463174361324945 ], [ 1.315196464182851, 44.462583454389858 ], [ 1.315298563095906, 44.461801958681292 ], [ 1.315104526779153, 44.461422419236527 ], [ 1.315120857986575, 44.460523207879632 ], [ 1.315017166828628, 44.460009604873605 ], [ 1.314778308681798, 44.459332857640199 ], [ 1.314778820799843, 44.458613372718254 ], [ 1.314845867101487, 44.457687654608165 ], [ 1.314961660214823, 44.45684333302124 ], [ 1.314658408299105, 44.456255923168293 ], [ 1.31468060167561, 44.455725506965855 ], [ 1.314800453104068, 44.455348891685745 ], [ 1.315068016779086, 44.455135538179213 ], [ 1.315223405306745, 44.454876171550112 ], [ 1.315491128685618, 44.454653824535612 ], [ 1.315681239438365, 44.454556665220082 ], [ 1.316249609509117, 44.454373089376695 ], [ 1.316689824548419, 44.454332216792018 ], [ 1.317547914884304, 44.454097366759058 ], [ 1.318341109515109, 44.453978825374818 ], [ 1.319262120368399, 44.453735552578237 ], [ 1.320662453094235, 44.453370804263834 ], [ 1.320524358379925, 44.453369524983387 ], [ 1.320948111813603, 44.453544328848068 ], [ 1.321314835147714, 44.454096333781109 ], [ 1.32187069194927, 44.454605120166654 ], [ 1.32242736958644, 44.455068943855416 ], [ 1.322737504190744, 44.455278664089874 ], [ 1.323405322698846, 44.455149932410073 ], [ 1.324736097767222, 44.455162220697183 ], [ 1.325588186385095, 44.455260015072668 ], [ 1.326392643714168, 44.455213467560668 ], [ 1.327094727985667, 44.45527389480548 ], [ 1.3277708969818, 44.455379047065939 ], [ 1.328523685826829, 44.455412950445613 ], [ 1.329428902535355, 44.455349319870919 ], [ 1.330182335476781, 44.455347243508776 ], [ 1.33065892564148, 44.455378597422097 ], [ 1.331410912487183, 44.455457442061764 ], [ 1.332323703043224, 44.455672656984383 ], [ 1.332722080704949, 44.455865170478909 ], [ 1.333134939984249, 44.45594989141469 ], [ 1.333089575663659, 44.456381168349104 ], [ 1.333157685361833, 44.456786502824443 ], [ 1.333213722655547, 44.457164746329738 ], [ 1.333297116629399, 44.45741733042469 ], [ 1.333566110673109, 44.457824502609839 ], [ 1.33440928289592, 44.458425788596074 ], [ 1.335203532569448, 44.45895467267313 ], [ 1.335652164435287, 44.45914763446283 ], [ 1.336213158583379, 44.459377593207371 ], [ 1.336975525703363, 44.459582404633828 ], [ 1.338201814131348, 44.459827408351217 ], [ 1.339351025259035, 44.460170628683592 ], [ 1.340226575121429, 44.460367452032749 ], [ 1.340713061186962, 44.460551742768835 ], [ 1.341511219073249, 44.460864770498027 ], [ 1.342503761823854, 44.461548292285286 ], [ 1.342951168301783, 44.461813160877838 ], [ 1.343572777018085, 44.462169541631489 ], [ 1.34439275281616, 44.462671611308856 ], [ 1.344874040741867, 44.463152625472638 ], [ 1.345143939574387, 44.463514810109174 ], [ 1.345310060803547, 44.464064921965544 ], [ 1.345500980828354, 44.464633244538426 ], [ 1.345957022836976, 44.465123019581412 ], [ 1.346680724295571, 44.465390369056273 ], [ 1.347055847139725, 44.465483690129609 ], [ 1.34725723064435, 44.4654585267808 ], [ 1.347774906927742, 44.465301310463545 ], [ 1.348165272892647, 44.465241873848392 ], [ 1.348577434830129, 44.465371497715608 ], [ 1.348972779096695, 44.465743796762247 ], [ 1.349257482382747, 44.465980194591964 ], [ 1.349503728478304, 44.466261212397491 ], [ 1.349607114291445, 44.466810753955485 ], [ 1.34951242778454, 44.467196627175916 ], [ 1.349480526713272, 44.467583065776751 ], [ 1.349626006334663, 44.46788116448316 ], [ 1.34973697084296, 44.467999079691737 ], [ 1.350011339953334, 44.468109471111227 ], [ 1.350174429188491, 44.468119932463139 ], [ 1.350426051324701, 44.468095214204929 ], [ 1.350882058827758, 44.467874472521501 ], [ 1.351473200382217, 44.467825822521583 ], [ 1.351788078499608, 44.467774688357331 ], [ 1.351988524060168, 44.46780346856189 ], [ 1.352224280253821, 44.467967470469816 ], [ 1.352382648745787, 44.468247693273547 ], [ 1.352617936230912, 44.468438670491544 ] ] ] } },
{ "type": "Feature", "properties": { "nom": "GR 652" }, "geometry": { "type": "MultiLineString", "coordinates": [ [ [ 1.812658731188751, 44.863317908570508 ], [ 1.812118674319247, 44.863934758490174 ], [ 1.811364203892505, 44.864812657899286 ], [ 1.810636444615247, 44.865537769339305 ], [ 1.810252865515685, 44.865976685338111 ], [ 1.809730241865243, 44.8664059407783 ], [ 1.80933272749016, 44.866979709406074 ], [ 1.809165332072568, 44.867293726767883 ], [ 1.80893495045565, 44.867580458412874 ], [ 1.808806260460535, 44.867813707637502 ], [ 1.808715257848686, 44.868074121337287 ], [ 1.808572555598146, 44.86845122044199 ], [ 1.808405321835028, 44.868747248705098 ], [ 1.808072466088518, 44.869168409917016 ], [ 1.807677387466612, 44.869481335253425 ], [ 1.806977805099865, 44.869891741949807 ], [ 1.806441445671302, 44.870428855316995 ], [ 1.805867300768089, 44.870947794196525 ], [ 1.80570055884411, 44.871189852490474 ] ] ] } },
{ "type": "Feature", "properties": { "nom": "GR 6" }, "geometry": { "type": "MultiLineString", "coordinates": [ [ [ 1.622898978671686, 44.802356171765659 ], [ 1.62276196964821, 44.802202374223839 ], [ 1.622523209528303, 44.8021018866757 ], [ 1.622184191813685, 44.801937785607926 ], [ 1.621454482185444, 44.801699193455313 ], [ 1.621190230663173, 44.801616526719201 ], [ 1.620914728800382, 44.801425850122655 ], [ 1.620451353920227, 44.801108027151422 ], [ 1.619925627550175, 44.800726833731176 ], [ 1.619649903835733, 44.800554142307178 ], [ 1.619526462867651, 44.800328472145267 ], [ 1.619440575498221, 44.800130030044201 ], [ 1.619292678936393, 44.799841237520113 ], [ 1.619183489173266, 44.799489734543961 ], [ 1.618995738132781, 44.799353592318617 ], [ 1.618771475391605, 44.799109276095287 ], [ 1.618625664785891, 44.798658592220448 ], [ 1.618450895768706, 44.798495550261372 ], [ 1.618226987134394, 44.798224250671687 ], [ 1.61780316638635, 44.797780749100049 ], [ 1.617502894326786, 44.797553924189401 ], [ 1.617201698364038, 44.797399050495414 ], [ 1.616863304861855, 44.797189963770798 ], [ 1.616498722859173, 44.797052663201626 ], [ 1.616084194780822, 44.796870061948127 ], [ 1.616071679366233, 44.796860984930802 ] ] ] } },
{ "type": "Feature", "properties": { "nom": "GR 36" }, "geometry": { "type": "MultiLineString", "coordinates": [ [ [ 1.14168288153027, 44.507004092444696 ], [ 1.141723161949107, 44.507086564923959 ], [ 1.141665636506148, 44.507427716099826 ], [ 1.141453687296826, 44.507938073471486 ], [ 1.14122821201636, 44.508493253158491 ], [ 1.141154292139483, 44.509014108395341 ], [ 1.140821643806734, 44.509289301820935 ], [ 1.140327544287557, 44.509472794087955 ], [ 1.139670080370402, 44.509654501309249 ], [ 1.13893089282371, 44.510132120718417 ], [ 1.138549877937091, 44.510316838363821 ], [ 1.138745958301303, 44.510552826930549 ], [ 1.137879742241077, 44.511092011362514 ], [ 1.137147043655267, 44.511263888851936 ], [ 1.13652379347078, 44.511607846904397 ], [ 1.135986774734238, 44.51203369308184 ], [ 1.135606505412307, 44.512182432653702 ], [ 1.135238801401423, 44.51233130858963 ], [ 1.134468570405091, 44.512493763847239 ], [ 1.133910626140412, 44.512721498508292 ], [ 1.133410506397894, 44.513183713785466 ], [ 1.132999505642065, 44.51359293845816 ], [ 1.132595094675895, 44.51428105431129 ], [ 1.132296606933419, 44.514718493692996 ], [ 1.131833388412645, 44.515217084263085 ], [ 1.131653782227783, 44.515386002091716 ], [ 1.131608754364223, 44.515727286370847 ], [ 1.131461448917017, 44.516148396452927 ], [ 1.131401380116994, 44.51719106301006 ], [ 1.131215787299376, 44.517638734371218 ], [ 1.130574074203752, 44.518252284236077 ], [ 1.130329103730448, 44.518537406849937 ], [ 1.130132087226095, 44.518930986245174 ], [ 1.130603343048736, 44.519817597263689 ], [ 1.130498356185163, 44.520023310725286 ], [ 1.130011720368439, 44.521609937971675 ], [ 1.129980983778908, 44.521870431924796 ], [ 1.129502413854675, 44.522494765440172 ], [ 1.129301707725465, 44.523059194162428 ], [ 1.129217020269029, 44.523489984904991 ], [ 1.128914592969078, 44.524107259546625 ], [ 1.128761448341881, 44.524798130745026 ], [ 1.128415689517271, 44.525091135187232 ], [ 1.12793378809444, 44.525283703216132 ], [ 1.127535233031579, 44.525108423285339 ] ] ] } },
{ "type": "Feature", "properties": { "nom": "GR 65" }, "geometry": { "type": "MultiLineString", "coordinates": [ [ [ 1.845290384269368, 44.520675243225661 ], [ 1.846016291962467, 44.521038226449413 ], [ 1.846767113925512, 44.521428296534062 ], [ 1.847503225262572, 44.520622183563574 ], [ 1.847883686043948, 44.520237167678658 ], [ 1.848085819487604, 44.520121154903471 ], [ 1.848325113097994, 44.520068261102182 ], [ 1.848777779061708, 44.520052289286667 ], [ 1.849142534195776, 44.520026932300219 ], [ 1.849620807211385, 44.519957111300947 ], [ 1.849987198795152, 44.519742897924623 ], [ 1.8504029316942, 44.519636823257919 ], [ 1.850667515955061, 44.519566049161689 ], [ 1.8512729558579, 44.519325911387192 ], [ 1.851664630133377, 44.519093818863354 ], [ 1.852397771247563, 44.518620414250762 ], [ 1.852841187099674, 44.518217672962912 ], [ 1.853221982106651, 44.517787674031425 ], [ 1.853336806712978, 44.517590327398828 ], [ 1.853375985724111, 44.517419627382644 ], [ 1.853553113351095, 44.517285508048332 ], [ 1.853793550086169, 44.51709770829153 ], [ 1.854698676566364, 44.517083703815885 ], [ 1.855138901551115, 44.517049665276062 ], [ 1.855378560622903, 44.51695179122337 ], [ 1.85549299227296, 44.516799407454322 ], [ 1.855645514202997, 44.516602223588443 ], [ 1.855747220785779, 44.516467770684592 ], [ 1.856111334733236, 44.51651433401959 ], [ 1.856550632267471, 44.516588204827158 ], [ 1.856952683729793, 44.516607950902788 ], [ 1.857318105060944, 44.516501630266575 ], [ 1.857695325534298, 44.516485292035952 ], [ 1.858364420452485, 44.516318428923661 ] ] ] } },
{ "type": "Feature", "properties": { "nom": "GR 65" }, "geometry": { "type": "MultiLineString", "coordinates": [ [ [ 1.990260242201989, 44.568274326926705 ], [ 1.990258687054037, 44.5685261380059 ], [ 1.990358167333706, 44.56871531405536 ], [ 1.990381662507445, 44.568985191196731 ], [ 1.990619144536935, 44.569237757303348 ], [ 1.991069727868041, 44.569616902064915 ], [ 1.991357316869633, 44.569905597464683 ], [ 1.991744397938054, 44.570383467090245 ], [ 1.991993422005336, 44.570806941696503 ], [ 1.992053897519418, 44.571202842865546 ], [ 1.991989940773051, 44.571373517304096 ], [ 1.992076793936044, 44.571571646477395 ], [ 1.992125959324775, 44.571760662648302 ], [ 1.992238308659605, 44.571904910855807 ], [ 1.992701506187169, 44.572284088532356 ], [ 1.992926815619944, 44.572473657116973 ], [ 1.99320190367752, 44.57275331622813 ], [ 1.993450289062384, 44.57328470645183 ], [ 1.993837795212682, 44.573699617373649 ], [ 1.994112618840433, 44.574024239957005 ], [ 1.994512880709691, 44.574412207482737 ], [ 1.994874909810725, 44.574880995545875 ], [ 1.995262874325389, 44.575223955100014 ], [ 1.995501662583749, 44.575269665116558 ], [ 1.995990237754601, 44.575621927881777 ], [ 1.996755849088661, 44.575939074248332 ], [ 1.997546796678585, 44.5762293123421 ], [ 1.997886250583993, 44.576275328299609 ], [ 1.998492809805948, 44.575845513328332 ], [ 1.998758555124377, 44.575594515601324 ], [ 1.999150337377589, 44.575307930864959 ], [ 1.999779610499478, 44.575282884573326 ], [ 2.000145033843501, 44.575194070535325 ], [ 2.000762478106072, 44.575043072645073 ], [ 2.001051652798038, 44.575079930629954 ], [ 2.001290661025099, 44.575089654363801 ], [ 2.001969936974318, 44.575118706498081 ], [ 2.002849085181111, 44.575391186422785 ], [ 2.004016994650132, 44.575772456287083 ], [ 2.004582401089165, 44.575909068844553 ], [ 2.005034303217055, 44.576090304047511 ], [ 2.005359692780762, 44.576388070530044 ], [ 2.005634648440977, 44.5767036702185 ], [ 2.006236916280296, 44.576993275273558 ], [ 2.006701149350288, 44.577219507882674 ], [ 2.007001812328617, 44.577445247007887 ], [ 2.007151536348152, 44.577661539541396 ], [ 2.007351382601491, 44.577913956383483 ], [ 2.007600768880537, 44.578301423261948 ], [ 2.00807602115487, 44.578797486465213 ], [ 2.008703279796912, 44.579123126870954 ], [ 2.009154747040552, 44.57938528503189 ], [ 2.009618646103339, 44.579674458737628 ], [ 2.010006053980818, 44.58013427886867 ], [ 2.010317391358564, 44.580692799480438 ], [ 2.010541277934761, 44.581143138225848 ], [ 2.01071446872629, 44.581656280685962 ], [ 2.010937735525762, 44.582214539588968 ], [ 2.011363288098342, 44.582611514200643 ], [ 2.011538159603225, 44.5828368689087 ], [ 2.011675644815775, 44.58299915841323 ], [ 2.011824932687706, 44.583296384826113 ], [ 2.011999389982044, 44.583593685786589 ], [ 2.012374624352758, 44.58399050818992 ], [ 2.012662970059719, 44.584180222634096 ], [ 2.01282620162875, 44.584243658172831 ], [ 2.013065093753974, 44.584280336679655 ], [ 2.013442362917953, 44.584326415349224 ], [ 2.013993534222939, 44.584768716973066 ], [ 2.014531871784663, 44.585255946070362 ], [ 2.014894653630782, 44.585634736133976 ], [ 2.015208132677856, 44.585833510916409 ], [ 2.016035836411314, 44.586339566704048 ], [ 2.016662556817138, 44.586782075831103 ], [ 2.016800168136284, 44.586926372670568 ], [ 2.01713596155415, 44.587628843359383 ], [ 2.017285649835713, 44.587863109595197 ], [ 2.017471199787653, 44.588430239690801 ], [ 2.017731294062667, 44.589168462575188 ], [ 2.018118730617259, 44.589646243464742 ], [ 2.018468929404936, 44.590033979989926 ], [ 2.018705963194493, 44.590403400058811 ], [ 2.01894300008794, 44.590772819673766 ], [ 2.019180447885908, 44.591070292558214 ], [ 2.020210653629301, 44.591397032348638 ], [ 2.020763316472305, 44.591596480446 ], [ 2.021391244502795, 44.591841110425989 ], [ 2.021856520656507, 44.591914392543373 ], [ 2.022625222543886, 44.591745716890827 ], [ 2.022890029430417, 44.591656537812312 ], [ 2.023091454814133, 44.591648119963033 ], [ 2.023658574079961, 44.591514835303464 ], [ 2.024465120837105, 44.591328267016522 ], [ 2.025019747796108, 44.591176952424341 ], [ 2.025763257760857, 44.591008182333056 ], [ 2.027148040097354, 44.590949139041619 ], [ 2.028116597960007, 44.591050792909066 ], [ 2.028744651027365, 44.591277393574011 ], [ 2.029536228727894, 44.591522434835476 ], [ 2.030302934167194, 44.591713440135123 ], [ 2.030654113245251, 44.591939257278192 ], [ 2.031256084114322, 44.592336647231406 ], [ 2.031569267261367, 44.592607323398674 ], [ 2.032071636859415, 44.59280657540522 ], [ 2.032523616211408, 44.593014678823735 ], [ 2.032799763744305, 44.593278392785372 ], [ 2.033173896061682, 44.5933316912053 ], [ 2.033256123117425, 44.594077767672559 ], [ 2.033208552279327, 44.594227423722181 ], [ 2.03334659155866, 44.594342971740986 ], [ 2.033214512226264, 44.594463303422039 ], [ 2.033390390536822, 44.594997240763604 ], [ 2.033652881877154, 44.59514603541993 ], [ 2.033936475859735, 44.595230697884546 ], [ 2.03433629530298, 44.595244911645729 ], [ 2.034525097790087, 44.595304558055872 ], [ 2.034812897269428, 44.595620122754319 ], [ 2.035013559721638, 44.595755576989355 ], [ 2.03507042368131, 44.595887344470157 ], [ 2.035133896249288, 44.595977227387458 ], [ 2.035157797224187, 44.596041752126602 ], [ 2.03524473430621, 44.596155615462429 ] ] ] } },
{ "type": "Feature", "properties": { "nom": "GR 652" }, "geometry": { "type": "MultiLineString", "coordinates": [ [ [ 1.315279043761139, 44.709454597537665 ], [ 1.315487491512267, 44.709449454989759 ], [ 1.315801467099881, 44.709524322618272 ], [ 1.316732912369767, 44.709631893600054 ], [ 1.317147945107777, 44.70969869899411 ], [ 1.317752150777083, 44.709767252638926 ], [ 1.317979976223887, 44.709724386331857 ], [ 1.318459866848495, 44.709692844848448 ], [ 1.318709154955845, 44.709857053874536 ], [ 1.319162025955376, 44.709924201136424 ], [ 1.320002917829338, 44.710156834169197 ], [ 1.320694435862098, 44.710280146220036 ], [ 1.321212979722929, 44.710203975122027 ], [ 1.32168531365507, 44.709893512122477 ], [ 1.322122089477922, 44.709456794030167 ], [ 1.32240638176124, 44.709081632368715 ], [ 1.322688553483018, 44.708823383216917 ], [ 1.323107982122439, 44.708647349119531 ], [ 1.323513819990777, 44.708525156172144 ], [ 1.323972214933204, 44.70828651325953 ], [ 1.324393748744461, 44.707993562044201 ], [ 1.325054237865986, 44.707738782930356 ], [ 1.325332980497009, 44.707669385333332 ], [ 1.325510183695694, 44.707635032913039 ], [ 1.325699187353009, 44.707645762615591 ], [ 1.325862644442322, 44.707674247003787 ], [ 1.326051809620241, 44.707675982628182 ], [ 1.326266846404496, 44.70764197681828 ], [ 1.326404432266046, 44.707706201518171 ], [ 1.326680740975995, 44.707771698878219 ], [ 1.326881545739135, 44.707827507947087 ], [ 1.327170789279359, 44.707875132977442 ], [ 1.327536349863849, 44.707887477159439 ], [ 1.327863266207685, 44.707944440256732 ], [ 1.327987919919534, 44.708026534200876 ], [ 1.328199556238434, 44.708181382925552 ], [ 1.32852566658471, 44.708283309624569 ], [ 1.328990986011807, 44.708359525772501 ], [ 1.329305457119767, 44.708407375548759 ], [ 1.329606024903453, 44.708527055776649 ], [ 1.330434975007899, 44.708723520064744 ], [ 1.330537995421439, 44.708713414915763 ] ] ] } },
{ "type": "Feature", "properties": { "nom": "GR 65" }, "geometry": { "type": "MultiLineString", "coordinates": [ [ [ 1.402614705000421, 44.389940964182067 ], [ 1.402568424198835, 44.389706746688006 ], [ 1.402235961413857, 44.389335191534208 ], [ 1.401239488353733, 44.388921996963397 ], [ 1.400079113844856, 44.388561352314682 ], [ 1.399144617904293, 44.388193631033971 ], [ 1.398559941201515, 44.387154408912487 ], [ 1.398291566443154, 44.386702451020099 ], [ 1.397994217889252, 44.386484067055399 ], [ 1.397696273055925, 44.386301650011411 ], [ 1.397223230413646, 44.386090751220038 ], [ 1.396699434058398, 44.385915387509549 ], [ 1.396201621071635, 44.385686284793714 ], [ 1.395666194155705, 44.385456857677738 ], [ 1.395206005902369, 44.385228073564498 ], [ 1.394632669478941, 44.385016302061054 ], [ 1.394209955627201, 44.384796829614089 ], [ 1.393974425342006, 44.38463292542275 ] ] ] } },
{ "type": "Feature", "properties": { "nom": "GR 652" }, "geometry": { "type": "MultiLineString", "coordinates": [ [ [ 1.243375220385085, 44.654519245136527 ], [ 1.244013034673662, 44.654768433458841 ], [ 1.24452661625273, 44.654926439801216 ], [ 1.245089020268549, 44.655165879243363 ], [ 1.245698851608891, 44.655558693702332 ], [ 1.246007707604337, 44.655876565890701 ], [ 1.246378165526481, 44.656267004072774 ], [ 1.246572412051155, 44.656646701832287 ], [ 1.247127852388614, 44.65724584620915 ], [ 1.247548900711876, 44.657627786290455 ], [ 1.247957179750335, 44.65801859406271 ], [ 1.248224422357092, 44.658533930383037 ], [ 1.248553589043719, 44.658456233362642 ], [ 1.249012591487734, 44.658181937107393 ], [ 1.249480526879105, 44.658096614979996 ], [ 1.250630763804826, 44.657919084264016 ], [ 1.251119715645796, 44.658049832494086 ], [ 1.251453467501956, 44.658385924182305 ], [ 1.251678872200592, 44.658460102884661 ], [ 1.252120041274462, 44.658455456731886 ], [ 1.252581192251486, 44.658720843075635 ], [ 1.253106042811146, 44.658950876911362 ], [ 1.254377423681561, 44.659026347990931 ], [ 1.255776369033126, 44.659022106108736 ], [ 1.256898113600799, 44.659015127518266 ], [ 1.258389926593525, 44.658768909281264 ], [ 1.260198106455324, 44.658453809940617 ], [ 1.260110079342226, 44.658443953547419 ], [ 1.261048853393193, 44.658120332679999 ], [ 1.261757372051044, 44.657974346713267 ], [ 1.261922720902227, 44.657895010170527 ], [ 1.262782258654341, 44.657759486914699 ], [ 1.263477997115389, 44.657622360015239 ], [ 1.26409830584492, 44.657475499418609 ], [ 1.264398634482882, 44.657586360215838 ], [ 1.264535510836665, 44.657677640161772 ], [ 1.264556583376282, 44.657893714785907 ], [ 1.264602855056781, 44.658110035285041 ], [ 1.26483864000768, 44.658301218130731 ], [ 1.265144870862567, 44.658762923125039 ], [ 1.265353399337975, 44.659061774970553 ], [ 1.265284040140607, 44.659393898585975 ], [ 1.265292687820405, 44.659600858943989 ], [ 1.265303913767119, 44.659672924781518 ], [ 1.265198299934151, 44.659923744563706 ], [ 1.264812729425179, 44.660315752882532 ] ] ] } },
{ "type": "Feature", "properties": { "nom": "GR 652" }, "geometry": { "type": "MultiLineString", "coordinates": [ [ [ 1.294646835124053, 44.694017205257119 ], [ 1.29510105483152, 44.694003512898988 ], [ 1.296098083250308, 44.693958969528218 ], [ 1.296728480179119, 44.69396492349928 ], [ 1.297307777114638, 44.69400637052658 ], [ 1.297735779833224, 44.694046387379771 ], [ 1.297919563557216, 44.694335950078276 ], [ 1.298479426208845, 44.69474598951242 ], [ 1.298680322230901, 44.694792856059912 ], [ 1.298726257103094, 44.695036144521175 ], [ 1.298930102015364, 44.69560473046436 ], [ 1.298674437720855, 44.695791208871462 ], [ 1.298576515643548, 44.696311977266483 ], [ 1.298289129913561, 44.696848948813027 ], [ 1.298054673575842, 44.697251499033413 ], [ 1.297768445001069, 44.697725517493296 ], [ 1.297686287259617, 44.698075535620845 ], [ 1.297943904224666, 44.698464736493555 ], [ 1.298391826923237, 44.698792768667204 ], [ 1.298350999812282, 44.698954287951622 ], [ 1.298195522872549, 44.699177689929677 ], [ 1.298036378978682, 44.699598940099541 ], [ 1.297966496945294, 44.699967062809002 ], [ 1.297970434342155, 44.700434826801946 ], [ 1.297883603892805, 44.701036655158632 ], [ 1.297674512774926, 44.701430451878203 ], [ 1.297145835315733, 44.702055096336387 ], [ 1.296655811643747, 44.702635130185726 ], [ 1.296347914139164, 44.702236453271532 ], [ 1.296110587358862, 44.70143367934304 ], [ 1.296123116293807, 44.70075919176594 ], [ 1.296008462239622, 44.700821071356913 ], [ 1.295104996668204, 44.701253274898903 ], [ 1.294237170247839, 44.701802740356825 ], [ 1.294334700001343, 44.701983558401487 ], [ 1.294265460019811, 44.702315709107054 ], [ 1.29400573051512, 44.702718014213843 ], [ 1.293742983279805, 44.703282197252413 ], [ 1.293343361833085, 44.703746140667143 ], [ 1.293062632020206, 44.704597983431711 ], [ 1.292373661307388, 44.70569781084216 ], [ 1.292129365633717, 44.705947348432929 ], [ 1.292467336882409, 44.706085473746548 ], [ 1.29290921268621, 44.70606267717023 ], [ 1.293163602689224, 44.705948155034484 ], [ 1.293482385652677, 44.705762284236584 ], [ 1.293901046751785, 44.705631327130149 ], [ 1.294568067068653, 44.705709596780558 ], [ 1.294819441072445, 44.70575694860608 ], [ 1.294929757980905, 44.705928892482405 ], [ 1.295140794261014, 44.7061107826975 ], [ 1.295231744382745, 44.705967727007241 ], [ 1.295343567739389, 44.706058731587554 ], [ 1.295631607274812, 44.706169391075477 ], [ 1.295771828082952, 44.706089762804915 ], [ 1.295949045566903, 44.706055458634673 ] ] ] } },
{ "type": "Feature", "properties": { "nom": "GR 652" }, "geometry": { "type": "MultiLineString", "coordinates": [ [ [ 1.350839859552939, 44.708206446852202 ], [ 1.350562569860009, 44.70819497075864 ], [ 1.350309712337552, 44.708228685143034 ], [ 1.349882039602186, 44.708161891756781 ], [ 1.349643854088439, 44.708078805073569 ], [ 1.349367676007864, 44.708004372418458 ], [ 1.34912869745086, 44.707966251193398 ], [ 1.348963324512101, 44.708045720407938 ], [ 1.348492427178384, 44.708284354278838 ], [ 1.348173971911098, 44.708461390108162 ], [ 1.347970444495072, 44.708558505482607 ], [ 1.347703860848943, 44.708655054059108 ], [ 1.347323455747414, 44.708768569198305 ], [ 1.347298710042585, 44.708741362579602 ], [ 1.34704552964441, 44.70879305650088 ], [ 1.346819001694216, 44.708764036422444 ], [ 1.3466547369148, 44.708780549552969 ], [ 1.346453273136052, 44.708760749406878 ], [ 1.346338658095665, 44.708822682188092 ], [ 1.346233314279159, 44.709073586505809 ], [ 1.346342841150993, 44.709299438520659 ], [ 1.34623845007517, 44.709496383690457 ], [ 1.346122242066953, 44.709648248534414 ], [ 1.346068933356543, 44.70980967419063 ], [ 1.346064956247161, 44.710034506254985 ], [ 1.346182165921234, 44.710539263485842 ], [ 1.346228318822713, 44.710782535398479 ], [ 1.346474829910171, 44.711108561409048 ], [ 1.346571432134284, 44.711352286765468 ], [ 1.346782178928392, 44.711561059394633 ], [ 1.346969609873255, 44.711661685149004 ], [ 1.347246755407275, 44.711682164637395 ], [ 1.347623368486486, 44.711784488403076 ], [ 1.347658186834926, 44.711955700981434 ], [ 1.347593062454885, 44.712072047388432 ], [ 1.347426563587666, 44.712214467190037 ], [ 1.347085559696958, 44.712238388883343 ], [ 1.346691244879436, 44.712423734717383 ], [ 1.346347058731243, 44.712627519802901 ], [ 1.34607790653152, 44.712867957126555 ], [ 1.345803024880113, 44.713432152072812 ], [ 1.345631901753403, 44.713835374754247 ], [ 1.345563268774628, 44.714149572794113 ], [ 1.345518745690175, 44.714526951057927 ], [ 1.345633890481227, 44.715148622683614 ], [ 1.345867327052321, 44.715501517405023 ], [ 1.346224510627853, 44.715990444648817 ], [ 1.346573062603048, 44.71625442461211 ], [ 1.346834756506192, 44.716436671338371 ], [ 1.347347762307717, 44.716675141962249 ], [ 1.347586458284743, 44.716731254188886 ], [ 1.347811589081676, 44.716841211790609 ], [ 1.348038307878148, 44.71686123638527 ], [ 1.348552590941391, 44.717027755046246 ], [ 1.348853563589186, 44.717129396357151 ], [ 1.349064815989435, 44.717311185394834 ], [ 1.349212844164473, 44.717501401076248 ], [ 1.34923569286528, 44.717636527013056 ], [ 1.349165488728201, 44.718040661206516 ], [ 1.349198254870791, 44.718328786000377 ], [ 1.349233082055854, 44.718499998490579 ], [ 1.349741518459441, 44.718999264324552 ], [ 1.350263529107235, 44.71944468169449 ], [ 1.350674557154037, 44.719745187317478 ], [ 1.351038616256315, 44.71984738752802 ], [ 1.351240121321181, 44.719867179411132 ], [ 1.351529924220352, 44.719887760433018 ], [ 1.351668517407828, 44.719897994578268 ], [ 1.352042821599815, 44.72013520402227 ], [ 1.352291621452983, 44.720335311317882 ], [ 1.351922969809374, 44.720493921600216 ], [ 1.351516000025239, 44.720679173091156 ], [ 1.351146869368067, 44.720864761441462 ], [ 1.351368066929621, 44.721199545135832 ], [ 1.351463124589123, 44.721533200748986 ], [ 1.351166191150659, 44.72191731916039 ], [ 1.350985000342636, 44.722176546047848 ], [ 1.350880760288675, 44.722364502972908 ], [ 1.350914803101919, 44.722580682013977 ], [ 1.351339579886231, 44.722818344680128 ], [ 1.351751903913999, 44.723046900077129 ], [ 1.351876468657722, 44.723137961138917 ], [ 1.351937168206464, 44.723273424855577 ], [ 1.351872039550825, 44.723389775156363 ], [ 1.351780413905823, 44.723577845993432 ], [ 1.351789549197777, 44.723775811755452 ], [ 1.351856536812516, 44.724271121686492 ], [ 1.351810783610515, 44.724720450522085 ], [ 1.351804455716503, 44.725080184655482 ], [ 1.351733469364802, 44.725529288448087 ], [ 1.351633297405923, 44.726202999831074 ], [ 1.351522247758048, 44.726777671761965 ], [ 1.351493694031639, 44.726966306885636 ], [ 1.351511803927136, 44.727371232493674 ], [ 1.351522045027551, 44.727506246277279 ], [ 1.351670901006626, 44.727651493374914 ], [ 1.352172361815496, 44.727835869988574 ], [ 1.352448325317165, 44.727928283325568 ], [ 1.352802037905005, 44.727904457879511 ], [ 1.353292784322407, 44.727980796431538 ], [ 1.354022127078523, 44.728122224999176 ], [ 1.354938342217859, 44.728400235012245 ], [ 1.356067619787972, 44.728761086427106 ], [ 1.357433782693492, 44.729285937859565 ], [ 1.35799694186723, 44.729551788626381 ], [ 1.358638003622616, 44.729692402528421 ], [ 1.359804080654959, 44.730116505069681 ], [ 1.3602415683045, 44.730354247236562 ], [ 1.360968451317133, 44.73063952306466 ], [ 1.361368881840352, 44.730831958781692 ], [ 1.361732719479744, 44.73095210963313 ], [ 1.362035043017589, 44.730981768712049 ], [ 1.362364320401055, 44.730912722866769 ], [ 1.362945924225503, 44.730845905686358 ], [ 1.363286253142047, 44.730866902062175 ], [ 1.363751025753695, 44.730987938024171 ], [ 1.364278883710365, 44.7311095300077 ], [ 1.364807210801055, 44.731204138673682 ], [ 1.365209219871935, 44.731306625504807 ], [ 1.366002809521729, 44.731385576658226 ], [ 1.366468839213126, 44.731434655161898 ], [ 1.367189381252641, 44.731360044014266 ], [ 1.367667872533382, 44.731418221424533 ] ] ] } },
{ "type": "Feature", "properties": { "nom": "GR 6" }, "geometry": { "type": "MultiLineString", "coordinates": [ [ [ 1.616071679366233, 44.796860984930802 ], [ 1.616045372660502, 44.796941765215237 ], [ 1.616035008331019, 44.796976305232661 ], [ 1.616031930683833, 44.797004640201862 ], [ 1.61603053961985, 44.797112566851936 ], [ 1.616293138995859, 44.797321160629679 ], [ 1.616919170050721, 44.797756993587591 ], [ 1.617317950535976, 44.798182345658162 ], [ 1.617729136960472, 44.798625766405557 ], [ 1.617915380099798, 44.798878832508962 ], [ 1.618064307176547, 44.799086680583066 ], [ 1.618311056839484, 44.799547017067603 ], [ 1.618459524127696, 44.799790841140315 ], [ 1.618493262477788, 44.800114869416227 ], [ 1.618565359650403, 44.800403169087261 ], [ 1.618851864743016, 44.8007198491228 ], [ 1.619476912827643, 44.801236614368804 ], [ 1.61993947746975, 44.801617399454813 ], [ 1.620652629804676, 44.802161714277901 ], [ 1.621516817559659, 44.802751978388535 ], [ 1.622269163323047, 44.80319759528215 ], [ 1.622781836288629, 44.803614672326596 ], [ 1.623258567788149, 44.803878603987457 ], [ 1.623900568755728, 44.804062649104431 ], [ 1.624923405653065, 44.804105234727736 ], [ 1.625366028299437, 44.804072111230077 ], [ 1.625782469238257, 44.804110775518623 ], [ 1.626124024627392, 44.804076998112556 ], [ 1.626224062959146, 44.804158594997794 ], [ 1.62618341885162, 44.804374206501684 ], [ 1.626218576168119, 44.804590305874093 ], [ 1.626290033540196, 44.804932564947279 ], [ 1.626402134571713, 44.805059213263775 ], [ 1.62643809298601, 44.805212354477987 ], [ 1.626512065220969, 44.805356746692446 ], [ 1.62642290604781, 44.805654222277042 ] ] ] } },
{ "type": "Feature", "properties": { "nom": "GR 652" }, "geometry": { "type": "MultiLineString", "coordinates": [ [ [ 1.264241918324013, 44.681591493263006 ], [ 1.264139184141013, 44.681689433697855 ], [ 1.263903857224418, 44.682127880609173 ], [ 1.263630538665397, 44.682574951245066 ], [ 1.263538168742877, 44.682789923311667 ], [ 1.263668219058363, 44.683240924944847 ], [ 1.26353561977328, 44.68358143123664 ], [ 1.263497114875522, 44.683617034316384 ], [ 1.26412566988575, 44.683713104974736 ], [ 1.264640776663595, 44.68380806844138 ], [ 1.264653554848826, 44.683799198091108 ], [ 1.264672572443786, 44.684123191593294 ], [ 1.264850821999599, 44.68469159206709 ], [ 1.265065515772406, 44.685332304671931 ], [ 1.265471197589928, 44.685875932568223 ], [ 1.266079100569037, 44.686394541839917 ], [ 1.266664205759737, 44.686787000721473 ], [ 1.267160388782911, 44.687214571321356 ], [ 1.266785705299044, 44.687687650221669 ], [ 1.266235210376819, 44.688123040842655 ], [ 1.266101412994946, 44.688526502191394 ], [ 1.26635722080434, 44.688996713124197 ], [ 1.266737039161076, 44.689576064865953 ], [ 1.266807186313519, 44.689864577118954 ], [ 1.266814985629638, 44.690116504492927 ], [ 1.266734192114696, 44.690385560601584 ], [ 1.267076642574868, 44.690280950308185 ], [ 1.267345165634281, 44.690085674587024 ], [ 1.267779121151249, 44.689811051082494 ], [ 1.268073367962905, 44.689589039734535 ], [ 1.268328592731682, 44.689429610609416 ], [ 1.268544108471501, 44.689368738986772 ], [ 1.268569493188695, 44.689359989737163 ], [ 1.269056876792461, 44.689589583128644 ], [ 1.269544948008193, 44.689783202901815 ], [ 1.269934393764297, 44.68985893333079 ], [ 1.270235248152042, 44.689951793882933 ], [ 1.270610207362119, 44.690126323464391 ], [ 1.270874270319927, 44.690164858317395 ], [ 1.271406671017223, 44.690017099389507 ], [ 1.272293601736804, 44.689791812670606 ], [ 1.273104370587766, 44.689592767930186 ], [ 1.273497914196522, 44.689452652370242 ] ] ] } },
{ "type": "Feature", "properties": { "nom": "GR 64" }, "geometry": { "type": "MultiLineString", "coordinates": [ [ [ 1.545603101213519, 44.797079519270412 ], [ 1.544883610925123, 44.797038375440259 ], [ 1.54430536383891, 44.796836337280169 ], [ 1.543979366049865, 44.79666309369685 ], [ 1.543992889781059, 44.796600227493627 ], [ 1.544176104162325, 44.79615180688581 ], [ 1.54396519617975, 44.795880447916765 ], [ 1.543746377422121, 44.795276225599473 ], [ 1.543415414918425, 44.794563259465846 ], [ 1.54322186938573, 44.793959218757735 ], [ 1.543076935273699, 44.793490448535856 ], [ 1.543058056278299, 44.793040574986442 ], [ 1.54284997446635, 44.792571350285222 ], [ 1.542392096902788, 44.791902441968752 ], [ 1.541938192034792, 44.790954722930572 ], [ 1.542022663157621, 44.790343689076991 ], [ 1.542153435927362, 44.790029815704358 ], [ 1.542158546992319, 44.789670063460278 ], [ 1.54171854656151, 44.789522976384163 ], [ 1.541290410733842, 44.789429940333335 ], [ 1.54084887801507, 44.789390775182348 ], [ 1.540394204237467, 44.789387492771112 ], [ 1.539304319879676, 44.789640462772446 ], [ 1.538643202785428, 44.789941500915326 ], [ 1.538197944178088, 44.790163145051856 ], [ 1.537663886872223, 44.7904111292968 ], [ 1.537245423512924, 44.790525027051174 ], [ 1.536598329627155, 44.790727212705008 ], [ 1.535950587384584, 44.790974363722718 ], [ 1.535466775746297, 44.791240690895336 ], [ 1.535073046475083, 44.791390739782017 ], [ 1.534640521047367, 44.791603468764819 ], [ 1.533740023290576, 44.791857762368878 ], [ 1.533295376021262, 44.792034417833619 ], [ 1.532964271182045, 44.792220895173969 ], [ 1.532684849998685, 44.792326795132624 ], [ 1.532368052293344, 44.792396442828945 ], [ 1.531964912975065, 44.79232154268518 ], [ 1.531250415899015, 44.791938545536389 ], [ 1.530525113290463, 44.791429538780307 ], [ 1.53004671987802, 44.791318102433571 ], [ 1.529427578035224, 44.791331561325002 ], [ 1.528860126275943, 44.791264441266492 ], [ 1.528572360529767, 44.791073443274904 ], [ 1.528388887358036, 44.790658338782421 ], [ 1.528296036418458, 44.79009098923801 ], [ 1.528303576976355, 44.789569348489131 ], [ 1.528506280757398, 44.788653370194226 ], [ 1.528453141066257, 44.787960384905588 ], [ 1.528273969118416, 44.78724848636093 ], [ 1.528137776484321, 44.787058597801476 ] ] ] } },
{ "type": "Feature", "properties": { "nom": "GR 46" }, "geometry": { "type": "MultiLineString", "coordinates": [ [ [ 1.573262624194864, 44.668932273309885 ], [ 1.573570223253397, 44.669483055106696 ], [ 1.573839284481458, 44.670087534070674 ], [ 1.574070909549267, 44.67066477118474 ], [ 1.574131844572652, 44.670818095533036 ], [ 1.574154604353771, 44.670998137827816 ], [ 1.573644352310567, 44.671444311723924 ], [ 1.573081228775673, 44.672070000940586 ], [ 1.572732598788161, 44.672679189097842 ], [ 1.572539621833086, 44.672965664155825 ], [ 1.572282640836382, 44.673323648779721 ], [ 1.571438268004475, 44.674235192639799 ], [ 1.571092187504666, 44.674655514433717 ], [ 1.570619445972641, 44.675119924631723 ], [ 1.570261117298243, 44.675513176647563 ], [ 1.57002845855626, 44.67593428564993 ], [ 1.569541000021625, 44.676551492196914 ], [ 1.56920441555623, 44.677196731370273 ], [ 1.569110024053883, 44.677645785822904 ], [ 1.569053937551235, 44.678059131227961 ], [ 1.569110679048229, 44.678518234920631 ], [ 1.569180395373011, 44.678950445851697 ], [ 1.569213529394795, 44.679292458849915 ], [ 1.569322664093505, 44.679608019325173 ], [ 1.569454794442774, 44.680085638028665 ], [ 1.56963981085469, 44.680383738375234 ], [ 1.56923102131846, 44.680776635960804 ], [ 1.568697280122017, 44.681087712249557 ], [ 1.567769305629579, 44.681647871233316 ], [ 1.567071055921069, 44.68200276062516 ], [ 1.566413583555132, 44.682142069089601 ], [ 1.565844718269564, 44.682255011183962 ], [ 1.565407828938067, 44.682854567170708 ], [ 1.565003202496721, 44.682941672946058 ], [ 1.564498595751295, 44.682965115730497 ], [ 1.564353732914689, 44.683413813764886 ], [ 1.564157823272206, 44.683907124893615 ], [ 1.563820512958162, 44.684597317044627 ], [ 1.563549204646527, 44.685072108558508 ], [ 1.563253919462149, 44.685456789160881 ], [ 1.563048739832511, 44.68570718710604 ], [ 1.562564225261081, 44.686099528944602 ], [ 1.56252367101505, 44.686297118825692 ], [ 1.562557514953867, 44.68658517435172 ], [ 1.562816168534785, 44.687027714627476 ], [ 1.563151461992678, 44.687398838369354 ], [ 1.563424468436224, 44.687715558006019 ], [ 1.563864424955894, 44.688726011410928 ], [ 1.563777739971655, 44.689525896950954 ], [ 1.5639073644275, 44.69018339290696 ], [ 1.563774341375307, 44.690686140727813 ], [ 1.563849738870046, 44.690704658601334 ], [ 1.564302869229387, 44.690761806071052 ], [ 1.564829788834795, 44.690954383640658 ], [ 1.565089966368677, 44.691288998282459 ], [ 1.564756217489732, 44.691718385362606 ], [ 1.564205398345857, 44.692344122861428 ], [ 1.563844683233455, 44.692899239163623 ], [ 1.563533647722197, 44.693508668701618 ], [ 1.563327321927596, 44.693840009637462 ], [ 1.562868080328407, 44.694223538083136 ], [ 1.562385232135664, 44.694489972694413 ], [ 1.562460384695526, 44.694526478081876 ] ] ] } },
{ "type": "Feature", "properties": { "nom": "GR 46" }, "geometry": { "type": "MultiLineString", "coordinates": [ [ [ 1.56234534263696, 44.701937017177102 ], [ 1.5620902785247, 44.702142092679452 ], [ 1.561997654120553, 44.702456243413693 ], [ 1.561994916807889, 44.702654100578513 ], [ 1.562143255628284, 44.702871009450988 ], [ 1.562265503985695, 44.703150695461645 ], [ 1.562109702364479, 44.703473396779422 ], [ 1.562067020006953, 44.703823877143272 ], [ 1.562151686851331, 44.704085309583711 ], [ 1.562174048445194, 44.704292337840208 ], [ 1.562384948329793, 44.704545664060127 ], [ 1.562608957875073, 44.70476310474907 ], [ 1.562338535791759, 44.705165949414059 ], [ 1.56268480478151, 44.705663076067943 ], [ 1.562880367611523, 44.706114169928689 ], [ 1.563151726193898, 44.706556802491626 ], [ 1.563387737464039, 44.706819297745909 ], [ 1.563672830437437, 44.707181075898468 ], [ 1.564122620873322, 44.707490042861245 ], [ 1.564851478658338, 44.707684037078721 ], [ 1.565215848491882, 44.707785529743816 ], [ 1.565768896164834, 44.70792432059239 ], [ 1.56653226091831, 44.708361394442107 ], [ 1.566895896020353, 44.708516842466203 ], [ 1.567751387698949, 44.708675725750318 ], [ 1.568154098409502, 44.708741498889466 ], [ 1.568746477141608, 44.708772616418251 ], [ 1.569300283079822, 44.708857427893513 ], [ 1.569892171669391, 44.70892451263127 ], [ 1.570408145817286, 44.7090090549707 ], [ 1.570836945576156, 44.709012038969952 ], [ 1.571127261762372, 44.708996069150167 ], [ 1.571932694067349, 44.709127589392672 ], [ 1.571977492085417, 44.709541642710157 ], [ 1.571960459793102, 44.709865322161725 ], [ 1.572009187812528, 44.709991581506976 ], [ 1.57214644645529, 44.710100467764917 ], [ 1.572257990378273, 44.710245153226715 ], [ 1.572558715896829, 44.710391151272603 ], [ 1.572934133653473, 44.710609621276234 ], [ 1.573360739043703, 44.710774479265943 ], [ 1.573520897939264, 44.711054416072699 ], [ 1.573755261648672, 44.711442799199759 ], [ 1.574041181268754, 44.711750589404609 ], [ 1.574239795603471, 44.711985819350012 ], [ 1.574426043352831, 44.712202974604949 ], [ 1.574601393817022, 44.712294133243262 ], [ 1.574359307822303, 44.712472344920137 ], [ 1.574128363926198, 44.712758565775658 ], [ 1.573899744644203, 44.712873909353831 ], [ 1.573545732917842, 44.712934416732914 ], [ 1.573015511816765, 44.712966717790849 ], [ 1.572660148382518, 44.713126151438892 ], [ 1.572431647845649, 44.713232498207532 ], [ 1.571883159961097, 44.713678409107047 ], [ 1.571511612578827, 44.714098564232906 ], [ 1.570872727636981, 44.714696748132958 ], [ 1.570552972510104, 44.715018321459304 ], [ 1.570385801412291, 44.715251013258353 ], [ 1.57015691840115, 44.71538433592702 ], [ 1.569764308049828, 44.715498528786405 ], [ 1.569318902086441, 44.715783246945463 ], [ 1.569089150459946, 44.715979522259843 ], [ 1.568809684116065, 44.716121484737556 ], [ 1.568390729775835, 44.716316438646544 ], [ 1.568287600997605, 44.716477618609545 ], [ 1.568220213973094, 44.716791952878793 ], [ 1.568211697515425, 44.717412508537187 ], [ 1.568240775345684, 44.718051316125276 ], [ 1.568309916895496, 44.718528502960233 ], [ 1.568415915235721, 44.71907790267057 ], [ 1.568535886420832, 44.719528461421291 ], [ 1.568619621046453, 44.719861840063423 ], [ 1.568818118768479, 44.720106074253579 ], [ 1.569015754137271, 44.720413263035176 ], [ 1.569063129246497, 44.720638454395825 ], [ 1.568933039207276, 44.72092536858608 ], [ 1.568828916667559, 44.721158498096045 ], [ 1.568447149992726, 44.721398684723617 ], [ 1.56811818460781, 44.721468344521561 ], [ 1.567637225879217, 44.721581914183062 ], [ 1.567811607667069, 44.721745031776514 ], [ 1.568076143242842, 44.721773862179823 ], [ 1.568806435401054, 44.721877896766301 ], [ 1.569247331766227, 44.721925942551323 ], [ 1.569850494943549, 44.722101039282897 ], [ 1.570062112998497, 44.722309385200695 ], [ 1.570245916727488, 44.722706419463613 ], [ 1.570442707735694, 44.723076561899688 ], [ 1.570616117657549, 44.723311624008609 ], [ 1.570802144391017, 44.72354677303322 ], [ 1.571127551841858, 44.723737920047967 ], [ 1.571277703348042, 44.723828908284553 ], [ 1.572149373483129, 44.723745019305703 ], [ 1.572438292451354, 44.723836969278672 ], [ 1.572677610659088, 44.723865612965852 ], [ 1.573342655209023, 44.72413106479285 ], [ 1.574025221766434, 44.724036854939669 ], [ 1.574996588581047, 44.724043578937305 ], [ 1.575679028559686, 44.723958352726925 ], [ 1.575610818332664, 44.7243356483255 ], [ 1.575655899755203, 44.724731714752778 ], [ 1.575664725330007, 44.725010604154143 ], [ 1.576181955804744, 44.725014177310811 ], [ 1.576549266846108, 44.724908780337508 ], [ 1.577092824131354, 44.724831581254229 ], [ 1.577508764297061, 44.724861432725938 ], [ 1.578013866078462, 44.724828936459275 ], [ 1.578820028742875, 44.72492443199117 ], [ 1.579374130915663, 44.725000199740045 ], [ 1.579650696638146, 44.725074057069214 ], [ 1.580003562649431, 44.725103465678828 ], [ 1.580306817661972, 44.725069571918944 ], [ 1.580534745319786, 44.72500817589858 ], [ 1.581711249982158, 44.724773399108543 ], [ 1.582610571844425, 44.724509728050151 ], [ 1.58324339189832, 44.724361154998306 ], [ 1.583938921938088, 44.724239990035372 ], [ 1.58449532081298, 44.724144853528799 ], [ 1.585128011835478, 44.724005262687029 ], [ 1.585646922209714, 44.723882881348558 ], [ 1.586505593293827, 44.723825773637614 ], [ 1.58697379802841, 44.723721029585946 ], [ 1.587405238901711, 44.723535083094355 ], [ 1.588458296947149, 44.723092522525938 ], [ 1.589270576308389, 44.722729268212561 ] ] ] } },
{ "type": "Feature", "properties": { "nom": "GR 6" }, "geometry": { "type": "MultiLineString", "coordinates": [ [ [ 1.531418185043627, 44.848706434303452 ], [ 1.531672474807464, 44.848609344699696 ], [ 1.532039646370972, 44.848576041641344 ], [ 1.532330698681886, 44.848560172829906 ], [ 1.53292492921862, 44.84856450200585 ], [ 1.533553597735534, 44.84881194224279 ], [ 1.534167689617913, 44.849194198436315 ], [ 1.534982149434088, 44.849712830428082 ], [ 1.535707345297651, 44.850284779894501 ], [ 1.536258636752089, 44.850639582714777 ], [ 1.53632947385705, 44.850990900688799 ], [ 1.536751503882071, 44.851542654098964 ], [ 1.537262437638544, 44.852068064909936 ], [ 1.537814914420974, 44.852341914304397 ], [ 1.538241597580927, 44.852569875908593 ], [ 1.538744535719276, 44.852771402772305 ], [ 1.539133808306573, 44.852963110858546 ], [ 1.539522440729139, 44.853199787650205 ], [ 1.539816081459897, 44.853004018007873 ], [ 1.540071530945801, 44.852825962187744 ], [ 1.540390585060077, 44.852621380000897 ], [ 1.54054680173265, 44.852307681515377 ], [ 1.540490246985951, 44.851839534909068 ], [ 1.540229726053721, 44.851486850913702 ], [ 1.539945202864749, 44.851044043984494 ], [ 1.540738985057695, 44.850357156939914 ], [ 1.541222004409782, 44.850180739864363 ], [ 1.541882669714224, 44.849960624466505 ], [ 1.542415743296406, 44.849820542591225 ], [ 1.542847794721547, 44.849670735806043 ], [ 1.543319179791154, 44.849422265787354 ], [ 1.543741519159654, 44.84906550164235 ], [ 1.543872037266156, 44.848778600888124 ], [ 1.544069726188736, 44.848213337636196 ], [ 1.544278522834361, 44.847756093629989 ], [ 1.544345309891132, 44.847504713707409 ], [ 1.544339556549324, 44.84701894486242 ], [ 1.544713976831594, 44.846472939644471 ], [ 1.54423929435054, 44.846064759911179 ], [ 1.544609247444547, 44.845833546068519 ], [ 1.545486936612282, 44.845462053457624 ], [ 1.545870413924153, 44.84516796805557 ], [ 1.546925331335809, 44.844779744759101 ], [ 1.547433185719567, 44.844630463268771 ], [ 1.547840916107661, 44.84440850422461 ] ] ] } },
{ "type": "Feature", "properties": { "nom": "GR 652" }, "geometry": { "type": "MultiLineString", "coordinates": [ [ [ 1.847156216899294, 44.898123065635509 ], [ 1.847370797748875, 44.898186979877735 ], [ 1.84769832452471, 44.898359333364759 ], [ 1.848064213303194, 44.898486880510205 ], [ 1.848340653405865, 44.898712975659187 ], [ 1.848642482874835, 44.898930186551112 ], [ 1.848842603439798, 44.899200916799238 ], [ 1.848892044185306, 44.899336058034798 ], [ 1.849119207568096, 44.899409019928065 ], [ 1.849281680832118, 44.899643603643106 ], [ 1.849457360522673, 44.899815281137101 ], [ 1.849721706824714, 44.899978355176216 ], [ 1.849732162011729, 44.900230258102447 ], [ 1.849666370032742, 44.900517804412203 ], [ 1.849626282112623, 44.900760489337607 ], [ 1.849560882645454, 44.901003062531963 ], [ 1.849493910240553, 44.90142552724717 ], [ 1.849491000712887, 44.901758325582861 ], [ 1.849867449803279, 44.902128775388633 ], [ 1.850004620969354, 44.902363247459732 ], [ 1.850393497424385, 44.902760735692397 ], [ 1.850543721294676, 44.902950289336978 ], [ 1.850692533190069, 44.903301745182759 ], [ 1.850992280783598, 44.903761803195465 ], [ 1.851168211745855, 44.903906495191755 ], [ 1.851442810352969, 44.904348452337189 ], [ 1.851974372334261, 44.904350785801647 ], [ 1.852821949721485, 44.90439947728899 ], [ 1.853341090519178, 44.904374765274802 ], [ 1.853809216395287, 44.904394802481264 ], [ 1.854328278232472, 44.904379080481597 ], [ 1.854796170541326, 44.904426097425279 ], [ 1.8550744528732, 44.904445301414697 ], [ 1.855833363923119, 44.904502577414206 ], [ 1.856363377121804, 44.904684780791627 ], [ 1.856882673860448, 44.904642063855746 ], [ 1.857136419105532, 44.904571206246139 ], [ 1.857742529226683, 44.904735744671619 ], [ 1.858727872198243, 44.904955890290445 ], [ 1.859675176878291, 44.905184858138604 ], [ 1.8603567793486, 44.905403676650849 ], [ 1.860809955400884, 44.905693466718013 ], [ 1.861062242435558, 44.905793497425968 ], [ 1.861631481867151, 44.905831926480126 ], [ 1.861897347341088, 44.905824075422075 ], [ 1.862365946469629, 44.905790108713944 ], [ 1.86323795224116, 44.90594676351953 ], [ 1.863893578069299, 44.906246403574222 ], [ 1.86383006574263, 44.906273115868352 ], [ 1.864258563080653, 44.906490827186147 ], [ 1.865028036238261, 44.906799942481733 ] ] ] } },
{ "type": "Feature", "properties": { "nom": "GR 6" }, "geometry": { "type": "MultiLineString", "coordinates": [ [ [ 1.739830922728762, 44.774610341952332 ], [ 1.739260410521988, 44.774823118229136 ], [ 1.738765464502812, 44.775054290857973 ], [ 1.738207860268203, 44.77524014910189 ], [ 1.737487257246793, 44.775317183873184 ], [ 1.736831041591073, 44.77527763654561 ], [ 1.73565615635928, 44.775325202652731 ], [ 1.734797523603964, 44.775320517438857 ], [ 1.734091383699113, 44.775226714079466 ], [ 1.734157327262115, 44.774966234359894 ], [ 1.734454039430323, 44.774383214831566 ], [ 1.733405341887327, 44.774440440911036 ], [ 1.732911538895281, 44.774563659269838 ], [ 1.732039416634864, 44.774639828709262 ], [ 1.731572906835117, 44.774574307740949 ], [ 1.731145251525347, 44.774419052668094 ], [ 1.730905927008624, 44.77436377023745 ], [ 1.730578021858488, 44.774325989278843 ], [ 1.729855957188832, 44.774537884043511 ], [ 1.729111271196407, 44.774506798210084 ], [ 1.728770152968858, 44.77452290588414 ], [ 1.728303940782143, 44.774430388696359 ], [ 1.727710483891877, 44.774427111910597 ], [ 1.727203062863273, 44.774640174380913 ], [ 1.727062697177597, 44.774774315606159 ], [ 1.726872706779565, 44.774827231756277 ], [ 1.726400804096831, 44.775256355715733 ], [ 1.726169788786005, 44.775596867148046 ], [ 1.726128963292923, 44.775866476174123 ], [ 1.725249633244338, 44.776599150303134 ], [ 1.724798497260828, 44.776281839397157 ], [ 1.724584622644114, 44.776208696027062 ], [ 1.724257498721537, 44.77609894491453 ], [ 1.72357652210269, 44.77601420807509 ], [ 1.723347261602395, 44.776192823445925 ], [ 1.723417995273062, 44.776651935916732 ], [ 1.723477877177537, 44.776949088328458 ], [ 1.723486067445516, 44.777353886139437 ], [ 1.723270612409609, 44.77742464402079 ], [ 1.722889914770803, 44.777593420388165 ], [ 1.722434043597474, 44.777707809386939 ], [ 1.722256072657313, 44.777814751605106 ], [ 1.722139954686854, 44.778038967255668 ], [ 1.722035771230012, 44.778326210048498 ], [ 1.721767328071398, 44.778621532041889 ], [ 1.721474616568474, 44.778826772719938 ], [ 1.721309070363872, 44.778951771785124 ], [ 1.721043393307865, 44.778995261006045 ], [ 1.720878539384197, 44.779057301220703 ], [ 1.720436764652972, 44.779036843312753 ], [ 1.719983751679218, 44.778890397958705 ], [ 1.719580656265782, 44.778798196593392 ], [ 1.719213956168154, 44.778841115120485 ], [ 1.718846559503839, 44.778946990632711 ], [ 1.718491790720658, 44.779052936192691 ], [ 1.718174504405963, 44.779195068376708 ], [ 1.717910315472213, 44.779103640415983 ], [ 1.717442888440459, 44.779119004594996 ], [ 1.717026171245908, 44.779116663238575 ], [ 1.71677441321242, 44.779043291398793 ], [ 1.716536379972445, 44.778871056538328 ], [ 1.716462708173415, 44.778681756762268 ], [ 1.716667842052887, 44.778404081380437 ], [ 1.716999448661479, 44.778109127040779 ], [ 1.71739299436251, 44.777922453936547 ], [ 1.717052250555209, 44.777902549858432 ] ] ] } },
{ "type": "Feature", "properties": { "nom": "GR 46" }, "geometry": { "type": "MultiLineString", "coordinates": [ [ [ 1.535812015875387, 44.558974783865573 ], [ 1.535528113385949, 44.559476366504882 ], [ 1.535142167456351, 44.560076136208941 ], [ 1.535100067925354, 44.560381618734851 ], [ 1.534993919936349, 44.560767577879353 ], [ 1.534929486373048, 44.560875033223212 ], [ 1.534808318270997, 44.561431765199437 ], [ 1.534574837609631, 44.561924721264198 ], [ 1.534376776850367, 44.562579823657444 ], [ 1.53427177690403, 44.562884846046366 ], [ 1.534200913523045, 44.563441945755336 ], [ 1.534106560379026, 44.563881954366401 ], [ 1.534669796449378, 44.564083932233871 ], [ 1.534742445819731, 44.564282326608513 ], [ 1.534685577040416, 44.564740597034671 ], [ 1.534705340790451, 44.565118482260083 ], [ 1.534725746889962, 44.565451403114665 ], [ 1.534846789740404, 44.56578505855753 ], [ 1.534793131774997, 44.56601850624547 ], [ 1.534662583057155, 44.566350325763842 ], [ 1.53454075706238, 44.566952023124465 ], [ 1.534650892796565, 44.567168679947365 ], [ 1.534921742607126, 44.567584373581226 ], [ 1.534933936377736, 44.567611443667694 ], [ 1.535422373744576, 44.567767903364135 ], [ 1.535634822788826, 44.567868384497686 ], [ 1.536094128405441, 44.568303437231506 ], [ 1.536418519677721, 44.568494671161623 ], [ 1.536530204273481, 44.568603411655531 ], [ 1.536856775958118, 44.568641764314755 ], [ 1.537207997814132, 44.568716271932779 ], [ 1.537004024482194, 44.56890365830008 ], [ 1.536747293234948, 44.569261543122479 ], [ 1.536679521823499, 44.56960281566711 ], [ 1.536698019472214, 44.570070631223182 ], [ 1.536608161751679, 44.570195890608389 ], [ 1.5364803044223, 44.570338861454999 ], [ 1.536174652015262, 44.570597455875685 ], [ 1.535767966173615, 44.57088229565553 ], [ 1.535489265829028, 44.571015171095269 ], [ 1.535424692679093, 44.571131620436368 ], [ 1.535611094090134, 44.571294869541028 ], [ 1.535783505173715, 44.571556947754814 ], [ 1.535768871089046, 44.571700743498226 ], [ 1.535738321298009, 44.572078262323117 ], [ 1.535644608394008, 44.572473309250029 ], [ 1.535579392410866, 44.572634723311516 ], [ 1.535589406794838, 44.572814673618858 ], [ 1.535686592510048, 44.573058216786428 ], [ 1.535643458417466, 44.573435644614364 ], [ 1.535629208619657, 44.573552461524919 ], [ 1.535485552810503, 44.57392016227675 ], [ 1.535369110322321, 44.574144160023643 ], [ 1.535136866952367, 44.574547190649682 ], [ 1.534848776730657, 44.574455149594456 ], [ 1.534498035681113, 44.574344662085799 ], [ 1.533943936614999, 44.574376590936112 ], [ 1.533414870444412, 44.57441769310276 ], [ 1.532784765033066, 44.57448503622394 ], [ 1.532810147338032, 44.575348633759027 ], [ 1.532815516811631, 44.575852329976748 ], [ 1.533114005512927, 44.576097349133121 ], [ 1.533462437685216, 44.576369712989404 ], [ 1.533773770066244, 44.576596836139593 ], [ 1.533970323781844, 44.57693104586621 ], [ 1.533992401360886, 44.577147060223844 ], [ 1.533785942833426, 44.577505307446643 ], [ 1.533607218374366, 44.5776838785455 ], [ 1.533490118714543, 44.577952839315259 ], [ 1.53291683243936, 44.578443311402189 ], [ 1.532597635639047, 44.578764755638176 ], [ 1.532125896896878, 44.579193009953542 ], [ 1.532082606178226, 44.57957943062992 ], [ 1.532092869385371, 44.579741396084479 ], [ 1.532026732942375, 44.579965758888818 ], [ 1.531569367994751, 44.58026820096071 ], [ 1.531008367033165, 44.580776741829425 ], [ 1.530586544460594, 44.581232336558479 ], [ 1.530381211166714, 44.581509641912476 ], [ 1.530311965302047, 44.581949834930832 ], [ 1.530169027789493, 44.58226357289756 ], [ 1.52997330031211, 44.582747807246804 ], [ 1.529893663713813, 44.583035027659633 ], [ 1.529827643135427, 44.583250397030859 ], [ 1.529521502168497, 44.583535954302057 ], [ 1.528986522590486, 44.583981718831744 ], [ 1.528854215774431, 44.584430442384338 ], [ 1.528544307522218, 44.584976793108517 ], [ 1.528137219508851, 44.585279592153285 ], [ 1.527765675453341, 44.585735547677309 ], [ 1.527396589149832, 44.586020636326467 ], [ 1.527390883285511, 44.586416326724667 ], [ 1.527481962612327, 44.587082548885355 ], [ 1.527214189311125, 44.587323412569887 ], [ 1.527047219156704, 44.587556024878985 ], [ 1.526942651410339, 44.587825072803952 ], [ 1.526978459397722, 44.587960246315376 ], [ 1.526937332802827, 44.588193785329494 ], [ 1.526897242599102, 44.5883553804832 ], [ 1.526730918062532, 44.588543027628262 ], [ 1.52652683700816, 44.58873039612898 ], [ 1.526157075675419, 44.589060445785343 ], [ 1.525878002149342, 44.589211283677621 ], [ 1.525710111774744, 44.589506845598699 ], [ 1.525473575588207, 44.590197633928824 ], [ 1.525338624333876, 44.590826213674703 ], [ 1.525153718584745, 44.591427444015721 ], [ 1.524819866189747, 44.591883669617374 ], [ 1.524715930167334, 44.592107751049916 ], [ 1.524548025110401, 44.592403310647562 ], [ 1.52420274815182, 44.592778504850706 ], [ 1.52380829611834, 44.593072388917776 ], [ 1.523340541542468, 44.593212831420914 ], [ 1.522860720716052, 44.593317206911387 ], [ 1.522244803918452, 44.593258680890656 ], [ 1.521880341342712, 44.593220002855261 ], [ 1.522142291022685, 44.593383836081919 ], [ 1.522404242224009, 44.593547668698356 ], [ 1.522528013174017, 44.593692489540508 ], [ 1.522665021804482, 44.593792438012649 ], [ 1.522862351087785, 44.594072712487559 ], [ 1.523250818970569, 44.594192509766486 ], [ 1.523412220597129, 44.594346602496366 ], [ 1.523747871961943, 44.594636892203368 ], [ 1.523947554728371, 44.594755291059506 ], [ 1.524311117889768, 44.594856912978933 ], [ 1.524458245960168, 44.595127819781979 ], [ 1.524604334400216, 44.595470670449373 ], [ 1.524887962061369, 44.595877494289887 ], [ 1.525010833250005, 44.59608526318263 ], [ 1.525019256650554, 44.596373132673655 ], [ 1.52511409542002, 44.59677856226714 ], [ 1.525251246614453, 44.596869515214998 ], [ 1.525513093840453, 44.597042333147961 ], [ 1.525948555711464, 44.597396312003852 ], [ 1.526558549289285, 44.597868497249806 ], [ 1.527056698690633, 44.598240921323679 ], [ 1.527804388582272, 44.598768077924696 ], [ 1.528775293827316, 44.599530713964569 ], [ 1.529435553671975, 44.600012246656142 ], [ 1.529846148429007, 44.600348039221181 ], [ 1.530319425209613, 44.600702277677655 ], [ 1.530755075156418, 44.601047243846793 ], [ 1.531378382876918, 44.601474529860091 ], [ 1.531738906549362, 44.601791960434234 ], [ 1.532127059435813, 44.601938706094799 ], [ 1.532463187632255, 44.602201991884392 ], [ 1.532948827311367, 44.602574297626511 ], [ 1.533233582301281, 44.602909156887087 ], [ 1.533668366643915, 44.60331706373762 ], [ 1.534189987056648, 44.603815542983853 ], [ 1.535320989978014, 44.604840115691289 ], [ 1.535953496321476, 44.605510281144255 ], [ 1.536261792970967, 44.605962225734835 ], [ 1.536572019033739, 44.606279274942217 ], [ 1.536919630028467, 44.606623576558469 ], [ 1.53731759963339, 44.606968243712551 ], [ 1.537679089154598, 44.607222703621119 ], [ 1.53800422230035, 44.607377964988267 ], [ 1.538330253828713, 44.607470273415792 ], [ 1.53893400982173, 44.607510632530399 ], [ 1.539615728002779, 44.607380667898362 ], [ 1.540331379800783, 44.607520765823502 ], [ 1.541158551547422, 44.607787580756373 ], [ 1.541534691214096, 44.607898230473047 ], [ 1.54194872733901, 44.608000159551615 ], [ 1.542476829492214, 44.608048946436526 ], [ 1.542944660719139, 44.607908421226441 ], [ 1.543323347579578, 44.607839203007458 ], [ 1.543800966581387, 44.607896614016134 ], [ 1.544075638829453, 44.608060486453596 ], [ 1.544435006378203, 44.608467806944404 ], [ 1.544428021834123, 44.608962426599547 ], [ 1.544310527592728, 44.609258382432174 ], [ 1.544281410793006, 44.609536986210777 ], [ 1.544240340084344, 44.609770534562379 ], [ 1.544210715138994, 44.610085111152486 ], [ 1.543975972345338, 44.610659034786671 ], [ 1.543833291965284, 44.610954808070467 ], [ 1.543384896647233, 44.611500208190769 ], [ 1.543179770206206, 44.611759553822267 ], [ 1.542886258936457, 44.612036249135372 ] ] ] } },
{ "type": "Feature", "properties": { "nom": "GR 36" }, "geometry": { "type": "MultiLineString", "coordinates": [ [ [ 1.644829138928835, 44.484043989672614 ], [ 1.64531233695581, 44.483570387589587 ], [ 1.645542422153729, 44.483248076725864 ], [ 1.645633115900359, 44.48302381430176 ], [ 1.645842274870514, 44.482359622231272 ], [ 1.645922836019969, 44.481937441126775 ], [ 1.646119978684264, 44.481228206799834 ], [ 1.646064135653119, 44.480661272666211 ], [ 1.645998163840301, 44.479896421204927 ], [ 1.645951679480967, 44.479590354221521 ], [ 1.645832705880902, 44.479050002902049 ], [ 1.645663273034656, 44.478527320470619 ], [ 1.645429936386669, 44.478094168699286 ], [ 1.645473589218309, 44.477608802415354 ], [ 1.645645712630117, 44.476890419929681 ], [ 1.645802621346977, 44.476387780696037 ], [ 1.645949949628065, 44.475642261821733 ], [ 1.646320915026477, 44.475096004563419 ], [ 1.646715556407748, 44.474666807988079 ], [ 1.647071301802565, 44.474336292550376 ], [ 1.647401481543957, 44.474041589421795 ], [ 1.647894707889974, 44.473765895742588 ], [ 1.648136527209517, 44.473506607650648 ], [ 1.64864241425437, 44.473221996913153 ], [ 1.649145985521909, 44.473126230079103 ], [ 1.649850830659607, 44.473004741467278 ], [ 1.650354727670142, 44.472881990068764 ], [ 1.650933757861573, 44.472777693301985 ], [ 1.652202760403487, 44.472740657219262 ], [ 1.653746638268567, 44.472822231976942 ], [ 1.654625766626337, 44.472827704695653 ], [ 1.65513992181424, 44.472893855351899 ], [ 1.655554477608375, 44.472887438564797 ], [ 1.655580656400053, 44.471763436819984 ], [ 1.655595176333111, 44.471601647150649 ], [ 1.656009722601227, 44.471595228655772 ], [ 1.656623466624694, 44.47173393694267 ], [ 1.657100156019966, 44.471781859355367 ], [ 1.657640616419241, 44.471749235113002 ], [ 1.658294430714852, 44.471690329295193 ], [ 1.658911000364136, 44.471595217056688 ], [ 1.659830169170019, 44.471403043032218 ], [ 1.660245470945487, 44.471333659251712 ], [ 1.66052230198676, 44.471290400502738 ], [ 1.661229583415227, 44.470962008719482 ], [ 1.661422715321281, 44.470567492660749 ], [ 1.661825774160824, 44.470471048856375 ], [ 1.662192343610311, 44.470275451929567 ], [ 1.662509539286377, 44.470007604614501 ], [ 1.662964442435795, 44.469776575389048 ], [ 1.663558666623344, 44.469447473533528 ], [ 1.664002186754144, 44.469117443898099 ], [ 1.664446023385496, 44.468760435262368 ], [ 1.664647813444319, 44.468689725521259 ], [ 1.664861730834653, 44.46865506391849 ], [ 1.66526777737462, 44.468306813044663 ], [ 1.665750776286203, 44.467824133448552 ], [ 1.666348073821984, 44.467234230258875 ], [ 1.666778036587194, 44.466985046998595 ] ] ] } },
{ "type": "Feature", "properties": { "nom": "GR 64" }, "geometry": { "type": "MultiLineString", "coordinates": [ [ [ 1.348586710983191, 44.759420621600171 ], [ 1.348163965141766, 44.759767633175237 ], [ 1.347982637332782, 44.760026858621934 ], [ 1.347837904655798, 44.760358372579553 ], [ 1.347568688477885, 44.760589824845468 ], [ 1.347298516592056, 44.760875237570723 ], [ 1.347026751954059, 44.761250584524653 ], [ 1.346818894390581, 44.761581530415064 ], [ 1.346607693549461, 44.762101338471766 ], [ 1.346272799985742, 44.76247611750189 ], [ 1.345928623929586, 44.762661918479367 ], [ 1.34515460674168, 44.762879833047485 ], [ 1.344404236906473, 44.763187904820448 ], [ 1.343995814393482, 44.763436086231543 ], [ 1.343384770420288, 44.763718420239243 ], [ 1.342774359316774, 44.763964777135897 ], [ 1.342507663014232, 44.764052322330464 ], [ 1.34231319078802, 44.764338406708049 ], [ 1.342303121924407, 44.764904996151451 ], [ 1.341894038095984, 44.765189143748529 ], [ 1.341421189806306, 44.765508694510096 ], [ 1.340882494018994, 44.765980561748705 ], [ 1.340042407508616, 44.766359753892921 ], [ 1.338937037068336, 44.766745535152687 ], [ 1.338125223432276, 44.766954064734747 ], [ 1.337793616501868, 44.767139955289601 ], [ 1.337195286901391, 44.767413376478501 ], [ 1.336520237313976, 44.767740068885288 ], [ 1.33616642722278, 44.767754848988332 ], [ 1.335852581821422, 44.767653056541782 ], [ 1.335022901931103, 44.767447634062009 ], [ 1.334635245892526, 44.767237227333887 ], [ 1.333927146368073, 44.767293755352782 ], [ 1.333496462872275, 44.76737079229629 ], [ 1.33278497168973, 44.767616175485344 ], [ 1.332214606126006, 44.767736910565745 ], [ 1.33155748033661, 44.767766902500938 ], [ 1.330858438574909, 44.768021382334013 ], [ 1.33065304811592, 44.768208402761104 ], [ 1.330038487195269, 44.768679527002242 ], [ 1.329705224183754, 44.768955328305005 ], [ 1.329172389275897, 44.769094380787543 ], [ 1.328801406343862, 44.769360838977079 ], [ 1.328492087304958, 44.769708815479667 ], [ 1.32822339515529, 44.769904247739639 ], [ 1.327214525346681, 44.769832051749056 ], [ 1.326696736066268, 44.769836305928393 ], [ 1.326267646651592, 44.769823380016263 ], [ 1.325619381159826, 44.770060302426316 ], [ 1.325143796805832, 44.770523679268031 ], [ 1.324846911320841, 44.770880754545438 ], [ 1.324564435609316, 44.771139016664101 ], [ 1.324410327902545, 44.771281521838119 ], [ 1.324080115310591, 44.771386430470663 ], [ 1.324170701973049, 44.771962940775438 ], [ 1.324366038564529, 44.772333528599937 ], [ 1.324754666655158, 44.772490009595934 ], [ 1.324853557745095, 44.772607852357694 ], [ 1.324733419425619, 44.772966548935734 ], [ 1.324994818855577, 44.773175831944876 ], [ 1.325089809110797, 44.773509518130645 ], [ 1.325022288208707, 44.773751763383665 ], [ 1.325018059477308, 44.773985594362031 ], [ 1.325039570782318, 44.774192676457595 ], [ 1.324918455066912, 44.774605334591541 ], [ 1.325157538694286, 44.774652502660381 ], [ 1.325495354938872, 44.774826505245848 ], [ 1.325731677025179, 44.775026561878725 ], [ 1.325561684425871, 44.775348822821734 ], [ 1.325659932153246, 44.775502638794357 ], [ 1.325656356026592, 44.775700496121466 ], [ 1.324975285210745, 44.776350884460122 ], [ 1.324294035550817, 44.777010263337246 ], [ 1.323689507329537, 44.777616372468785 ], [ 1.32327453422029, 44.778215225203041 ], [ 1.32274101728147, 44.779082838428153 ], [ 1.322001857674566, 44.780146447295472 ], [ 1.321375712579287, 44.7798528444658 ], [ 1.321049362539785, 44.779741899520779 ], [ 1.320807433104089, 44.779154994865202 ], [ 1.320640013158914, 44.779333353381951 ], [ 1.320355352645724, 44.779708521636756 ], [ 1.31970678325882, 44.779954403038232 ], [ 1.319236956021957, 44.780093990693381 ], [ 1.318791561927858, 44.780278776504296 ], [ 1.318358792555191, 44.78046367736021 ], [ 1.317835005880696, 44.780791655538117 ], [ 1.317362708095681, 44.781066137838749 ], [ 1.316955182373904, 44.781251266214262 ], [ 1.316726410490989, 44.781330106233028 ], [ 1.316731822565968, 44.781725937224159 ], [ 1.316676063579277, 44.782013262608352 ], [ 1.316139790214919, 44.782332123175273 ], [ 1.315209252796457, 44.782800246531004 ], [ 1.314026631073214, 44.78323903962773 ], [ 1.31344031207268, 44.783530438754177 ], [ 1.313128679332525, 44.783995289283823 ], [ 1.312638433768495, 44.784557426929851 ], [ 1.312073725321134, 44.785046910527761 ], [ 1.311739453013187, 44.78536762690635 ], [ 1.311467164987696, 44.785751884356003 ], [ 1.311577957312515, 44.786598449228393 ], [ 1.311567408354949, 44.787174034763616 ], [ 1.311497340793025, 44.787551175641781 ], [ 1.311388723688785, 44.787963939347975 ], [ 1.312229109035766, 44.788286573989652 ], [ 1.312210713838315, 44.788601230511588 ], [ 1.311937755623888, 44.789021463463172 ], [ 1.311889485895817, 44.789587704041644 ], [ 1.312244374175409, 44.790211660056897 ], [ 1.312299615141758, 44.790643936433966 ], [ 1.312506086025118, 44.79109560750252 ], [ 1.312601031173324, 44.791429306420575 ], [ 1.312750614320222, 44.791538636022246 ], [ 1.313012385285635, 44.791729962109912 ], [ 1.313069445019352, 44.792063309318138 ], [ 1.312700868499604, 44.792185819933714 ], [ 1.312342614241444, 44.792434356081998 ], [ 1.312181496766394, 44.792954573980722 ], [ 1.312048274703878, 44.793331130122567 ], [ 1.311801375293559, 44.793706630787895 ], [ 1.31157363502341, 44.794415126416709 ], [ 1.31142167333535, 44.795124326530377 ], [ 1.311089810750497, 44.795310138065531 ], [ 1.310820110660879, 44.795550498442978 ] ] ] } },
{ "type": "Feature", "properties": { "nom": "GR 46" }, "geometry": { "type": "MultiLineString", "coordinates": [ [ [ 1.560534313753611, 44.637867281372706 ], [ 1.560847217818119, 44.638013394671091 ], [ 1.561205779934173, 44.638501606331417 ], [ 1.561489517470263, 44.638935323695677 ], [ 1.562169503230974, 44.639866509100628 ], [ 1.562516237311476, 44.640300668360531 ], [ 1.563022261673824, 44.641059735344378 ], [ 1.563294298325418, 44.641430407431528 ], [ 1.563651912558188, 44.641990557517914 ], [ 1.564084246285268, 44.642614189895212 ], [ 1.564392725085967, 44.643084051463156 ], [ 1.564578582965967, 44.643310209426886 ], [ 1.564873730247364, 44.643833940562857 ], [ 1.565208283401302, 44.644241024429384 ], [ 1.56560533438248, 44.644684521283523 ], [ 1.566066241750577, 44.645065504822803 ], [ 1.56630102042114, 44.64539993273376 ], [ 1.566460215570884, 44.645733830679553 ], [ 1.566546052062622, 44.64590532110406 ], [ 1.566731310410803, 44.6461764417366 ], [ 1.566789729262785, 44.646509633788426 ], [ 1.566850371673377, 44.646680946982585 ], [ 1.566986230378915, 44.64687976915063 ], [ 1.567095289879236, 44.647195327050042 ], [ 1.567317855648895, 44.647502685671334 ] ] ] } },
{ "type": "Feature", "properties": { "nom": "GR 46" }, "geometry": { "type": "MultiLineString", "coordinates": [ [ [ 1.534014926731469, 44.544105174807186 ], [ 1.534030343078618, 44.544229958940228 ], [ 1.534029977433818, 44.544598716855283 ], [ 1.534186126024367, 44.545112501250493 ], [ 1.534308020921554, 44.545383204103295 ], [ 1.534556310696568, 44.545609862002792 ], [ 1.53516440256328, 44.546180907500066 ], [ 1.535598762855106, 44.546588795577826 ], [ 1.535784185333614, 44.546814991377644 ], [ 1.53587991528944, 44.547157452227005 ], [ 1.535921113436585, 44.547796309100328 ], [ 1.535964620004661, 44.548273296028235 ], [ 1.535920482222109, 44.548722662032318 ], [ 1.535676925853079, 44.54904466161021 ], [ 1.535422971915303, 44.549213690750712 ], [ 1.535129106196373, 44.549535321730005 ], [ 1.534898373503813, 44.549839425425318 ], [ 1.53480597660963, 44.550144538878151 ], [ 1.534688681993497, 44.550431483364491 ], [ 1.534502596288691, 44.551131638314189 ], [ 1.534523125068021, 44.551455564113276 ], [ 1.534620011636177, 44.551717090670465 ], [ 1.534881804497207, 44.551880890025345 ], [ 1.535217133583814, 44.552180132191147 ], [ 1.535503828121582, 44.552362099825359 ], [ 1.535912058310113, 44.552841746435874 ], [ 1.536193887050653, 44.553365440456787 ], [ 1.536375490331406, 44.553861422102251 ], [ 1.536269363319321, 44.554247381441549 ], [ 1.53612755467443, 44.554489179733437 ], [ 1.536020656414137, 44.554929096390282 ], [ 1.535790547601003, 44.55518823837987 ], [ 1.535483818826012, 44.555527765466778 ], [ 1.535241001000678, 44.555795807527836 ], [ 1.534961346770304, 44.556000623800443 ], [ 1.534680021013929, 44.556322346624192 ], [ 1.53453922799432, 44.556492200988423 ], [ 1.53425879642778, 44.556750973010089 ], [ 1.53436955347497, 44.556922664044954 ], [ 1.534680909947865, 44.557140788717113 ], [ 1.535105853742097, 44.557332760234758 ], [ 1.535603571871934, 44.55771413108134 ], [ 1.53573666918312, 44.558083847646287 ], [ 1.535859881722407, 44.558264621630649 ], [ 1.535896077210648, 44.558372811875138 ], [ 1.535957427169578, 44.558481184341183 ], [ 1.535812015875387, 44.558974783865573 ] ] ] } },
{ "type": "Feature", "properties": { "nom": "GR 6" }, "geometry": { "type": "MultiLineString", "coordinates": [ [ [ 1.604749841022055, 44.931215958644806 ], [ 1.605440825821734, 44.931634312499284 ], [ 1.606081760832175, 44.932007355259117 ], [ 1.606733012391337, 44.932560366370531 ], [ 1.606993978449881, 44.932939888377639 ] ] ] } },
{ "type": "Feature", "properties": { "nom": "GR 65" }, "geometry": { "type": "MultiLineString", "coordinates": [ [ [ 1.858364420452485, 44.516318428923661 ], [ 1.857940681439123, 44.515893894826611 ], [ 1.857917690052352, 44.515641981676204 ], [ 1.857806334843837, 44.515434649626179 ], [ 1.857605083375692, 44.515451757517852 ], [ 1.857417473924479, 44.515343017896875 ], [ 1.857344057264936, 44.515108871552862 ], [ 1.857345668694889, 44.514920019110626 ], [ 1.857360310118, 44.51467726466462 ], [ 1.857387672821901, 44.514416578936661 ], [ 1.857454965109362, 44.513895262946065 ], [ 1.857116849538861, 44.513749891704904 ], [ 1.856679724819525, 44.513424220152118 ], [ 1.856269204817849, 44.512927791555654 ], [ 1.856246222072237, 44.512675879272741 ], [ 1.856335583126637, 44.512514392261927 ], [ 1.85641299088168, 44.512280905581278 ], [ 1.856452385905681, 44.512083226596786 ], [ 1.856418988070177, 44.51157945693965 ], [ 1.856459306132431, 44.511273861488419 ], [ 1.856738946985802, 44.51090636267454 ], [ 1.857194223510197, 44.510575603815532 ], [ 1.857749345518228, 44.51032621902749 ], [ 1.859073372637748, 44.509810385329203 ], [ 1.859830318812584, 44.509471936505051 ], [ 1.860384884641302, 44.509285489248199 ], [ 1.860939140579421, 44.509135010759167 ], [ 1.862753305041528, 44.508612266982233 ], [ 1.863471073603301, 44.50844449516579 ], [ 1.864076565252542, 44.508177310056759 ], [ 1.864583480273472, 44.50767587259795 ], [ 1.864647600854503, 44.507523263350791 ], [ 1.864584840933522, 44.507513999755204 ], [ 1.864573861746219, 44.507325094127943 ], [ 1.864123648108692, 44.507062349895953 ] ] ] } },
{ "type": "Feature", "properties": { "nom": "GR 36" }, "geometry": { "type": "MultiLineString", "coordinates": [ [ [ 1.48162301023792, 44.424957831233357 ], [ 1.481272074667521, 44.424928114737703 ], [ 1.479936508005065, 44.425277418167177 ], [ 1.479533873009054, 44.425346217968226 ], [ 1.478929096407098, 44.425503367594381 ], [ 1.478107567166372, 44.425883649302605 ], [ 1.47680905270579, 44.426269177726709 ], [ 1.476305470097472, 44.426373147150713 ], [ 1.476051203600124, 44.426586990408133 ], [ 1.475601001798812, 44.427302919756379 ], [ 1.475448655640667, 44.42823702534934 ], [ 1.475377652953794, 44.428776066130361 ], [ 1.475472539103654, 44.429136543515675 ], [ 1.475632097875076, 44.429371621829041 ], [ 1.475878676560991, 44.429661343391892 ], [ 1.476039752015506, 44.429797507409688 ], [ 1.476061686510142, 44.430004525280907 ], [ 1.47570978829579, 44.430856127662324 ], [ 1.475335672085334, 44.431518694596882 ], [ 1.474877692398585, 44.43191979494167 ], [ 1.474296139934459, 44.43219401581667 ], [ 1.473891104337287, 44.432415662320324 ], [ 1.473457655710057, 44.432852923948019 ], [ 1.472883114425436, 44.433486926014361 ], [ 1.472068865703104, 44.434199974748623 ], [ 1.471661041672775, 44.434601458461643 ], [ 1.471313198368924, 44.435183281105751 ], [ 1.471219674904, 44.435551269504771 ], [ 1.471014579508991, 44.435828443727722 ], [ 1.470834306716235, 44.436123800918899 ], [ 1.47041474070137, 44.436471227605089 ], [ 1.469895319019057, 44.436781890291648 ], [ 1.469513254793754, 44.437138604019502 ], [ 1.469141935771533, 44.437612314593927 ], [ 1.46880881779286, 44.438050352306774 ], [ 1.468636915265155, 44.438615573582538 ], [ 1.468709030334939, 44.438822991551042 ], [ 1.46871783579773, 44.439065880962801 ], [ 1.468775320752264, 44.439408084079467 ], [ 1.468769633364774, 44.439776766035926 ], [ 1.468640650974737, 44.440000579140289 ], [ 1.468359941366569, 44.440295138024332 ], [ 1.467572584784459, 44.440882462898458 ], [ 1.466599716996042, 44.441288444383737 ], [ 1.466461093254117, 44.441323317777417 ], [ 1.466104637015409, 44.441644250422989 ], [ 1.46572488309039, 44.441848082401904 ], [ 1.46502924195417, 44.44218430419572 ], [ 1.464637625687729, 44.442343071643073 ], [ 1.464235407510061, 44.44237584620015 ], [ 1.463368769758517, 44.442404922382138 ], [ 1.462629744876832, 44.442300107915493 ], [ 1.462117214621086, 44.442161121163338 ], [ 1.461679019468042, 44.442085679207821 ], [ 1.460888255794313, 44.442079367082762 ], [ 1.459882147853854, 44.442197235427791 ], [ 1.458952189486334, 44.442261744172797 ], [ 1.458348998763936, 44.442301881661066 ], [ 1.457543853212289, 44.442412345010482 ], [ 1.456750272293141, 44.442585848675385 ], [ 1.456209695483767, 44.442635470510545 ], [ 1.455608047182875, 44.442576678037796 ], [ 1.455245591200645, 44.442474838536228 ], [ 1.454756631319831, 44.442434934003941 ], [ 1.45410365148339, 44.442447667867754 ], [ 1.453486491096644, 44.442577600547502 ], [ 1.452693742974015, 44.442697121666633 ], [ 1.452290525691347, 44.442792797753548 ], [ 1.451962478108987, 44.442898072773701 ], [ 1.451747397607268, 44.443004257748875 ], [ 1.451734420775451, 44.44303113325519 ], [ 1.451468989476072, 44.44314590571814 ], [ 1.451241212547619, 44.443260980738231 ], [ 1.450836574037964, 44.443446574692501 ], [ 1.45010401655668, 44.443728443999774 ], [ 1.450090795378186, 44.443729115214886 ] ] ] } },
{ "type": "Feature", "properties": { "nom": "GR 652" }, "geometry": { "type": "MultiLineString", "coordinates": [ [ [ 1.922938779266433, 44.916485682396058 ], [ 1.922658878314796, 44.916673525821835 ], [ 1.922542873857483, 44.916951932650477 ], [ 1.922426332653753, 44.91730229709119 ], [ 1.922234036300092, 44.917625391802424 ], [ 1.922156406889866, 44.917849973220342 ], [ 1.922117625768296, 44.917957766560079 ], [ 1.922091838408748, 44.918020633463179 ], [ 1.922104564274314, 44.918011686797925 ], [ 1.921937917300655, 44.918289902686595 ], [ 1.92146891632992, 44.918369095253162 ], [ 1.921062271711951, 44.918574448258703 ], [ 1.920820466214225, 44.918744441343662 ], [ 1.920578524755752, 44.918932423345481 ], [ 1.920513211020872, 44.919202024628397 ], [ 1.92037207221352, 44.919453350566485 ], [ 1.920156051147865, 44.919560474816251 ], [ 1.919877606179247, 44.919550429386064 ], [ 1.919612291070746, 44.919477468553325 ], [ 1.919255528435868, 44.919781948463715 ], [ 1.918873375118483, 44.92009532513763 ], [ 1.918364214007364, 44.920462189527157 ], [ 1.918020842092996, 44.920667771212244 ], [ 1.917563798525918, 44.920836941282097 ], [ 1.917106413801706, 44.921051083090994 ], [ 1.916737238780141, 44.921319527550253 ], [ 1.916368400471098, 44.921542998102758 ], [ 1.916088722886734, 44.921694847267425 ], [ 1.915718655013403, 44.92208021889806 ], [ 1.915501050087726, 44.922394211927077 ], [ 1.915272279158033, 44.92251027268815 ], [ 1.915044393692916, 44.922509403381511 ], [ 1.914640488685399, 44.922345953050716 ], [ 1.914403352937691, 44.921895300089524 ], [ 1.914292753557883, 44.921454126412307 ], [ 1.914194065722409, 44.9211119426568 ], [ 1.914233000783717, 44.920986162541794 ], [ 1.914247298024124, 44.92077033913553 ], [ 1.914299438845758, 44.920572651117773 ], [ 1.914365261121889, 44.920240090350291 ], [ 1.914619957824907, 44.920043175999368 ], [ 1.914367103071423, 44.919997234796973 ], [ 1.914125679573008, 44.920113245976417 ], [ 1.913719268831712, 44.920282593353974 ], [ 1.913439043207466, 44.92050639353009 ], [ 1.913132881071677, 44.92081104643907 ], [ 1.913018257827742, 44.920900556384773 ], [ 1.912815560992369, 44.920917768310247 ], [ 1.912485990807633, 44.920970472721464 ], [ 1.912775321926846, 44.92121444668075 ], [ 1.912456627865727, 44.921501060122026 ], [ 1.912227581170481, 44.921653094375408 ], [ 1.911973143284595, 44.921814024460474 ], [ 1.911718567844991, 44.921992944323634 ], [ 1.911691942862423, 44.922163745534341 ], [ 1.9113470933642, 44.922558194959223 ], [ 1.911066160436981, 44.922871934739099 ], [ 1.910900199214696, 44.92305119341578 ], [ 1.910772426047017, 44.923203614838442 ], [ 1.910605430774832, 44.92351779305028 ], [ 1.910387310091267, 44.923894738379943 ], [ 1.910334946322779, 44.924119409841872 ], [ 1.910320563644316, 44.924344227682333 ], [ 1.91024322243401, 44.924523827608255 ], [ 1.910064868444188, 44.924667057713819 ], [ 1.910124658648275, 44.925126030511272 ], [ 1.910122455422214, 44.92541385913011 ], [ 1.91011928584615, 44.925827613971606 ], [ 1.909889801347738, 44.926033611085153 ], [ 1.909533081034485, 44.926320070912517 ], [ 1.909304213316242, 44.926445114263366 ], [ 1.909100046183104, 44.926651207909366 ], [ 1.908971222533177, 44.926938547495205 ], [ 1.908868204020907, 44.927163022053513 ], [ 1.908714539501281, 44.927387300931798 ], [ 1.908066868217339, 44.927636648242448 ], [ 1.9077107529305, 44.927842149761858 ], [ 1.907558606258256, 44.927868543832886 ], [ 1.907253064673158, 44.928083234767023 ], [ 1.906909604103628, 44.92828878348174 ], [ 1.906665213518646, 44.928782554036673 ], [ 1.906257465433595, 44.929113779817961 ], [ 1.906116029728056, 44.929392071714837 ], [ 1.90599942903887, 44.929733425493843 ], [ 1.906060443966632, 44.930030496783765 ], [ 1.906311877288189, 44.930265344744946 ], [ 1.90635995395107, 44.930598345922306 ], [ 1.905954277794687, 44.930659729443093 ], [ 1.905625270210104, 44.93063146189867 ], [ 1.905347608072452, 44.930513443145337 ], [ 1.905609753689881, 44.93100019362852 ], [ 1.906011745945965, 44.931415529969136 ], [ 1.906529304616889, 44.931624429825796 ], [ 1.907223794799453, 44.931878989539449 ], [ 1.9075271390876, 44.931952128461624 ], [ 1.907741362243373, 44.932087884682133 ], [ 1.908207660102134, 44.932377532503359 ], [ 1.908433995611361, 44.932585294115825 ], [ 1.909016820995755, 44.932542576672375 ], [ 1.9095993010205, 44.932544829015846 ], [ 1.91035823184699, 44.932655699723163 ], [ 1.910990263489458, 44.932802055614367 ], [ 1.911394233137911, 44.932965520624251 ], [ 1.911632970951581, 44.9332093031353 ], [ 1.912098955738321, 44.933543908492446 ], [ 1.912388282106386, 44.933796878240045 ], [ 1.912651737807118, 44.93412170883073 ], [ 1.912839765386294, 44.934374288852567 ], [ 1.913192140548375, 44.934663478416049 ], [ 1.912963246924804, 44.934788530514055 ], [ 1.912598688120146, 44.934436328690026 ], [ 1.912284100460959, 44.934174266348215 ], [ 1.911943365750911, 44.93402004354413 ], [ 1.911450884127937, 44.933838249736425 ], [ 1.910919935546843, 44.93371927083848 ], [ 1.910616233596471, 44.933691114897044 ], [ 1.910526561116427, 44.933825693295802 ], [ 1.911044158824494, 44.934034573182245 ], [ 1.911358877413433, 44.934278648615582 ], [ 1.911623221915746, 44.934486549885492 ], [ 1.911811658104126, 44.934685164047892 ], [ 1.912036918106946, 44.935036833649939 ], [ 1.9122243291554, 44.935370367594423 ], [ 1.912021579782431, 44.935387578146731 ], [ 1.911782900319001, 44.935134801562178 ], [ 1.911265495336343, 44.934898941676764 ], [ 1.910710104939391, 44.934662933145106 ], [ 1.910722562292759, 44.934689965865346 ], [ 1.91057026071885, 44.934734353620527 ], [ 1.911036939808236, 44.934979016036422 ], [ 1.911439275720602, 44.935358353319167 ], [ 1.911552009567991, 44.935520696909904 ], [ 1.911612785378662, 44.935853744695059 ], [ 1.911145271150296, 44.935717020811893 ], [ 1.91120597663834, 44.936059062702533 ], [ 1.911317473670867, 44.936383311315502 ], [ 1.911669854873471, 44.936672505890002 ], [ 1.911845702846692, 44.936862077012727 ], [ 1.912072550999202, 44.937006868175814 ], [ 1.912415084688242, 44.9369272287082 ], [ 1.912820937400381, 44.936847831984494 ], [ 1.913239177650145, 44.936804460978628 ], [ 1.913758043488601, 44.936851422710831 ], [ 1.914226936749288, 44.936808241291153 ], [ 1.915150765910531, 44.936892724185114 ], [ 1.915618979066032, 44.936939484529923 ], [ 1.916087193019653, 44.936986242003123 ], [ 1.916365182847354, 44.93706825511515 ], [ 1.916718203461879, 44.937276481749556 ], [ 1.916603009047217, 44.937437953052147 ], [ 1.916375605190447, 44.93736512834171 ], [ 1.916083796098423, 44.937435977517609 ], [ 1.915726424364887, 44.937803411104852 ], [ 1.915659159695136, 44.93832486271701 ], [ 1.915606191588779, 44.938630490544519 ], [ 1.915717991395711, 44.938918755018953 ], [ 1.915537905522672, 44.939286862863234 ], [ 1.915308384568954, 44.939492872881125 ], [ 1.914725218904337, 44.939571602476335 ], [ 1.914319622282438, 44.939615027139411 ], [ 1.914027390214483, 44.939739839593933 ], [ 1.913962839477071, 44.939901502359078 ], [ 1.914431417421587, 44.939903293892257 ] ] ] } },
{ "type": "Feature", "properties": { "nom": "GR 46" }, "geometry": { "type": "MultiLineString", "coordinates": [ [ [ 1.79522078959766, 44.278632269263703 ], [ 1.795221307699231, 44.278578317916299 ], [ 1.795152333572861, 44.279243401879526 ], [ 1.79520852030503, 44.27990910645228 ], [ 1.795129706505276, 44.280295381733197 ], [ 1.795087231400506, 44.280807729342825 ], [ 1.795022747495546, 44.281005238637036 ], [ 1.795031287381429, 44.281418925030039 ], [ 1.79511501393096, 44.281823991460897 ], [ 1.795286878560012, 44.282175541160385 ], [ 1.795522365101647, 44.282419500021632 ], [ 1.795583221914625, 44.282599646818802 ], [ 1.795581581651427, 44.282770490842701 ], [ 1.795289718105512, 44.283182688400416 ], [ 1.795073127450218, 44.283577273799793 ], [ 1.794907984095912, 44.283828238306199 ], [ 1.794841680743713, 44.284214576651145 ], [ 1.794762685599475, 44.284618836319027 ], [ 1.794834935105564, 44.284915939838662 ], [ 1.794591742040999, 44.285472253221585 ], [ 1.794323248613666, 44.286055418156266 ], [ 1.794009702064206, 44.286116806830925 ], [ 1.793746052683074, 44.286196426389481 ], [ 1.793431724321673, 44.286338739378643 ], [ 1.793041767211545, 44.286534629342462 ], [ 1.792401278829209, 44.286747253150509 ], [ 1.791888311522319, 44.286717718668832 ], [ 1.79129962807462, 44.286750749031413 ], [ 1.790848031287141, 44.286847407675438 ], [ 1.790521783853687, 44.286926707281523 ], [ 1.790182407460905, 44.287068885883698 ], [ 1.789541290863433, 44.28734443610572 ], [ 1.788787594066249, 44.287610425848214 ], [ 1.788461690359089, 44.287653751679173 ], [ 1.7882110683551, 44.287679469714718 ], [ 1.787973753041125, 44.287624324527016 ], [ 1.787786684260499, 44.287551445609346 ], [ 1.787375169898195, 44.287387515552318 ], [ 1.786969421561671, 44.287916018765905 ], [ 1.786349714475797, 44.288560342290992 ], [ 1.786158867398074, 44.288874110328059 ], [ 1.78591856005303, 44.289124683553645 ], [ 1.785540548275911, 44.289374560498267 ], [ 1.785012576945162, 44.289596701661608 ], [ 1.784421920659554, 44.289827515931016 ], [ 1.78390716521803, 44.289977780993922 ], [ 1.782851105430377, 44.290431037626533 ], [ 1.781669311111619, 44.290937600108386 ], [ 1.781615250476975, 44.291341978807324 ], [ 1.781390732625332, 44.292527822243663 ], [ 1.781401301541866, 44.292725707206074 ], [ 1.78117312110419, 44.293012300555418 ], [ 1.780970952533934, 44.293200110762932 ], [ 1.781002035747664, 44.293856708304766 ], [ 1.780995028542999, 44.294567066326671 ], [ 1.781003911910034, 44.294935797242083 ], [ 1.781025935532191, 44.295241648204616 ], [ 1.780862471590634, 44.295312754886339 ], [ 1.780297665899558, 44.295453756339221 ], [ 1.778727451257153, 44.295976292706662 ], [ 1.777847944442785, 44.296286527772565 ], [ 1.777458310461013, 44.296437403164539 ], [ 1.777654257170789, 44.296879031507828 ], [ 1.778036134988265, 44.297510448983296 ], [ 1.77817029122674, 44.297870829003386 ], [ 1.778291660344928, 44.298258119936825 ], [ 1.778410892777287, 44.298861217086404 ], [ 1.778816052841033, 44.299672597945154 ], [ 1.779338182895629, 44.300052942552931 ], [ 1.779498462919292, 44.300305547210648 ], [ 1.779820536658093, 44.300657892767674 ], [ 1.780602604925322, 44.301345298521767 ], [ 1.781176176822775, 44.301591012050544 ], [ 1.781732627405747, 44.302304239013083 ], [ 1.782115032565275, 44.302890687231368 ], [ 1.782497976088109, 44.303423181445794 ], [ 1.782933752508671, 44.303677178726403 ], [ 1.7835317831018, 44.303985950605963 ], [ 1.78379261955684, 44.304203089307926 ], [ 1.783965187176095, 44.304482726372377 ], [ 1.784001341211676, 44.304626787803095 ], [ 1.784049929117852, 44.304779904538975 ], [ 1.784122678298592, 44.305023067835734 ], [ 1.784266944773647, 44.305635280580674 ], [ 1.784125764490904, 44.305985270628042 ], [ 1.783923824614278, 44.306146111895245 ], [ 1.783896838939259, 44.306343808404826 ], [ 1.784094194247712, 44.306650548679059 ], [ 1.784352840341969, 44.3070924851285 ], [ 1.78454905496162, 44.307516121257123 ], [ 1.784957010323866, 44.308057727069041 ], [ 1.785587476123756, 44.308897205066856 ], [ 1.785785992694692, 44.309087046914918 ], [ 1.785844913748491, 44.309465025843657 ], [ 1.785715025342065, 44.309940969515516 ], [ 1.785772100372889, 44.310507779762681 ], [ 1.785917893091193, 44.310967128882915 ], [ 1.786151527712047, 44.311408935839339 ], [ 1.786486843748564, 44.311698383525581 ], [ 1.787045041379663, 44.312249732339069 ], [ 1.787666917313541, 44.312693488986703 ], [ 1.788188702782638, 44.313127747086455 ], [ 1.788822247548801, 44.313661480170381 ], [ 1.789067302623191, 44.314220240797511 ], [ 1.789451786312019, 44.314608842812156 ], [ 1.789970984692635, 44.315312853336721 ], [ 1.790503069547152, 44.31598095647719 ], [ 1.791458471733643, 44.316911951912239 ], [ 1.791705219834414, 44.317299858896128 ], [ 1.791915093271449, 44.317615642146741 ], [ 1.792349632403032, 44.31801347592625 ], [ 1.792810353779192, 44.318294537204338 ], [ 1.793510613863063, 44.318414923469817 ], [ 1.794299675212913, 44.318418843463739 ], [ 1.794825716167056, 44.318421453948083 ], [ 1.795564248277753, 44.318470077322715 ], [ 1.795938179520714, 44.318660770441426 ], [ 1.796586021826491, 44.31902367376825 ], [ 1.797021121272351, 44.319367537837266 ], [ 1.797854704977899, 44.319956162947499 ], [ 1.798289302460254, 44.32035397459164 ], [ 1.798511492833728, 44.320696783649034 ], [ 1.798643514929039, 44.321299929295996 ], [ 1.799089539696908, 44.3218146958625 ], [ 1.799575549474189, 44.322077868349801 ], [ 1.800275954402818, 44.322189219203956 ], [ 1.801675235437833, 44.322573765127387 ], [ 1.80193784798951, 44.322620012583144 ], [ 1.801709395467839, 44.322933631209807 ], [ 1.801342131520933, 44.323354478510332 ], [ 1.801113501774971, 44.323686080194442 ], [ 1.80053174568267, 44.324267738768938 ], [ 1.800125599659748, 44.324823279403695 ], [ 1.799755653078864, 44.325522876381079 ], [ 1.799574967511901, 44.326079522455785 ], [ 1.799389902658864, 44.327094765248006 ], [ 1.799224824440528, 44.327327758220484 ], [ 1.799034862705104, 44.327542643552299 ], [ 1.798301515810169, 44.328249440668827 ], [ 1.797605560784737, 44.328974402221171 ], [ 1.797138093032659, 44.329385750837119 ], [ 1.796746386784842, 44.329734523510027 ], [ 1.796506988936518, 44.329877220343683 ], [ 1.797216825510099, 44.330321361293848 ], [ 1.797552484568871, 44.330592793648236 ], [ 1.798013076655873, 44.330900811639836 ], [ 1.799045482891565, 44.33167925336523 ], [ 1.798806596538353, 44.331768002568673 ], [ 1.798328908124339, 44.331936508662004 ], [ 1.797374040609789, 44.332219560123306 ], [ 1.796594812142847, 44.33247649476592 ], [ 1.796040907468088, 44.332752523394745 ], [ 1.795750777715539, 44.33295791633666 ], [ 1.795233152200206, 44.33336900882906 ], [ 1.794626350319939, 44.333932529586768 ] ] ] } },
{ "type": "Feature", "properties": { "nom": "GR 36" }, "geometry": { "type": "MultiLineString", "coordinates": [ [ [ 1.166271937464634, 44.512405818365366 ], [ 1.1665393997494, 44.512237782217284 ], [ 1.166745335304719, 44.512006131086018 ], [ 1.167214611174018, 44.511804268176022 ], [ 1.167546398105169, 44.511564962275514 ], [ 1.167475486143086, 44.511348347938409 ], [ 1.167293345781699, 44.511040608757881 ], [ 1.16718473554115, 44.510823592254923 ], [ 1.167253554915638, 44.510536514582725 ], [ 1.167507503548818, 44.510413302954781 ], [ 1.167873426684205, 44.510345248615579 ], [ 1.168229960557767, 44.510124192792219 ], [ 1.168825440157084, 44.509896684589741 ], [ 1.169078448817392, 44.509818430134722 ], [ 1.169510371633319, 44.509598172098187 ], [ 1.170029509683803, 44.509414816549416 ], [ 1.170554867976179, 44.509537323195964 ], [ 1.171419519786534, 44.50966343154515 ], [ 1.172135428664043, 44.509689018606892 ], [ 1.172525542981164, 44.509666175643027 ], [ 1.173332766093671, 44.509530830677342 ], [ 1.174694573631275, 44.509320405895899 ], [ 1.175741101879114, 44.509160594709911 ], [ 1.176838445629679, 44.508974328634878 ], [ 1.177884590247843, 44.508832481276833 ], [ 1.178452105634992, 44.508739537162171 ], [ 1.178891364792129, 44.508771155077277 ], [ 1.179831235674691, 44.508906984283918 ], [ 1.180660604036946, 44.508915724115681 ], [ 1.181455045308915, 44.50878917890789 ], [ 1.181996497781706, 44.50874091260166 ], [ 1.182766540834167, 44.508578125902986 ], [ 1.183033381685399, 44.508437025829643 ], [ 1.183451567371039, 44.508270534525202 ], [ 1.183969753156943, 44.508743669730485 ], [ 1.184431165455268, 44.50830780676862 ], [ 1.184751213592593, 44.508023357484575 ], [ 1.1850331916597, 44.507756495506158 ], [ 1.185175836931884, 44.507542134634029 ], [ 1.185551479702551, 44.50699743847143 ], [ 1.186155136801629, 44.506365192255018 ], [ 1.186716301779988, 44.505966342400498 ], [ 1.187045765001229, 44.505834884272161 ], [ 1.18742328194569, 44.50581185693391 ], [ 1.187663128562421, 44.505760404051344 ], [ 1.187761561937451, 44.505248774336927 ], [ 1.187893831129354, 44.504926373633062 ], [ 1.187998211778862, 44.504738591960908 ], [ 1.188315465688928, 44.504589014294773 ], [ 1.18831491524791, 44.504615990074598 ], [ 1.188494317782838, 44.504446980846062 ], [ 1.188523120312155, 44.504267401655639 ], [ 1.18843993923914, 44.504032686636236 ], [ 1.188384092886474, 44.503690329043479 ], [ 1.189051141929466, 44.503643343307829 ], [ 1.189617302189306, 44.503613287815753 ], [ 1.190499052809928, 44.503514572835201 ], [ 1.190990738014295, 44.503438762194527 ], [ 1.191361900524219, 44.503109857818202 ], [ 1.191745622779881, 44.502781083448106 ], [ 1.191996187271409, 44.502819674066899 ], [ 1.192297744047584, 44.50282281957265 ], [ 1.192699819801268, 44.502827012298269 ], [ 1.193124829949485, 44.502939370578609 ], [ 1.193448225161949, 44.503104633312574 ], [ 1.193685312888447, 44.503188048999469 ], [ 1.194024749733104, 44.503182590258739 ], [ 1.194780289583714, 44.503109508992743 ], [ 1.195156323938508, 44.503158391842589 ], [ 1.195369928524203, 44.503160613996982 ], [ 1.196022027845183, 44.503230352790766 ], [ 1.196102503065225, 44.503599943703058 ], [ 1.196248358029997, 44.503844298087891 ], [ 1.1966870426438, 44.503902820907776 ], [ 1.19729126063825, 44.503855132924521 ], [ 1.198324328974782, 44.503730944764285 ], [ 1.198890849641967, 44.503682856621083 ], [ 1.199319516546527, 44.503615348421377 ], [ 1.199707578738415, 44.503691321959941 ], [ 1.20023040255618, 44.503939576259896 ], [ 1.200621011674723, 44.503889656416945 ], [ 1.20074630002255, 44.503908940838855 ], [ 1.201273125915999, 44.503959363297511 ], [ 1.201785573341478, 44.504099573218298 ] ] ] } },
{ "type": "Feature", "properties": { "nom": "GR 6" }, "geometry": { "type": "MultiLineString", "coordinates": [ [ [ 1.606993978449881, 44.932939888377639 ], [ 1.607476990798652, 44.933770635849058 ] ] ] } },
{ "type": "Feature", "properties": { "nom": "GR 46" }, "geometry": { "type": "MultiLineString", "coordinates": [ [ [ 1.572948355354296, 45.035095680283817 ], [ 1.573084689073216, 45.03533050537888 ], [ 1.573047596000958, 45.03618482976416 ], [ 1.573293665811035, 45.036744251328102 ], [ 1.573365094463929, 45.037086575657888 ], [ 1.57356375614247, 45.037402790803519 ], [ 1.573790503276186, 45.037521295365224 ], [ 1.574119357601587, 45.037595524790291 ], [ 1.574844930496649, 45.03742060603301 ], [ 1.574905529138189, 45.03762792184272 ], [ 1.574726692485334, 45.037716646941298 ], [ 1.574050011000982, 45.038026834833225 ], [ 1.573678534266936, 45.03828514857188 ], [ 1.573004186031554, 45.038424429489545 ], [ 1.572241770180388, 45.038509126228725 ], [ 1.571720021660094, 45.038622465523659 ], [ 1.571441293014861, 45.038593553749095 ], [ 1.571148887527232, 45.038636511009379 ], [ 1.570841321048105, 45.038859273900769 ], [ 1.57073735399701, 45.039038467346046 ], [ 1.570416601286062, 45.039297120793492 ], [ 1.569950717463609, 45.039959569717311 ] ] ] } },
{ "type": "Feature", "properties": { "nom": "GR 6" }, "geometry": { "type": "MultiLineString", "coordinates": [ [ [ 1.578096260865009, 44.7913803368007 ], [ 1.578628197863474, 44.791276059036029 ], [ 1.578994234253899, 44.791296564705519 ], [ 1.579536607230606, 44.79135425910529 ], [ 1.580117237121415, 44.791385228800721 ], [ 1.580748875802856, 44.791380566976059 ], [ 1.581241217018103, 44.791401930882571 ], [ 1.581581872032516, 44.791431249200429 ], [ 1.581959568558085, 44.791523781670087 ], [ 1.582210113301198, 44.791678406388009 ], [ 1.582472805407341, 44.791869092636254 ], [ 1.582801803455758, 44.791826368890369 ], [ 1.583017611761607, 44.791746892413371 ], [ 1.583359117663818, 44.791713247746699 ], [ 1.5836243565368, 44.791715059572709 ], [ 1.583978008800173, 44.791717474959391 ], [ 1.584280413125361, 44.791773507478041 ], [ 1.584708154646977, 44.791902351159827 ], [ 1.585136381121133, 44.791995217835577 ], [ 1.585676472651539, 44.792223765844632 ], [ 1.586178556142853, 44.792461046371265 ], [ 1.586745847301007, 44.792545859460773 ], [ 1.587313382248423, 44.792612681527267 ], [ 1.587906781229151, 44.79263470257446 ], [ 1.588158551215082, 44.792699375019566 ], [ 1.588574881026904, 44.792738178839208 ], [ 1.589307580146109, 44.79273415385407 ], [ 1.590267390494487, 44.792749650471656 ], [ 1.591252222358904, 44.7927832983965 ] ] ] } },
{ "type": "Feature", "properties": { "nom": "GR 652" }, "geometry": { "type": "MultiLineString", "coordinates": [ [ [ 1.827777375698953, 44.899897412024075 ], [ 1.827474471763374, 44.899806067912408 ], [ 1.827361724271996, 44.899679619319571 ], [ 1.827287190192605, 44.899526362495578 ], [ 1.827152748585016, 44.899004038971938 ], [ 1.82751966198884, 44.899014725799113 ], [ 1.827722798373135, 44.898943702861551 ], [ 1.827939491457082, 44.898773798635723 ], [ 1.828170560303332, 44.898415067071213 ], [ 1.828273848716999, 44.898190671190818 ], [ 1.82858346379542, 44.897544464162124 ], [ 1.828485667255523, 44.897166229512905 ], [ 1.828135766406166, 44.896678895623694 ], [ 1.828353105503235, 44.896437033965306 ], [ 1.828647187925043, 44.896105577293667 ], [ 1.82903033776566, 44.895720559350885 ], [ 1.829083655491877, 44.895423973336669 ], [ 1.829276578067777, 44.89508305487692 ], [ 1.829342548055725, 44.894786527425822 ], [ 1.829521912244751, 44.894544489551109 ], [ 1.829793448478663, 44.893907101350834 ], [ 1.829670261199788, 44.893537745619987 ], [ 1.829535158575098, 44.89308738263982 ], [ 1.829525856924491, 44.892718550569541 ], [ 1.82966774343938, 44.892422371108722 ], [ 1.829935918388112, 44.892153756347462 ], [ 1.830177966721895, 44.891974969730185 ], [ 1.830369156381398, 44.891822934153154 ], [ 1.83015543754424, 44.891669041400561 ], [ 1.829865064123445, 44.89159574992965 ], [ 1.829727266812372, 44.891442204998036 ], [ 1.829665552892407, 44.891271019565593 ], [ 1.829464245367698, 44.891144166924988 ], [ 1.829136980407171, 44.89095377181566 ], [ 1.828808979795618, 44.890844325146176 ], [ 1.828356251577969, 44.890536417649344 ], [ 1.827865079022047, 44.890282299453141 ], [ 1.827361830934877, 44.889965160017837 ], [ 1.826468242128676, 44.889439333578217 ], [ 1.826272954716409, 44.888655878717138 ], [ 1.826138960913475, 44.888088583795735 ], [ 1.826001593597188, 44.887890061565464 ], [ 1.825724227361293, 44.887780840989606 ], [ 1.825485561318504, 44.887590844010177 ], [ 1.825351824767255, 44.886996565527589 ], [ 1.825265814079245, 44.886717326767076 ], [ 1.825077350166671, 44.88657253631564 ], [ 1.824776585839469, 44.886256322956775 ], [ 1.824438942934715, 44.885823004698281 ], [ 1.824225841071389, 44.885606139799542 ], [ 1.824227988544171, 44.8853722839414 ], [ 1.82412867393438, 44.885164941717996 ], [ 1.824029689499139, 44.884921621174833 ], [ 1.823879025140137, 44.884794994660204 ], [ 1.823791703026863, 44.884659666069872 ], [ 1.823001101778844, 44.883954393680312 ], [ 1.822510341442979, 44.883664275003227 ], [ 1.821957324241101, 44.883265925868244 ], [ 1.821403568955431, 44.882948524099987 ], [ 1.821595747113532, 44.882688570344641 ], [ 1.821875735414737, 44.882509979052799 ], [ 1.822319275347295, 44.88243109338741 ], [ 1.822559814970889, 44.882414224011015 ], [ 1.822788116788685, 44.882352322891705 ], [ 1.823321620375268, 44.882120938727034 ], [ 1.824019666796171, 44.881881321231305 ], [ 1.824235809394115, 44.881765392425251 ], [ 1.824793778333404, 44.881624063319414 ], [ 1.825211593046922, 44.881590019693441 ], [ 1.825692003978483, 44.881628223396675 ], [ 1.82634870837488, 44.881757188027869 ], [ 1.826689465576568, 44.881848711460037 ], [ 1.826890979507821, 44.881948585099238 ], [ 1.827218348678347, 44.88212099718497 ], [ 1.827583264045725, 44.882338556658979 ], [ 1.827734012861243, 44.882456184404624 ], [ 1.828417344708188, 44.88244134247293 ], [ 1.829594728432518, 44.882356807151602 ], [ 1.830608540611409, 44.882172567282559 ], [ 1.831127810464031, 44.882111982796346 ], [ 1.831470207203835, 44.882023601370591 ], [ 1.83115930546451, 44.881428519782446 ], [ 1.830836250001143, 44.880779413491652 ], [ 1.830699047144049, 44.880562909325192 ], [ 1.830726388336739, 44.880338164299815 ], [ 1.830703777340883, 44.880041231724334 ], [ 1.830643868350417, 44.879672169189007 ], [ 1.830544702094269, 44.879446844866912 ], [ 1.83042162386016, 44.879068498000841 ], [ 1.830272185158133, 44.878806963105141 ], [ 1.830187306038237, 44.87840180705755 ], [ 1.830139072350165, 44.878140736580228 ], [ 1.830230889653419, 44.877781365430266 ], [ 1.830536288586751, 44.877584880524076 ], [ 1.830930970587449, 44.877307850330773 ], [ 1.831489448029645, 44.877103525993604 ], [ 1.831869925704945, 44.876997329504469 ], [ 1.832428396641243, 44.876793000465476 ], [ 1.832822008065056, 44.876632891751008 ], [ 1.833306843288708, 44.876176368116298 ], [ 1.833486373728706, 44.875907342527704 ], [ 1.833678715806339, 44.875620385736376 ], [ 1.833886540410135, 44.875018680602288 ] ] ] } },
{ "type": "Feature", "properties": { "nom": "GR 65" }, "geometry": { "type": "MultiLineString", "coordinates": [ [ [ 1.355381298767689, 44.353987067095588 ], [ 1.356001002547255, 44.35366886862284 ], [ 1.356403903271161, 44.353564559246934 ], [ 1.357044752182798, 44.353471370768737 ], [ 1.357458305797778, 44.353475070643299 ], [ 1.359069932389328, 44.353777250816954 ], [ 1.360277433202299, 44.354255665473637 ], [ 1.360760421852126, 44.354592715183522 ], [ 1.361117938724418, 44.354937638572267 ], [ 1.361364847717965, 44.355155672187237 ], [ 1.361571516484474, 44.35552622883246 ], [ 1.361670924750353, 44.356300519271592 ], [ 1.361349671994387, 44.356756306327114 ], [ 1.361243182764418, 44.357115081001155 ], [ 1.361398325410655, 44.357566117762303 ], [ 1.361703160125797, 44.357335011832475 ], [ 1.36205936639695, 44.357032418344076 ], [ 1.362779328649856, 44.356715073049074 ], [ 1.363194926255086, 44.356601858192406 ], [ 1.363333871786801, 44.356540142149285 ], [ 1.363896753526557, 44.356608095980995 ], [ 1.364697755458403, 44.356678161458071 ], [ 1.3657265177513, 44.356624336578136 ], [ 1.367829837712615, 44.356768870881297 ], [ 1.370860018405538, 44.357685955869343 ], [ 1.372001958434609, 44.358343524914311 ], [ 1.373022899391651, 44.358748209774589 ], [ 1.374600325719995, 44.359598438102822 ], [ 1.375397242293927, 44.359911201600497 ], [ 1.376071898018918, 44.36004302517852 ], [ 1.376623062227144, 44.36006584534789 ], [ 1.377036206100352, 44.360096445665967 ], [ 1.377548239983535, 44.360208849599637 ], [ 1.378197378609114, 44.36036741586976 ], [ 1.378882899147677, 44.360598241441323 ], [ 1.379814973092798, 44.36107403051237 ], [ 1.380187929943371, 44.361257150537362 ], [ 1.380974196820893, 44.361461863512282 ], [ 1.381724849180234, 44.361549350161695 ], [ 1.382750638483152, 44.361675201047682 ], [ 1.383389253683494, 44.361716734431944 ], [ 1.383876399522882, 44.361819898889031 ], [ 1.384651369989769, 44.361952541920978 ] ] ] } },
{ "type": "Feature", "properties": { "nom": "GR 652" }, "geometry": { "type": "MultiLineString", "coordinates": [ [ [ 1.833886540410135, 44.875018680602288 ], [ 1.834003626648341, 44.87465942197931 ], [ 1.834032247377927, 44.874290765783662 ], [ 1.834060543517057, 44.873958087759561 ], [ 1.834062649582363, 44.873724232570652 ], [ 1.834051945413717, 44.87350830839339 ], [ 1.834054456114703, 44.873229481471434 ], [ 1.834019182380683, 44.872932493065619 ], [ 1.833920338780138, 44.872671194115924 ], [ 1.834035638012202, 44.872509812688399 ], [ 1.834352430935106, 44.872448291864323 ], [ 1.834241019211043, 44.87217794066612 ], [ 1.83429363895154, 44.871953310568507 ], [ 1.834408773646953, 44.871809917846399 ], [ 1.834650315893962, 44.871676095272207 ], [ 1.834676665564602, 44.871559282434781 ], [ 1.834615201906415, 44.871361118147796 ], [ 1.834352168213072, 44.871072088062931 ], [ 1.834265489028933, 44.870864813876636 ], [ 1.834167297423414, 44.870531560035474 ], [ 1.833919916193055, 44.869909794202158 ], [ 1.833594056538167, 44.869575502936897 ], [ 1.833142854456362, 44.869114711974994 ], [ 1.832477698828417, 44.868536010167787 ], [ 1.832139044844828, 44.86821964554661 ], [ 1.831787584993481, 44.867921211526088 ], [ 1.83133575920065, 44.867532368674915 ], [ 1.831135023328935, 44.867351553844394 ], [ 1.830960316590699, 44.86708990580847 ], [ 1.830924410749666, 44.86686487128982 ], [ 1.830699360571222, 44.866576007382768 ], [ 1.830448365509422, 44.86635898214832 ], [ 1.830297736481067, 44.86623236508369 ], [ 1.83012197604724, 44.866087642640316 ], [ 1.829859807311117, 44.86570865822263 ], [ 1.829281130156871, 44.86536419864116 ], [ 1.828890207359398, 44.865236474551011 ], [ 1.82865113497636, 44.865100452754994 ], [ 1.82843883354957, 44.864802648630992 ], [ 1.828137510999223, 44.864558401671708 ], [ 1.82789836191332, 44.864431373693655 ], [ 1.82771078655476, 44.864196644613237 ], [ 1.827600079730247, 44.863854333258814 ], [ 1.827400435736341, 44.863556585186664 ], [ 1.827225593957349, 44.863312919688589 ], [ 1.826661495081659, 44.862761634836012 ], [ 1.826449048553992, 44.86248181522118 ], [ 1.826185770552965, 44.862228744604089 ], [ 1.825935552752201, 44.861930759918152 ], [ 1.825684513851415, 44.861722718723641 ], [ 1.825371068939009, 44.861424440320093 ], [ 1.824956289659045, 44.861143680721234 ], [ 1.824641697543607, 44.860971321386195 ], [ 1.824528787325099, 44.860871855839079 ] ] ] } },
{ "type": "Feature", "properties": { "nom": "GR 46" }, "geometry": { "type": "MultiLineString", "coordinates": [ [ [ 1.594829839376403, 44.981073729484891 ], [ 1.594898095159776, 44.981658887307539 ], [ 1.594877997715507, 44.982216465891732 ], [ 1.594708329010464, 44.982584139027452 ], [ 1.594562210234239, 44.983086900960245 ], [ 1.594591006778838, 44.983779739452913 ], [ 1.594633316320579, 44.984409700228959 ], [ 1.594513738482141, 44.984822686017189 ], [ 1.594506908078142, 44.985335378207886 ], [ 1.594375970106247, 44.985649338677746 ], [ 1.594168385911226, 44.986007761479705 ], [ 1.593934849240646, 44.986410987034063 ], [ 1.593882232153182, 44.986554560064498 ], [ 1.593775798010444, 44.986931653168014 ], [ 1.593098518350091, 44.987340891517384 ], [ 1.592535421914094, 44.98774189980638 ], [ 1.591918732995332, 44.988358433549344 ], [ 1.591248801375479, 44.989163508970158 ], [ 1.590708977192522, 44.989717587425567 ], [ 1.590168297840553, 44.990334624808902 ], [ 1.589753156764563, 44.991042461558557 ], [ 1.589401987164799, 44.9917057517589 ], [ 1.589000829030767, 44.992314730099693 ], [ 1.588882882240128, 44.992601786839401 ], [ 1.588652178770938, 44.992789131847751 ], [ 1.588447429759738, 44.992931674471208 ], [ 1.588479296474927, 44.993390656972778 ], [ 1.587984081449019, 44.993450275424735 ], [ 1.587310310934943, 44.993589641279094 ], [ 1.5871044658289, 44.993813133127865 ], [ 1.586829911000825, 44.994431958045858 ], [ 1.586594953976764, 44.994934110104758 ], [ 1.586015299854449, 44.995613832708031 ], [ 1.585667937878712, 44.99598928456998 ], [ 1.585332519798098, 44.996418789609976 ], [ 1.58518992021442, 44.996651702117589 ], [ 1.58581290503458, 44.99652099908063 ], [ 1.58666237373853, 44.996517764211006 ], [ 1.586941143987723, 44.996528648297073 ], [ 1.587319633494751, 44.996666143472559 ], [ 1.587572566364561, 44.996712833030415 ], [ 1.588128415432582, 44.996860521765406 ], [ 1.588798360038775, 44.997008978407983 ], [ 1.589128564295449, 44.996966232351276 ], [ 1.589306161449739, 44.996958435974086 ], [ 1.589708446985233, 44.997213024419807 ], [ 1.589844154680515, 44.997492798846444 ], [ 1.590032743444882, 44.997611012217739 ], [ 1.589929759243105, 44.997727258158342 ], [ 1.589610057096142, 44.997931995208376 ], [ 1.588920660276534, 44.998287157386549 ], [ 1.588440800981383, 44.9984741939044 ], [ 1.588321603814291, 44.998555794273194 ], [ 1.587836081371597, 44.99880156025533 ], [ 1.587452130715883, 44.999068824776089 ], [ 1.586950326465715, 44.99961414861032 ], [ 1.586577105543592, 45.000025410730963 ], [ 1.586062970257199, 45.000543660494735 ], [ 1.585921575233392, 45.000686628642782 ], [ 1.585880949833676, 45.000716445500018 ], [ 1.585767743863709, 45.000811521851773 ], [ 1.585359506238228, 45.000997655647339 ], [ 1.585041104048462, 45.001103438649572 ], [ 1.58460908468504, 45.001172468196103 ], [ 1.583924478625591, 45.001167813899592 ], [ 1.583250481784032, 45.001316150097637 ], [ 1.582878196177646, 45.001655442844765 ], [ 1.582609035781902, 45.001869499630338 ], [ 1.582492498211866, 45.002048615521971 ], [ 1.582295626009915, 45.002542023337512 ], [ 1.582101919460893, 45.002801571853929 ], [ 1.58206998355359, 45.003287108360816 ], [ 1.582138376476521, 45.003854289259664 ], [ 1.582285158695968, 45.004251089779409 ], [ 1.582305033927938, 45.004656021725566 ], [ 1.582262245678176, 45.005006552856571 ], [ 1.581385819690335, 45.006053046133268 ], [ 1.580831345593889, 45.006732916677585 ], [ 1.580200416845854, 45.007439249273901 ], [ 1.579186885417648, 45.008304879225811 ], [ 1.578430590516735, 45.008902398513094 ], [ 1.577892898295544, 45.009276524630813 ], [ 1.577405673168442, 45.009668985013128 ], [ 1.576983558647953, 45.009935954049709 ], [ 1.576637029299089, 45.010239421937136 ], [ 1.576875002981134, 45.010456947110008 ], [ 1.576858149828674, 45.010762678180718 ], [ 1.576498197628898, 45.011120026287379 ], [ 1.576124946607619, 45.011522260010835 ], [ 1.576046284430481, 45.011710624870432 ], [ 1.576054297570109, 45.01205250865506 ], [ 1.576123500919772, 45.012556731981533 ], [ 1.576191107674152, 45.013177885982387 ], [ 1.576153667035105, 45.013358763642493 ], [ 1.576104951608002, 45.013914924808276 ], [ 1.576079712130552, 45.013905756085812 ], [ 1.5760712359003, 45.014526387338691 ], [ 1.576138845721792, 45.015147541724147 ], [ 1.576069789119974, 45.015560861064394 ], [ 1.575926241345837, 45.015856726537272 ], [ 1.575679522062786, 45.016277819882404 ], [ 1.575333559835872, 45.016536310852729 ], [ 1.574973191531644, 45.016920639518133 ] ] ] } },
{ "type": "Feature", "properties": { "nom": "GR 651" }, "geometry": { "type": "MultiLineString", "coordinates": [ [ [ 1.769714759595449, 44.55344357881048 ], [ 1.769261527949319, 44.553486204134067 ], [ 1.768744773666838, 44.553591454116258 ], [ 1.768216351799206, 44.553606705371394 ], [ 1.767728668719041, 44.553325378456236 ], [ 1.767352815651568, 44.553179532088407 ], [ 1.767001935759416, 44.553051801832588 ], [ 1.766611499663799, 44.55310373554083 ], [ 1.766108052769005, 44.553137094170317 ], [ 1.76501476535381, 44.55304146936848 ], [ 1.763859699140886, 44.552837588597427 ], [ 1.763231768137766, 44.552744373456662 ], [ 1.762516261495035, 44.552605729519307 ], [ 1.761701802297194, 44.552304677855005 ], [ 1.761173666508171, 44.552292916921168 ], [ 1.760735137718105, 44.552128732061952 ], [ 1.76058578452033, 44.551975058389466 ], [ 1.760447625389021, 44.551956346026358 ] ] ] } },
{ "type": "Feature", "properties": { "nom": "GR 65" }, "geometry": { "type": "MultiLineString", "coordinates": [ [ [ 2.05004414348408, 44.60909281501381 ], [ 2.050663386360626, 44.609155791824904 ], [ 2.051004113913366, 44.609412287752875 ], [ 2.050860968562896, 44.609873274598101 ], [ 2.051327668730239, 44.609703610021654 ], [ 2.052390368562269, 44.609823764977001 ], [ 2.053356554697194, 44.609839814538987 ], [ 2.054296394599838, 44.610069126037516 ], [ 2.054970135154096, 44.610127540883298 ], [ 2.055556519348193, 44.610294296221177 ], [ 2.056045913465745, 44.610402855351744 ], [ 2.056858664630032, 44.610367214262148 ], [ 2.057428927529785, 44.610574331087243 ], [ 2.058184926636617, 44.610592288434212 ], [ 2.059423329675133, 44.610602833258781 ], [ 2.06019855903788, 44.610535698132296 ], [ 2.061180800830708, 44.610433450605569 ], [ 2.062266856129525, 44.610534479678385 ], [ 2.063240514762485, 44.610708977729288 ], [ 2.064167484591454, 44.610827423122757 ], [ 2.064991867418697, 44.61090812850405 ], [ 2.065920675490649, 44.61091598122723 ], [ 2.066799103202966, 44.610849671853998 ], [ 2.067729127797926, 44.610783790703636 ], [ 2.068761768820838, 44.610702934200503 ], [ 2.070053383757053, 44.610562415040881 ], [ 2.071089222386226, 44.610443433464496 ], [ 2.072747695690122, 44.610014984182918 ], [ 2.073599901097392, 44.610147976360658 ], [ 2.074908638021305, 44.610307965079102 ], [ 2.076299521763825, 44.610305403382988 ], [ 2.076968478446907, 44.6107084009479 ], [ 2.078035955299504, 44.611681257870096 ], [ 2.079149858511836, 44.612394570275534 ], [ 2.079270542428943, 44.61148693389503 ], [ 2.079285910172266, 44.611355149101023 ] ] ] } },
{ "type": "Feature", "properties": { "nom": "GR 651" }, "geometry": { "type": "MultiLineString", "coordinates": [ [ [ 1.760447625389021, 44.551956346026358 ], [ 1.760558047085307, 44.552226731454923 ], [ 1.760643961606483, 44.552434034463658 ], [ 1.760805800710493, 44.552596767025719 ], [ 1.760928802821308, 44.55286721947482 ], [ 1.761178406835745, 44.55305739297652 ], [ 1.761379085352414, 44.553112406309545 ], [ 1.76199526778825, 44.553124628453872 ], [ 1.762536356960893, 44.55310047977288 ], [ 1.763302086418653, 44.553248379773322 ], [ 1.763965551382439, 44.55355762423433 ], [ 1.764490031601305, 44.553929095604865 ], [ 1.764699263493027, 44.554379863835727 ], [ 1.764691014915536, 44.555189240699001 ], [ 1.765016106336308, 44.555379798808588 ], [ 1.765944925308101, 44.555573497670913 ], [ 1.766530039914777, 44.556259334781515 ] ] ] } },
{ "type": "Feature", "properties": { "nom": "GR 65" }, "geometry": { "type": "MultiLineString", "coordinates": [ [ [ 1.828663655138724, 44.513468860689265 ], [ 1.828789175180595, 44.513487428737804 ], [ 1.828825659221309, 44.513622497524956 ], [ 1.829263517221881, 44.51384935722411 ], [ 1.829602049127332, 44.513940856494976 ], [ 1.83006602205911, 44.514059913759766 ], [ 1.830994137061316, 44.514280037595412 ], [ 1.831721405975616, 44.514472248517755 ], [ 1.832510957755309, 44.514727694799561 ], [ 1.833087334523322, 44.514928196432955 ], [ 1.833788838509774, 44.515192222364078 ], [ 1.834339926409819, 44.515410587976348 ], [ 1.834665906660952, 44.515502013728018 ], [ 1.835067221259022, 44.515602776940881 ], [ 1.835530578221703, 44.515793755388977 ], [ 1.836171503057868, 44.515805675616576 ], [ 1.836673613096652, 44.515879912856263 ], [ 1.83694908537176, 44.51599808173021 ], [ 1.837651339706154, 44.516181146686534 ], [ 1.838039694917916, 44.516326806389834 ], [ 1.83835407643995, 44.516310248876465 ], [ 1.838970030894926, 44.516304052803576 ], [ 1.839184019877006, 44.516269050582601 ], [ 1.839962651646513, 44.516344527322779 ], [ 1.840225008623919, 44.516525582318259 ], [ 1.840486810100062, 44.516769586566866 ], [ 1.841086945696623, 44.517132032650075 ], [ 1.841361562109538, 44.517349113001139 ], [ 1.84157341207305, 44.517556915952788 ], [ 1.842010638957613, 44.51786466207507 ], [ 1.842322732399569, 44.51810888896523 ], [ 1.842595933130703, 44.518487839622409 ] ] ] } },
{ "type": "Feature", "properties": { "nom": "GR 65" }, "geometry": { "type": "MultiLineString", "coordinates": [ [ [ 1.83939102188285, 44.485800859357006 ], [ 1.839378459252619, 44.485800801887741 ], [ 1.839328211209672, 44.485800573822978 ], [ 1.838850136650199, 44.485879341558515 ], [ 1.838610021715662, 44.486040128350631 ], [ 1.83823044574925, 44.486344171142385 ], [ 1.837949606114174, 44.486846512314671 ], [ 1.837820468448105, 44.487241624916926 ], [ 1.837742458235218, 44.487538045121241 ], [ 1.837599636669043, 44.488059000809557 ], [ 1.837343268395979, 44.488633397581793 ], [ 1.837214122390453, 44.489028510677898 ], [ 1.836835078588387, 44.489269599033996 ], [ 1.8367331351204, 44.48943101177867 ], [ 1.836565733654443, 44.489888901880931 ], [ 1.83641776760461, 44.490985398488185 ], [ 1.836273001643376, 44.491722181421146 ], [ 1.836532187290306, 44.492244971693218 ], [ 1.836713353237108, 44.493064181640079 ], [ 1.836986872983188, 44.493389185256994 ], [ 1.837183013813058, 44.493938666365217 ], [ 1.837392602085762, 44.494389282625335 ], [ 1.837164210100851, 44.494640052699893 ], [ 1.836695579237275, 44.49506059796245 ], [ 1.83621782159262, 44.495094390044898 ], [ 1.835476138659432, 44.495135967486888 ], [ 1.834946757771038, 44.495322403469231 ], [ 1.834952090057674, 44.496131819614888 ], [ 1.834934946239512, 44.496644355612439 ], [ 1.835119235640769, 44.497112848205234 ], [ 1.835239662107801, 44.497697959930534 ], [ 1.835221957520715, 44.498273447458267 ], [ 1.835098752104468, 44.499406033434376 ], [ 1.835042986653092, 44.50142925916478 ], [ 1.834592745101233, 44.502596320052845 ], [ 1.834286661934731, 44.503098539385988 ], [ 1.833941748592094, 44.503726486318001 ], [ 1.833670454177446, 44.50455262199803 ], [ 1.833126317525825, 44.504972806967437 ], [ 1.83276881282321, 44.505600692549976 ], [ 1.832472680905582, 44.506390738962033 ], [ 1.832061338751109, 44.507414080017043 ], [ 1.831629214148804, 44.507951686815098 ], [ 1.831363937156735, 44.508164624098569 ], [ 1.831350718603594, 44.508175234783913 ], [ 1.831320895945489, 44.508199309409491 ], [ 1.831288841788119, 44.508225186234938 ] ] ] } },
{ "type": "Feature", "properties": { "nom": "GR 65" }, "geometry": { "type": "MultiLineString", "coordinates": [ [ [ 1.831288841788119, 44.508225186234938 ], [ 1.831021061051112, 44.508497473072104 ], [ 1.830930014853746, 44.508838798424378 ], [ 1.830750510250593, 44.509233674556569 ], [ 1.830370736204781, 44.509537692412145 ], [ 1.829825715026746, 44.510047791591944 ], [ 1.829583685772251, 44.510406404460397 ], [ 1.829431575945336, 44.510549593639787 ], [ 1.82936662600623, 44.510783118907682 ], [ 1.829086725792254, 44.511159541632367 ], [ 1.829059232836258, 44.511420219954204 ], [ 1.82905671375067, 44.511699000443691 ], [ 1.828865350034745, 44.512012879893696 ], [ 1.828712339538848, 44.512254990284205 ], [ 1.828710306969633, 44.512479813595228 ], [ 1.828759033291542, 44.512650911646354 ], [ 1.828780509577554, 44.513055709939628 ], [ 1.828778883469591, 44.513235568465959 ], [ 1.828663655138724, 44.513468860689265 ] ] ] } },
{ "type": "Feature", "properties": { "nom": "GR 651" }, "geometry": { "type": "MultiLineString", "coordinates": [ [ [ 1.766530039914777, 44.556259334781515 ], [ 1.766774384181421, 44.556881873356474 ], [ 1.766206367861582, 44.557076780409666 ], [ 1.765435819692456, 44.557396541496892 ], [ 1.764716490923695, 44.557626627563877 ], [ 1.763997339774294, 44.557838723873189 ], [ 1.763076750117006, 44.558067749500871 ], [ 1.762178085695087, 44.55861165714682 ], [ 1.761369667014858, 44.558940184735306 ], [ 1.761205410932485, 44.559011272341237 ], [ 1.760835009886426, 44.559557937541001 ], [ 1.760366281744798, 44.559879246247199 ], [ 1.759847695809345, 44.560155323257788 ], [ 1.759341037092725, 44.560494415930023 ], [ 1.758895413335438, 44.561013699575255 ], [ 1.758299297549804, 44.561487220243627 ], [ 1.7577560856141, 44.561709196173155 ], [ 1.757826087311471, 44.562240187293369 ], [ 1.759065399986877, 44.562831299109313 ], [ 1.758584425326067, 44.563116562013235 ], [ 1.758882995403436, 44.56344190380883 ], [ 1.759232996291594, 44.563659591447731 ], [ 1.758898524799041, 44.564377319633756 ], [ 1.758666534891111, 44.564915714559277 ], [ 1.75876272893638, 44.565295508682723 ], [ 1.759175358566329, 44.567114084727493 ], [ 1.75959041165949, 44.569273483592148 ] ] ] } },
{ "type": "Feature", "properties": { "nom": "GR 6" }, "geometry": { "type": "MultiLineString", "coordinates": [ [ [ 2.028786984345844, 44.633997140452941 ], [ 2.028926324695465, 44.633853631169586 ], [ 2.029154817431771, 44.633530497617564 ], [ 2.029143061491585, 44.633377571941722 ], [ 2.028793260274934, 44.632854958807648 ], [ 2.028619103962889, 44.63245874762508 ], [ 2.028759724096305, 44.632081407512572 ], [ 2.028976554715826, 44.631587361175882 ], [ 2.029079188857371, 44.631245888685129 ], [ 2.029131197737144, 44.630949243046921 ], [ 2.029134010737659, 44.630436610785004 ], [ 2.029224097082989, 44.630086109481034 ], [ 2.029351521623272, 44.629816655143152 ], [ 2.029719075941687, 44.629394979660574 ], [ 2.029607795772795, 44.629016934539408 ], [ 2.029458587792425, 44.628665764439596 ], [ 2.029409838330495, 44.628368836858741 ], [ 2.029373288804297, 44.628143892487721 ], [ 2.029513105872409, 44.627910447683533 ], [ 2.029791897345675, 44.627596447967406 ], [ 2.029919116981103, 44.627362967813745 ], [ 2.029944648646981, 44.62730008405844 ], [ 2.029936972996368, 44.627113077525337 ], [ 2.029696368028497, 44.626642853093458 ], [ 2.029597243879538, 44.626345785344476 ], [ 2.029623662688413, 44.626121017529847 ], [ 2.029789251629114, 44.625779720497995 ], [ 2.030056421959599, 44.625285814562325 ], [ 2.030273460144559, 44.624746801283372 ], [ 2.030275427141782, 44.624387060423139 ], [ 2.030304350527651, 44.623703623026159 ], [ 2.030370462021684, 44.623128213801444 ], [ 2.030271930719112, 44.622723224432121 ], [ 2.030061148070907, 44.62212006212323 ], [ 2.030189976454013, 44.62158979683214 ], [ 2.030292339997263, 44.621293291988607 ], [ 2.030645863821488, 44.621123397799558 ], [ 2.030809958995995, 44.621051905392633 ], [ 2.030861457649146, 44.620845194970428 ], [ 2.030788554276664, 44.620359335845677 ], [ 2.030828735221994, 44.61991875979146 ], [ 2.030767001512871, 44.619693747097038 ], [ 2.030831189007648, 44.619469084782104 ], [ 2.030946039280924, 44.619190601121936 ], [ 2.031213609531329, 44.618615752715556 ], [ 2.031380782644774, 44.61797767027938 ], [ 2.031406994857978, 44.617788876319146 ], [ 2.031622670529069, 44.617492685603416 ], [ 2.031711741309607, 44.617322054413847 ], [ 2.031638443056761, 44.616908144476113 ], [ 2.031437762030533, 44.616763689144328 ], [ 2.031111607831788, 44.616537941733156 ], [ 2.030936160641744, 44.616384562033083 ], [ 2.030597517471864, 44.616140791628062 ], [ 2.030321834864247, 44.615897195238936 ], [ 2.030323653717645, 44.615564437105178 ], [ 2.030354733110735, 44.614485289074153 ], [ 2.030396781625161, 44.613702962486045 ], [ 2.030388220849814, 44.612965462374433 ], [ 2.030127061943338, 44.612371156149493 ], [ 2.029866549489576, 44.611659934378999 ], [ 2.029753924542316, 44.611533709777305 ], [ 2.029491843973681, 44.611110277609228 ], [ 2.029268177560724, 44.610570036483999 ] ] ] } },
{ "type": "Feature", "properties": { "nom": "GR 65" }, "geometry": { "type": "MultiLineString", "coordinates": [ [ [ 1.865272517454138, 44.53039591401545 ], [ 1.865367542675348, 44.529559940738714 ], [ 1.865193878180009, 44.529280401343534 ], [ 1.864793167998703, 44.529089817433373 ], [ 1.86413034678825, 44.528673269229337 ], [ 1.863597039954534, 44.527807608942332 ], [ 1.863211192277731, 44.527347283502571 ], [ 1.862776887117233, 44.526670906634422 ], [ 1.862441339227365, 44.526210796122037 ], [ 1.862012678037841, 44.524868935496094 ], [ 1.861716150816892, 44.524256105409108 ], [ 1.861505950503958, 44.523841501429338 ], [ 1.861519358892568, 44.523742632635106 ], [ 1.861298722165978, 44.523076170995587 ], [ 1.861113517297861, 44.522679661386299 ], [ 1.860951094386353, 44.522562044033705 ], [ 1.860413927803129, 44.522164006043774 ], [ 1.860341787303396, 44.521776979748964 ], [ 1.860371961530192, 44.521183552550283 ], [ 1.860225013413735, 44.520724255104014 ], [ 1.859952063819599, 44.520300382619034 ], [ 1.859804052516344, 44.519966986695714 ], [ 1.859731460284295, 44.519633918823544 ], [ 1.859610272074611, 44.519102785943339 ], [ 1.859664597820029, 44.518626377481731 ], [ 1.859705437881333, 44.51825782992357 ], [ 1.859656154247487, 44.518140702674472 ], [ 1.85938322140332, 44.517716829243554 ], [ 1.859098183525741, 44.517238943394538 ], [ 1.858663470862324, 44.516625504992099 ], [ 1.858364420452485, 44.516318428923661 ] ] ] } },
{ "type": "Feature", "properties": { "nom": "GR 65" }, "geometry": { "type": "MultiLineString", "coordinates": [ [ [ 1.936903218753613, 44.57377677816558 ], [ 1.936793316200726, 44.573308716520451 ], [ 1.936242865885266, 44.572866028488072 ], [ 1.935991233792517, 44.572865110309856 ], [ 1.935777989582554, 44.572774396583917 ], [ 1.935528093546917, 44.572530659392804 ], [ 1.935279615826524, 44.572089070078263 ], [ 1.935094113789169, 44.571638717716262 ], [ 1.934920937034632, 44.57122438347146 ], [ 1.934861960245281, 44.570675565069777 ], [ 1.934827502043286, 44.570216771594765 ], [ 1.934680589111436, 44.569649645283413 ], [ 1.934157031019197, 44.568973215871537 ], [ 1.934021935542324, 44.56851405264964 ], [ 1.933936065941792, 44.56820796025039 ], [ 1.933750263146149, 44.567802571654802 ], [ 1.933188604486363, 44.567179959617953 ], [ 1.932813784306579, 44.566818842037762 ], [ 1.932576961861866, 44.566512193092159 ], [ 1.932579099456909, 44.566215416016888 ], [ 1.932631750789386, 44.565891845572203 ], [ 1.932785041577356, 44.565568645319466 ], [ 1.932470931753051, 44.565513527895739 ], [ 1.931315978867093, 44.565176510329671 ], [ 1.929859712270999, 44.564757422253258 ], [ 1.928555207467062, 44.56423095799024 ], [ 1.927865160064378, 44.563976572904437 ], [ 1.927478274558163, 44.563552438795895 ], [ 1.926829592181528, 44.562803561382083 ], [ 1.926103149320389, 44.562369160291226 ], [ 1.925175713661168, 44.561898027138717 ], [ 1.924335422040635, 44.561553121932128 ], [ 1.924021540966872, 44.561471001639219 ], [ 1.923155706640209, 44.561179951506858 ], [ 1.922741993728263, 44.56098952935686 ], [ 1.922240563652407, 44.560753807042786 ], [ 1.921249760428502, 44.560354349640889 ], [ 1.920685047701834, 44.560172341008368 ], [ 1.920018374313644, 44.560169811974262 ], [ 1.919541049667963, 44.560078063929062 ], [ 1.918850425300644, 44.559913554144522 ], [ 1.918185363932103, 44.559695177432801 ], [ 1.917368827365388, 44.559548165956905 ], [ 1.916464312056138, 44.559391816812685 ] ] ] } },
{ "type": "Feature", "properties": { "nom": "GR 65" }, "geometry": { "type": "MultiLineString", "coordinates": [ [ [ 1.89990087115358, 44.547689647748903 ], [ 1.899486214283313, 44.547643028501724 ], [ 1.899363048149039, 44.547309782197786 ], [ 1.899202996980022, 44.54686846716487 ], [ 1.899045332216827, 44.546121386328267 ], [ 1.898923643995125, 44.545599284286688 ], [ 1.898801187020176, 44.545176106230841 ], [ 1.898791628101414, 44.544789352151248 ], [ 1.898670295884721, 44.544222284433204 ], [ 1.89866284401782, 44.543565737362954 ], [ 1.898641203484228, 44.543115981973983 ], [ 1.898149094964153, 44.543329856664968 ], [ 1.897694989834233, 44.543507907694305 ], [ 1.897444194014011, 44.543416969502744 ], [ 1.897206746998543, 44.543227157697771 ], [ 1.896718227911813, 44.542982377745687 ], [ 1.896416924383077, 44.542918214853643 ], [ 1.89593971510453, 44.542835358070128 ], [ 1.895487020230945, 44.542833538278316 ], [ 1.895175195938536, 44.54250852146167 ], [ 1.894876232737422, 44.542147582805001 ], [ 1.894501046504122, 44.541885262828181 ], [ 1.89398591213, 44.541829224520335 ], [ 1.893609099065219, 44.541773742675254 ], [ 1.893446267868636, 44.541692144334355 ], [ 1.893259282911436, 44.541484540640496 ], [ 1.89316017845668, 44.541295279427651 ], [ 1.892927093180444, 44.540556879701533 ], [ 1.89269465317167, 44.539737542014386 ], [ 1.892499088321802, 44.53902627374945 ], [ 1.892665111530667, 44.538703185119942 ], [ 1.89260515825802, 44.538334214687744 ], [ 1.892240017965026, 44.538395689371121 ], [ 1.89178871423315, 44.538222985695469 ], [ 1.890948839641227, 44.537895814148342 ], [ 1.88993337221511, 44.537513960684343 ], [ 1.889745554913095, 44.537414268484198 ], [ 1.889154737708505, 44.537393873001065 ], [ 1.888373089913379, 44.537651488244542 ], [ 1.887718108355209, 44.537792702611334 ], [ 1.886837228190092, 44.537879027148989 ], [ 1.887116010492092, 44.537610369081946 ], [ 1.887219407819868, 44.537260051876629 ], [ 1.887271933463283, 44.536981472485309 ] ] ] } },
{ "type": "Feature", "properties": { "nom": "GR 65" }, "geometry": { "type": "MultiLineString", "coordinates": [ [ [ 1.887271933463283, 44.536981472485309 ], [ 1.886944878451092, 44.536998118350667 ], [ 1.886579956610139, 44.537032594790048 ], [ 1.886191475884498, 44.53686911951862 ], [ 1.8860043173165, 44.536688483438709 ], [ 1.885754220946257, 44.536516581417217 ], [ 1.885009277569729, 44.536900230546763 ], [ 1.884529817587167, 44.537105102788864 ], [ 1.883988357301521, 44.537201795836815 ], [ 1.883824684044077, 44.537228100503583 ], [ 1.883058204019892, 44.53716197940242 ], [ 1.882417096724962, 44.537141339680794 ], [ 1.881875996591485, 44.537193056869441 ], [ 1.881370574271137, 44.537496734635809 ], [ 1.880712654157423, 44.5379976296732 ], [ 1.880131190181647, 44.538372932993845 ], [ 1.879450884172952, 44.538531979617282 ], [ 1.878973078038146, 44.538529987228785 ], [ 1.878143569507204, 44.538481554993176 ] ] ] } },
{ "type": "Feature", "properties": { "nom": "GR 65" }, "geometry": { "type": "MultiLineString", "coordinates": [ [ [ 1.89990087115358, 44.547689647748903 ], [ 1.900326704728459, 44.547916177168794 ], [ 1.900551185458541, 44.548159891395606 ], [ 1.900776367642712, 44.548313674568675 ], [ 1.901352356459969, 44.548639723530854 ], [ 1.902140616244524, 44.549164465411707 ], [ 1.902664785515159, 44.549688158363168 ], [ 1.903063618051371, 44.550157392070354 ], [ 1.903677506616729, 44.550465592731271 ], [ 1.904166053098114, 44.550719335288463 ], [ 1.905181025766283, 44.551208975046229 ], [ 1.906444934255419, 44.552041332256152 ], [ 1.907421738621374, 44.552593756930264 ], [ 1.907383801101445, 44.552620588373678 ], [ 1.908060008427533, 44.553009949089976 ], [ 1.908875603410602, 44.553264947829113 ], [ 1.909503299075289, 44.55342028131529 ], [ 1.910056560572455, 44.553440420701541 ], [ 1.910873467576698, 44.553524534700102 ], [ 1.911489207449793, 44.553598870236868 ], [ 1.912154715016263, 44.553745341997406 ], [ 1.912719199863953, 44.553945379046425 ], [ 1.913333454170705, 44.554217553239276 ], [ 1.913883947737534, 44.554606393454314 ], [ 1.914071390589725, 44.554768996507036 ], [ 1.914497471215442, 44.554977485756517 ], [ 1.915260854741576, 44.555493045775634 ], [ 1.916174580237492, 44.556090117435851 ], [ 1.916537922777739, 44.556280370893774 ], [ 1.917026778867687, 44.556507077392709 ], [ 1.917564339202521, 44.556949809633828 ], [ 1.917977267462615, 44.557239176392784 ], [ 1.917986222361314, 44.557724855430259 ], [ 1.917932352389121, 44.558201302017508 ], [ 1.917917760302079, 44.558471049520634 ], [ 1.917701913777103, 44.558740028606479 ], [ 1.91747355412691, 44.55899996606815 ], [ 1.91717045954937, 44.559160689460711 ], [ 1.916867566089954, 44.559294432250169 ], [ 1.916464312056138, 44.559391816812685 ] ] ] } },
{ "type": "Feature", "properties": { "nom": "GR 65" }, "geometry": { "type": "MultiLineString", "coordinates": [ [ [ 1.987388145856854, 44.564820738187493 ], [ 1.98714811988007, 44.564981855184179 ], [ 1.986593819687931, 44.565105995429064 ], [ 1.986430055250624, 44.565141446099759 ], [ 1.986266123430063, 44.565203876514921 ], [ 1.98562432166944, 44.565237798555636 ], [ 1.985045362975172, 44.565280911294863 ], [ 1.984478813300705, 44.565351041908791 ], [ 1.984126687371226, 44.565331923959668 ], [ 1.983849984561567, 44.565322041009054 ], [ 1.983622866246386, 44.565429231445258 ], [ 1.983432806934722, 44.565644461796488 ], [ 1.983280487925654, 44.565859813291503 ], [ 1.982991599593816, 44.565786935332888 ], [ 1.982463747977776, 44.565704290920721 ], [ 1.981772471447775, 44.565603129626467 ], [ 1.981055352715111, 44.565609800327039 ] ] ] } },
{ "type": "Feature", "properties": { "nom": "GR 65" }, "geometry": { "type": "MultiLineString", "coordinates": [ [ [ 1.990260242201989, 44.568274326926705 ], [ 1.989909264238437, 44.568066369104336 ], [ 1.989320036447544, 44.567731748322807 ], [ 1.988893582086683, 44.567523548552529 ], [ 1.98836726915391, 44.567189121345585 ], [ 1.988254883681118, 44.567053863114324 ], [ 1.98809245640313, 44.566873479006681 ], [ 1.988031064471354, 44.566630460899347 ], [ 1.988032460648991, 44.566405630025308 ], [ 1.987983928648071, 44.566117686123157 ], [ 1.987973025462151, 44.56584784842314 ], [ 1.987976155988506, 44.56534422690379 ], [ 1.987977945550554, 44.565056443488558 ], [ 1.987886122099457, 44.564387731182485 ], [ 1.987532255539422, 44.564610785344911 ], [ 1.987388145856854, 44.564820738187493 ] ] ] } },
{ "type": "Feature", "properties": { "nom": "GR 652" }, "geometry": { "type": "MultiLineString", "coordinates": [ [ [ 1.707986334163192, 44.929431852671115 ], [ 1.707718611499861, 44.92959224071739 ], [ 1.707424547799685, 44.92984242894309 ], [ 1.707283948044736, 44.92995856445674 ], [ 1.706915431768174, 44.93007340190433 ], [ 1.706497183399122, 44.930106997354208 ], [ 1.706054220456207, 44.930086480194525 ], [ 1.705762283214227, 44.930147779586612 ], [ 1.70491016479542, 44.930475730341463 ], [ 1.704439937006558, 44.930625957334371 ], [ 1.703881276920362, 44.930757686430248 ], [ 1.703308828277572, 44.930988280163909 ], [ 1.702876578587449, 44.931138718597047 ], [ 1.702406851649068, 44.931243965003723 ], [ 1.702305861059924, 44.931216399258972 ], [ 1.701597292835, 44.931167354327414 ], [ 1.700801937901383, 44.930955893213678 ], [ 1.700220508398612, 44.93086259466638 ], [ 1.699689009989885, 44.93083254691269 ], [ 1.699284235775749, 44.930794231976591 ], [ 1.698651957553395, 44.930718621542511 ], [ 1.697993944989514, 44.930678839562042 ], [ 1.697424359503743, 44.930657555693195 ], [ 1.696753067508514, 44.930671660185595 ], [ 1.696398324366087, 44.930687595283651 ], [ 1.695980891344598, 44.930649194553602 ], [ 1.695375391869514, 44.930447789957647 ], [ 1.694996568103142, 44.930355638823258 ], [ 1.694618470641371, 44.930200526188685 ], [ 1.693950915589811, 44.929890810932243 ], [ 1.693408739794141, 44.929689763160901 ], [ 1.69298135452214, 44.929417420949846 ], [ 1.69250363845919, 44.92911779838996 ], [ 1.692933200054244, 44.929201257363083 ], [ 1.693605202883676, 44.929124214875046 ], [ 1.69391157045781, 44.928910115580713 ], [ 1.694155769761798, 44.928596706937874 ], [ 1.694577535710418, 44.928257344414874 ], [ 1.694617074670678, 44.928122647820764 ], [ 1.694191042358592, 44.927733381917427 ], [ 1.69377695132456, 44.927407149544557 ], [ 1.693146172117034, 44.927205584869341 ], [ 1.692604753725423, 44.926941572312835 ], [ 1.692507308315844, 44.926608185291215 ], [ 1.692534397575322, 44.926455426170556 ], [ 1.692336290401328, 44.926067481616116 ], [ 1.692148663540386, 44.925868494939088 ], [ 1.692013864530401, 44.925480919296128 ], [ 1.691802167484872, 44.925173850651838 ], [ 1.691778094287357, 44.92506576919196 ], [ 1.691755790121511, 44.924804781182544 ], [ 1.691620372589705, 44.924471172522033 ], [ 1.691356373598587, 44.924307718736898 ], [ 1.691104412487412, 44.92419830602983 ], [ 1.690991926106559, 44.924071716519279 ], [ 1.690920337352547, 44.923693504396958 ], [ 1.690581424888073, 44.923439660549434 ], [ 1.690469252997746, 44.923286087776546 ], [ 1.690879384270715, 44.922856721712122 ], [ 1.691225687266983, 44.922471956974931 ], [ 1.691572609325207, 44.92203322390791 ], [ 1.691856747143321, 44.921549148399258 ], [ 1.692003285585459, 44.920920347169876 ], [ 1.691934087041706, 44.920335263357828 ], [ 1.691940846556011, 44.91975062255915 ], [ 1.691823819826755, 44.918922392786406 ], [ 1.691680958941695, 44.918138987195306 ], [ 1.691562066877831, 44.917472657395841 ], [ 1.691573928237597, 44.916447289487699 ], [ 1.69192070705171, 44.916017550675548 ], [ 1.692064527003466, 44.915622607314766 ], [ 1.69184062514037, 44.915279488190151 ], [ 1.691590783933844, 44.914990187190767 ], [ 1.691454870589749, 44.914701551058606 ], [ 1.691234202235558, 44.914079603171345 ], [ 1.690612698182992, 44.914183910473852 ], [ 1.690504088701512, 44.913724527027973 ], [ 1.690429391139705, 44.913616149705874 ], [ 1.690407201304674, 44.913346167799801 ], [ 1.690190971488858, 44.913434852629649 ], [ 1.68993770480745, 44.913442365531367 ], [ 1.689445188440674, 44.913340535392365 ], [ 1.688244448245381, 44.913180576963732 ], [ 1.687016619729832, 44.913173361858725 ], [ 1.686004606623011, 44.913113434993939 ], [ 1.685916630041042, 44.913058946809436 ], [ 1.685841102015998, 44.913022521663393 ], [ 1.685588782714565, 44.912949074003123 ], [ 1.684360748124866, 44.912959818576283 ], [ 1.68343629452148, 44.912990335810512 ], [ 1.682714788707878, 44.912986066335733 ], [ 1.681143930169705, 44.913084696164645 ], [ 1.680701217256669, 44.913055082673289 ], [ 1.68025723564211, 44.913133400686824 ], [ 1.679690167642571, 44.912914147700889 ], [ 1.67884367526203, 44.912774184077392 ], [ 1.67864316526901, 44.912602083182541 ], [ 1.678544979409004, 44.912340641457256 ], [ 1.678268631088759, 44.912159093284984 ], [ 1.677751999839733, 44.911958121003828 ], [ 1.677462678883375, 44.911803478474724 ], [ 1.6773458883088, 44.912045648608249 ], [ 1.677266645592554, 44.912324022714429 ], [ 1.677148682334336, 44.912665130465285 ], [ 1.676680233444169, 44.91267132797833 ], [ 1.676084779723138, 44.912712743543729 ], [ 1.675256362647905, 44.913184525030758 ], [ 1.674540679206144, 44.913755921842288 ], [ 1.673798167891188, 44.914453084612227 ], [ 1.673362436565158, 44.914900222789626 ], [ 1.672724698304323, 44.915301170777177 ], [ 1.672228231412401, 44.915532057607209 ], [ 1.671871218024407, 44.915745791822516 ], [ 1.67104143251964, 44.916325474684896 ], [ 1.670749636586054, 44.91637768735557 ], [ 1.670281264019124, 44.916374862493896 ], [ 1.669204303117327, 44.916449316544501 ], [ 1.667886175296059, 44.916576270548113 ], [ 1.666592062552998, 44.916811295563299 ], [ 1.665752684374878, 44.917130024726475 ], [ 1.665203802833152, 44.917504483425141 ], [ 1.664372728988001, 44.918183056426535 ], [ 1.664028653865486, 44.918369859499201 ], [ 1.663433672063628, 44.91836623477338 ], [ 1.662798975268496, 44.918506287179767 ], [ 1.66250846505131, 44.918450544116602 ], [ 1.66231999099517, 44.918332457252632 ], [ 1.662322601113331, 44.918116590823757 ], [ 1.662326081676226, 44.91782876834538 ], [ 1.662164885763911, 44.917548936281236 ], [ 1.66187590574207, 44.917367269392365 ], [ 1.661434258381082, 44.917247634942356 ], [ 1.660917531082097, 44.917055578586947 ], [ 1.660350936181346, 44.916800247750615 ], [ 1.659897401504328, 44.916617568716745 ], [ 1.659985576416013, 44.916654089448151 ], [ 1.659809336391681, 44.916572053419536 ], [ 1.660344058010903, 44.916323465717355 ] ] ] } },
{ "type": "Feature", "properties": { "nom": "GR 652" }, "geometry": { "type": "MultiLineString", "coordinates": [ [ [ 1.768391505773988, 44.885476801904964 ], [ 1.768343643747772, 44.885494781761345 ], [ 1.767958683692559, 44.885735424580673 ], [ 1.7675390601003, 44.885940145055727 ], [ 1.766852639831882, 44.886251425181449 ], [ 1.766053168718311, 44.886481163418964 ], [ 1.765635097808376, 44.886532971769455 ], [ 1.765344098673963, 44.886531466111165 ], [ 1.764926579631259, 44.886529304698854 ], [ 1.764178904713686, 44.886642363673367 ], [ 1.763849764855489, 44.886658646805536 ], [ 1.763507972539616, 44.886674862842234 ], [ 1.76297528758038, 44.886798024859438 ], [ 1.762568845397782, 44.886948824813537 ], [ 1.762048437707222, 44.887108025784599 ], [ 1.761603292117996, 44.887330580375853 ], [ 1.76076387950501, 44.887748965558188 ], [ 1.760062421833973, 44.888284998561367 ], [ 1.759515480705381, 44.888560983432122 ], [ 1.759033286274609, 44.88869338471774 ], [ 1.758321851142585, 44.888968502841536 ], [ 1.757888582620044, 44.889263064627833 ], [ 1.75768501977148, 44.889369935906132 ], [ 1.757393539972366, 44.889413382012677 ], [ 1.757312767320554, 44.889880693323029 ], [ 1.757194781178534, 44.890275849770148 ], [ 1.756849132939158, 44.890660816160171 ], [ 1.756768729062712, 44.89109215008375 ], [ 1.756698638582473, 44.891748410361124 ], [ 1.756553094486442, 44.892359300271032 ], [ 1.756485805200245, 44.892745728478019 ], [ 1.756431357030876, 44.89311423367824 ], [ 1.756542527075081, 44.89337567003939 ], [ 1.75661601898898, 44.893609924734662 ], [ 1.756474956584195, 44.893789081956058 ], [ 1.756259094924601, 44.893859906632208 ], [ 1.755891948782681, 44.893875966273356 ], [ 1.755323185330849, 44.893810008499564 ], [ 1.754868588611642, 44.893717665529856 ] ] ] } },
{ "type": "Feature", "properties": { "nom": "GR 652" }, "geometry": { "type": "MultiLineString", "coordinates": [ [ [ 1.315279043761139, 44.709454597537665 ], [ 1.315222488586023, 44.709455992671522 ], [ 1.314894098262169, 44.709479930563695 ], [ 1.314580125390686, 44.709405060382828 ], [ 1.314240931267841, 44.709329953859935 ], [ 1.313662449086179, 44.709234635405906 ], [ 1.313246274047924, 44.709230769303296 ], [ 1.31222516011158, 44.709151498438679 ], [ 1.311312629668358, 44.708958988179063 ], [ 1.310386143146855, 44.708834294325698 ], [ 1.309670911735463, 44.708823376698781 ], [ 1.309042188017247, 44.708711720669534 ], [ 1.308851673100343, 44.70825599691625 ] ] ] } },
{ "type": "Feature", "properties": { "nom": "GR 652" }, "geometry": { "type": "MultiLineString", "coordinates": [ [ [ 1.804164747095655, 44.871740132783749 ], [ 1.804152098147937, 44.871740071293566 ], [ 1.803859544719566, 44.871909561272076 ], [ 1.803340339828894, 44.871970018070961 ], [ 1.803348948960451, 44.872392816035429 ], [ 1.802918454957278, 44.872435709298074 ], [ 1.802269913416616, 44.872792364373502 ], [ 1.801721865435935, 44.873221461420286 ], [ 1.80128756787818, 44.873660102247918 ], [ 1.800703715995351, 44.873864149803175 ], [ 1.800195323705529, 44.874113535814224 ], [ 1.799902312721345, 44.874327987134805 ], [ 1.799521359151198, 44.874479045643675 ], [ 1.798988090792172, 44.874683330493419 ], [ 1.79836670544107, 44.874842207940127 ], [ 1.797908023039787, 44.875181773635084 ], [ 1.797588916762342, 44.875477045121606 ], [ 1.797246246454042, 44.875592303644808 ], [ 1.796853323414733, 44.875671336494285 ], [ 1.796358070138178, 44.875866799433361 ], [ 1.796014174838972, 44.876107975528548 ], [ 1.795643145837993, 44.876537909518689 ], [ 1.795490299941537, 44.876645098554768 ], [ 1.795399395756031, 44.876887513040224 ], [ 1.795057846657283, 44.876885837983679 ], [ 1.794716297598248, 44.876884160976473 ], [ 1.794296488037531, 44.877124960010114 ], [ 1.794018713151154, 44.877069625930183 ], [ 1.793552063538748, 44.876923412937884 ], [ 1.793010305180083, 44.876695875367318 ], [ 1.792884594068004, 44.876614302508465 ], [ 1.792556573785891, 44.876522738331452 ], [ 1.792278277107389, 44.876521366066839 ], [ 1.791684435205381, 44.876446477333261 ], [ 1.791269450376386, 44.876192572297235 ], [ 1.790818104566246, 44.875776579204562 ], [ 1.789738472183409, 44.876220976914631 ], [ 1.788873783373664, 44.87667542571581 ], [ 1.787767491566679, 44.87725459466288 ], [ 1.787674694182587, 44.877685884852689 ], [ 1.787420098891924, 44.877846525615908 ], [ 1.786950003798909, 44.878051067111493 ], [ 1.786353138281885, 44.87828195958329 ], [ 1.785360730656246, 44.878852677422877 ], [ 1.784965811750166, 44.879129544838051 ], [ 1.784912898357769, 44.879363146531574 ], [ 1.784632274353654, 44.879595609719054 ], [ 1.784162332571061, 44.879782150501718 ], [ 1.783654882879669, 44.879923527094832 ], [ 1.783298702665367, 44.880119628621649 ], [ 1.782877660193416, 44.880477311614499 ], [ 1.782154332631687, 44.880698551574383 ], [ 1.781505025594105, 44.881109052467963 ], [ 1.780918426044388, 44.881573832897452 ], [ 1.780575414768114, 44.881716023737461 ], [ 1.78014447182973, 44.881794805982523 ], [ 1.779814916901584, 44.881856108079631 ], [ 1.779270921262799, 44.881853362399987 ], [ 1.779081334146904, 44.881834415546521 ], [ 1.77875285690386, 44.881787782124384 ], [ 1.778385796161746, 44.881803916046259 ], [ 1.777877411734821, 44.882035210556218 ], [ 1.777558791352773, 44.882267463506679 ], [ 1.776932931021313, 44.882857953618803 ], [ 1.776690299325785, 44.883081594423913 ], [ 1.776420919080771, 44.883449017692278 ], [ 1.776175844242746, 44.883915506692226 ], [ 1.775832716881744, 44.88406667751412 ], [ 1.775339214448245, 44.884073164127685 ], [ 1.775023197882217, 44.884044571648722 ], [ 1.774707180352072, 44.884015979157134 ], [ 1.774390529395281, 44.884050346488387 ], [ 1.774085894388358, 44.88414773854177 ], [ 1.773730924198643, 44.884217888206521 ], [ 1.773466238214495, 44.884117594051645 ], [ 1.773261633983551, 44.884332426998043 ], [ 1.773084057052108, 44.88437649562335 ], [ 1.772590097641086, 44.884427941711664 ], [ 1.772375111480282, 44.884417848657122 ], [ 1.772084123130392, 44.88441636065788 ], [ 1.771640495743641, 44.884495045728329 ], [ 1.770689706373697, 44.884679067630202 ], [ 1.769901647645887, 44.885034820195244 ], [ 1.769203420794678, 44.885265100499083 ], [ 1.768464812927881, 44.885452981099803 ], [ 1.768391505773988, 44.885476801904964 ] ] ] } },
{ "type": "Feature", "properties": { "nom": "GR 652" }, "geometry": { "type": "MultiLineString", "coordinates": [ [ [ 1.754868588611642, 44.893717665529856 ], [ 1.754408643646431, 44.894138002462221 ], [ 1.753934909405781, 44.89466620467006 ], [ 1.753678541293201, 44.894979673207267 ], [ 1.753372965555286, 44.895157958658608 ], [ 1.753510185801161, 44.89534757652148 ], [ 1.753947912152354, 44.895844608221765 ], [ 1.754387806746201, 44.896134766712237 ], [ 1.754965589828969, 44.896551578771756 ], [ 1.75507516559598, 44.896965922191015 ], [ 1.754816636895181, 44.897486267055321 ], [ 1.75468812058234, 44.897674482978765 ], [ 1.754644997243055, 44.898168977645092 ], [ 1.754477763355827, 44.89842894918867 ], [ 1.754248380852451, 44.898580653766857 ], [ 1.753969598817357, 44.898615162740221 ], [ 1.753552177039331, 44.898594969469265 ], [ 1.753199158850559, 44.89846717575243 ], [ 1.752879871936396, 44.898744331775461 ], [ 1.752814150186843, 44.898977853139712 ], [ 1.752723965475441, 44.899130289825401 ], [ 1.752758165953801, 44.899490269016326 ], [ 1.752869896116804, 44.899697743214958 ], [ 1.75327241376642, 44.899933739004467 ], [ 1.752967373026925, 44.900058056336377 ], [ 1.752775473242194, 44.900254930807151 ], [ 1.752432463586518, 44.900379046445586 ], [ 1.752066592945567, 44.900269170763231 ], [ 1.752329620189413, 44.900531416393825 ], [ 1.752567620805027, 44.900766544848864 ], [ 1.75259048131825, 44.901000534133743 ], [ 1.752627223299428, 44.901117663511968 ] ] ] } },
{ "type": "Feature", "properties": { "nom": "GR 652" }, "geometry": { "type": "MultiLineString", "coordinates": [ [ [ 1.752627223299428, 44.901117663511968 ], [ 1.75253703337504, 44.901270100132379 ], [ 1.75214631865044, 44.901115119028965 ], [ 1.751590235405347, 44.901040214857076 ], [ 1.750817406993334, 44.901117072157732 ], [ 1.750245833004602, 44.901311928217808 ], [ 1.749725918808642, 44.901408110341158 ], [ 1.749574811414226, 44.90133534792016 ], [ 1.750122400531148, 44.901014439107435 ], [ 1.750036935655667, 44.900717151060228 ], [ 1.749886775547746, 44.900554443653874 ], [ 1.74965983325781, 44.900472283470975 ], [ 1.749405306623331, 44.900605854546605 ], [ 1.749148410648434, 44.900964286798512 ], [ 1.748423071069027, 44.901338214769439 ], [ 1.74783921056734, 44.901497012446711 ], [ 1.74723013240233, 44.901646677494199 ], [ 1.746356330541498, 44.901695980807339 ], [ 1.74571156655051, 44.901629567902916 ], [ 1.745117615962245, 44.901545433237168 ], [ 1.744899514447954, 44.901823108639761 ], [ 1.744443245342261, 44.901883628162047 ], [ 1.743823314397144, 44.901862311776888 ], [ 1.743876995855011, 44.901574760842585 ], [ 1.743601157762, 44.901330415822081 ], [ 1.74312206999273, 44.901156937848015 ], [ 1.742756212511376, 44.9010470314795 ], [ 1.742388152809546, 44.901143996457705 ], [ 1.741750778479596, 44.901572323257213 ], [ 1.741205631376737, 44.901659335569263 ], [ 1.740966425786878, 44.901541110788358 ], [ 1.740651096896525, 44.901440464962548 ], [ 1.740436723404154, 44.901367347371021 ], [ 1.740108065953101, 44.901329592991353 ], [ 1.739652085000598, 44.901363109227141 ], [ 1.739245955473402, 44.901468852726268 ], [ 1.738915274439636, 44.9016199782615 ], [ 1.73844345114565, 44.901950237591734 ], [ 1.738212562202653, 44.902236825454025 ], [ 1.737919648208675, 44.902406143237521 ], [ 1.737295170498367, 44.902807530055334 ], [ 1.737188993931985, 44.903265697679821 ], [ 1.737135952374353, 44.903490283747615 ], [ 1.736950644697774, 44.904244856295797 ], [ 1.73687035525407, 44.904649194852887 ], [ 1.736867356424126, 44.904928023857302 ], [ 1.73728133884234, 44.905272080712621 ], [ 1.737201532801673, 44.905631446901744 ], [ 1.737072068311047, 44.905900593821862 ], [ 1.736929364666762, 44.906223638731298 ], [ 1.737064041043788, 44.906647134861977 ], [ 1.73706036593045, 44.906988924077659 ], [ 1.737005387183934, 44.907393400437826 ], [ 1.736961419446854, 44.907950851518279 ], [ 1.73701793364095, 44.908580808643457 ], [ 1.737304792913972, 44.908978145277821 ], [ 1.737591945301347, 44.909348498444899 ], [ 1.737624602058439, 44.909843400826041 ], [ 1.737657937208687, 44.910275341383262 ], [ 1.737680062872647, 44.910572297223766 ], [ 1.737714171275886, 44.910932282276349 ], [ 1.737886355065319, 44.911400956194065 ], [ 1.738085209744298, 44.911743844079645 ], [ 1.738361846585018, 44.911916247964626 ], [ 1.73870293299081, 44.911981060265362 ], [ 1.738764582343658, 44.912134308955451 ], [ 1.738758314172461, 44.91271895117422 ], [ 1.738615988537744, 44.913006020655374 ], [ 1.73855221615533, 44.913050650495371 ], [ 1.737633394070935, 44.912559940971974 ], [ 1.737255975719454, 44.91234201317932 ], [ 1.736903004213612, 44.912205172572399 ], [ 1.736824735553054, 44.912420627158141 ], [ 1.736948605345668, 44.912673160148671 ], [ 1.737032761834572, 44.91308738779621 ], [ 1.737040777738888, 44.913519192489566 ], [ 1.737048503163009, 44.913977980036378 ], [ 1.736980471011965, 44.914418367275502 ], [ 1.736810009859126, 44.914966137940247 ], [ 1.736641093060913, 44.915369996184715 ], [ 1.736562334604887, 44.915630424548191 ], [ 1.736495361581093, 44.915971871411486 ], [ 1.736405298737754, 44.916106307394259 ], [ 1.735794962760628, 44.91635485069952 ], [ 1.73515969256274, 44.916567273692564 ], [ 1.734740202016842, 44.916726899291753 ], [ 1.73435926883602, 44.916832763304441 ], [ 1.733966938868746, 44.916821628881081 ], [ 1.733346262013562, 44.916854221365014 ], [ 1.733054620612311, 44.916897603069415 ], [ 1.732712048507991, 44.916967690999421 ], [ 1.73279666752748, 44.917336950434787 ], [ 1.7321763741137, 44.917333557194709 ], [ 1.732126550744929, 44.917541395091305 ], [ 1.732159522628892, 44.917720252349717 ], [ 1.732241798085193, 44.918305379374573 ], [ 1.732696849473865, 44.918370833710398 ], [ 1.733251424884005, 44.918598739749555 ], [ 1.732958019935177, 44.918804022696541 ], [ 1.732385326345881, 44.919079738220042 ], [ 1.73177611169574, 44.919220324748515 ], [ 1.731700057330557, 44.919228903591637 ], [ 1.731114985829949, 44.91947755911589 ], [ 1.73072078135724, 44.919637308403509 ], [ 1.730008811221608, 44.919912247744278 ], [ 1.729219798779323, 44.920285704580685 ], [ 1.728495350552169, 44.920542575107717 ], [ 1.727515929481729, 44.920959946415323 ], [ 1.727033379806117, 44.921092210980298 ], [ 1.726767915764264, 44.921054765574766 ], [ 1.726209305659051, 44.921195601086318 ], [ 1.726004086757984, 44.921437333092975 ], [ 1.725899260281755, 44.921760575636711 ], [ 1.725771773131553, 44.921840826333984 ], [ 1.725316208254496, 44.921820316463588 ], [ 1.724568474748341, 44.92188813709874 ], [ 1.723870292872693, 44.922055172919002 ], [ 1.723628861394906, 44.922134788991812 ], [ 1.723350437230732, 44.92212424847532 ], [ 1.722984086047851, 44.922050253709259 ], [ 1.722568878281613, 44.92181407583567 ], [ 1.722355342415858, 44.921659972621029 ], [ 1.721877137860204, 44.921396455307502 ], [ 1.721345817361078, 44.921357517522274 ], [ 1.720799850699321, 44.921498396781274 ], [ 1.72026504902131, 44.921774261208014 ], [ 1.719946259575851, 44.921979368800507 ], [ 1.71948940170946, 44.922075762714123 ], [ 1.718882314427959, 44.922018399854799 ], [ 1.718830577460221, 44.922117056233162 ], [ 1.718791003167363, 44.922260755786787 ], [ 1.718456752339333, 44.922717634208567 ], [ 1.718072354763344, 44.923129255450561 ], [ 1.717804491466066, 44.923307657537016 ], [ 1.717563145160297, 44.923378265879172 ], [ 1.717067889456336, 44.923510415000969 ], [ 1.716496370030717, 44.923669120439286 ], [ 1.715912787199363, 44.923773783945862 ], [ 1.715572657919252, 44.9236189566207 ], [ 1.715205404983053, 44.923625886452697 ], [ 1.714912608686015, 44.923768160028644 ], [ 1.714491801879864, 44.92403564353512 ], [ 1.713930218172978, 44.924437258349094 ], [ 1.713356567230996, 44.924784831065196 ], [ 1.712784118552909, 44.925024467763208 ], [ 1.712221907490767, 44.925480040618403 ], [ 1.712207433293398, 44.925641870138655 ], [ 1.712142113500626, 44.925821402742727 ], [ 1.712150341064218, 44.926217232543429 ], [ 1.712425056894877, 44.926560598760823 ], [ 1.712498405501998, 44.926794884954745 ], [ 1.712396009026185, 44.926893252554429 ], [ 1.712292200500486, 44.927117543279337 ], [ 1.712063290841683, 44.92720619997904 ], [ 1.711681537824835, 44.927374947758835 ], [ 1.711084437983634, 44.927551470650201 ], [ 1.710601387913267, 44.927719641546254 ], [ 1.71024363657283, 44.928005457375903 ], [ 1.709911101862678, 44.928300409296 ], [ 1.709618066831417, 44.928460658306008 ], [ 1.709082839634448, 44.928763453246276 ], [ 1.708559863409582, 44.929102295454101 ], [ 1.708329418448874, 44.929325862361267 ], [ 1.707986334163192, 44.929431852671115 ] ] ] } },
{ "type": "Feature", "properties": { "nom": "GR 652" }, "geometry": { "type": "MultiLineString", "coordinates": [ [ [ 1.847156216899294, 44.898123065635509 ], [ 1.846498956832689, 44.898030201824966 ], [ 1.845690156979922, 44.897900680076347 ], [ 1.845487205609065, 44.897953747522109 ], [ 1.845182381330679, 44.898078319696296 ], [ 1.844978319415175, 44.898257308071663 ], [ 1.844825271165204, 44.898391549553978 ], [ 1.844224932639093, 44.899018515588459 ], [ 1.843701307885083, 44.899555871612982 ], [ 1.843063932610186, 44.900074727946283 ], [ 1.842808517123209, 44.900334438424295 ], [ 1.842414207768037, 44.900557546901382 ], [ 1.842286856392909, 44.900646925262393 ], [ 1.842046164113319, 44.900672832066263 ], [ 1.841717443874124, 44.900635380115467 ], [ 1.84136381204766, 44.900552840512788 ], [ 1.840670087931233, 44.900288875433226 ], [ 1.839773725321989, 44.900041984626391 ], [ 1.838837879146842, 44.899965810696543 ], [ 1.838665041854429, 44.899479308648559 ], [ 1.838297882712039, 44.899495641561984 ], [ 1.83751398905832, 44.899411147581802 ], [ 1.837008107401571, 44.8993728811094 ], [ 1.836515444633235, 44.899271706969657 ], [ 1.835769280515061, 44.899214356119955 ], [ 1.835097752926288, 44.899301257262998 ], [ 1.834159980973305, 44.899440912707483 ], [ 1.833083158949388, 44.899561936365238 ], [ 1.832373658468005, 44.899648648271594 ], [ 1.831854797159466, 44.89964627757346 ], [ 1.831414229522729, 44.899383411260118 ] ] ] } },
{ "type": "Feature", "properties": { "nom": "GR 65" }, "geometry": { "type": "MultiLineString", "coordinates": [ [ [ 1.723219693208392, 44.365416024049388 ], [ 1.723402332315718, 44.3659116496233 ], [ 1.723460307635815, 44.366343626178946 ], [ 1.723495856012386, 44.366532673167121 ], [ 1.723317323258329, 44.366810447263774 ], [ 1.722984148283959, 44.367474041782081 ], [ 1.722587795255294, 44.368182244125336 ], [ 1.722117787363804, 44.368746147644963 ], [ 1.721710352150436, 44.369319394495122 ], [ 1.721227199879385, 44.369937176973799 ], [ 1.720858536202975, 44.3704027252491 ], [ 1.720654414617435, 44.370725315188636 ], [ 1.720562427604359, 44.371111486177981 ], [ 1.720597773856971, 44.371318519889307 ], [ 1.720430369351623, 44.371722251182575 ], [ 1.720075012191404, 44.372115930390777 ], [ 1.719707507910295, 44.372473568519119 ], [ 1.719240295776004, 44.37277668659916 ], [ 1.71869617984913, 44.373232244844111 ], [ 1.718492528498699, 44.373509870469007 ], [ 1.718220559163772, 44.374299698249629 ], [ 1.717659432866467, 44.375159831636061 ], [ 1.717404432430042, 44.375545078881508 ], [ 1.717059192063258, 44.376154633330323 ], [ 1.716839419423756, 44.376755905690267 ], [ 1.716493867952557, 44.37739243589683 ], [ 1.716429296347525, 44.377562933568107 ], [ 1.716021342576741, 44.378172129795466 ], [ 1.715688410518635, 44.378799737594683 ], [ 1.715497560087109, 44.379050452725956 ], [ 1.715331884286499, 44.379292317134528 ], [ 1.71533019617227, 44.379445185909262 ], [ 1.716031743988457, 44.379503126287496 ], [ 1.716606919072297, 44.379650274013699 ], [ 1.716831024417748, 44.379795429559103 ], [ 1.717143294620764, 44.379905112613812 ], [ 1.71760642222396, 44.37997967728807 ], [ 1.718057013246901, 44.380054169648069 ], [ 1.718433263772796, 44.3800473046919 ], [ 1.718672084985989, 44.379994697104138 ], [ 1.719036685313023, 44.379906828993477 ] ] ] } },
{ "type": "Feature", "properties": { "nom": "GR 6" }, "geometry": { "type": "MultiLineString", "coordinates": [ [ [ 2.015294110385358, 44.656487856239579 ], [ 2.015032238046236, 44.656010419547393 ], [ 2.014996502748, 44.655650563136419 ], [ 2.01565650627693, 44.654816069515803 ], [ 2.016303942251708, 44.653972542754985 ], [ 2.016534285241951, 44.653352642239213 ], [ 2.016476426655431, 44.652453095755945 ], [ 2.016557881944751, 44.65142804187326 ], [ 2.016779207067257, 44.650178552463153 ], [ 2.017285884779824, 44.649703355785981 ], [ 2.017702722732167, 44.649515696552847 ], [ 2.017978823490101, 44.649705366647744 ], [ 2.01908002440977, 44.648809176598611 ], [ 2.020141820982798, 44.648191669188755 ], [ 2.020610098467205, 44.647815278478589 ], [ 2.020953195967172, 44.64729462677569 ], [ 2.021019632912552, 44.646683242164919 ], [ 2.021517590583232, 44.645506489598681 ], [ 2.021846855488586, 44.645201645900691 ], [ 2.022557833046982, 44.644223361998122 ], [ 2.022964935833143, 44.643514019022199 ], [ 2.023598681213989, 44.642823307887056 ], [ 2.024168572027772, 44.642285305111542 ], [ 2.02420661377076, 44.642240444774977 ], [ 2.024383677072946, 44.64211503513701 ], [ 2.024940605772896, 44.641639948641398 ], [ 2.025547712852813, 44.641200975654812 ], [ 2.026091875801376, 44.640752828099082 ], [ 2.02647197361934, 44.640358177768512 ], [ 2.026826673237594, 44.639999429596628 ], [ 2.027296675544542, 44.639290249717362 ], [ 2.027868527365789, 44.638383491939095 ], [ 2.028109938513437, 44.638006433454741 ], [ 2.028149509425771, 44.637682771602258 ], [ 2.027913848408229, 44.637016575144685 ], [ 2.027892968566512, 44.636234063548088 ], [ 2.027895693523655, 44.635739417158234 ], [ 2.027947861475427, 44.635415790772903 ], [ 2.02824162138953, 44.634679132323392 ], [ 2.028558932824396, 44.634239330974481 ], [ 2.028786984345844, 44.633997140452941 ] ] ] } },
{ "type": "Feature", "properties": { "nom": "GR 6" }, "geometry": { "type": "MultiLineString", "coordinates": [ [ [ 1.995636238813914, 44.679407931184109 ], [ 1.996812158824534, 44.678817974329746 ], [ 1.997342731086198, 44.678630741072297 ], [ 1.997684545457728, 44.67838896047472 ], [ 1.997812776342516, 44.678029599984463 ], [ 1.998180610313504, 44.677652989055382 ], [ 1.998447871324974, 44.677231099267189 ], [ 1.99881553433828, 44.67688146752328 ], [ 1.999145215507279, 44.67655870066146 ], [ 1.999626855212401, 44.676119477695948 ], [ 2.000018955403571, 44.675895831417996 ], [ 2.000349811659524, 44.675375198945197 ], [ 2.000580255786911, 44.674782306897114 ], [ 2.000760116619238, 44.674216242013067 ], [ 2.001165342140319, 44.673902693469977 ], [ 2.001569809384782, 44.673715055179215 ], [ 2.002100047491198, 44.673572766828343 ], [ 2.003022673931109, 44.673152857869475 ], [ 2.003894603680771, 44.672777757336085 ], [ 2.004301028179295, 44.672257341513323 ], [ 2.004631556486447, 44.671781665194651 ], [ 2.005175224193594, 44.671495501216384 ], [ 2.005628694774962, 44.671541836931318 ], [ 2.00612109094691, 44.671399415620797 ], [ 2.006741428297803, 44.67093359736716 ], [ 2.007420386217141, 44.671214442148475 ], [ 2.008028952044418, 44.670604679666212 ], [ 2.008069717047703, 44.670101145371717 ], [ 2.008200077012856, 44.669364039297449 ], [ 2.008808930322677, 44.668700310744228 ], [ 2.009138136103911, 44.668440470390976 ], [ 2.009782310800315, 44.668199552870135 ], [ 2.009545426458993, 44.66775815048544 ], [ 2.009144236486728, 44.667397202529429 ], [ 2.009121134765376, 44.667037379904997 ], [ 2.009515287214282, 44.666444959570221 ], [ 2.00979474904413, 44.666068049504375 ], [ 2.009861119698819, 44.665492641400505 ], [ 2.010066585874148, 44.664836701380935 ], [ 2.009629024680896, 44.664232814638176 ], [ 2.009002073604894, 44.663691318398648 ], [ 2.008271420007737, 44.66364416937175 ], [ 2.007947092216435, 44.663076589909792 ], [ 2.007484152074658, 44.662508593559124 ], [ 2.007020692382252, 44.662030532473125 ], [ 2.006884297355089, 44.661652383013951 ], [ 2.007289133613862, 44.661383781606538 ], [ 2.007694864376841, 44.660962287480125 ], [ 2.008314072546561, 44.660667341439158 ], [ 2.008995333156668, 44.660534467051562 ], [ 2.009576412206727, 44.66029336338228 ], [ 2.010032259201211, 44.659916978531747 ], [ 2.010262643477168, 44.659306083648509 ], [ 2.010406126498694, 44.658470085046979 ], [ 2.01103548833156, 44.658588870115885 ], [ 2.011717031723928, 44.658402017081229 ], [ 2.012134110147323, 44.658187397221454 ], [ 2.012111773537503, 44.657692672382282 ], [ 2.012065382832301, 44.657000012040456 ], [ 2.012973296145327, 44.656885769759235 ], [ 2.013665908937356, 44.656959756656725 ], [ 2.013991605402115, 44.65729348393279 ], [ 2.014124205806556, 44.658337154192786 ], [ 2.014388823206782, 44.658337930170831 ], [ 2.014845862500233, 44.657745677760644 ], [ 2.015175906956346, 44.657323934552615 ], [ 2.015353965182337, 44.657036653570479 ], [ 2.015294110385358, 44.656487856239579 ] ] ] } },
{ "type": "Feature", "properties": { "nom": "GR 65" }, "geometry": { "type": "MultiLineString", "coordinates": [ [ [ 1.764743426952125, 44.393311919462228 ], [ 1.765055316568634, 44.393475421429315 ], [ 1.765442915031871, 44.393594353818315 ], [ 1.765781077503932, 44.393641083509358 ], [ 1.766119241789437, 44.393687812177042 ], [ 1.766908261719594, 44.393799839882973 ], [ 1.767164442209572, 44.394511610235362 ], [ 1.767471615543205, 44.395142709297573 ], [ 1.767769344658438, 44.395468000661225 ], [ 1.768214311222976, 44.396117800765488 ], [ 1.768813060278838, 44.396444653610416 ], [ 1.769498705953546, 44.396861883168526 ], [ 1.770184813636816, 44.397234147096505 ], [ 1.770545643548026, 44.397523786647476 ], [ 1.770971088519048, 44.397624910028632 ], [ 1.771447246458391, 44.397672335593647 ], [ 1.771898952680335, 44.397656683509339 ], [ 1.772274952889392, 44.397685603124522 ], [ 1.772851542299633, 44.397724548774249 ], [ 1.773340244421909, 44.397772031186875 ], [ 1.773778599070146, 44.397837238294684 ] ] ] } },
{ "type": "Feature", "properties": { "nom": "GR 46" }, "geometry": { "type": "MultiLineString", "coordinates": [ [ [ 1.574973191531644, 45.016920639518133 ], [ 1.574601367346374, 45.017214932664459 ], [ 1.574047192449919, 45.017858793691026 ], [ 1.573723248901479, 45.01836031054205 ], [ 1.573307814723994, 45.019059097648167 ], [ 1.572931525895757, 45.019677193820876 ], [ 1.572506474898703, 45.020151023338173 ], [ 1.571913706443779, 45.020830590245659 ], [ 1.571958629377518, 45.021253691130426 ], [ 1.571890522697609, 45.0215950502079 ], [ 1.571987165873927, 45.021946543710555 ], [ 1.572323669013084, 45.022380653408831 ], [ 1.572181937116577, 45.022541594334932 ], [ 1.572178725406432, 45.022775456141567 ], [ 1.572170451270571, 45.023378099225361 ], [ 1.572127833187125, 45.023710640699605 ], [ 1.571726875589964, 45.024274589602591 ], [ 1.571290332347179, 45.024658381098348 ], [ 1.571083815050368, 45.024917823995885 ], [ 1.571069028853365, 45.025070646573333 ], [ 1.57117934423716, 45.025350270710945 ], [ 1.571436671285951, 45.026008724385683 ], [ 1.571327289425148, 45.026583683372159 ], [ 1.571155601281347, 45.027077251750747 ], [ 1.571171445610812, 45.027770019386047 ], [ 1.571091013414693, 45.028084307355329 ], [ 1.571099615576318, 45.028381220417131 ], [ 1.571065589449421, 45.029010673247853 ], [ 1.571060395013329, 45.029388450655283 ], [ 1.571217994247429, 45.029920278906005 ], [ 1.571458947925113, 45.030848486413355 ], [ 1.571892037005405, 45.031643087983241 ], [ 1.572138939462677, 45.032139548450978 ], [ 1.572387697990268, 45.032501088685855 ], [ 1.57234470365715, 45.032860614294123 ], [ 1.57237905403932, 45.03313071840499 ], [ 1.572476830602976, 45.03340126016522 ], [ 1.572638528670083, 45.033636260565338 ], [ 1.573001466106893, 45.033998586727002 ], [ 1.573198139859, 45.03445871768325 ], [ 1.5732951836226, 45.034783227129473 ], [ 1.572948355354296, 45.035095680283817 ] ] ] } },
{ "type": "Feature", "properties": { "nom": "GR 6" }, "geometry": { "type": "MultiLineString", "coordinates": [ [ [ 1.823941499077455, 44.748554345026619 ], [ 1.823340063589334, 44.748074844615587 ], [ 1.822361255439287, 44.747458666064212 ], [ 1.82213408174843, 44.747457605430974 ], [ 1.821502628650194, 44.747499624992415 ], [ 1.821186696012676, 44.747543118349206 ], [ 1.820908873088078, 44.747559807101148 ], [ 1.820492885104321, 44.747503892529998 ], [ 1.820303324596245, 44.747529986739281 ], [ 1.820039284800084, 44.747420816748836 ], [ 1.81966298892481, 44.747167210549669 ], [ 1.81918623109942, 44.746859165522807 ], [ 1.818946438996096, 44.746858038577805 ], [ 1.818605931587925, 44.746829454527223 ], [ 1.818137719288752, 44.746962166008693 ], [ 1.817720235868524, 44.747068131948801 ], [ 1.817492062951205, 44.747174987885472 ], [ 1.816999354844117, 44.747226630968122 ], [ 1.816519434185871, 44.747260342762843 ], [ 1.816203748303335, 44.747276840370631 ], [ 1.815901018318002, 44.747257420675368 ], [ 1.815800388077133, 44.747220967402981 ], [ 1.815658880494239, 44.747508116232602 ], [ 1.815429946619792, 44.747695914289501 ], [ 1.815302817665106, 44.747794249564457 ], [ 1.815061931531036, 44.747910035338954 ], [ 1.814884820392598, 44.747954168807375 ], [ 1.814731775913979, 44.748124335124928 ], [ 1.814454116218966, 44.74812301941509 ], [ 1.814163499173857, 44.748157618322331 ], [ 1.81396190025114, 44.748120685053237 ], [ 1.813650749294469, 44.747651503554117 ], [ 1.813300901301285, 44.747272080419201 ], [ 1.812974445382804, 44.747090641866556 ], [ 1.812699064504086, 44.746846486383369 ], [ 1.812485609829362, 44.746728544525737 ], [ 1.812183642711441, 44.746628169264461 ], [ 1.811956978967279, 44.746573123864316 ], [ 1.811854242763978, 44.746761514963957 ], [ 1.811903544546179, 44.746887670773937 ], [ 1.811826808629178, 44.746995236756661 ], [ 1.811650372173297, 44.746967412849969 ], [ 1.811347899540234, 44.746920999221146 ], [ 1.811182057164689, 44.747109089073497 ], [ 1.81102883468233, 44.747297238495683 ], [ 1.811127604779898, 44.747531562609957 ], [ 1.811176820465664, 44.747666712006904 ], [ 1.81092372874052, 44.747737459215053 ], [ 1.810557555446954, 44.747753698773487 ], [ 1.810279644310509, 44.747779354118322 ], [ 1.810077457025199, 44.747805370944945 ], [ 1.80982487175025, 44.747822151730567 ], [ 1.809659105768896, 44.74800124522028 ], [ 1.809505961174891, 44.748180399366149 ], [ 1.80942820125039, 44.748395890682332 ], [ 1.809313510555417, 44.748512268258033 ], [ 1.809047453212965, 44.748618925965239 ], [ 1.808693131240927, 44.74871616574486 ], [ 1.80825122431178, 44.748732035449102 ], [ 1.807784926462421, 44.748657842588848 ], [ 1.80715557776961, 44.748474933284974 ], [ 1.806802190295776, 44.748473233311231 ], [ 1.806373077846625, 44.748471168452177 ], [ 1.806032311641263, 44.748469528157976 ], [ 1.805816730849513, 44.748576421363772 ], [ 1.805626818273093, 44.748638466115104 ], [ 1.805159242959076, 44.748699171540792 ], [ 1.804540898098307, 44.74868719192083 ], [ 1.804087311816022, 44.748604050803777 ], [ 1.804012871106254, 44.74846877612196 ], [ 1.803701030347286, 44.748080511123021 ], [ 1.803399929318156, 44.74789017326281 ], [ 1.802982240869736, 44.748014071082501 ], [ 1.802565580139886, 44.748030040447965 ], [ 1.802212282193837, 44.748019331712229 ], [ 1.801818713604588, 44.748260268664239 ], [ 1.801041088887684, 44.749065980072011 ], [ 1.800426361913853, 44.74867623292122 ], [ 1.79925796222553, 44.748112890643036 ], [ 1.79875027412606, 44.748407224850894 ], [ 1.798331964922414, 44.748594062263123 ], [ 1.798178436236914, 44.748809176408521 ], [ 1.798101584210633, 44.748925727080817 ], [ 1.797440001358207, 44.749471144856763 ], [ 1.797285599398436, 44.749776196453631 ], [ 1.797114844686149, 44.750467924347916 ] ] ] } },
{ "type": "Feature", "properties": { "nom": "GR 6" }, "geometry": { "type": "MultiLineString", "coordinates": [ [ [ 1.982668934669949, 44.686741967088665 ], [ 1.982167264540102, 44.686326630627335 ], [ 1.982130582301528, 44.686146633263142 ], [ 1.982333717083147, 44.685922439490227 ], [ 1.982462175942392, 44.685545108585778 ], [ 1.982465077697712, 44.68508642764494 ], [ 1.982341228165019, 44.684735265274831 ], [ 1.982117380180285, 44.6842488715413 ], [ 1.982030899537571, 44.683969781286812 ], [ 1.982070483690908, 44.683691096934233 ], [ 1.982135793424514, 44.683331550490216 ], [ 1.982174353378571, 44.68321475343874 ], [ 1.982024158380709, 44.683043384766066 ], [ 1.98192564249638, 44.682674316570981 ], [ 1.981978174539437, 44.682341711219259 ], [ 1.981827356633431, 44.682269273111913 ], [ 1.981727475732487, 44.682116053532916 ], [ 1.981918846684794, 44.681756914527114 ], [ 1.982399583586108, 44.681488646871415 ], [ 1.982879124329681, 44.681409245516448 ], [ 1.983231410887174, 44.681518305051625 ], [ 1.983380924823697, 44.681797596780548 ], [ 1.983493472461614, 44.681941860971918 ], [ 1.983682565016866, 44.68194246855532 ], [ 1.984011569398918, 44.681745657224795 ], [ 1.984554931666796, 44.681540538910404 ], [ 1.984682292321737, 44.681334086349707 ], [ 1.98468477934436, 44.680938362476745 ], [ 1.984827229139124, 44.680336226022689 ], [ 1.984867305257302, 44.67997659749927 ], [ 1.985187752335487, 44.679132195472093 ], [ 1.985440596297775, 44.679016082029037 ], [ 1.985654663239415, 44.679052741293923 ], [ 1.985993153445083, 44.67935062027486 ], [ 1.986206548052041, 44.679495203203587 ], [ 1.986306492342149, 44.679639423659097 ], [ 1.986518200998565, 44.680053817831883 ], [ 1.986517639214542, 44.680143755423209 ], [ 1.986680952048699, 44.680234214044781 ], [ 1.986982927971113, 44.680325114350445 ], [ 1.98741186086634, 44.680272513731353 ], [ 1.987690252514646, 44.68010251303518 ], [ 1.987855358473628, 44.67990517088127 ], [ 1.9881335222753, 44.679771144298854 ], [ 1.988423508771252, 44.679763069427359 ], [ 1.98872559714554, 44.679835976908173 ], [ 1.988952554964288, 44.679827701026724 ], [ 1.989192229497579, 44.679801477024938 ], [ 1.989544964544638, 44.679838565967138 ], [ 1.989771198564768, 44.679947207195205 ], [ 1.990148089037075, 44.680155255171179 ], [ 1.990398702507198, 44.680398879888223 ], [ 1.990535254130129, 44.680741078894165 ], [ 1.990784650439593, 44.681182564344027 ], [ 1.991111351414404, 44.681354475687129 ], [ 1.991338037310442, 44.681391164182038 ], [ 1.991878711968411, 44.681617708346231 ], [ 1.992242739214163, 44.681870678508005 ], [ 1.992379194618197, 44.682230862600406 ], [ 1.992593334388671, 44.682258514456713 ], [ 1.992870229604563, 44.682331331555147 ], [ 1.99328612539535, 44.682350618660941 ], [ 1.993398312789191, 44.682557829283262 ], [ 1.993498060906367, 44.682738018676574 ], [ 1.993810246243418, 44.683224663817015 ], [ 1.994151334438652, 44.683108805817291 ], [ 1.994352157420607, 44.683253333395818 ], [ 1.994617496224324, 44.683155225801677 ], [ 1.994770694729205, 44.682840915273147 ], [ 1.995023479856193, 44.682733774711295 ], [ 1.995377498104837, 44.682563989351095 ], [ 1.995719948752666, 44.682223282736054 ], [ 1.995658778624495, 44.681917300533783 ], [ 1.995724273766781, 44.681512777027649 ], [ 1.995864034340273, 44.681333332470487 ], [ 1.995726900560793, 44.681081077621798 ], [ 1.995200631380719, 44.680557798769598 ], [ 1.994862249904027, 44.680232966616856 ], [ 1.994700681590024, 44.679854720931708 ], [ 1.99479040368742, 44.679612164098387 ], [ 1.994943316807258, 44.679342822094085 ], [ 1.995257030470231, 44.679577638647203 ], [ 1.995636238813914, 44.679407931184109 ] ] ] } },
{ "type": "Feature", "properties": { "nom": "GR 36" }, "geometry": { "type": "MultiLineString", "coordinates": [ [ [ 1.666778036587194, 44.466985046998595 ], [ 1.666888248441755, 44.466167332283177 ], [ 1.667253807699255, 44.466052652368319 ], [ 1.667093667186227, 44.465790869335144 ], [ 1.6674881922349, 44.465352608962867 ], [ 1.668068289790783, 44.465149303096062 ], [ 1.668032969746015, 44.464951235911691 ], [ 1.668148230575995, 44.464763080025534 ], [ 1.668462160797205, 44.46476499468524 ], [ 1.668841334126006, 44.464560460063893 ], [ 1.669569649130187, 44.464564895400002 ], [ 1.669700234500479, 44.464143006489714 ], [ 1.669864329920439, 44.464072058771478 ], [ 1.670498363081969, 44.463554304784594 ], [ 1.670777703624295, 44.463295197367628 ], [ 1.671232518994825, 44.463064134711942 ], [ 1.671823646828363, 44.462986783413868 ], [ 1.672502776318088, 44.462900967652367 ], [ 1.673042613257463, 44.462913231277014 ], [ 1.673444324500948, 44.462924655960798 ], [ 1.673544990336239, 44.462907278087052 ], [ 1.673595111902707, 44.462916574682524 ], [ 1.67368343348417, 44.462881136137376 ] ] ] } },
{ "type": "Feature", "properties": { "nom": "GR 6" }, "geometry": { "type": "MultiLineString", "coordinates": [ [ [ 1.972065609135286, 44.702302889910129 ], [ 1.971383633377769, 44.702453527089588 ], [ 1.97081585531789, 44.70249661078941 ], [ 1.970348905601698, 44.702549020766753 ], [ 1.969920493822628, 44.702493630149618 ], [ 1.969402862103304, 44.702581843874519 ], [ 1.968783575901242, 44.70278663751958 ], [ 1.967987554461273, 44.703017817815855 ], [ 1.967848953759777, 44.702999365692719 ], [ 1.967041442790028, 44.703059613951126 ], [ 1.966688516889239, 44.703031446155116 ], [ 1.966386154272338, 44.702985458382244 ], [ 1.966121028607644, 44.703029536229657 ], [ 1.965754896985201, 44.703091260667485 ], [ 1.965540691187414, 44.703063556672468 ], [ 1.965390971254592, 44.702820212329229 ], [ 1.965202525822556, 44.702711647984749 ], [ 1.96503906382915, 44.70263914331219 ], [ 1.964799697162422, 44.702602358365326 ], [ 1.964459626274259, 44.702538250296612 ], [ 1.964195458972203, 44.702438422564391 ], [ 1.963831126342075, 44.702230325102349 ], [ 1.963832203929003, 44.702068435976827 ], [ 1.963847031970607, 44.701735706983591 ], [ 1.963748424177119, 44.701393599640468 ], [ 1.963171463473974, 44.700923953197304 ], [ 1.962592407298227, 44.700769086860198 ], [ 1.961884240926025, 44.701063480333993 ], [ 1.961819984198808, 44.701243141737052 ], [ 1.961865667411152, 44.701953827090506 ], [ 1.961822895854975, 44.702691192045549 ], [ 1.961138414161141, 44.703210513099364 ], [ 1.96060682158686, 44.703496506753623 ], [ 1.960112816324803, 44.703818602739503 ], [ 1.959327597419431, 44.704310586121608 ], [ 1.958923373300625, 44.704408133838747 ], [ 1.95859609055645, 44.704317069279021 ], [ 1.958230367235254, 44.704315811996203 ], [ 1.957990572704151, 44.704341969170443 ], [ 1.957726530542652, 44.704224136853568 ], [ 1.95751366452742, 44.703998552670313 ], [ 1.957249747225221, 44.703862731950203 ], [ 1.957009831823429, 44.703906875177189 ], [ 1.956617178999522, 44.704157352700342 ], [ 1.956047233159766, 44.704515144964219 ], [ 1.955692588826483, 44.704738769520091 ], [ 1.955413120140808, 44.705034604977804 ], [ 1.955157461410486, 44.705537386240756 ], [ 1.955068690987006, 44.705609030788438 ], [ 1.954890903427951, 44.70578829515744 ], [ 1.954258240247567, 44.706091896740645 ], [ 1.954017268163424, 44.706288927788719 ], [ 1.953813329084737, 44.706603011325576 ], [ 1.953722401604688, 44.706989439314604 ], [ 1.953441926055983, 44.707429172063527 ], [ 1.952933875462182, 44.707949057752295 ], [ 1.952692458378702, 44.708209043872515 ], [ 1.952602569356924, 44.708442575884838 ], [ 1.952700441932244, 44.708883626487179 ], [ 1.952647093441069, 44.709306162233638 ], [ 1.952554609609425, 44.709917436059612 ], [ 1.952677708798321, 44.710358575172492 ], [ 1.953002859235659, 44.710764443238567 ], [ 1.953353670852462, 44.711107440595562 ], [ 1.953641791565702, 44.711396254422048 ], [ 1.954044108533308, 44.711586529330695 ], [ 1.954294949543154, 44.711794264819694 ] ] ] } },
{ "type": "Feature", "properties": { "nom": "GR 6" }, "geometry": { "type": "MultiLineString", "coordinates": [ [ [ 1.943110300969103, 44.72030823259599 ], [ 1.942426128018609, 44.720728507539071 ], [ 1.940998745540047, 44.720993210318525 ], [ 1.940164634566992, 44.721206067913833 ], [ 1.939330133224937, 44.72147288227054 ], [ 1.93867357884644, 44.721551458054115 ], [ 1.938245117235745, 44.721486949448412 ], [ 1.937702031874837, 44.721574923147791 ], [ 1.936981369545725, 44.721797162834079 ], [ 1.936373273925402, 44.722154717929719 ], [ 1.935879930324143, 44.722341800335045 ], [ 1.93551189833114, 44.722646259784462 ], [ 1.934590080398537, 44.722768814710598 ], [ 1.933579887207628, 44.722900032557028 ], [ 1.932784084949637, 44.72304102180032 ], [ 1.931268421546449, 44.723287286851722 ], [ 1.929562661423879, 44.7236497516651 ], [ 1.928335417214483, 44.724130890630001 ], [ 1.927473480470129, 44.72468532751504 ], [ 1.927030021605999, 44.724944508158821 ], [ 1.927740773199487, 44.726089407953545 ], [ 1.927662776201748, 44.7264039141617 ], [ 1.927522552005407, 44.726601264662996 ], [ 1.927456445191457, 44.72701475026151 ], [ 1.927463404537669, 44.727788273129889 ], [ 1.927134851899916, 44.727859005056615 ], [ 1.926604634093563, 44.727902002155282 ] ] ] } },
{ "type": "Feature", "properties": { "nom": "GR 6" }, "geometry": { "type": "MultiLineString", "coordinates": [ [ [ 1.888279745834916, 44.720988970148532 ], [ 1.888645936925528, 44.720945489774905 ], [ 1.888798107385105, 44.720847173234247 ], [ 1.889784863890953, 44.720500411875591 ], [ 1.890683521844962, 44.720126301704248 ], [ 1.891113351490901, 44.720011118471959 ], [ 1.891480178276487, 44.719886684506342 ], [ 1.892010206728349, 44.719861844802956 ], [ 1.892224940257522, 44.719826735181812 ], [ 1.892679067117695, 44.719828568559684 ], [ 1.893069905872592, 44.719857126514761 ], [ 1.893221637418182, 44.71981276676 ], [ 1.893815449225043, 44.719698234044607 ], [ 1.894093822775061, 44.719591423398839 ], [ 1.894447172500266, 44.719574855841365 ], [ 1.895027726603417, 44.719541209688188 ], [ 1.895444786025719, 44.719443946741166 ], [ 1.895621956569575, 44.719372703560445 ], [ 1.895887143949454, 44.719337789296496 ], [ 1.896378190740494, 44.719456678583185 ], [ 1.896617512785528, 44.719502606666758 ], [ 1.896743092230712, 44.719575061770335 ], [ 1.897537456927442, 44.719623204363636 ], [ 1.898080447471729, 44.719553415923734 ], [ 1.898547325717473, 44.719537286888659 ], [ 1.899025764975085, 44.719656114608703 ], [ 1.899390322017624, 44.719819457828358 ], [ 1.899881590708, 44.719911350170037 ], [ 1.900449668016189, 44.719859637663852 ], [ 1.900992515707647, 44.719807822245855 ], [ 1.901887731096116, 44.719865326805028 ], [ 1.902618680832889, 44.719958152621217 ], [ 1.903324123982216, 44.720086849682446 ], [ 1.904647758553669, 44.720208975600642 ], [ 1.905468058153619, 44.720167221121493 ], [ 1.906628468590899, 44.720189747716951 ], [ 1.907220944087619, 44.720246025883043 ], [ 1.907573258451231, 44.720364323670964 ], [ 1.907912546304203, 44.720536534482967 ], [ 1.90891938922567, 44.720846251860848 ], [ 1.909800916941041, 44.721047544336422 ], [ 1.910720022370558, 44.721284952544835 ], [ 1.911689663352828, 44.721513553272459 ], [ 1.911979329891729, 44.721577630668278 ], [ 1.912318979544595, 44.721704858338228 ], [ 1.912721093925206, 44.721913272312499 ], [ 1.913122937205572, 44.722157661328097 ], [ 1.913599524594612, 44.722528253633264 ], [ 1.914112740364908, 44.723060879731854 ], [ 1.914488689159725, 44.723395105479412 ], [ 1.914876784669306, 44.723792336001722 ], [ 1.91506411982218, 44.724044890243945 ], [ 1.915740690938742, 44.724668075489944 ], [ 1.916355143832983, 44.725165101613236 ], [ 1.916819430927023, 44.725499656994884 ], [ 1.917183740288175, 44.725707911781996 ], [ 1.917874587405004, 44.726115278989639 ], [ 1.918050538319812, 44.726205889797733 ], [ 1.918389893431403, 44.726378068874027 ], [ 1.91870287657583, 44.726703046896084 ], [ 1.918915807423119, 44.726910721042024 ], [ 1.919217119933136, 44.72710973572444 ], [ 1.919531586125374, 44.727236845663022 ], [ 1.919845854241703, 44.727390936269657 ], [ 1.920525328434186, 44.727636349616432 ], [ 1.921380170271061, 44.728053309047084 ], [ 1.922562521217142, 44.728543447358305 ], [ 1.923358826282639, 44.728348568174518 ], [ 1.924457921712287, 44.728154816948255 ], [ 1.925405016584286, 44.728041434715387 ], [ 1.926225942555593, 44.727927574054284 ], [ 1.926377669713017, 44.727883168749571 ], [ 1.926604634093563, 44.727902002155282 ] ] ] } },
{ "type": "Feature", "properties": { "nom": "GR 65" }, "geometry": { "type": "MultiLineString", "coordinates": [ [ [ 1.40183927521212, 44.374685549022161 ], [ 1.401706315794306, 44.375160054989976 ], [ 1.401850472919869, 44.375347957778537 ], [ 1.402055801817821, 44.375486723135481 ], [ 1.402092617896044, 44.375594455966308 ], [ 1.402146791683573, 44.375817710794536 ], [ 1.401945005962332, 44.375887935048802 ], [ 1.401628447265125, 44.376074089956965 ], [ 1.40091427138847, 44.376796436706584 ], [ 1.400581130889594, 44.377225261787203 ], [ 1.400082905612515, 44.377778578777985 ], [ 1.39990648374394, 44.377831029643332 ], [ 1.399673479762676, 44.378269700030025 ], [ 1.398947460758426, 44.378946966381136 ], [ 1.398502201651143, 44.379329858869092 ], [ 1.397958281166143, 44.37961297923151 ], [ 1.397325840444252, 44.379940304096515 ], [ 1.396896851899807, 44.380098501133041 ], [ 1.39617130449668, 44.379993349259372 ], [ 1.395557097829079, 44.379979080004645 ], [ 1.394880051956826, 44.379973261089042 ], [ 1.394255565534684, 44.379823999490171 ], [ 1.393001780711602, 44.379813204282996 ], [ 1.392371984521266, 44.379835488028021 ] ] ] } },
{ "type": "Feature", "properties": { "nom": "GR 65" }, "geometry": { "type": "MultiLineString", "coordinates": [ [ [ 1.393974425342006, 44.38463292542275 ], [ 1.393941776381756, 44.384335869239209 ], [ 1.39381348601121, 44.3837592016054 ], [ 1.393625516527643, 44.383002157527301 ], [ 1.39364061484246, 44.382849402970308 ], [ 1.393381789179119, 44.381830946674732 ], [ 1.393101093139464, 44.381369877540472 ], [ 1.392671753494838, 44.380799608817661 ], [ 1.392394536034129, 44.380131725101087 ], [ 1.392371984521266, 44.379835488028021 ] ] ] } },
{ "type": "Feature", "properties": { "nom": "GR 65" }, "geometry": { "type": "MultiLineString", "coordinates": [ [ [ 1.31354670349027, 44.342555356124819 ], [ 1.313851595556301, 44.342620431788433 ], [ 1.314062685347665, 44.342663432959178 ], [ 1.314285776712446, 44.342738367814476 ], [ 1.314288876070181, 44.342567528411003 ], [ 1.314505790281, 44.342353719993802 ], [ 1.314696176740866, 44.342220601763742 ], [ 1.31520386879367, 44.341865617034536 ], [ 1.315434121519215, 44.34160696549057 ], [ 1.315425340357653, 44.341400042567884 ], [ 1.315415254857958, 44.34126505256534 ], [ 1.315505565669373, 44.341122005686124 ], [ 1.315719863019132, 44.341052059927307 ], [ 1.316216793931152, 44.341290513643486 ], [ 1.316389434195361, 44.341445005412133 ], [ 1.31634777704723, 44.341669443438526 ], [ 1.316572488487944, 44.341716503592778 ], [ 1.317270385408852, 44.341929845444163 ], [ 1.317868702724412, 44.342106283468532 ], [ 1.318144997084158, 44.342072882751054 ], [ 1.318361894852022, 44.341859066782192 ], [ 1.318442431861016, 44.341563044466895 ], [ 1.318538745753578, 44.341087307428161 ], [ 1.318998075118216, 44.340632931882411 ], [ 1.319581224784549, 44.340260643384653 ], [ 1.320429417534506, 44.339782895038503 ], [ 1.320558109784349, 44.339595236139957 ], [ 1.320948770868123, 44.339472958395511 ], [ 1.321740834388512, 44.339327423375337 ], [ 1.322779100871307, 44.339426975608056 ], [ 1.323533572221434, 44.339281078805755 ], [ 1.323855279237989, 44.339508882390852 ], [ 1.32459893092118, 44.339965413684581 ], [ 1.325223275543182, 44.340088093957796 ], [ 1.325997648477173, 44.340230142416523 ], [ 1.326772346871028, 44.340354201269179 ], [ 1.327348196268452, 44.340386491709118 ], [ 1.327774663249629, 44.34036344442125 ], [ 1.328237751728832, 44.340394690466759 ], [ 1.328422629428399, 44.340567261315194 ], [ 1.328579395182878, 44.340910441190388 ], [ 1.328651352781308, 44.341090964879982 ], [ 1.328997665891601, 44.341345959299829 ], [ 1.330111640625818, 44.342120617452274 ] ] ] } },
{ "type": "Feature", "properties": { "nom": "GR 65" }, "geometry": { "type": "MultiLineString", "coordinates": [ [ [ 1.293892470635661, 44.343652145877989 ], [ 1.294399700120817, 44.344007710051329 ], [ 1.294917139676057, 44.344489271078345 ], [ 1.295342156797058, 44.344547275206132 ], [ 1.29599603445757, 44.344427590455972 ], [ 1.296434743778878, 44.344422768056248 ], [ 1.297187529700722, 44.34437596149106 ], [ 1.299029413088639, 44.344393440022856 ], [ 1.299455592701602, 44.344388486595435 ], [ 1.300322005962684, 44.343614292543194 ], [ 1.300707482112985, 44.343096340788449 ], [ 1.301143564065944, 44.342551887575574 ], [ 1.301367464898497, 44.341960460692782 ], [ 1.301459629384897, 44.341718519102471 ], [ 1.301911176622705, 44.341695808596924 ], [ 1.302752446828108, 44.341604833439057 ], [ 1.303104418356246, 44.341545205754862 ], [ 1.303508154351151, 44.341396134016456 ], [ 1.304136587657475, 44.341294146349014 ], [ 1.304664951867962, 44.341182219012801 ], [ 1.305106267818615, 44.341033495571786 ], [ 1.305387172503818, 44.340748363098534 ], [ 1.305530749430754, 44.340434957623984 ], [ 1.30549875555441, 44.3401288913103 ], [ 1.305490505221088, 44.339894993421701 ], [ 1.305490833496178, 44.339877011123001 ], [ 1.305491163051971, 44.339859027943803 ], [ 1.305490833496178, 44.339877011123001 ], [ 1.305010111252007, 44.339440813346371 ], [ 1.305854468859097, 44.339178975720017 ], [ 1.30636929414201, 44.339120870726276 ], [ 1.306763802071216, 44.339475312762168 ], [ 1.30710076275391, 44.339550427687826 ], [ 1.307474982414357, 44.33964387707514 ] ] ] } },
{ "type": "Feature", "properties": { "nom": "GR 65" }, "geometry": { "type": "MultiLineString", "coordinates": [ [ [ 1.254377665855531, 44.347657195506628 ], [ 1.254908950230099, 44.347401644753994 ], [ 1.255350964584643, 44.347226148111901 ], [ 1.25668745405263, 44.346807670912497 ], [ 1.25712808099656, 44.346704099570267 ], [ 1.2573912154038, 44.346706694690965 ], [ 1.257656588363084, 44.346592399506193 ], [ 1.25792058399303, 44.346550036086938 ], [ 1.258459555832781, 44.346546353555532 ], [ 1.258998870698157, 44.346524685270929 ], [ 1.259413914523817, 44.346447832773279 ], [ 1.259918558861371, 44.346272934473816 ], [ 1.260425947448056, 44.345954169966092 ], [ 1.261144624080298, 44.345727412376654 ], [ 1.261938131474415, 44.345519370734714 ], [ 1.262341148293862, 44.345415408915905 ], [ 1.262696785387902, 44.345167091005216 ], [ 1.263279840695955, 44.344822077151782 ], [ 1.263652279836502, 44.344349091030104 ], [ 1.264204957595747, 44.344282562989768 ], [ 1.265085970675325, 44.344084349665629 ], [ 1.265991011788626, 44.34394032321682 ], [ 1.26650609455671, 44.343873415370744 ], [ 1.266085613425131, 44.344238022361502 ], [ 1.265915209530156, 44.34463205485725 ], [ 1.26606608028374, 44.344606551015694 ], [ 1.266310294490326, 44.344285186133 ], [ 1.26643849346903, 44.344133556391974 ], [ 1.266930565237572, 44.343958503412139 ], [ 1.267444623355033, 44.343945540479787 ], [ 1.268385029477504, 44.343918750941533 ], [ 1.269036231364723, 44.343943091301888 ], [ 1.26946121787428, 44.344001195378624 ], [ 1.269910243274459, 44.344113490874626 ], [ 1.270409049879943, 44.34424425579099 ], [ 1.271081745620191, 44.344457649940054 ], [ 1.271517397783806, 44.344614774072262 ], [ 1.27209241083426, 44.344692313843979 ], [ 1.272756492377119, 44.344698771126552 ], [ 1.273184543112402, 44.344595013599914 ], [ 1.273637990278387, 44.344473515042729 ], [ 1.274137826001729, 44.344550313691194 ], [ 1.274578571941743, 44.344437680553952 ], [ 1.274878271201945, 44.344494547701778 ], [ 1.275904867952111, 44.344549467897949 ], [ 1.276681209043792, 44.344583969422303 ], [ 1.277279935632436, 44.344733656807044 ], [ 1.277677850133051, 44.344899384202044 ], [ 1.278077455856125, 44.344975195332829 ], [ 1.278492968460935, 44.344871294853505 ], [ 1.278933202461427, 44.344785619434816 ], [ 1.279245942805054, 44.344815620785347 ], [ 1.279746799903015, 44.344838444501661 ], [ 1.280072409125304, 44.344850581557793 ], [ 1.280560400088158, 44.344891264473631 ], [ 1.280958830079309, 44.345030005724979 ], [ 1.281446151325261, 44.345106650153753 ], [ 1.281859134323694, 44.34513761109465 ], [ 1.281858965794128, 44.345146602220893 ], [ 1.282265724468876, 44.345510246974939 ], [ 1.283186728567797, 44.345851862668958 ], [ 1.283823580233932, 44.345974901715351 ], [ 1.284230693776334, 44.346320557079146 ], [ 1.284823418007269, 44.346793898098113 ], [ 1.285291181369471, 44.347248050009718 ], [ 1.285853206442601, 44.347352371740534 ], [ 1.286214746068358, 44.347454767157146 ], [ 1.286423071850467, 44.347708574860874 ], [ 1.286582450542969, 44.347898959834701 ], [ 1.286756873101109, 44.347954592329053 ] ] ] } },
{ "type": "Feature", "properties": { "nom": "GR 65" }, "geometry": { "type": "MultiLineString", "coordinates": [ [ [ 1.206642160016246, 44.301291702267065 ], [ 1.206363387919572, 44.30083017694313 ], [ 1.20601517265869, 44.30070966769712 ], [ 1.205664073540482, 44.300733016720301 ], [ 1.205250915311637, 44.300728743846328 ], [ 1.205026999435892, 44.300654483057308 ], [ 1.204942788162015, 44.30048274337755 ], [ 1.204897579989655, 44.30023946356139 ], [ 1.204890472792712, 44.299969599550771 ], [ 1.204647838537293, 44.299580386709934 ], [ 1.204190928918853, 44.299260899054104 ], [ 1.203885705364501, 44.298871036612248 ], [ 1.203890220728342, 44.298646257481174 ], [ 1.203957151951245, 44.298431117361766 ], [ 1.204683571837492, 44.29780013141221 ], [ 1.205103202902372, 44.297480724913086 ], [ 1.205322522463365, 44.29715924338268 ], [ 1.205365491387551, 44.296889896655912 ], [ 1.205557064143243, 44.296703024615944 ], [ 1.205763137869607, 44.296417378584906 ], [ 1.204099678320025, 44.295698707196507 ], [ 1.203367030749341, 44.295394346907635 ], [ 1.202175761052263, 44.295480919253123 ], [ 1.201629097065828, 44.29526840718777 ], [ 1.201394860675017, 44.295086115188084 ], [ 1.201150460695715, 44.294786806984916 ], [ 1.201005125883814, 44.294542486036583 ], [ 1.200733158226289, 44.294368793919439 ], [ 1.200284847688696, 44.294247226319001 ], [ 1.199775938878568, 44.294026104174556 ], [ 1.19939058509637, 44.293887201886321 ], [ 1.198979834558657, 44.293766020861582 ], [ 1.198529534947894, 44.293743349137159 ], [ 1.198267919268688, 44.293677675210965 ], [ 1.198018096494201, 44.293648095149678 ], [ 1.197721467797017, 44.293456152211562 ], [ 1.197467844587877, 44.29299486536263 ], [ 1.197226926052114, 44.292524717860303 ], [ 1.197033902927039, 44.292162985131945 ], [ 1.196827091880915, 44.291864059538405 ], [ 1.196568030991718, 44.291672505540234 ], [ 1.196069495766565, 44.291559390810946 ], [ 1.195507645425753, 44.291481584797133 ], [ 1.195017627743248, 44.291566400892194 ], [ 1.194375572123719, 44.291739557018914 ], [ 1.19372336460212, 44.2917956931947 ], [ 1.193196516710779, 44.291844144303916 ], [ 1.192882838023393, 44.291876836273119 ], [ 1.192297229807884, 44.291735813685854 ], [ 1.191761330817367, 44.291613295218646 ], [ 1.191919939783842, 44.291201276000756 ], [ 1.191966981944186, 44.290734130670344 ], [ 1.191935633962996, 44.290428039044102 ], [ 1.191572803908322, 44.290415247851939 ], [ 1.191313950131005, 44.290214689963264 ], [ 1.19121709617663, 44.29005180104447 ], [ 1.191071267989631, 44.289834440658048 ], [ 1.190663305842401, 44.289578361355169 ], [ 1.190339496355785, 44.28949403054289 ], [ 1.189827925771056, 44.289407729371106 ], [ 1.189366427643113, 44.289321950860412 ], [ 1.189106123267508, 44.28919331739452 ], [ 1.188908224364957, 44.289074330827297 ], [ 1.188711606993029, 44.288892406947703 ], [ 1.188676067771075, 44.288793110581061 ], [ 1.188628560232307, 44.288666709537353 ], [ 1.188584896738931, 44.288351494961319 ], [ 1.187990297079198, 44.28803948786986 ], [ 1.18726430529841, 44.288031858873119 ], [ 1.187214603562989, 44.288013350542279 ], [ 1.18471757961422, 44.287060793082439 ], [ 1.184197381614996, 44.286785520575876 ] ] ] } },
{ "type": "Feature", "properties": { "nom": "GR 65" }, "geometry": { "type": "MultiLineString", "coordinates": [ [ [ 1.7943107399968, 44.39792300190944 ], [ 1.794709325918784, 44.398212749252572 ], [ 1.794871253129168, 44.39833045851833 ], [ 1.795182825325089, 44.398538837090648 ], [ 1.795708404177402, 44.398667338027991 ], [ 1.796044635266824, 44.398920800637448 ], [ 1.796168851499912, 44.399047314579867 ], [ 1.796444187445724, 44.399111625831559 ], [ 1.797475362148671, 44.398837935442629 ], [ 1.797966421040093, 44.398642513242443 ], [ 1.799198260893383, 44.398369796033954 ], [ 1.799750735208748, 44.398309559898706 ], [ 1.799900816295147, 44.398355260552208 ], [ 1.800075211537401, 44.398482016086113 ], [ 1.800437402191189, 44.398645663254598 ] ] ] } },
{ "type": "Feature", "properties": { "nom": "GR 65" }, "geometry": { "type": "MultiLineString", "coordinates": [ [ [ 1.388577745123468, 44.363281611541069 ], [ 1.389841881804511, 44.363400466546651 ], [ 1.390706288896558, 44.363434916262939 ], [ 1.39145834073597, 44.363441409817611 ], [ 1.392159200736748, 44.363510408774403 ], [ 1.393677347735313, 44.363433561822802 ], [ 1.394793794556261, 44.363389212119607 ], [ 1.396326420075267, 44.363195543495173 ], [ 1.396790633738467, 44.363172549503439 ], [ 1.397155325149229, 44.363103735096516 ], [ 1.397845152467531, 44.363082671780624 ], [ 1.399196744117145, 44.363220154438359 ], [ 1.400390329661686, 44.363059496562762 ], [ 1.400905722597347, 44.36297396906302 ], [ 1.401483186740389, 44.36292494221027 ], [ 1.402455320637292, 44.362510562271083 ], [ 1.403856868742503, 44.361901983538964 ], [ 1.405166636261145, 44.361535419523129 ], [ 1.406372997775646, 44.361356816514679 ], [ 1.407264675423622, 44.36125646819535 ], [ 1.407791832945665, 44.361215973874558 ], [ 1.408116606169434, 44.362046087737951 ], [ 1.408255591985597, 44.362649470628988 ], [ 1.408322913701785, 44.362994029773368 ], [ 1.408384140161247, 44.363307383093414 ] ] ] } },
{ "type": "Feature", "properties": { "nom": "GR 36" }, "geometry": { "type": "MultiLineString", "coordinates": [ [ [ 1.352617936230912, 44.468438670491544 ], [ 1.352778350928589, 44.468601994735792 ], [ 1.353015843793828, 44.468667080481083 ], [ 1.353190705488193, 44.468722609813049 ], [ 1.353440442423155, 44.468805790960097 ], [ 1.353752182163555, 44.468934495915633 ], [ 1.35386347226673, 44.469034422649401 ], [ 1.354012277388631, 44.469143680124787 ], [ 1.35413455490779, 44.469333641272691 ], [ 1.354395440288559, 44.469497863211842 ], [ 1.354567950656576, 44.469688273774203 ], [ 1.354751607146534, 44.469959726970401 ], [ 1.355022857500489, 44.470249950004956 ], [ 1.355332881757811, 44.470477565208931 ], [ 1.355494096128994, 44.470595924214699 ], [ 1.355605705702166, 44.470677864849598 ], [ 1.355830024626056, 44.470778800834587 ], [ 1.356129692138197, 44.470880410474592 ], [ 1.356781301014435, 44.470967176138274 ], [ 1.357269657168483, 44.471052479994704 ], [ 1.357758639674097, 44.471101812846399 ], [ 1.35813507048331, 44.471123158804801 ], [ 1.35855105193854, 44.471036932747971 ], [ 1.358460911122285, 44.470442550219687 ], [ 1.358444084865239, 44.469965738477683 ], [ 1.358623491633485, 44.469760484899624 ], [ 1.358915760177418, 44.469565230678214 ], [ 1.359370027693331, 44.469443368424614 ], [ 1.359622276627575, 44.46938266035874 ], [ 1.360183001653186, 44.469639475220603 ] ] ] } },
{ "type": "Feature", "properties": { "nom": "GR 65" }, "geometry": { "type": "MultiLineString", "coordinates": [ [ [ 1.442898466307137, 44.440498922768548 ], [ 1.442845384032681, 44.440728688418787 ], [ 1.442841955081822, 44.440944501297103 ], [ 1.44262057705524, 44.44144632718853 ], [ 1.442425012572907, 44.441903395691554 ], [ 1.442330574729732, 44.442316321233768 ], [ 1.441443114525938, 44.442075252492437 ], [ 1.440467371138598, 44.441860435302331 ], [ 1.439879446938023, 44.44172972226896 ], [ 1.439729686964473, 44.441674537048357 ], [ 1.439003410305237, 44.441560674524233 ], [ 1.438703031116211, 44.441504254697868 ], [ 1.438239051774205, 44.441473474852479 ], [ 1.437837111350307, 44.4414881677544 ], [ 1.437272862751097, 44.441447568309137 ], [ 1.436420215273672, 44.441386612046223 ], [ 1.436207125211066, 44.441366875845446 ], [ 1.435792922779192, 44.441363474440799 ], [ 1.435213387622133, 44.441493613210334 ], [ 1.434872042264487, 44.441643695226546 ], [ 1.434527957193176, 44.441964627506962 ], [ 1.434156166438023, 44.442447212885135 ], [ 1.433720311951077, 44.443010209097864 ], [ 1.433179409308648, 44.443860128953126 ], [ 1.432859104521957, 44.444262193155062 ], [ 1.432561298131936, 44.444826323776731 ], [ 1.432353955885414, 44.44522931805863 ], [ 1.430414263588432, 44.444844578119216 ] ] ] } },
{ "type": "Feature", "properties": { "nom": "GR 65" }, "geometry": { "type": "MultiLineString", "coordinates": [ [ [ 1.656411884734318, 44.344967111339386 ], [ 1.657460220420219, 44.345324342235507 ], [ 1.658268970223268, 44.345805975007835 ], [ 1.658842569664256, 44.346043341827624 ], [ 1.659767900474558, 44.346210941395412 ], [ 1.660818007366962, 44.34642426749371 ], [ 1.661656174448874, 44.346546348566726 ], [ 1.663394097480354, 44.346880797967451 ], [ 1.664119282430863, 44.347020150476048 ], [ 1.664782246138612, 44.347123144149727 ], [ 1.665494905895797, 44.347262410257628 ], [ 1.666109570385791, 44.347212224797765 ], [ 1.666561223025704, 44.347170029331494 ], [ 1.666999274026078, 44.347217675654043 ] ] ] } },
{ "type": "Feature", "properties": { "nom": "GR 65" }, "geometry": { "type": "MultiLineString", "coordinates": [ [ [ 1.778395588566272, 44.396458016329206 ], [ 1.778935255606164, 44.396424798734209 ], [ 1.779512727025336, 44.396373784783115 ], [ 1.780002847482609, 44.396277359525435 ], [ 1.780366478993798, 44.396288202519536 ], [ 1.780679675131446, 44.396325767128886 ], [ 1.780942258681595, 44.396408036749115 ], [ 1.781908267337873, 44.396385963041105 ], [ 1.782560279931698, 44.396407254383185 ], [ 1.783024337542828, 44.396409604469305 ], [ 1.783716981997065, 44.396125336869957 ], [ 1.784069572298975, 44.395983233777223 ], [ 1.784434614580622, 44.395850185216339 ], [ 1.784898403834588, 44.395879504110091 ], [ 1.785512432777907, 44.395936558293229 ], [ 1.785989292655067, 44.395911981879017 ], [ 1.787093427963014, 44.395872571386228 ], [ 1.787957948603458, 44.395966841397701 ], [ 1.788771865553613, 44.396105815019666 ], [ 1.789534306038742, 44.396379417268989 ], [ 1.790308248961827, 44.396760986020489 ], [ 1.791094918340837, 44.397124627566953 ], [ 1.791344107555998, 44.3972967351989 ], [ 1.791869316652471, 44.397461223948248 ], [ 1.792770366674312, 44.397672544654576 ], [ 1.79330934218345, 44.397711194880216 ], [ 1.793597469946762, 44.397748597359708 ], [ 1.794136099907858, 44.397823214032385 ], [ 1.7943107399968, 44.39792300190944 ] ] ] } },
{ "type": "Feature", "properties": { "nom": "GR 652" }, "geometry": { "type": "MultiLineString", "coordinates": [ [ [ 1.831414229522729, 44.899383411260118 ], [ 1.830739429597648, 44.899830066650807 ], [ 1.830118508196441, 44.899917169752953 ], [ 1.829675657668622, 44.899906142741536 ], [ 1.829460764394496, 44.899878170915876 ], [ 1.829156875337552, 44.899894764832744 ], [ 1.828776154703481, 44.900009948282666 ], [ 1.828244306749861, 44.900043481349158 ], [ 1.827777375698953, 44.899897412024075 ] ] ] } },
{ "type": "Feature", "properties": { "nom": "GR 65" }, "geometry": { "type": "MultiLineString", "coordinates": [ [ [ 1.77380332417816, 44.39787333678423 ], [ 1.774015914899289, 44.397937381184157 ], [ 1.774307088636, 44.397669092263406 ], [ 1.774634897502932, 44.397499912844197 ], [ 1.775175832698182, 44.397340820320466 ], [ 1.775968686768104, 44.397075101527882 ], [ 1.776597411598298, 44.396916451214892 ], [ 1.777351820970095, 44.396731462331466 ], [ 1.777767320997182, 44.396571715429886 ], [ 1.778395588566272, 44.396458016329206 ] ] ] } },
{ "type": "Feature", "properties": { "nom": "GR 651" }, "geometry": { "type": "MultiLineString", "coordinates": [ [ [ 1.661399479786937, 44.519554437239769 ], [ 1.661014911325445, 44.519129375628943 ], [ 1.660680408864177, 44.518722606842722 ], [ 1.660472901981521, 44.518208698941883 ], [ 1.660179799233517, 44.517496406050164 ], [ 1.660279908606781, 44.51648975147782 ], [ 1.660543405439328, 44.515484104690231 ], [ 1.660980252157796, 44.514695368970038 ], [ 1.66098760779768, 44.514083857234425 ], [ 1.661209051206773, 44.513437690458488 ], [ 1.661391598052636, 44.512890211662679 ], [ 1.66161303216343, 44.512244044402074 ], [ 1.661782246789868, 44.511759437984104 ], [ 1.662000324889758, 44.511392047118882 ], [ 1.662217644396094, 44.511087605431399 ], [ 1.662223474686891, 44.510601993621833 ], [ 1.662103307246461, 44.510142588556931 ], [ 1.661554450721035, 44.509797461243203 ], [ 1.660955550095703, 44.509434035595717 ], [ 1.660454378463555, 44.509305038441845 ], [ 1.65999145246258, 44.509131308669851 ], [ 1.659466561708162, 44.508885246373474 ], [ 1.658753170574371, 44.508638016622562 ], [ 1.658140104479895, 44.508203997826477 ], [ 1.657761640517276, 44.507964928249883 ], [ 1.657671139903275, 44.507870922959739 ], [ 1.657045225451723, 44.50734919809414 ], [ 1.656849283690335, 44.507371703091678 ], [ 1.656459355723577, 44.507094930490624 ], [ 1.656263844081516, 44.506635051749612 ], [ 1.655815153787149, 44.506326490142769 ], [ 1.655489952482875, 44.506198563172354 ], [ 1.65525268565064, 44.506059720703021 ], [ 1.655113436830217, 44.505670409851035 ], [ 1.654832516629687, 44.505360645199836 ], [ 1.654435385966692, 44.505161995341055 ], [ 1.654057268386938, 44.50516440410663 ], [ 1.653760072437473, 44.505272541967379 ], [ 1.653240028373076, 44.505195289979511 ], [ 1.652944272225691, 44.505183117036317 ], [ 1.652687443857807, 44.505164865045316 ] ] ] } },
{ "type": "Feature", "properties": { "nom": "GR 65" }, "geometry": { "type": "MultiLineString", "coordinates": [ [ [ 1.57853479115698, 44.35660448827732 ], [ 1.579150842612162, 44.356464866350549 ], [ 1.579853292159497, 44.356424759203392 ], [ 1.580905576865211, 44.356467997218019 ], [ 1.582159836117286, 44.356404703677015 ], [ 1.583678246185772, 44.356271269099878 ], [ 1.585271845465925, 44.35613833017603 ], [ 1.585748335361018, 44.356123612870078 ], [ 1.586363763866825, 44.356028909371915 ], [ 1.587268882495482, 44.35582827228788 ], [ 1.588300397441133, 44.355547556063229 ], [ 1.588967139872633, 44.35536326105327 ], [ 1.589672670210351, 44.35508929855871 ], [ 1.59060497095596, 44.354726947638319 ], [ 1.591600754005222, 44.354302072634354 ], [ 1.592472386606024, 44.353786415462267 ], [ 1.59338266799276, 44.35319008017445 ], [ 1.594431139102975, 44.352567694585154 ], [ 1.595515999797241, 44.352035474189876 ], [ 1.59635067482456, 44.351465581736846 ] ] ] } },
{ "type": "Feature", "properties": { "nom": "GR 65" }, "geometry": { "type": "MultiLineString", "coordinates": [ [ [ 1.635554089151491, 44.344394755089695 ], [ 1.636080253000796, 44.344407119168665 ], [ 1.636982774731621, 44.344385917670607 ], [ 1.638096862247973, 44.344482966931174 ], [ 1.638846570142623, 44.344658613831683 ], [ 1.639496594983435, 44.344788656875338 ], [ 1.640508339563075, 44.345055890879181 ], [ 1.640846330817102, 44.345085018997615 ], [ 1.641107140060833, 44.345275525287867 ], [ 1.641879709602883, 44.3456311515735 ], [ 1.64243993171264, 44.345931468670869 ], [ 1.643889845725339, 44.346237421558548 ], [ 1.644614644007296, 44.346403879166182 ], [ 1.645613359669866, 44.346715946600405 ], [ 1.646599774782663, 44.347009941486576 ], [ 1.647463091224635, 44.347123297011287 ], [ 1.648517122925571, 44.347013028412121 ], [ 1.649710965109428, 44.346741758857398 ], [ 1.650817408989285, 44.346442949086054 ], [ 1.651911528104907, 44.346126067103981 ], [ 1.653759767723208, 44.34562503751544 ], [ 1.65468975870401, 44.345406022775116 ], [ 1.655255704510637, 44.345238688662619 ], [ 1.656411884734318, 44.344967111339386 ] ] ] } },
{ "type": "Feature", "properties": { "nom": "GR 65" }, "geometry": { "type": "MultiLineString", "coordinates": [ [ [ 1.716588638162754, 44.361961377197815 ], [ 1.716842790378559, 44.361648072623957 ], [ 1.717638778387697, 44.361077047642929 ], [ 1.718435442867145, 44.360443072273 ], [ 1.718763103846288, 44.360283054722288 ], [ 1.719076946396968, 44.360239864709861 ], [ 1.719489976568237, 44.360296153569493 ], [ 1.719802342580502, 44.360387843743169 ], [ 1.719988578928971, 44.360550762663856 ], [ 1.720386027921022, 44.360885735191388 ], [ 1.720773503637867, 44.360986838585895 ], [ 1.721362510290823, 44.360999147056575 ], [ 1.721826961394594, 44.360938811014172 ], [ 1.722341745564811, 44.360860770023315 ], [ 1.722631010885948, 44.360772467821185 ], [ 1.722669103291621, 44.360727718708311 ] ] ] } },
{ "type": "Feature", "properties": { "nom": "GR 65" }, "geometry": { "type": "MultiLineString", "coordinates": [ [ [ 1.739596325132222, 44.383878927058994 ], [ 1.740008595323217, 44.384025062497429 ], [ 1.740533150036658, 44.384225765096261 ], [ 1.740870951178491, 44.384299548425837 ], [ 1.741156977050803, 44.384525927469134 ], [ 1.74141735591997, 44.384806122369298 ], [ 1.741790404012314, 44.385104915828315 ], [ 1.742088406921498, 44.385385314025442 ], [ 1.742250092465637, 44.385512092686128 ], [ 1.743038476576257, 44.385669252952709 ], [ 1.743913506573034, 44.385934790934137 ], [ 1.744738574596349, 44.386182066231989 ], [ 1.745076108837175, 44.38628281320036 ], [ 1.745438630160539, 44.386392688227659 ], [ 1.745826987540551, 44.386430758003918 ], [ 1.746078255744683, 44.386387150793276 ], [ 1.746403536497453, 44.386460850029088 ], [ 1.747015728126323, 44.386679980210921 ], [ 1.747588986831693, 44.387024797485616 ], [ 1.747889098536868, 44.387107349282779 ], [ 1.748164978841674, 44.387108834191984 ], [ 1.748579739191919, 44.387021136649579 ], [ 1.748943303959424, 44.387032083333821 ], [ 1.749242761572438, 44.387177578120699 ], [ 1.749653673766336, 44.38745856198922 ], [ 1.749913171024114, 44.387828661281809 ], [ 1.750061590729583, 44.388027299530421 ], [ 1.75062243494556, 44.388363040819677 ], [ 1.751573158053539, 44.388592952545935 ], [ 1.752311262729291, 44.388767763242576 ], [ 1.752923129217537, 44.389022830124951 ], [ 1.754307578034022, 44.389758631060481 ], [ 1.755268836546682, 44.390186408617367 ], [ 1.756193137470537, 44.390551032070995 ], [ 1.757005137401503, 44.390861095864139 ], [ 1.757341889137918, 44.391042736967222 ], [ 1.757565032693653, 44.391295718424352 ], [ 1.758311758309836, 44.39185722619294 ], [ 1.75888615409982, 44.392103069221854 ], [ 1.759838080556998, 44.392225000935291 ], [ 1.760702591439739, 44.392310492829118 ], [ 1.761781224331783, 44.392307175421919 ], [ 1.762395191212016, 44.392364358396776 ], [ 1.762908737398345, 44.392430003234004 ], [ 1.763446542457157, 44.392576708606867 ], [ 1.763883472324985, 44.392776840674095 ], [ 1.764307039779747, 44.393057836643223 ], [ 1.764743426952125, 44.393311919462228 ] ] ] } },
{ "type": "Feature", "properties": { "nom": "GR 65" }, "geometry": { "type": "MultiLineString", "coordinates": [ [ [ 1.719036685313023, 44.379906828993477 ], [ 1.719450845503966, 44.379873195916169 ], [ 1.719815246904262, 44.379803308854498 ], [ 1.720278869833723, 44.379832901432586 ], [ 1.720705173124824, 44.379835303701903 ], [ 1.721308783251892, 44.379676831041223 ], [ 1.721676030257838, 44.379346162715848 ], [ 1.72268154132226, 44.379126991520074 ], [ 1.723335095246064, 44.378986774412986 ], [ 1.724125684279277, 44.378928255352804 ], [ 1.72445255708895, 44.378849150298812 ], [ 1.725264799780856, 44.379105493744625 ], [ 1.726238975355622, 44.379461654904887 ], [ 1.72708885061782, 44.379718194202539 ], [ 1.72825170687337, 44.380021433096196 ], [ 1.728665183551399, 44.380050710803026 ], [ 1.728631454559705, 44.379690810741558 ], [ 1.728635146015479, 44.379349104580072 ], [ 1.728713677107451, 44.379043785227324 ], [ 1.728829725959822, 44.378747667847662 ], [ 1.728933526606954, 44.37842450400688 ], [ 1.7291123600619, 44.378119742074233 ], [ 1.729253383196636, 44.377832756211511 ], [ 1.729368843766662, 44.377590591078324 ], [ 1.729535231337625, 44.377276767677579 ], [ 1.729702198505189, 44.376908989620617 ], [ 1.730051509270186, 44.377072798408498 ], [ 1.730462640050806, 44.377317883531951 ], [ 1.730698534949881, 44.377535017739291 ], [ 1.73106039098717, 44.377698893217335 ], [ 1.731347214736182, 44.377844366237134 ], [ 1.731581084581145, 44.378250336597404 ], [ 1.731752074632338, 44.378673944311018 ], [ 1.732095219487737, 44.379413251923907 ], [ 1.732488239602555, 44.38017981275906 ], [ 1.733003955079085, 44.380029782112885 ], [ 1.73346826154024, 44.379996373693217 ], [ 1.734170122703523, 44.38002722122836 ], [ 1.734632793721739, 44.3801466752209 ], [ 1.735144946405831, 44.38032935007854 ], [ 1.735520044875432, 44.380430333160227 ], [ 1.736080726355736, 44.380766148217745 ], [ 1.736555562140065, 44.380921632509327 ], [ 1.737106398391886, 44.381005589380408 ], [ 1.73703776453251, 44.381562767111518 ], [ 1.736893226181725, 44.382182478439738 ], [ 1.736826505673157, 44.382559811488235 ], [ 1.736961080478904, 44.38287529796245 ], [ 1.737083884201697, 44.383118777790578 ], [ 1.738208769697645, 44.383466666581128 ], [ 1.739596325132222, 44.383878927058994 ] ] ] } },
{ "type": "Feature", "properties": { "nom": "GR 65" }, "geometry": { "type": "MultiLineString", "coordinates": [ [ [ 1.677727761473897, 44.357831300435997 ], [ 1.679031693296882, 44.358873313087699 ], [ 1.680111531666677, 44.359788067523638 ], [ 1.681004231120645, 44.360629747720701 ], [ 1.681412935725018, 44.36105485608217 ], [ 1.681734639363073, 44.361416492373515 ], [ 1.681993884999127, 44.361759769292931 ], [ 1.682427884034869, 44.362167039682113 ], [ 1.682763492482048, 44.362411850940788 ], [ 1.68293667784349, 44.362610726925077 ], [ 1.683659297293044, 44.36299273854695 ], [ 1.684390607958628, 44.3637075300825 ], [ 1.68490068015409, 44.364043302619933 ], [ 1.685769904277455, 44.364758907221372 ], [ 1.686192352472973, 44.365085159311768 ], [ 1.686885516504997, 44.364765538176407 ], [ 1.687200757246346, 44.364605540357445 ], [ 1.687980616996672, 44.364376354842392 ], [ 1.689133722084538, 44.364392178811052 ], [ 1.689860745753125, 44.364396479859636 ], [ 1.690859514441461, 44.364753097845586 ], [ 1.691432000873156, 44.365116186400591 ], [ 1.691668518685409, 44.365261465576758 ], [ 1.692299080344005, 44.364932448961319 ], [ 1.692539097986404, 44.364771992373086 ], [ 1.693227185795556, 44.364892947332287 ], [ 1.69385157489945, 44.365103451406753 ], [ 1.694500525896383, 44.365359060313573 ], [ 1.695200134685285, 44.365569998697225 ], [ 1.695665266108388, 44.365455818964783 ], [ 1.696004841142199, 44.365358887442135 ], [ 1.69644397890226, 44.365325486907913 ], [ 1.696919597293714, 44.365391218297574 ], [ 1.697558479785592, 44.365430924100409 ], [ 1.698173619314056, 44.365353580325902 ], [ 1.698826565438709, 44.365258469150938 ], [ 1.699364455514816, 44.365360524224293 ], [ 1.699840992822961, 44.365345313804276 ], [ 1.700505556230473, 44.365331196100996 ], [ 1.701031827757915, 44.365352241449443 ], [ 1.701419706199711, 44.365417445361672 ], [ 1.702411094315735, 44.365324279895319 ], [ 1.702990239255126, 44.365102818679432 ], [ 1.703847069891293, 44.364712099322574 ], [ 1.704427616732529, 44.364364740061369 ], [ 1.705032518681258, 44.36408046812096 ], [ 1.705725864242265, 44.363733753285281 ], [ 1.706054185195616, 44.363519821154469 ], [ 1.706330150649556, 44.363503427395933 ], [ 1.707145509473009, 44.36345416852938 ], [ 1.707822382272889, 44.363458062638202 ], [ 1.708298700705625, 44.36346080178123 ], [ 1.70879898461531, 44.363562595274196 ], [ 1.709449988527019, 44.363638273981849 ], [ 1.709739289378569, 44.363550005562203 ], [ 1.710306151463395, 44.363301456798496 ], [ 1.71069602573489, 44.363186784295408 ], [ 1.7116114540162, 44.363156049992554 ], [ 1.711787737128557, 44.363085116019519 ], [ 1.712453268466975, 44.362981004369892 ], [ 1.713030257019594, 44.362948325953134 ], [ 1.713997111114839, 44.362800959451938 ], [ 1.714689293624723, 44.362553102831527 ], [ 1.715268460776376, 44.362322584662174 ], [ 1.715582913262906, 44.362225451481407 ], [ 1.715997837097795, 44.362110901555241 ], [ 1.716588638162754, 44.361961377197815 ] ] ] } },
{ "type": "Feature", "properties": { "nom": "GR 65" }, "geometry": { "type": "MultiLineString", "coordinates": [ [ [ 1.55724985566057, 44.366706961861567 ], [ 1.556180127088079, 44.367005103433137 ], [ 1.555462124706518, 44.367251786344617 ], [ 1.554944557291206, 44.367508888591246 ], [ 1.553706839057151, 44.368165524242805 ], [ 1.552443144880879, 44.368884911571953 ], [ 1.551696019822828, 44.36941913530292 ], [ 1.550826407276841, 44.36974563885552 ], [ 1.549691897050323, 44.370187140723118 ], [ 1.548634849690177, 44.370467314892423 ], [ 1.547465598479014, 44.370701706518588 ], [ 1.546648861337374, 44.37083071323616 ], [ 1.545968376891136, 44.371077605233857 ], [ 1.545590145436902, 44.371227754416111 ], [ 1.545187471033566, 44.371332761504078 ], [ 1.544242953402109, 44.371631692747243 ], [ 1.543401249957906, 44.371751501691982 ], [ 1.542596898178414, 44.371889561173759 ], [ 1.541980842323177, 44.372010994480462 ], [ 1.541478752488484, 44.372052316198236 ], [ 1.540474827053227, 44.372116966907612 ], [ 1.539710108337773, 44.372111406213669 ], [ 1.53933248962733, 44.372216573297919 ], [ 1.538953850797184, 44.372393676336735 ], [ 1.53839918827066, 44.37260546659293 ], [ 1.537656091108219, 44.372842858917302 ], [ 1.537113317314496, 44.373099694325404 ], [ 1.53684813313656, 44.373232652791962 ], [ 1.536355371777479, 44.37349884285377 ], [ 1.535800688710882, 44.373710620126161 ], [ 1.535180501912378, 44.37411976092406 ], [ 1.534938077580131, 44.374414755887607 ], [ 1.534469089404539, 44.374771041480138 ], [ 1.533479151511249, 44.374845179680861 ], [ 1.532522742657235, 44.374745366513359 ], [ 1.531892851938231, 44.374693434335903 ], [ 1.530914888592095, 44.374488838280804 ], [ 1.529995572653091, 44.37436337883932 ], [ 1.529127213630418, 44.37461298051182 ], [ 1.528588075264523, 44.374806030208696 ], [ 1.527977027022863, 44.374963288591246 ], [ 1.52737833842349, 44.375112001967707 ], [ 1.526875368078799, 44.375314234323668 ], [ 1.526623412403049, 44.375414758608095 ] ] ] } },
{ "type": "Feature", "properties": { "nom": "GR 65" }, "geometry": { "type": "MultiLineString", "coordinates": [ [ [ 1.523176307411351, 44.381423523627255 ], [ 1.523670498446782, 44.381067470979296 ], [ 1.523823165112266, 44.380915722750863 ], [ 1.523951534368714, 44.380709836119671 ], [ 1.524156298680768, 44.380423577836808 ], [ 1.524059626999207, 44.380171056007242 ], [ 1.524026554914374, 44.379856055257754 ], [ 1.524228460960956, 44.379767623066492 ], [ 1.524394958896628, 44.379526046046983 ], [ 1.524461799799458, 44.37923876513532 ], [ 1.524334649736157, 44.37849140309644 ], [ 1.52425220591538, 44.378122077917659 ], [ 1.524323455656829, 44.377529068553351 ], [ 1.524481818594361, 44.376981669673199 ], [ 1.524675066877902, 44.376623382152673 ], [ 1.525533306170619, 44.376234048025928 ], [ 1.526062849251175, 44.37603112846481 ], [ 1.526368400162776, 44.37570964179006 ], [ 1.526420361127087, 44.375584123832802 ], [ 1.526623412403049, 44.375414758608095 ] ] ] } },
{ "type": "Feature", "properties": { "nom": "GR 65" }, "geometry": { "type": "MultiLineString", "coordinates": [ [ [ 1.523176307411351, 44.381423523627255 ], [ 1.522708355837238, 44.38169883213601 ], [ 1.522330121009575, 44.381839909608246 ], [ 1.52171469309932, 44.381907277664624 ], [ 1.521309684085353, 44.382165061629877 ], [ 1.521041162272137, 44.382522784591245 ], [ 1.520458649556865, 44.382914139318068 ], [ 1.519420422020632, 44.383598863765918 ], [ 1.519205040971864, 44.383750138276284 ], [ 1.518635825163535, 44.38408762598489 ], [ 1.51810434914054, 44.384416398614249 ], [ 1.517948519658614, 44.384783948812562 ], [ 1.517830435203377, 44.385142788554468 ], [ 1.517763816091632, 44.385412082088784 ], [ 1.517511067528578, 44.385545088804847 ], [ 1.517107404220928, 44.385514052781865 ], [ 1.517003477303222, 44.38555328571244 ], [ 1.517027613835855, 44.38577024794904 ], [ 1.517085046613752, 44.386114046850174 ], [ 1.517076408933875, 44.386190158670502 ], [ 1.516784041545184, 44.386188338913392 ], [ 1.516585318255912, 44.386169250438236 ], [ 1.516174272706105, 44.385882620661619 ], [ 1.515260964750381, 44.385241427302937 ], [ 1.514903209333437, 44.385203252208072 ], [ 1.51442615994181, 44.385153938176252 ], [ 1.514343840207331, 44.385252876480976 ], [ 1.51358284053754, 44.385137791378682 ], [ 1.513391569351025, 44.385084708521532 ], [ 1.513266621795752, 44.384782873139308 ], [ 1.513018245310654, 44.384374557042186 ], [ 1.512979136399534, 44.384092937968241 ], [ 1.512883146633411, 44.383953478740317 ], [ 1.512472010800649, 44.383671597386801 ], [ 1.511884699387264, 44.383268227896927 ], [ 1.51148704827652, 44.383192926407276 ], [ 1.511177003922198, 44.38327095393425 ], [ 1.510468213648094, 44.383444425171312 ], [ 1.509910258434797, 44.383628339878683 ], [ 1.50957208059093, 44.383854417740551 ], [ 1.509303285325412, 44.384031785391201 ], [ 1.50908842765301, 44.384154494552568 ], [ 1.508823798577998, 44.38429583408665 ], [ 1.508594614592737, 44.384416895154679 ], [ 1.50827158588392, 44.384578050860426 ], [ 1.507958207715864, 44.384731288386227 ], [ 1.507444865621937, 44.384982337213124 ], [ 1.507033639135577, 44.385218022347544 ], [ 1.50636323022681, 44.385537421449861 ], [ 1.505899003055443, 44.385840746546329 ], [ 1.505569534920134, 44.386076779661671 ], [ 1.505480646875387, 44.38607008199255 ], [ 1.50508387825941, 44.386350777646548 ], [ 1.504691964555267, 44.386563636665421 ], [ 1.504264557095528, 44.386632334484013 ] ] ] } },
{ "type": "Feature", "properties": { "nom": "GR 65" }, "geometry": { "type": "MultiLineString", "coordinates": [ [ [ 1.468618448061171, 44.408083242964771 ], [ 1.468612901875274, 44.408442927179635 ], [ 1.468734047331905, 44.4087226761132 ], [ 1.469116270415974, 44.409157375619607 ], [ 1.468834607790492, 44.409523867632025 ], [ 1.468740695991755, 44.40991882559053 ], [ 1.46864470194574, 44.410448665684918 ], [ 1.468547458159547, 44.41105943442269 ], [ 1.468427895411468, 44.411490162352756 ], [ 1.468295925492586, 44.411911798861539 ], [ 1.468138724086328, 44.412342228383928 ], [ 1.468009247578878, 44.412602005599332 ], [ 1.467879769858504, 44.412861783593087 ], [ 1.467904167040698, 44.412906943299497 ], [ 1.467879769858504, 44.412861783593087 ], [ 1.467447952653785, 44.413200103929853 ], [ 1.466991733565117, 44.413493261809684 ], [ 1.466472781552211, 44.413785920906129 ], [ 1.466118725395834, 44.413962974742851 ], [ 1.465941279237057, 44.414078477617124 ], [ 1.465204168362543, 44.414684161100631 ], [ 1.465000511895211, 44.414871400260175 ], [ 1.464647697976005, 44.414967519850478 ], [ 1.464069756419023, 44.415016881031747 ], [ 1.463349483464411, 44.415343896106741 ], [ 1.462449648928757, 44.415921285342407 ], [ 1.461752631221251, 44.416365388138985 ], [ 1.461406474664276, 44.416839267353268 ], [ 1.461040396618739, 44.416980236075922 ], [ 1.460435798478682, 44.417128291028611 ], [ 1.459480601766011, 44.417228572627472 ], [ 1.458876838200619, 44.417322665356082 ], [ 1.458260946608844, 44.417389678869441 ], [ 1.457632226228306, 44.417474572262314 ], [ 1.457166326284432, 44.417578755712256 ], [ 1.456873683733085, 44.417837211972568 ], [ 1.456656036462816, 44.418114256256921 ], [ 1.456372420149343, 44.418597616044671 ], [ 1.456177890831207, 44.419000751490081 ], [ 1.455884392248002, 44.419313158095363 ], [ 1.455244943482066, 44.420081441132176 ], [ 1.454759706897463, 44.420617135908742 ], [ 1.454752239549385, 44.421093719717362 ], [ 1.4546821754441, 44.421560806475654 ], [ 1.454472397971029, 44.422134689341988 ], [ 1.454503275137578, 44.42256661616274 ], [ 1.454446882346054, 44.422961867195369 ], [ 1.454540074489581, 44.42342127482847 ], [ 1.454672461420885, 44.423782071294688 ], [ 1.454817398443024, 44.424142968925942 ], [ 1.454837561372535, 44.424457896314124 ], [ 1.454676417172975, 44.425131097694795 ], [ 1.454705888143173, 44.425652946615273 ], [ 1.454814170266096, 44.425950596952212 ], [ 1.455004939996772, 44.426590655362403 ], [ 1.455038498942898, 44.426851731320191 ], [ 1.454858735311474, 44.42711109163627 ], [ 1.454476924337555, 44.427449766471582 ], [ 1.454218902953033, 44.427897355748684 ], [ 1.453946212771204, 44.428479726125502 ], [ 1.453875991373402, 44.428955807433162 ], [ 1.453771227473325, 44.429233756924745 ], [ 1.453349913086564, 44.429689022729661 ], [ 1.453006570636993, 44.429974043188842 ], [ 1.452080166777424, 44.43062308686914 ], [ 1.451534608015852, 44.430996403824025 ], [ 1.451114112633649, 44.43139770929173 ], [ 1.450769757381537, 44.431745667790267 ], [ 1.450146756026878, 44.432253253555785 ], [ 1.448992543035666, 44.433017343720714 ], [ 1.448434106939937, 44.433408529065503 ], [ 1.44802612094201, 44.433809924255868 ], [ 1.447527436463849, 44.434390449794869 ], [ 1.446986683614628, 44.435249425905759 ], [ 1.446589801216678, 44.435740840129206 ], [ 1.446180504796707, 44.436223159066138 ], [ 1.44581056051707, 44.436597875338684 ], [ 1.445441324151852, 44.436927629934559 ], [ 1.444705831365578, 44.437398299056099 ], [ 1.443706758758664, 44.437866817010537 ], [ 1.443266193926931, 44.437944168821417 ], [ 1.443099177708839, 44.438185629420623 ], [ 1.443385421294433, 44.438340849194375 ], [ 1.443699194740033, 44.438343404623815 ], [ 1.443989864090449, 44.438219863460475 ], [ 1.444191962950147, 44.438140567526567 ], [ 1.444391921437268, 44.438196155485052 ], [ 1.444288091100287, 44.438411151267225 ], [ 1.443820281022038, 44.438623184698073 ], [ 1.443528894871915, 44.438791685957646 ], [ 1.443851655645177, 44.439019148878103 ], [ 1.444100822501496, 44.439138090530797 ], [ 1.444035071239213, 44.439326416549754 ], [ 1.443583420522547, 44.439432161237839 ], [ 1.44270337360441, 44.439667466150858 ], [ 1.44224748897806, 44.43970013934144 ], [ 1.442118707460343, 44.439750473538368 ], [ 1.442091540231024, 44.440076060289257 ], [ 1.442891943760815, 44.440498149029871 ] ] ] } },
{ "type": "Feature", "properties": { "nom": "GR 65" }, "geometry": { "type": "MultiLineString", "coordinates": [ [ [ 1.429701754222099, 44.428781746938022 ], [ 1.429368742013479, 44.428391337639958 ], [ 1.428337969709654, 44.428901568438839 ], [ 1.427522285863684, 44.428812419357548 ], [ 1.426859671952575, 44.428654037284772 ], [ 1.42566739343524, 44.42865313125116 ], [ 1.424701139400422, 44.428645099839486 ], [ 1.423798649782979, 44.428574636753993 ], [ 1.423349230896661, 44.428427000174217 ], [ 1.422814164039467, 44.428143748750216 ], [ 1.422133048848794, 44.427580482423281 ], [ 1.42172128690852, 44.427433154189494 ], [ 1.42120797040004, 44.427356922581339 ], [ 1.42094752549124, 44.427165887729082 ], [ 1.420187783354722, 44.426808799883055 ], [ 1.419302714188329, 44.426441664943304 ], [ 1.418394908580546, 44.425930439274971 ], [ 1.4180478172452, 44.425666724742726 ], [ 1.417267865988683, 44.425012667919809 ], [ 1.41692798649244, 44.424308336417795 ], [ 1.416497048010709, 44.423801094585457 ], [ 1.416298931751834, 44.423637551175098 ], [ 1.416238400686072, 44.423502143725749 ], [ 1.416225207876704, 44.423043554940101 ] ] ] } },
{ "type": "Feature", "properties": { "nom": "GR 65" }, "geometry": { "type": "MultiLineString", "coordinates": [ [ [ 1.408081524953217, 44.414693052741448 ], [ 1.407409467788325, 44.414348756205385 ], [ 1.406909040157162, 44.414179528839526 ], [ 1.406390560945328, 44.413943335366199 ], [ 1.406739421295425, 44.413934000416361 ], [ 1.406885887081776, 44.413909821888858 ], [ 1.407161246955724, 44.413721025162616 ], [ 1.407671988687216, 44.413523538814886 ], [ 1.406918972940231, 44.413354471003515 ], [ 1.407445178923514, 44.413206538601841 ], [ 1.407056612269972, 44.412951484792814 ], [ 1.407578231303316, 44.412920568883955 ], [ 1.408137879208523, 44.412557374200993 ], [ 1.408108188671173, 44.412344795933237 ], [ 1.408364726256735, 44.412005224157852 ], [ 1.408786567910751, 44.411532150869576 ], [ 1.409018748270519, 44.411147404944941 ], [ 1.409274089530002, 44.410879766631467 ], [ 1.409651547313538, 44.410455295741116 ], [ 1.410012787740687, 44.410211517490218 ], [ 1.410481820542914, 44.409918702398443 ], [ 1.410116584706304, 44.409241121339043 ], [ 1.410160285866669, 44.408872766618508 ], [ 1.409274083578143, 44.40859547443312 ], [ 1.408677887789163, 44.408230698679994 ], [ 1.408429969288554, 44.40804873487923 ], [ 1.407579936141447, 44.407861668114123 ], [ 1.405909435290263, 44.407217968942099 ], [ 1.40531178958473, 44.40694309449281 ], [ 1.404492082031279, 44.406441497689812 ], [ 1.404183402617759, 44.406142094721865 ], [ 1.404293432499053, 44.405558468802084 ], [ 1.404111385888506, 44.405188197006915 ], [ 1.404270844234743, 44.404649958158238 ], [ 1.404629501919078, 44.404203345547536 ], [ 1.404951714604987, 44.403684475935869 ], [ 1.404934516557423, 44.403207687335374 ], [ 1.40490403063005, 44.402775752325461 ], [ 1.404722584509154, 44.402369514021366 ], [ 1.404538162782026, 44.402143114493953 ], [ 1.403907120707479, 44.401616138975719 ], [ 1.403658500958751, 44.401479124487423 ], [ 1.403464846566017, 44.401810225885086 ], [ 1.403743495650835, 44.402406151530037 ], [ 1.403574029450883, 44.402791418471516 ], [ 1.403359309438262, 44.402879523108318 ], [ 1.40282339184148, 44.402668114774251 ], [ 1.402537142033887, 44.402530777063454 ], [ 1.402452028172544, 44.402368172478624 ], [ 1.40226492923782, 44.402303625026384 ], [ 1.402352729777242, 44.402304373878493 ], [ 1.402143232141204, 44.402077756785665 ], [ 1.402709597309674, 44.401965671893699 ], [ 1.402590584507886, 44.401577948336069 ], [ 1.402245359036481, 44.401215276416366 ], [ 1.402317473374431, 44.400649316918475 ], [ 1.402239078027336, 44.400082074311513 ], [ 1.402214139075188, 44.399317436333497 ], [ 1.402602639391199, 44.398583301707838 ], [ 1.402837048436341, 44.398063691913727 ], [ 1.403284214813558, 44.397572873099428 ], [ 1.403455158730126, 44.397097686895137 ], [ 1.40319893986613, 44.396663829932983 ], [ 1.403120841331963, 44.396078605075019 ], [ 1.402691736431959, 44.39548139702466 ] ] ] } },
{ "type": "Feature", "properties": { "nom": "GR 65" }, "geometry": { "type": "MultiLineString", "coordinates": [ [ [ 1.828925140090813, 44.445643607919727 ], [ 1.829035599715035, 44.445922902870585 ], [ 1.829119329656918, 44.446381934705343 ], [ 1.829489029161534, 44.447148054700769 ], [ 1.829582803845433, 44.447885916919503 ], [ 1.829504480125694, 44.448218295825583 ], [ 1.829413194613615, 44.448595580615994 ], [ 1.829308706428815, 44.449044747859972 ], [ 1.829192148033334, 44.449439900650596 ], [ 1.829152212815281, 44.449691520333644 ], [ 1.829098829703729, 44.450042001739426 ], [ 1.828944362852141, 44.450463957811557 ], [ 1.828929532968023, 44.450715693912855 ], [ 1.828965571232168, 44.450895722644908 ], [ 1.829149174848455, 44.45141816995033 ], [ 1.829281020505486, 44.452111245107965 ], [ 1.829089291681926, 44.452488064045831 ], [ 1.828871393837249, 44.452981671152564 ], [ 1.828592995421289, 44.453223193046476 ], [ 1.828277498485449, 44.45340158908509 ], [ 1.827331731185974, 44.453855840289961 ], [ 1.826435761049442, 44.454355281139875 ], [ 1.825866452922358, 44.454829259223537 ], [ 1.825497855204956, 44.455322157450617 ], [ 1.825406696397587, 44.455681454805898 ], [ 1.825316436007711, 44.455941832463878 ], [ 1.825289852159725, 44.456103583052609 ], [ 1.824873476288586, 44.456326465237943 ], [ 1.82455762246106, 44.456540822407327 ], [ 1.824455293717618, 44.456747184359585 ], [ 1.824253256962141, 44.456872142008159 ], [ 1.824138534304773, 44.457060460083909 ], [ 1.823672990896528, 44.457166196881225 ], [ 1.823006555213546, 44.457270990766467 ], [ 1.822854900582719, 44.457378196057562 ], [ 1.822752974720669, 44.45753959274424 ], [ 1.822976758547449, 44.457783456035827 ], [ 1.823289584734942, 44.457901832213253 ], [ 1.82340151903347, 44.458019267277415 ], [ 1.823412021299053, 44.45824414359852 ], [ 1.823043051127467, 44.458773005021193 ], [ 1.822687864041323, 44.459167034235229 ], [ 1.82235737339655, 44.459606144077455 ], [ 1.822266186474282, 44.459965439497871 ], [ 1.822238604017087, 44.460235102586054 ], [ 1.822438271173537, 44.460370936365869 ], [ 1.822637774752651, 44.460524755136952 ], [ 1.822912863934397, 44.460651949334476 ], [ 1.823313190070428, 44.460815702043007 ], [ 1.823925830427881, 44.461106350560364 ], [ 1.824311393317266, 44.461512844090933 ], [ 1.824360307784512, 44.46165696184044 ], [ 1.824456415186775, 44.462134045820022 ], [ 1.824630489114203, 44.4623237144 ], [ 1.824979213128446, 44.462640102447644 ], [ 1.825391789513453, 44.462839876692954 ], [ 1.825589837373399, 44.463155559509964 ], [ 1.825701377303392, 44.463317955480299 ], [ 1.825800770940438, 44.463435329372672 ], [ 1.825811937897942, 44.463588264502555 ], [ 1.826059811248651, 44.463949143796292 ], [ 1.826245880152616, 44.464201818217362 ], [ 1.82670715107401, 44.464572684180361 ], [ 1.827231214251655, 44.46494383981593 ], [ 1.827805351194114, 44.465333211745822 ], [ 1.828431435282841, 44.465533966726497 ], [ 1.828367590040692, 44.465650581367072 ], [ 1.828591267540168, 44.46591241862307 ] ] ] } },
{ "type": "Feature", "properties": { "nom": "GR 65" }, "geometry": { "type": "MultiLineString", "coordinates": [ [ [ 1.802113906688237, 44.412296020429721 ], [ 1.801947822403065, 44.412609960253491 ], [ 1.801945342680813, 44.412870741294363 ], [ 1.802182258691912, 44.413024778068149 ], [ 1.802420373031522, 44.41305291891404 ], [ 1.802670776050212, 44.413108098726944 ], [ 1.803009597741003, 44.413100758805626 ], [ 1.80348429247647, 44.413318901730747 ], [ 1.804231084459512, 44.413952038946114 ], [ 1.804704686026737, 44.414287078405593 ], [ 1.805178717442002, 44.414577153945515 ], [ 1.805954285653218, 44.414823725572433 ], [ 1.806769957673347, 44.414809692998169 ], [ 1.807498567249682, 44.414714296723155 ], [ 1.808487434425676, 44.4149618807986 ], [ 1.808862555587606, 44.415098584585536 ], [ 1.809351185630249, 44.415172882774321 ], [ 1.810003675736765, 44.415167032110823 ], [ 1.810405745821638, 44.415106015869775 ], [ 1.811307479526829, 44.415281213048139 ], [ 1.81213226441493, 44.415635891906646 ], [ 1.812643733242015, 44.415953093296963 ], [ 1.812854342507473, 44.416241874087824 ], [ 1.812815195748407, 44.416403558331425 ], [ 1.812851411582064, 44.416556610748088 ], [ 1.812911799019454, 44.41680870105268 ], [ 1.813760539099667, 44.417289382903249 ], [ 1.813997924294391, 44.417398431661248 ], [ 1.814057900527852, 44.417695483463518 ], [ 1.814065851148976, 44.418190130629924 ], [ 1.81413737230764, 44.418595151911092 ], [ 1.814310022871732, 44.418919721040361 ], [ 1.814341483993541, 44.419585345291338 ], [ 1.81427607372208, 44.419872806505751 ], [ 1.814297744146731, 44.420241618488568 ], [ 1.814392610014396, 44.420835603709328 ], [ 1.81414986184921, 44.421302076167308 ], [ 1.813842615028296, 44.421957091350343 ], [ 1.813611066438649, 44.42256750344449 ], [ 1.813570996632311, 44.422828106526033 ], [ 1.813745163406978, 44.422990811879778 ], [ 1.814232112828079, 44.423253931978273 ], [ 1.814741409244115, 44.423813922293462 ], [ 1.81516137538634, 44.424535357900901 ], [ 1.815308620764375, 44.424895776901785 ], [ 1.816189009925239, 44.424684136391164 ], [ 1.816806791233055, 44.424372320184943 ], [ 1.816985542747613, 44.424040430375513 ], [ 1.817275897551712, 44.423852956949062 ], [ 1.818067263987736, 44.423766780537406 ], [ 1.818719438731903, 44.423805840400007 ], [ 1.819445663599935, 44.423980139536226 ], [ 1.81988295065755, 44.424189042487299 ], [ 1.8206611099291, 44.424174727959489 ], [ 1.821767253636236, 44.423973100265648 ], [ 1.822181921237969, 44.423912099364998 ], [ 1.822645960011535, 44.423941258763165 ], [ 1.82348595233218, 44.424026136636783 ], [ 1.823987472956809, 44.424073451444023 ], [ 1.824552554428811, 44.424031131746879 ], [ 1.825468823203573, 44.424008436354185 ], [ 1.825957796401525, 44.424055684039629 ], [ 1.826487027274736, 44.423815343616212 ], [ 1.826864860008585, 44.423664224822389 ], [ 1.8275938754198, 44.423532724254095 ], [ 1.828007070266492, 44.423633566972754 ], [ 1.828382701948614, 44.423725241717669 ], [ 1.828859777366667, 44.423700476670788 ], [ 1.829401621893354, 44.423451187966414 ], [ 1.829942731529706, 44.423282829831109 ], [ 1.831490429855223, 44.422813360436656 ], [ 1.83206763756731, 44.422816022774505 ], [ 1.832682731235423, 44.422791878729903 ], [ 1.833311178219788, 44.42267786231664 ], [ 1.833901334727168, 44.422635611004033 ], [ 1.8345536680084, 44.422656591164973 ], [ 1.834665074170632, 44.422827967239122 ], [ 1.834461093612417, 44.423186747553316 ], [ 1.834094223982524, 44.423517801078447 ], [ 1.833852029511816, 44.423939355272971 ], [ 1.833030190962651, 44.424628030847913 ], [ 1.832837451884151, 44.425130747243479 ], [ 1.833018027288669, 44.425985904818162 ], [ 1.833254277487171, 44.42622980019901 ], [ 1.833504448155843, 44.426320880438865 ], [ 1.833865629248471, 44.426628298669677 ], [ 1.833999645500479, 44.427078560397227 ], [ 1.833969884511917, 44.427600013878759 ], [ 1.834054753081208, 44.42793314160334 ], [ 1.834274851169801, 44.42858164318173 ], [ 1.834670406263699, 44.42925792754852 ] ] ] } },
{ "type": "Feature", "properties": { "nom": "GR 65" }, "geometry": { "type": "MultiLineString", "coordinates": [ [ [ 2.118782153957841, 44.611377637674558 ], [ 2.118548543918431, 44.612009822321404 ], [ 2.118492000573083, 44.612271639861056 ], [ 2.118356201273174, 44.612570291843504 ], [ 2.118084013809111, 44.61320505910151 ], [ 2.118388445359387, 44.613863158946678 ], [ 2.118898869664587, 44.614766435991164 ], [ 2.118788998295528, 44.61508402922297 ], [ 2.119860972240807, 44.615298637676091 ], [ 2.121439452423705, 44.615393422304678 ], [ 2.122054767347438, 44.615896820060961 ], [ 2.122678328724784, 44.616276440738119 ], [ 2.122977481180283, 44.616542845983396 ] ] ] } },
{ "type": "Feature", "properties": { "nom": "GR 652" }, "geometry": { "type": "MultiLineString", "coordinates": [ [ [ 1.124515655454436, 44.535741688906633 ], [ 1.124514757254398, 44.535742312087393 ], [ 1.124351476601032, 44.53631614409526 ], [ 1.123755149578164, 44.536561398021981 ], [ 1.123160759947011, 44.536716727934859 ], [ 1.12265417928363, 44.536882019971763 ], [ 1.121945660378056, 44.537081052348185 ], [ 1.121241609362678, 44.537073260968867 ], [ 1.120310284295665, 44.537107919547353 ], [ 1.119479730432649, 44.537134692489659 ], [ 1.118571013619783, 44.537286512760488 ], [ 1.117673694484295, 44.537492417684895 ], [ 1.116648885865582, 44.537777847659761 ], [ 1.116055049200698, 44.537906162704687 ], [ 1.115689470582929, 44.537947070197447 ], [ 1.114807634230836, 44.538018209267889 ], [ 1.114453843877403, 44.538095220942189 ], [ 1.113633301464763, 44.538238987341821 ], [ 1.113104666490642, 44.538260081366644 ], [ 1.112210446358521, 44.538322067017788 ], [ 1.11136808282418, 44.538312670395158 ], [ 1.110811946470192, 44.538441378391525 ], [ 1.110560495253276, 44.538438570223185 ], [ 1.108673818656703, 44.538453464689063 ], [ 1.107745018391052, 44.538371118190511 ], [ 1.107483157798505, 44.538269249983252 ], [ 1.106592081287093, 44.538187316265471 ], [ 1.106103327608225, 44.538109884618137 ], [ 1.105778411763781, 44.538016299988129 ], [ 1.105329545218619, 44.537840374878215 ], [ 1.104765953336777, 44.537735115202018 ], [ 1.103522072545879, 44.537685175485571 ], [ 1.101675310073261, 44.537601459331469 ], [ 1.101423665190344, 44.537607622848903 ], [ 1.100390750039702, 44.537685941050633 ], [ 1.099823803655205, 44.537733522268141 ], [ 1.098956307830662, 44.537723744889561 ], [ 1.098436281176543, 44.537924750426676 ] ] ] } },
{ "type": "Feature", "properties": { "nom": "GR 65" }, "geometry": { "type": "MultiLineString", "coordinates": [ [ [ 2.034021221236635, 44.606238809119496 ], [ 2.035886934746556, 44.606333569508031 ], [ 2.036275513110244, 44.606385345246665 ], [ 2.03668143598852, 44.606413077329506 ], [ 2.036974276931395, 44.606440108095988 ], [ 2.039711317191801, 44.606676054915702 ], [ 2.04226604210425, 44.607015327147039 ], [ 2.043633424955794, 44.607277258363887 ], [ 2.046711197761947, 44.607633307069698 ], [ 2.047705931288485, 44.607849457195513 ], [ 2.048802147392789, 44.608535741543953 ], [ 2.05004414348408, 44.60909281501381 ] ] ] } },
{ "type": "Feature", "properties": { "nom": "GR 65" }, "geometry": { "type": "MultiLineString", "coordinates": [ [ [ 1.430414263588432, 44.444844578119216 ], [ 1.430351646545887, 44.444835067064048 ], [ 1.430265808086238, 44.444708449683354 ], [ 1.430004527520275, 44.444562395313326 ], [ 1.429812098502111, 44.444039185801465 ], [ 1.430289568009726, 44.443233726285762 ], [ 1.430966985674788, 44.442483875627552 ], [ 1.430906151274438, 44.44158403340321 ], [ 1.430886115493828, 44.441269098343767 ], [ 1.430917008954639, 44.440909617851212 ], [ 1.43095629815086, 44.440028588843198 ], [ 1.431099428779678, 44.439715001992404 ], [ 1.431330415059, 44.439402140746346 ], [ 1.431614640915254, 44.438900856614936 ], [ 1.432083367439986, 44.438634921898675 ] ] ] } },
{ "type": "Feature", "properties": { "nom": "GR 46" }, "geometry": { "type": "MultiLineString", "coordinates": [ [ [ 1.794626350319939, 44.333932529586768 ], [ 1.794274000584279, 44.334092647543208 ], [ 1.794022915366099, 44.334145355343409 ], [ 1.79368378380201, 44.33423359608539 ], [ 1.793581910282112, 44.334403948400059 ], [ 1.793505179128081, 44.334565432513948 ], [ 1.793134912440765, 44.335282994726541 ], [ 1.792752108236264, 44.336000494075819 ], [ 1.792700777476512, 44.336126134730087 ], [ 1.7922191211908, 44.336699258698367 ], [ 1.791938963269013, 44.337165475571062 ], [ 1.791393948976217, 44.337810221752164 ], [ 1.791065056598961, 44.338132312402685 ], [ 1.790748601395999, 44.338463455900879 ], [ 1.790393071817975, 44.338947278215237 ], [ 1.789836454779232, 44.339493040981154 ], [ 1.789280000538408, 44.34002081675245 ], [ 1.788923749119775, 44.340576571016555 ], [ 1.788443067041718, 44.341041774674984 ] ] ] } },
{ "type": "Feature", "properties": { "nom": "GR 652 B" }, "geometry": { "type": "MultiLineString", "coordinates": [ [ [ 1.073431554678159, 44.54190971984395 ], [ 1.073078674653772, 44.542070048539379 ], [ 1.072684653936559, 44.542254396400978 ], [ 1.072532762110521, 44.54229761942392 ], [ 1.072540884225848, 44.54249559028753 ], [ 1.07236549317039, 44.543024241551748 ], [ 1.07214665753148, 44.542688927844452 ], [ 1.07204242673354, 44.542849626181059 ], [ 1.07185746765552, 44.542685596061993 ], [ 1.071788730667703, 44.542945642291009 ], [ 1.071565848844794, 44.542790169475943 ], [ 1.071565870308074, 44.543347823713788 ], [ 1.07135414419618, 44.543255439911228 ], [ 1.071349486824937, 44.54346225848203 ], [ 1.071199412346685, 44.543424551095036 ], [ 1.070663825366515, 44.543751169552003 ], [ 1.070141006693826, 44.544068939830034 ], [ 1.069491430843584, 44.544430215927129 ], [ 1.068889510662877, 44.544351312087493 ], [ 1.068770468056941, 44.544053121208286 ], [ 1.068589167832273, 44.543727227544423 ], [ 1.068030864899792, 44.543387984256213 ], [ 1.067148095211499, 44.542937052987384 ], [ 1.066205116771265, 44.542368490717834 ], [ 1.065468820813595, 44.541559463300771 ], [ 1.065193066742404, 44.540962637886054 ], [ 1.064952564422514, 44.54052195089249 ], [ 1.064209930530893, 44.540339997711435 ], [ 1.063410573070994, 44.539924675261304 ], [ 1.062616043800264, 44.539368976783031 ], [ 1.061431068934509, 44.538746221010442 ], [ 1.060258105978599, 44.539407826105368 ], [ 1.060061098283916, 44.539338051839863 ] ] ] } },
{ "type": "Feature", "properties": { "nom": "GR 65" }, "geometry": { "type": "MultiLineString", "coordinates": [ [ [ 1.722669103291621, 44.360727718708311 ], [ 1.72332734185159, 44.360137893731832 ], [ 1.723921626010829, 44.359664611658673 ], [ 1.724152029495697, 44.359225259728071 ], [ 1.724230556832619, 44.358919947329603 ], [ 1.724383895771397, 44.358651025200828 ], [ 1.724486902107275, 44.358399805966044 ], [ 1.724463693094589, 44.358228814006438 ] ] ] } },
{ "type": "Feature", "properties": { "nom": "GR" }, "geometry": { "type": "MultiLineString", "coordinates": [ [ [ 1.209369603150148, 44.621022108043675 ], [ 1.209416715909176, 44.621184492361287 ], [ 1.20941328210416, 44.621355353692543 ], [ 1.209194710293844, 44.621577976074867 ], [ 1.20940189882776, 44.621921892124206 ], [ 1.209832306933194, 44.622438990024676 ], [ 1.210018292850686, 44.622584808078706 ], [ 1.210324960502925, 44.622992703027556 ], [ 1.210990120184376, 44.623737063640888 ], [ 1.210517538862833, 44.624065023786592 ], [ 1.21024732801154, 44.624350082191143 ], [ 1.210279506989162, 44.624629242626824 ], [ 1.210348739662501, 44.624944759706814 ], [ 1.210420321910849, 44.625143373186923 ], [ 1.210390804181377, 44.625358939826242 ], [ 1.210338086946234, 44.625475328812129 ], [ 1.210272056062775, 44.625627559791539 ], [ 1.210268083457098, 44.625825398665867 ], [ 1.210302430447335, 44.625996646804936 ], [ 1.210449207041345, 44.626214019215205 ], [ 1.210493799005656, 44.626502300977997 ], [ 1.210489827116326, 44.626700139927721 ], [ 1.210635343563576, 44.626980460521388 ], [ 1.210858040224475, 44.627180620878022 ], [ 1.211178414879101, 44.627534686085447 ], [ 1.211527225954207, 44.627727140438154 ], [ 1.211901044131962, 44.627928843677097 ], [ 1.212524020675475, 44.628268009446252 ], [ 1.213160678944734, 44.628553345140972 ], [ 1.21448186950636, 44.629250417124297 ], [ 1.214994234290427, 44.629453523183663 ], [ 1.215383007457841, 44.629538437660301 ] ] ] } },
{ "type": "Feature", "properties": { "nom": "GR 64" }, "geometry": { "type": "MultiLineString", "coordinates": [ [ [ 1.310820110660879, 44.795550498442978 ], [ 1.310467856025289, 44.796158888972251 ], [ 1.310186922789647, 44.797010809200771 ], [ 1.309905981013049, 44.79786272986388 ], [ 1.309774548180057, 44.798140354719891 ], [ 1.309365056857573, 44.798424386360246 ], [ 1.30862631326961, 44.798750323974481 ], [ 1.308089667615884, 44.799078141124546 ], [ 1.307741663895698, 44.799452690437661 ], [ 1.307342300923697, 44.799871735955321 ], [ 1.307519146266951, 44.799873386158815 ], [ 1.307308262339521, 44.800348160112961 ], [ 1.307172337460015, 44.800868609150804 ], [ 1.306958133792555, 44.801523255399196 ], [ 1.306688384967124, 44.8017636062146 ], [ 1.306943226079431, 44.802332678624701 ], [ 1.306860473397673, 44.802709702152619 ], [ 1.305932170978888, 44.803033854684365 ], [ 1.304852267148398, 44.803356581990784 ], [ 1.304052097260137, 44.803582969513677 ], [ 1.30317595715964, 44.803817636422295 ], [ 1.302376604654551, 44.803999044113901 ], [ 1.30150328266986, 44.804080806221315 ], [ 1.300909544098836, 44.804075234666307 ], [ 1.300643424455644, 44.804117711653625 ] ] ] } },
{ "type": "Feature", "properties": { "nom": "GR 652" }, "geometry": { "type": "MultiLineString", "coordinates": [ [ [ 1.365403735363129, 44.747732835769391 ], [ 1.364755765454744, 44.747250398105571 ], [ 1.364353485492092, 44.747156901768236 ], [ 1.364029429284844, 44.746920177206988 ], [ 1.363896393814625, 44.746586194458274 ], [ 1.363433679765878, 44.746339250125203 ], [ 1.363032973784771, 44.746155814425265 ], [ 1.362975140962394, 44.746578060520093 ], [ 1.362465589537445, 44.747571983473073 ], [ 1.362080565750427, 44.747937368443949 ], [ 1.361528808293315, 44.748454188601279 ], [ 1.361128486268941, 44.748972346861834 ], [ 1.360981351954796, 44.749447771470841 ], [ 1.360508588446404, 44.749776394648642 ], [ 1.359842428328915, 44.750337168606919 ], [ 1.360101656629907, 44.750672274661881 ], [ 1.360157384975407, 44.751095526660166 ], [ 1.360147499455448, 44.751662114197522 ], [ 1.360277229050439, 44.75218496429693 ], [ 1.360269698060085, 44.752616650804377 ], [ 1.360389321123583, 44.752995493989545 ], [ 1.360582947932523, 44.753473935813737 ], [ 1.360840627373084, 44.753898975330294 ], [ 1.361426473176185, 44.754326918205507 ] ] ] } },
{ "type": "Feature", "properties": { "nom": "GR 36" }, "geometry": { "type": "MultiLineString", "coordinates": [ [ [ 1.462757902660877, 44.4712240398121 ], [ 1.461680965642931, 44.471017599345451 ], [ 1.461204591497831, 44.470959837785323 ], [ 1.460980922734193, 44.470805163042392 ], [ 1.460329017002487, 44.470728009579858 ], [ 1.459690231811683, 44.470614983593777 ], [ 1.459090246138373, 44.470430315701911 ], [ 1.458652817804927, 44.470291913027026 ], [ 1.457955184458888, 44.469926587371702 ], [ 1.457216933109844, 44.46974979571938 ], [ 1.455243908586969, 44.469023475087617 ], [ 1.452789363264412, 44.46857203896316 ], [ 1.451214455100263, 44.468091676859487 ], [ 1.449706332187303, 44.467360013986998 ], [ 1.448185550530184, 44.466637221493009 ], [ 1.447686813322844, 44.466408344139182 ] ] ] } },
{ "type": "Feature", "properties": { "nom": "GR 36" }, "geometry": { "type": "MultiLineString", "coordinates": [ [ [ 1.615660676894966, 44.485879604922374 ], [ 1.615347093656332, 44.485841569584949 ], [ 1.614596734095598, 44.485575821852173 ], [ 1.613909652363246, 44.485274512648147 ], [ 1.613273289101577, 44.484937559980118 ], [ 1.612800000424668, 44.484619666933895 ], [ 1.612277398903966, 44.484229498909194 ], [ 1.611783754529007, 44.483542737220418 ], [ 1.611625561365887, 44.483145980903842 ], [ 1.611466675041141, 44.482803180746629 ], [ 1.611333143186376, 44.482442561230314 ], [ 1.611335928926664, 44.482226737848961 ], [ 1.611150995177608, 44.481955711900405 ], [ 1.611366852577346, 44.481777271962784 ], [ 1.611418487982729, 44.481669692201869 ], [ 1.611520831103077, 44.481526474940942 ], [ 1.611562342430503, 44.4812299665615 ], [ 1.611517435274949, 44.480815973284514 ], [ 1.611412510884547, 44.480185740652708 ], [ 1.610902035574813, 44.478860333080085 ], [ 1.610742003146063, 44.478607458909678 ], [ 1.61065628906257, 44.478436017251632 ], [ 1.610672681347627, 44.478139343462182 ], [ 1.610511258282284, 44.477994380521089 ], [ 1.610326226906512, 44.477732345792553 ], [ 1.610095025723159, 44.477155236951823 ], [ 1.610022223904554, 44.476956900396068 ], [ 1.610077112145194, 44.476597528484398 ], [ 1.610066993192701, 44.476408600167375 ], [ 1.60970787830588, 44.47503922535325 ], [ 1.609547978855723, 44.474777356890094 ], [ 1.609390989228016, 44.4742906735408 ], [ 1.610057791731726, 44.474205161077457 ], [ 1.610298160288794, 44.474071852299268 ], [ 1.610600741804987, 44.473983922816132 ], [ 1.610967859626355, 44.473761519669146 ], [ 1.611211705422936, 44.473358431181154 ], [ 1.611376132715112, 44.473269585177547 ], [ 1.611524753162166, 44.473432449103235 ], [ 1.611636161444273, 44.473559093419581 ], [ 1.611631869347767, 44.473891819380903 ], [ 1.611868406620638, 44.47405526396016 ], [ 1.612299359492424, 44.473752337285482 ], [ 1.612505518226022, 44.47334899775224 ], [ 1.612624571766609, 44.472882128552691 ], [ 1.612703978031963, 44.472567885637865 ], [ 1.612515894164106, 44.471568379294837 ], [ 1.612462830702231, 44.470812587147343 ], [ 1.612557110384472, 44.470318574813355 ], [ 1.612676504759285, 44.469824729069607 ], [ 1.61284439271555, 44.469466103671792 ], [ 1.613060775792003, 44.469242698350911 ], [ 1.613642728579806, 44.468913784207558 ], [ 1.613845159468967, 44.468798205297531 ], [ 1.61441766473224, 44.468226403846785 ], [ 1.614710075587124, 44.467949536988534 ], [ 1.614903060454462, 44.467591073945009 ], [ 1.614969427172934, 44.467312717138554 ], [ 1.6151602161063, 44.467125112798719 ], [ 1.615237754741466, 44.466954749916653 ], [ 1.615277503891114, 44.46679313099105 ], [ 1.615167370670953, 44.466567572684134 ], [ 1.61496760562934, 44.466476324864189 ], [ 1.614782591270722, 44.466214299824543 ], [ 1.614512101528324, 44.465762851757262 ], [ 1.614415801158091, 44.465438456977942 ], [ 1.614409598020179, 44.464943783111082 ], [ 1.614377932958579, 44.46447592110993 ], [ 1.614270349386103, 44.464052526266066 ], [ 1.614114967486211, 44.463439956084059 ], [ 1.613958433110993, 44.462917311677074 ], [ 1.613790153493618, 44.462331636117433 ], [ 1.613283200382046, 44.461716746227644 ], [ 1.613173085002804, 44.461491186429271 ], [ 1.613188880634784, 44.461239478232841 ], [ 1.613443362306188, 44.460980351786098 ], [ 1.613899896073516, 44.46063262408294 ], [ 1.614367479016441, 44.46040187947051 ], [ 1.614682537753098, 44.460314022407353 ], [ 1.615097581577836, 44.460262795756798 ], [ 1.615629781482932, 44.459888578408339 ], [ 1.615919953755576, 44.459782567869453 ], [ 1.616185935140932, 44.459604450055146 ], [ 1.616578163802306, 44.459373201545048 ], [ 1.617021419122906, 44.459079334110442 ], [ 1.617388874572357, 44.45882094020763 ], [ 1.617531244628882, 44.458489122709175 ], [ 1.618013648591995, 44.458078595105434 ], [ 1.61806731852585, 44.457809147848472 ], [ 1.618689774826394, 44.457246649623769 ], [ 1.618773603614047, 44.456581695765436 ], [ 1.619131004464465, 44.456125378477992 ], [ 1.619926680566166, 44.455761860826073 ], [ 1.620258384182467, 44.455350337933247 ], [ 1.620283838061963, 44.455323524907676 ], [ 1.620031935445599, 44.455384831267217 ], [ 1.619377925539321, 44.455470485860722 ], [ 1.618537885816517, 44.45537505177866 ], [ 1.617574368230801, 44.45511692243371 ], [ 1.616814039475474, 44.454680254249837 ], [ 1.616554416735463, 44.454363783672761 ], [ 1.615879339218111, 44.454134514294232 ], [ 1.615579985160646, 44.453979659722179 ], [ 1.615229953292695, 44.453860443142617 ], [ 1.614426567531787, 44.453846158422827 ], [ 1.613313942515277, 44.453470097045233 ], [ 1.612531918592353, 44.452772449851132 ], [ 1.611934983135713, 44.452327833818828 ], [ 1.611524516183088, 44.452028340644759 ], [ 1.611117302158343, 44.451477056610791 ], [ 1.610735784419044, 44.450880973750152 ], [ 1.610651040030357, 44.450637594620588 ] ] ] } },
{ "type": "Feature", "properties": { "nom": "GR 6" }, "geometry": { "type": "MultiLineString", "coordinates": [ [ [ 1.954294949543154, 44.711794264819694 ], [ 1.951933694429028, 44.712172781671299 ] ] ] } },
{ "type": "Feature", "properties": { "nom": "GR 64" }, "geometry": { "type": "MultiLineString", "coordinates": [ [ [ 1.348586710983191, 44.759420621600171 ], [ 1.348959837328982, 44.759738785977902 ], [ 1.349447685255684, 44.759995013038321 ], [ 1.35003255574375, 44.760476978146563 ], [ 1.350554479630187, 44.760949381751544 ], [ 1.351022326883959, 44.760908590890047 ], [ 1.35155993841702, 44.760490635415351 ], [ 1.352575631643963, 44.760166895301055 ], [ 1.353237082105864, 44.759884960562424 ], [ 1.353443946778768, 44.7596079648374 ], [ 1.353653494499886, 44.759178078178415 ], [ 1.353987529196736, 44.758848245613343 ], [ 1.35425749921787, 44.758571809547973 ], [ 1.354169930665019, 44.758526054777263 ], [ 1.354438320136674, 44.758339554071867 ], [ 1.354976669717152, 44.757876614960054 ], [ 1.355390681229236, 44.757304628826866 ], [ 1.356195813449208, 44.756745115249437 ], [ 1.356809078147989, 44.75632780812731 ], [ 1.357547767559525, 44.755956586909932 ], [ 1.358413610245173, 44.755532519668371 ], [ 1.359154791109457, 44.755017391933933 ], [ 1.359753510191127, 44.754707879653878 ], [ 1.360628800244666, 44.754463776108487 ], [ 1.361426473176185, 44.754326918205507 ] ] ] } },
{ "type": "Feature", "properties": { "nom": "GR 6 B" }, "geometry": { "type": "MultiLineString", "coordinates": [ [ [ 1.665931417185039, 44.801187170875863 ], [ 1.665713313675155, 44.80041230310011 ], [ 1.665354962778823, 44.799744517656961 ], [ 1.664868569128948, 44.799219866263506 ], [ 1.664217966547975, 44.798694210911023 ], [ 1.66365471846973, 44.798259031457981 ], [ 1.663431564890659, 44.797906878396908 ], [ 1.663132732993284, 44.797545268217178 ], [ 1.66325053586949, 44.797204191553099 ], [ 1.663544314922749, 44.796936146060951 ], [ 1.663675286237954, 44.796550176611326 ], [ 1.663758436334801, 44.795939048608702 ], [ 1.66402878322294, 44.795517950828632 ], [ 1.664426087382464, 44.795043658899644 ], [ 1.664770698837773, 44.794748936588029 ], [ 1.66544403980923, 44.794429231679651 ], [ 1.665976166217726, 44.794297550585426 ], [ 1.66683626780892, 44.794203838562453 ], [ 1.666761990013382, 44.794077463001436 ], [ 1.666106469145745, 44.793965542653901 ], [ 1.665511729709381, 44.794051869905395 ], [ 1.664977768221519, 44.794336445781724 ], [ 1.664635645872849, 44.794424307634614 ], [ 1.664232581711707, 44.794435322319345 ] ] ] } },
{ "type": "Feature", "properties": { "nom": "GR 652" }, "geometry": { "type": "MultiLineString", "coordinates": [ [ [ 1.046765763669462, 44.535611849565036 ], [ 1.046884069703744, 44.535388378384688 ], [ 1.04693827735651, 44.535218121065533 ], [ 1.046593081886973, 44.534917248374875 ], [ 1.046058489054075, 44.534650126216299 ], [ 1.045147617649784, 44.533793936299283 ], [ 1.044542371248001, 44.533319102836984 ], [ 1.043822958933744, 44.532887894544075 ], [ 1.043415145957706, 44.532577279484606 ], [ 1.043194247100626, 44.532340821462988 ], [ 1.042638279935695, 44.531911530414384 ], [ 1.04163577992122, 44.531216131313066 ], [ 1.042112706423084, 44.530709074973259 ], [ 1.042486574518902, 44.530308733893726 ], [ 1.042923496867981, 44.529900141022694 ], [ 1.04357943930067, 44.529808931550988 ] ] ] } },
{ "type": "Feature", "properties": { "nom": "GR 65" }, "geometry": { "type": "MultiLineString", "coordinates": [ [ [ 1.567416739755065, 44.362129512446892 ], [ 1.566284111169024, 44.362454287754929 ], [ 1.565025018014962, 44.362859096852667 ], [ 1.564155830586107, 44.363167720643901 ], [ 1.563032484661508, 44.363726343445627 ], [ 1.561821004292898, 44.36431131076489 ], [ 1.56086093654852, 44.364844088398733 ], [ 1.559686394097793, 44.365474258895119 ], [ 1.558927220475132, 44.365981466781697 ], [ 1.557867313589548, 44.366477538033799 ], [ 1.55724985566057, 44.366706961861567 ] ] ] } },
{ "type": "Feature", "properties": { "nom": "GR 64" }, "geometry": { "type": "MultiLineString", "coordinates": [ [ [ 1.425303339097802, 44.741030692682017 ], [ 1.425178615993162, 44.740939713656871 ], [ 1.424475339567427, 44.74072701374422 ], [ 1.423807578642103, 44.74065851952394 ], [ 1.422921198389462, 44.74006651451112 ], [ 1.422596347776262, 44.739865935785467 ], [ 1.422194320476782, 44.739754663237342 ], [ 1.421614608784927, 44.739704875416955 ], [ 1.421260703834772, 44.739737914390723 ], [ 1.420720172099913, 44.73960749476003 ], [ 1.420368034621849, 44.739532609203266 ], [ 1.419838358432812, 44.739510212166053 ], [ 1.419259534188966, 44.739406451621022 ], [ 1.418356324761325, 44.739075115884468 ], [ 1.417679221345648, 44.738808622585267 ], [ 1.417037317141534, 44.738704324717318 ], [ 1.416368257706845, 44.738716726216673 ], [ 1.415496715047284, 44.738763410185193 ], [ 1.415061329818762, 44.739146541532747 ], [ 1.414501383424269, 44.739429686522932 ], [ 1.414017142348399, 44.739713462468735 ], [ 1.413839447626026, 44.739774937082295 ], [ 1.413245788293166, 44.739805941826937 ], [ 1.413149737245355, 44.739508310970258 ], [ 1.413143944779826, 44.739094505210858 ], [ 1.4129619427283, 44.73865223761662 ], [ 1.412834275638282, 44.737976562763627 ], [ 1.412814532027952, 44.737643592497477 ], [ 1.412380027910719, 44.737972751950458 ], [ 1.411733090621705, 44.738174200496118 ], [ 1.411013416316478, 44.738195140416373 ], [ 1.410584997770172, 44.738155560033007 ], [ 1.40977982497083, 44.738004873175164 ], [ 1.409009529463586, 44.738034368109233 ], [ 1.407910568625659, 44.738097065377062 ], [ 1.407821795332453, 44.738123300968496 ], [ 1.407316923752547, 44.738128037433384 ], [ 1.406921582849164, 44.738376554289708 ], [ 1.406441560022037, 44.739164038008433 ], [ 1.40611817914763, 44.739638027540821 ], [ 1.405961226472736, 44.739969507254642 ], [ 1.40537224868886, 44.740477230050516 ], [ 1.405057233768562, 44.74044758222648 ], [ 1.404086654205779, 44.740376406638887 ], [ 1.403468345438976, 44.740371171069491 ], [ 1.403050583459451, 44.740448583749505 ], [ 1.402430473451006, 44.740551263834291 ], [ 1.402150913096525, 44.740665824703512 ], [ 1.40208496628104, 44.7408361654864 ], [ 1.401516827145752, 44.740849333694769 ], [ 1.400646141185117, 44.740841938803257 ], [ 1.399800391477072, 44.74085274039971 ], [ 1.398374783927991, 44.74082262241209 ], [ 1.397191196700144, 44.740659628401922 ], [ 1.396812789178648, 44.740647407958377 ], [ 1.396574394403534, 44.740564421232847 ], [ 1.39629905120948, 44.740427150874865 ], [ 1.396099875310616, 44.740263545753358 ], [ 1.396307210302038, 44.739941504519201 ], [ 1.39669014434937, 44.739683922980966 ], [ 1.396783003374541, 44.739414872714697 ], [ 1.396652207149173, 44.738937035169542 ], [ 1.3963328957707, 44.738412615758769 ], [ 1.396225528593374, 44.738042914978571 ], [ 1.396217140884481, 44.737790990833751 ], [ 1.39637127532439, 44.737630401124562 ], [ 1.396793707680144, 44.737274214775333 ], [ 1.397380316741039, 44.736910431329903 ], [ 1.397810076070551, 44.736869119852507 ], [ 1.398312223438254, 44.737026307194895 ], [ 1.398120291055992, 44.736431020154946 ], [ 1.397850997904797, 44.735934016573196 ], [ 1.397417985589774, 44.735417626403311 ], [ 1.396945768987369, 44.73498185389257 ], [ 1.396571779871713, 44.734708822160009 ], [ 1.396259521414226, 44.734517268179808 ], [ 1.396060516755529, 44.734344669670286 ], [ 1.395474313744988, 44.733934902066338 ], [ 1.395127084467104, 44.733572146051543 ], [ 1.394753416875723, 44.733281121940294 ], [ 1.394202965001903, 44.732997578591139 ], [ 1.393448982063641, 44.732811232339117 ], [ 1.392945824661603, 44.732716977764873 ], [ 1.392567623514628, 44.732695748322428 ], [ 1.392313162983915, 44.732819494394022 ] ] ] } },
{ "type": "Feature", "properties": { "nom": "GR 65" }, "geometry": { "type": "MultiLineString", "coordinates": [ [ [ 1.239397982181683, 44.340727174772809 ], [ 1.237907505428999, 44.34124307337931 ], [ 1.234750473983971, 44.342313326406121 ], [ 1.233946147505303, 44.342803991924377 ], [ 1.231452959084875, 44.342998497617806 ], [ 1.22969720222716, 44.343106949440411 ], [ 1.228332449786142, 44.342893611490467 ], [ 1.225232494467456, 44.342132851026207 ], [ 1.222550587061498, 44.341406094738311 ], [ 1.221384853736587, 44.340922502800247 ], [ 1.219057741119588, 44.339818660560276 ], [ 1.216863232256756, 44.339345698151782 ], [ 1.21463757634268, 44.338653479051175 ], [ 1.212656932029708, 44.338648653885969 ], [ 1.211847201474003, 44.338558905379237 ] ] ] } },
{ "type": "Feature", "properties": { "nom": "GR 46" }, "geometry": { "type": "MultiLineString", "coordinates": [ [ [ 1.569950717463609, 45.039959569717311 ], [ 1.570198382768112, 45.040402068144829 ], [ 1.570574901144948, 45.040701527920639 ], [ 1.570940469211814, 45.040874972195702 ], [ 1.571874850035992, 45.041205269742811 ], [ 1.572290062503138, 45.041460012197973 ], [ 1.572639620242315, 45.041876221680553 ], [ 1.572901729387149, 45.042192875008283 ], [ 1.57305027445856, 45.042463767372155 ], [ 1.573414997554092, 45.042700166740197 ], [ 1.573652974178762, 45.042926696364006 ], [ 1.573751637787168, 45.043134274568409 ], [ 1.573869636502832, 45.043782770300922 ], [ 1.57388897118296, 45.044223687953334 ], [ 1.573564997393186, 45.04471621498034 ], [ 1.573357182180429, 45.045065610892344 ], [ 1.573620420556236, 45.045301311029924 ], [ 1.573973094010612, 45.045492647296697 ], [ 1.574168954051344, 45.046015741165547 ], [ 1.574421853612861, 45.04700699810229 ], [ 1.574700385042005, 45.047980440488899 ], [ 1.574796721855579, 45.048358919195678 ], [ 1.575071194046131, 45.04870263985125 ], [ 1.575268552875453, 45.049117794308501 ], [ 1.57545297878735, 45.049550851312432 ], [ 1.57571255854614, 45.050056389442503 ], [ 1.575974477791115, 45.050391026643524 ], [ 1.576493624213178, 45.050475550812926 ], [ 1.576936637817847, 45.050559550129741 ], [ 1.577149529061706, 45.050767909377591 ], [ 1.577489804934895, 45.050941158811014 ], [ 1.577806543811346, 45.050979311252348 ], [ 1.578184156024753, 45.05120678807603 ], [ 1.578342866166064, 45.051666651261804 ], [ 1.578755612069638, 45.052110261228606 ], [ 1.579017192857252, 45.05247187576424 ], [ 1.579343938974348, 45.052707995834048 ], [ 1.579657875392017, 45.052953023554736 ], [ 1.580075044294593, 45.053072816267658 ], [ 1.58127714603505, 45.05333289687519 ], [ 1.58165576452114, 45.053488403913448 ], [ 1.581806577843412, 45.053597379534388 ], [ 1.582168605999253, 45.054040630680461 ], [ 1.582331865929093, 45.054236880661087 ] ] ] } },
{ "type": "Feature", "properties": { "nom": "GR 36" }, "geometry": { "type": "MultiLineString", "coordinates": [ [ [ 1.655765789482589, 44.437815122922991 ], [ 1.655973827343592, 44.43825708045555 ], [ 1.656220392609775, 44.438627331326799 ], [ 1.656741354137412, 44.439143175701574 ], [ 1.657265040190044, 44.439434206152484 ], [ 1.657415332007753, 44.439462117752356 ], [ 1.657915440546954, 44.439627093641732 ], [ 1.658388930712293, 44.439917807192131 ], [ 1.658711913380732, 44.440198593994999 ], [ 1.658884820453156, 44.440433486479918 ], [ 1.658971165015898, 44.440559925066367 ], [ 1.659183679596301, 44.440633184314855 ], [ 1.659458736627143, 44.440724816932608 ], [ 1.659609358058601, 44.440725747755202 ], [ 1.659859637616893, 44.440790245700803 ], [ 1.660498699971298, 44.440884123623924 ], [ 1.66091172395764, 44.440985596230362 ], [ 1.661148373266462, 44.441139939805254 ], [ 1.661471160889065, 44.441438703589284 ], [ 1.661769711651369, 44.441665372334597 ], [ 1.662204179299895, 44.442072739987637 ], [ 1.662661819417657, 44.442642126420608 ], [ 1.663047600867653, 44.442923286983813 ], [ 1.663508053697133, 44.443258864189737 ], [ 1.66376767438496, 44.443593206636052 ], [ 1.664268052810454, 44.443740169063297 ], [ 1.664629818307982, 44.443931245607388 ], [ 1.664950170147474, 44.444436827764612 ], [ 1.66514510706697, 44.444932647695545 ], [ 1.665037382531399, 44.445543522931807 ], [ 1.664985130283231, 44.445714073859961 ], [ 1.664755845938584, 44.445991456248059 ], [ 1.664410895801004, 44.446492958702123 ], [ 1.664407563120076, 44.446771727835632 ], [ 1.664543176539481, 44.446979402956202 ], [ 1.664743060648124, 44.447061567237405 ], [ 1.66465389797098, 44.447168939127721 ], [ 1.664739945551497, 44.447322350597325 ], [ 1.664812578410588, 44.447547626312165 ], [ 1.664857850506451, 44.447961589992623 ], [ 1.664842181792025, 44.448222297013295 ], [ 1.664751621263806, 44.448446571833699 ], [ 1.664660952033246, 44.448679838633922 ], [ 1.664720389203945, 44.448958992135736 ], [ 1.664868455349746, 44.449175736451025 ], [ 1.665003645693319, 44.449419382081565 ], [ 1.665013515339695, 44.449644272172733 ], [ 1.665036044920301, 44.449860247543405 ], [ 1.664920158881504, 44.450102353903084 ], [ 1.664905993792965, 44.45023716444468 ], [ 1.664828522220885, 44.450416553939526 ], [ 1.664838067422794, 44.450668422065668 ], [ 1.66487293675556, 44.450902459011289 ], [ 1.664944609423566, 44.451208667950922 ], [ 1.665011878471381, 44.451883570765602 ], [ 1.6651706811885, 44.452253266160554 ], [ 1.665368009300356, 44.452551250507831 ], [ 1.665564910546891, 44.452885205469855 ], [ 1.665660839591211, 44.453263508776786 ], [ 1.665592915363361, 44.453694766537851 ], [ 1.665562868216573, 44.454108271085872 ], [ 1.665608687808697, 44.45447727354459 ], [ 1.665680797854702, 44.454747512428561 ], [ 1.665840149603012, 44.455072243401922 ], [ 1.665824162481366, 44.455359929388578 ], [ 1.665822338276121, 44.455512802615246 ], [ 1.665769113711621, 44.455764287776013 ], [ 1.665830816801703, 44.455854597311472 ], [ 1.666092545614867, 44.4560180769124 ], [ 1.666342578239783, 44.456109539475896 ], [ 1.666617615706587, 44.456210146932598 ], [ 1.667143223701368, 44.456357250497391 ], [ 1.667656387291491, 44.456495282489009 ], [ 1.668120080527571, 44.456570057932822 ], [ 1.668307555175219, 44.456643147955923 ], [ 1.668293610131774, 44.456759974270248 ], [ 1.668214536214632, 44.457074254980078 ], [ 1.668236867350659, 44.457308215457246 ], [ 1.668410079868004, 44.457525109714993 ], [ 1.668721405678306, 44.457742845191611 ], [ 1.669321728430714, 44.457944353227532 ], [ 1.669657531839598, 44.458216194948314 ], [ 1.66990491427468, 44.458532463275901 ], [ 1.670064087867877, 44.458875174653429 ], [ 1.670326588934327, 44.458975696225892 ], [ 1.6707528506452, 44.459032246346133 ], [ 1.670990668664081, 44.459096643776014 ], [ 1.671189966855853, 44.459232752929815 ], [ 1.671400545526269, 44.459476848782288 ], [ 1.671396715590992, 44.459800581977781 ], [ 1.671355322350578, 44.46011509422501 ], [ 1.67133999984213, 44.460348825492702 ], [ 1.671610385232304, 44.460845095234916 ], [ 1.671657845806921, 44.461079207655963 ], [ 1.671590595638649, 44.461456516208251 ], [ 1.671850028272906, 44.461817820382443 ], [ 1.672175010105809, 44.461945696671442 ], [ 1.67272590694614, 44.462083934019269 ], [ 1.673038653915227, 44.462184753232052 ], [ 1.67346218541418, 44.462475101090924 ], [ 1.67368343348417, 44.462881136137376 ] ] ] } },
{ "type": "Feature", "properties": { "nom": "GR 652" }, "geometry": { "type": "MultiLineString", "coordinates": [ [ [ 1.277230152783423, 44.68745582265322 ], [ 1.277155534423727, 44.687401136412163 ], [ 1.277230152783423, 44.68745582265322 ], [ 1.277624521167283, 44.687270727730599 ], [ 1.277965912568876, 44.687220041992283 ], [ 1.278216341868821, 44.68731239601518 ], [ 1.278466431772072, 44.687422735212472 ], [ 1.279071878990125, 44.687410562132428 ], [ 1.279472739451795, 44.687549331688899 ], [ 1.279687557557491, 44.68752440991593 ], [ 1.279850932992444, 44.687552961110526 ], [ 1.280092829043182, 44.687429357062399 ], [ 1.280550284285667, 44.687910463296397 ], [ 1.281395841700243, 44.688539201702277 ], [ 1.281854163729452, 44.688975336982601 ], [ 1.282448459956012, 44.689556686618396 ], [ 1.282970171201377, 44.689975434358004 ], [ 1.283243975160437, 44.690166941917539 ], [ 1.283804870651275, 44.690514103310839 ], [ 1.284479070082502, 44.690871339575892 ], [ 1.284878616959651, 44.691082033774279 ], [ 1.285402891890878, 44.691365874593643 ], [ 1.285801772426275, 44.691612538011668 ], [ 1.285922618407427, 44.691892525288708 ], [ 1.286039417792559, 44.692388347482712 ], [ 1.286436960035223, 44.692706952828672 ], [ 1.286772984829612, 44.692944018152033 ], [ 1.287362851144904, 44.693093555183438 ], [ 1.287763603848823, 44.69324128745783 ], [ 1.288148217834229, 44.693577753182012 ], [ 1.28845988012327, 44.693769607945946 ], [ 1.288988400661998, 44.693828604329944 ], [ 1.28940664671539, 44.693715651504263 ], [ 1.290036535328335, 44.693748623652837 ], [ 1.290351228216874, 44.693778597080346 ], [ 1.291006669432239, 44.693793816986627 ], [ 1.291611847620754, 44.693799561124642 ], [ 1.291988909343511, 44.693866100824685 ], [ 1.292379083886659, 44.693905779834438 ], [ 1.292792924866575, 44.693352033026962 ], [ 1.293385322664177, 44.693366641098692 ], [ 1.293877863411947, 44.69332633263992 ] ] ] } },
{ "type": "Feature", "properties": { "nom": "GR 65" }, "geometry": { "type": "MultiLineString", "coordinates": [ [ [ 2.168553388196617, 44.619379434298303 ], [ 2.168943989252107, 44.619299088989976 ], [ 2.169397604004695, 44.619200852149845 ], [ 2.17039283946065, 44.619049471741398 ], [ 2.171764955343833, 44.61919543817136 ], [ 2.172595218744406, 44.619475483256849 ], [ 2.173664533354391, 44.619827825824551 ], [ 2.174180503904286, 44.619936513206902 ], [ 2.175125890688365, 44.61960514486632 ], [ 2.175680804761005, 44.619309171316715 ], [ 2.17570583404873, 44.619363169390041 ], [ 2.176083444514431, 44.619417684452635 ], [ 2.176058854861708, 44.619210795729273 ], [ 2.176286030972611, 44.619031255599502 ], [ 2.176512689268908, 44.619031586497428 ], [ 2.176865165206348, 44.61906807475782 ], [ 2.177306018645072, 44.61902374708837 ], [ 2.177357002460482, 44.618807975047936 ], [ 2.177660185970983, 44.618466657755697 ], [ 2.17754795987974, 44.618079771692976 ], [ 2.17766167227524, 44.617945032119721 ], [ 2.177875886502135, 44.617891380657483 ], [ 2.178291852279286, 44.617739090917908 ], [ 2.178531759544202, 44.617505602732365 ], [ 2.178960311621359, 44.617353328434028 ], [ 2.179603477845864, 44.617003500969943 ], [ 2.179905805081789, 44.616958965085075 ], [ 2.180321253050285, 44.616986538209353 ], [ 2.18057270917091, 44.617121799104737 ], [ 2.180836558121853, 44.61732902639509 ], [ 2.181062406159316, 44.617617141478597 ], [ 2.181300724166241, 44.617950241399726 ], [ 2.181451001961896, 44.618247242083747 ], [ 2.1814624427733, 44.618660963263565 ], [ 2.181398782383276, 44.618912693330294 ], [ 2.181461217236207, 44.619101647680807 ], [ 2.181636907073462, 44.619317742021707 ], [ 2.181812573670268, 44.619542829096737 ], [ 2.182631616144453, 44.619346122071384 ], [ 2.183047231943303, 44.619319723427786 ], [ 2.18348808247559, 44.619275372002946 ], [ 2.183991892781489, 44.619231105427822 ], [ 2.184558491073675, 44.619249879186256 ], [ 2.184999290453711, 44.619223507716463 ], [ 2.185452559407214, 44.619242120201278 ], [ 2.185779834530968, 44.619287538733992 ], [ 2.186270880841501, 44.619306199202121 ], [ 2.186711800188097, 44.619234853237188 ], [ 2.187241177476957, 44.619046709896793 ], [ 2.187632037383151, 44.618858375473621 ], [ 2.18777105533144, 44.61866969952171 ], [ 2.187747287077046, 44.618139045136068 ], [ 2.187749063480468, 44.617473522641063 ], [ 2.187900764287524, 44.617248888867174 ], [ 2.188115423143321, 44.617024340072881 ], [ 2.188367519211753, 44.616925751222631 ], [ 2.188996268562153, 44.617241374621841 ], [ 2.189297971163097, 44.617430645086699 ], [ 2.189863842489609, 44.617719197457347 ], [ 2.190127303241292, 44.618088286323193 ], [ 2.19035313082091, 44.6184033632804 ], [ 2.190415736983873, 44.618538350091598 ], [ 2.190466057803398, 44.618556404208249 ], [ 2.190932292199591, 44.618431113956703 ], [ 2.191361075395912, 44.618179862344022 ], [ 2.191953830497994, 44.617820901306857 ], [ 2.192281730405365, 44.617623474572667 ], [ 2.192508871353812, 44.61743490823325 ], [ 2.192811723601903, 44.617183484842919 ], [ 2.193025874911574, 44.617147790920818 ], [ 2.193806583355226, 44.617139815920467 ], [ 2.194108807041138, 44.617131215831897 ], [ 2.194348118979248, 44.617104545574072 ], [ 2.194788828174379, 44.617105115853732 ], [ 2.19526729004386, 44.617114726375107 ], [ 2.195657768915011, 44.617061267521471 ], [ 2.195884759700688, 44.6169266549024 ], [ 2.19607386163582, 44.616836961637965 ], [ 2.196351352315275, 44.616648451213869 ], [ 2.196616024295198, 44.616549860382676 ], [ 2.196930858579828, 44.616532274576443 ], [ 2.197346424834271, 44.616514815195536 ], [ 2.197711535899277, 44.616533264989563 ], [ 2.198001320356497, 44.616461683105861 ], [ 2.198278513383678, 44.616390083879963 ], [ 2.198467720660803, 44.616255418912971 ], [ 2.198833341199625, 44.616067013757842 ], [ 2.199022390607512, 44.615995302343585 ], [ 2.199198626942311, 44.616013510263748 ], [ 2.199562938026595, 44.616355722073763 ], [ 2.199877153525581, 44.61658994678092 ], [ 2.20055641829526, 44.616869591767838 ], [ 2.201135524643735, 44.616915276746994 ], [ 2.201462973092529, 44.616888700409895 ], [ 2.201866015204536, 44.616844227953827 ], [ 2.202206250823294, 44.616736722421223 ], [ 2.202458040256767, 44.616755018388211 ], [ 2.202785313387476, 44.616800385626355 ], [ 2.203440251907735, 44.616729234450254 ], [ 2.203918647591318, 44.616765788288653 ], [ 2.204598510521903, 44.616802583386594 ], [ 2.20546792668524, 44.616551806652296 ], [ 2.206249236665929, 44.6162829309852 ], [ 2.206640140265116, 44.61604056806096 ], [ 2.207056014708123, 44.615888169315653 ], [ 2.207245136466513, 44.615780470105847 ], [ 2.207812125588826, 44.615619253290383 ], [ 2.208278192775296, 44.615538857648914 ] ] ] } },
{ "type": "Feature", "properties": { "nom": "GR 65 B" }, "geometry": { "type": "MultiLineString", "coordinates": [ [ [ 1.72323183613117, 44.365452062648338 ], [ 1.723244860866574, 44.365407171861563 ], [ 1.723035880769803, 44.36502830380271 ], [ 1.722776664796756, 44.364658146913783 ], [ 1.722679817724199, 44.364342857135789 ], [ 1.722443125579585, 44.364206636409051 ], [ 1.722269109612367, 44.364070767390338 ], [ 1.722321898451879, 44.363828259902171 ], [ 1.72249905309849, 44.36367637854034 ], [ 1.722751415359841, 44.36352491958003 ], [ 1.72279235400817, 44.36321939628484 ], [ 1.722646350795406, 44.362813903595523 ], [ 1.722464807206604, 44.362219363843167 ], [ 1.722624047301795, 44.361410912502848 ], [ 1.722694466183551, 44.360700882311626 ] ] ] } },
{ "type": "Feature", "properties": { "nom": "GR 6" }, "geometry": { "type": "MultiLineString", "coordinates": [ [ [ 1.604889411948731, 44.929264924410312 ], [ 1.604835460571825, 44.929516433102997 ], [ 1.604817486728868, 44.929921097872025 ], [ 1.604813001701558, 44.930262885515802 ], [ 1.604654683684062, 44.930747578043338 ], [ 1.60474083848998, 44.930937048097704 ], [ 1.604749841022055, 44.931215958644806 ] ] ] } },
{ "type": "Feature", "properties": { "nom": "GR 6" }, "geometry": { "type": "MultiLineString", "coordinates": [ [ [ 1.459229352795837, 44.897854531127642 ], [ 1.46005958787524, 44.898175953862832 ], [ 1.461222939246301, 44.898239148216035 ], [ 1.462109306130446, 44.898210185718732 ], [ 1.462998488235708, 44.898001333383981 ], [ 1.464377527127103, 44.898839791019697 ], [ 1.465206107652457, 44.898459532305012 ], [ 1.465639024739443, 44.898292035409163 ], [ 1.466617896897279, 44.898011899655245 ], [ 1.467279002414069, 44.897819206926194 ], [ 1.468039936590494, 44.897717248153107 ], [ 1.468583368736555, 44.897766494842628 ], [ 1.468949643441444, 44.897814348123426 ], [ 1.470173388207096, 44.897248255482054 ], [ 1.470658432329775, 44.896982200622865 ], [ 1.471093412428542, 44.89667977081011 ], [ 1.472786418469912, 44.896045362762926 ], [ 1.473641737682477, 44.895566303350762 ], [ 1.474816160232189, 44.894909823766817 ], [ 1.47537597173912, 44.894716293654014 ], [ 1.475679935450305, 44.894700672136167 ], [ 1.475990000234275, 44.894289307033361 ], [ 1.475924898632326, 44.893587173497281 ], [ 1.476568929277821, 44.892854580433053 ], [ 1.477276950533381, 44.892896071009922 ], [ 1.477565010545586, 44.892268646366595 ], [ 1.478026330573379, 44.891894433404225 ], [ 1.47867501350073, 44.89085602835268 ], [ 1.479347044244684, 44.889943734205509 ], [ 1.479839436141726, 44.889191958005448 ], [ 1.480262206385448, 44.888853417702464 ], [ 1.480709862349427, 44.888542055169388 ], [ 1.481210188257439, 44.888096170604413 ], [ 1.481430096149216, 44.887783042348573 ], [ 1.481121791981336, 44.8872589342906 ] ] ] } },
{ "type": "Feature", "properties": { "nom": "GR 36" }, "geometry": { "type": "MultiLineString", "coordinates": [ [ [ 1.447686813322844, 44.466408344139182 ], [ 1.448003586122165, 44.466231040252786 ], [ 1.447743296745447, 44.46601308716437 ], [ 1.447521675169503, 44.465732493141751 ], [ 1.447275084546962, 44.465442701725685 ], [ 1.447054464704939, 44.465099160266028 ], [ 1.446835981248259, 44.464620733412367 ], [ 1.446728092639197, 44.464296091868704 ], [ 1.446633331994975, 44.463935584169164 ], [ 1.446677263155875, 44.463540226867863 ], [ 1.44669707712958, 44.463081719629862 ], [ 1.446727596691318, 44.462740214037794 ], [ 1.446499273530717, 44.462090830817132 ], [ 1.446311755882959, 44.461243921834821 ], [ 1.446228277305255, 44.460964446628729 ], [ 1.446026359928126, 44.460234335483122 ], [ 1.446142210299834, 44.460055406479356 ], [ 1.446445114081304, 44.459958937195154 ], [ 1.446618159396841, 44.459339791570756 ], [ 1.446833276221789, 44.458442190332207 ], [ 1.446965942652942, 44.457993592644527 ], [ 1.446833098128495, 44.457659757819059 ], [ 1.446799985517982, 44.457371697622271 ], [ 1.446929198541638, 44.456347491753299 ], [ 1.44637663712136, 44.456352001686938 ], [ 1.445775281553368, 44.456266178843784 ], [ 1.444735216496551, 44.456131818357655 ], [ 1.443331350826547, 44.455976498719721 ], [ 1.443467038449978, 44.45533906778136 ], [ 1.443383011143036, 44.455095560184887 ], [ 1.443117236380482, 44.454436873541603 ], [ 1.443097699724789, 44.454085969895146 ], [ 1.443203420146522, 44.453754073971382 ], [ 1.443249224046772, 44.453241820055666 ], [ 1.443271490334706, 44.452630447688094 ], [ 1.443389904863556, 44.452289660784338 ], [ 1.443800626855434, 44.451726419008551 ], [ 1.444164835082628, 44.450928966677459 ], [ 1.444411629725351, 44.450409355990573 ], [ 1.444697791500559, 44.449782143408861 ], [ 1.444843008529564, 44.449333652403226 ], [ 1.445136011915341, 44.449066231787427 ] ] ] } },
{ "type": "Feature", "properties": { "nom": "GR 65" }, "geometry": { "type": "MultiLineString", "coordinates": [ [ [ 1.217150418475359, 44.326224540892916 ], [ 1.216808136632524, 44.326010338115161 ], [ 1.216537576647237, 44.32575576125469 ], [ 1.21649301274319, 44.325476516772696 ], [ 1.216511254433618, 44.325188923318777 ], [ 1.216607149046824, 44.324776220738102 ], [ 1.216767098145628, 44.324292227980294 ], [ 1.216922400047329, 44.324042009323591 ], [ 1.217252309378911, 44.323200030747635 ], [ 1.217468981708805, 44.323013391286835 ], [ 1.217872811819748, 44.322864638794705 ], [ 1.218116671007404, 44.322570358860609 ], [ 1.218225430733976, 44.32213980082507 ], [ 1.218660543152091, 44.321676604964154 ], [ 1.219401045583268, 44.320973712717596 ], [ 1.218819883161445, 44.320590065409966 ], [ 1.21802581621721, 44.3202042383625 ], [ 1.217766554191586, 44.320012731702334 ], [ 1.217681493972041, 44.318617929382924 ], [ 1.217663550992557, 44.317628504634712 ], [ 1.217785899411765, 44.317144128167392 ], [ 1.218190539262979, 44.316320900791041 ], [ 1.218433969751759, 44.31541508715997 ], [ 1.218508532239386, 44.314813312424747 ], [ 1.218660725825298, 44.314086427820939 ], [ 1.218095775083921, 44.314090221411497 ], [ 1.217510086108545, 44.314103320678974 ], [ 1.217024803109267, 44.314178975651409 ], [ 1.216763076864118, 44.314206378541726 ], [ 1.216515527054726, 44.314216920837332 ], [ 1.216463020945824, 44.314123154669652 ], [ 1.216311499597159, 44.314047953324348 ], [ 1.216167832065361, 44.313994882406803 ], [ 1.216028456216301, 44.313890006140255 ], [ 1.215969799325525, 44.313833804197102 ], [ 1.215965326682571, 44.313772192279195 ], [ 1.215940708609262, 44.313728385144991 ], [ 1.215897292092638, 44.313651179918459 ], [ 1.215852543663006, 44.313590238945615 ], [ 1.215790315525205, 44.313514485963815 ], [ 1.215684133114145, 44.313415243950466 ], [ 1.215654613644574, 44.313398482643763 ], [ 1.215587265466772, 44.313432929100273 ], [ 1.215508202637331, 44.313457088658886 ], [ 1.215403911706483, 44.313476230624424 ], [ 1.215314890763005, 44.313483460846534 ], [ 1.215208866073269, 44.313483425430576 ], [ 1.215041116735393, 44.313462329508333 ], [ 1.214952070960733, 44.313411411368243 ], [ 1.214898463412667, 44.313386015922454 ], [ 1.214771682093769, 44.313325954907249 ], [ 1.214669780301324, 44.313277680177848 ], [ 1.214771849566884, 44.313016710424876 ], [ 1.214783247450129, 44.31265479574774 ], [ 1.21480700938937, 44.312321669493116 ], [ 1.214825973421122, 44.31214092757488 ], [ 1.215012205882087, 44.311705620822714 ], [ 1.215225335395508, 44.311680493846048 ], [ 1.215647022690924, 44.311353825167892 ], [ 1.216182388290777, 44.311210049865785 ], [ 1.21691491763354, 44.311126642028242 ], [ 1.217439408780281, 44.310906452917301 ], [ 1.218719328311904, 44.310498789141157 ], [ 1.218425573292944, 44.310154050157593 ], [ 1.217720022885085, 44.309733154676238 ], [ 1.217610714524079, 44.309561168325395 ], [ 1.217186396800193, 44.30948488141378 ], [ 1.216825582838567, 44.30936427848021 ], [ 1.21622917795465, 44.309124351543304 ], [ 1.215709874479582, 44.30878628822866 ], [ 1.215053731868176, 44.308401853275697 ], [ 1.214596692504151, 44.308082408401575 ], [ 1.213897631712379, 44.307967318464513 ] ] ] } },
{ "type": "Feature", "properties": { "nom": "GR 65" }, "geometry": { "type": "MultiLineString", "coordinates": [ [ [ 1.184197381614996, 44.286785520575876 ], [ 1.183864573114843, 44.286530207888418 ], [ 1.183597107224735, 44.286140687846931 ], [ 1.183078025972076, 44.285811464071223 ], [ 1.182613432694521, 44.285266980838223 ], [ 1.182341381710323, 44.285102234722594 ], [ 1.181775381019649, 44.284619628415321 ], [ 1.180687394327045, 44.283951642126482 ], [ 1.179820849625168, 44.283474840789395 ], [ 1.179199842704576, 44.283234450965509 ], [ 1.178180360918655, 44.282890912772032 ], [ 1.177745627785946, 44.282724431417009 ], [ 1.177826818202153, 44.282428522784336 ], [ 1.177794996545667, 44.282149402233458 ], [ 1.177613910755265, 44.281823733717836 ], [ 1.176902548626134, 44.28171726796468 ], [ 1.176628128334387, 44.281669392312196 ], [ 1.176417580517896, 44.281559241443034 ], [ 1.175551040833589, 44.281693931630848 ], [ 1.174564155427599, 44.281593516726396 ], [ 1.173901196574007, 44.281568483022291 ], [ 1.173314629883993, 44.281481306814726 ], [ 1.172317648913698, 44.281263855135506 ], [ 1.171147687521902, 44.280936635002632 ], [ 1.17066218545737, 44.280805556076992 ], [ 1.17002426851393, 44.280780765307483 ], [ 1.168776632608097, 44.2805785926856 ], [ 1.167726269994957, 44.280522403352428 ], [ 1.165934329701334, 44.280611147648244 ], [ 1.164969523483376, 44.280654770933026 ], [ 1.163876383967155, 44.280849891350449 ], [ 1.163228759428431, 44.28069006147792 ], [ 1.162818183023269, 44.280568745263103 ], [ 1.162361850709689, 44.280240096158948 ], [ 1.162193000877097, 44.279932519310563 ], [ 1.161434253240396, 44.279699541643986 ], [ 1.160559544897511, 44.27902465248112 ], [ 1.160510797653789, 44.278961177142598 ] ] ] } },
{ "type": "Feature", "properties": { "nom": "GR 36" }, "geometry": { "type": "MultiLineString", "coordinates": [ [ [ 1.301068622101562, 44.473486219426334 ], [ 1.301701347392167, 44.473231372962644 ], [ 1.30164649968307, 44.472799157156693 ], [ 1.301531177321278, 44.472240459820881 ], [ 1.301267643362337, 44.471545457119589 ], [ 1.301014025406101, 44.470994447649772 ], [ 1.300887148684233, 44.470381678579123 ], [ 1.300710210215021, 44.469759442642484 ], [ 1.300785089844158, 44.469103609941442 ], [ 1.300734557969188, 44.468437600400762 ], [ 1.301008695360762, 44.467873586140279 ], [ 1.301005079142989, 44.46738789344132 ], [ 1.300897530070041, 44.467090086203747 ], [ 1.300271001076372, 44.467012218982511 ], [ 1.300150236277354, 44.466750261518435 ], [ 1.300071949329753, 44.466227888259155 ], [ 1.300241651818842, 44.46587873847038 ], [ 1.30044637021528, 44.465673817683836 ], [ 1.300323122992909, 44.465546742528858 ], [ 1.300062082207509, 44.465400376294191 ], [ 1.299710826076231, 44.465379068224067 ], [ 1.299514560581984, 44.465125390119823 ], [ 1.29886111529669, 44.465146188756478 ], [ 1.298424453551868, 44.464989163314229 ], [ 1.298016062498248, 44.46466152415956 ], [ 1.297733905623809, 44.464299104027916 ], [ 1.296965375755704, 44.463752200425326 ], [ 1.296648886822039, 44.463209579123557 ], [ 1.295805378251826, 44.462643968772781 ], [ 1.294812382495367, 44.462013976173495 ], [ 1.293740238498362, 44.461590076267072 ], [ 1.292540883146087, 44.46125489120125 ], [ 1.291941043529538, 44.461096285410243 ], [ 1.291101311662562, 44.461007339518154 ], [ 1.290423971012514, 44.460964904291885 ], [ 1.289871853590063, 44.460941647736973 ], [ 1.289570182078019, 44.460956754928205 ], [ 1.289434244430439, 44.460838539370769 ], [ 1.289174258652979, 44.460638195281149 ], [ 1.288890001285289, 44.460392650429455 ], [ 1.288750382562637, 44.460472259459507 ], [ 1.28878201821829, 44.460796334240648 ], [ 1.288628669963753, 44.460938766965505 ], [ 1.287782909639308, 44.461173510139837 ], [ 1.286949194436028, 44.461435342064178 ], [ 1.28639203755113, 44.461681830917016 ], [ 1.285072272559314, 44.462415658066064 ], [ 1.284866499786808, 44.462674501480443 ], [ 1.284394354047484, 44.463074687504225 ], [ 1.284086948114193, 44.463395509979406 ], [ 1.28371860901995, 44.463616816549646 ], [ 1.283207935631716, 44.464061596207763 ], [ 1.282985717081905, 44.464527133544323 ], [ 1.282766697455046, 44.464821821648464 ], [ 1.282501323017823, 44.46490920771484 ], [ 1.282356627051464, 44.465258570942161 ], [ 1.282155465123162, 44.465940158436936 ], [ 1.281936007289088, 44.466927355430251 ], [ 1.282061658887258, 44.467594097842742 ], [ 1.281980999482324, 44.468546656586156 ], [ 1.28196919578755, 44.469176102561953 ], [ 1.28189721095464, 44.470335600470655 ], [ 1.281817050402759, 44.471261183490263 ], [ 1.281601445859135, 44.472041564300802 ], [ 1.28159385504956, 44.472446209168965 ], [ 1.281638015239542, 44.472770408685726 ], [ 1.281492450175692, 44.473164732031904 ], [ 1.281269170088078, 44.473684221289368 ], [ 1.281269915308265, 44.474313790508162 ], [ 1.281163708185614, 44.474618555686462 ], [ 1.28089440390931, 44.474912757198801 ], [ 1.281878286420929, 44.475362916419158 ], [ 1.281944025987959, 44.47587619292505 ], [ 1.281932727106853, 44.476478665018966 ], [ 1.281921933493894, 44.477054161360009 ], [ 1.282082337227483, 44.47720859733159 ], [ 1.283596796572977, 44.477501954159756 ], [ 1.284584447758553, 44.477754263050976 ], [ 1.285573115364076, 44.477952609452252 ], [ 1.2869251785684, 44.47819939523653 ], [ 1.286912450373858, 44.478208266523097 ], [ 1.28648426268375, 44.47884413044801 ], [ 1.286286492326641, 44.479598546910211 ], [ 1.28611611119109, 44.480469150655743 ], [ 1.285696418415836, 44.480788775516984 ], [ 1.285589528912902, 44.481308951660218 ], [ 1.285072823281953, 44.481822755562725 ], [ 1.285007505251535, 44.482474037294658 ], [ 1.285162942849512, 44.48335705581318 ], [ 1.284361119595173, 44.484257801705475 ], [ 1.283763198274967, 44.484444188031603 ], [ 1.283572139801159, 44.484734748707304 ], [ 1.28356193449666, 44.48531216417863 ] ] ] } },
{ "type": "Feature", "properties": { "nom": "GR 36" }, "geometry": { "type": "MultiLineString", "coordinates": [ [ [ 1.360183001653186, 44.469639475220603 ], [ 1.360234013457694, 44.469594960983414 ], [ 1.360438997091022, 44.469362951494659 ], [ 1.360667844422835, 44.469203103217019 ], [ 1.360907845362835, 44.469124295830149 ], [ 1.361206110364811, 44.469306821000231 ], [ 1.361971729554457, 44.468612125489408 ], [ 1.362494377298783, 44.468167088482325 ], [ 1.362716419881835, 44.467674411510309 ], [ 1.362883556789645, 44.467451055941943 ], [ 1.363541827207863, 44.467151115611898 ], [ 1.364061494528089, 44.466876923674505 ], [ 1.364720062213991, 44.466558991981017 ], [ 1.365232754018061, 44.465960963097118 ], [ 1.365971612202054, 44.465355940740835 ], [ 1.366597288904609, 44.464758905441158 ], [ 1.367156139345601, 44.46439511028295 ], [ 1.367547719594206, 44.464263667546774 ], [ 1.368314910539402, 44.464198495066867 ], [ 1.369181934135846, 44.464170172377493 ], [ 1.369761392379667, 44.464067359333818 ], [ 1.370278528841563, 44.463937013588385 ], [ 1.370770550082651, 44.463806443769379 ], [ 1.37118753878583, 44.463657224495499 ], [ 1.371564850379328, 44.463624571353911 ], [ 1.371966657294831, 44.463628106199153 ], [ 1.372268011892585, 44.463630756137881 ], [ 1.372855855265003, 44.463770827318321 ], [ 1.372985117699629, 44.463556117692299 ], [ 1.373051598157517, 44.463340856014874 ], [ 1.373080407383183, 44.463125263497794 ], [ 1.373032802004669, 44.462971954336297 ], [ 1.372996519758108, 44.462890693296835 ], [ 1.372922875928335, 44.462791116993202 ], [ 1.372823659221903, 44.462718296514694 ], [ 1.372648487907089, 44.462680782842675 ], [ 1.372462456881586, 44.462544243678813 ], [ 1.372364627930433, 44.46239049349186 ], [ 1.37226741634511, 44.462200773559857 ], [ 1.372170205412149, 44.462011053557909 ], [ 1.372021382698356, 44.461901821810308 ], [ 1.371897981653709, 44.46177482690085 ], [ 1.371800618090761, 44.461594099242916 ], [ 1.371906001850087, 44.461307232155924 ] ] ] } },
{ "type": "Feature", "properties": { "nom": "GR 65" }, "geometry": { "type": "MultiLineString", "coordinates": [ [ [ 1.800437402191189, 44.398645663254598 ], [ 1.799493443140161, 44.398982760010263 ], [ 1.798825843148514, 44.399276243322632 ], [ 1.798333232982711, 44.399633533669309 ], [ 1.797625748705936, 44.400160626940895 ], [ 1.797423252045407, 44.400348477787787 ], [ 1.797445061857903, 44.400690313007509 ], [ 1.797892479361631, 44.401124174073381 ], [ 1.798180455408654, 44.401179548551418 ], [ 1.798792406623867, 44.401461337887952 ], [ 1.798942236815453, 44.401534017608164 ], [ 1.799230560814432, 44.401553420594581 ], [ 1.799909785035358, 44.401358913520383 ], [ 1.800286338537175, 44.40133378214734 ], [ 1.800910499544989, 44.401651589488914 ], [ 1.801458553148318, 44.402058948714583 ], [ 1.801820428743991, 44.40225856039055 ], [ 1.802147240245445, 44.402188214911469 ], [ 1.802713400387595, 44.402011122659736 ], [ 1.803186976452327, 44.402337174835459 ], [ 1.803647503879399, 44.402717118055108 ], [ 1.803983879136758, 44.402961562209825 ], [ 1.803944289816279, 44.403168204910394 ], [ 1.803854780365598, 44.403347625657503 ], [ 1.804217695244718, 44.40343932043735 ], [ 1.804568491586671, 44.403485991787754 ], [ 1.804641118098066, 44.403765122513043 ], [ 1.804702049955943, 44.403954268376424 ], [ 1.804964109474042, 44.404099427587013 ], [ 1.804810012590045, 44.404476377612916 ], [ 1.80480805650912, 44.404683204047124 ], [ 1.804654893123534, 44.404961236715145 ], [ 1.804452316884294, 44.405158094674761 ], [ 1.804388320187939, 44.405292676263556 ], [ 1.804685891535056, 44.405662829257629 ], [ 1.805072975618689, 44.405853560513165 ], [ 1.805537535516151, 44.405810852191507 ], [ 1.805837662831711, 44.405911229832874 ], [ 1.806396386513643, 44.406525452276199 ], [ 1.806716778335648, 44.407138517996898 ], [ 1.806727458414124, 44.407336412998276 ], [ 1.806662363822088, 44.407587897420967 ], [ 1.806382568021439, 44.407991220606363 ], [ 1.805774652119901, 44.408599786880899 ], [ 1.805319385860721, 44.408984269868647 ], [ 1.804913527738195, 44.409449927329156 ], [ 1.804645575602275, 44.409925246584457 ], [ 1.804177830901426, 44.410300672559984 ], [ 1.803836895947093, 44.410532827044804 ], [ 1.803518746891996, 44.411007899531036 ], [ 1.802887383465644, 44.411436480175482 ], [ 1.802583646016806, 44.411713776705668 ], [ 1.802291767082924, 44.412063074714531 ], [ 1.802113906688237, 44.412296020429721 ] ] ] } },
{ "type": "Feature", "properties": { "nom": "GR 65" }, "geometry": { "type": "MultiLineString", "coordinates": [ [ [ 1.504128750630104, 44.394967896926133 ], [ 1.503911821560443, 44.395218055799418 ], [ 1.503596689051099, 44.395323577904826 ], [ 1.502943865421901, 44.395363578487974 ], [ 1.502263693969281, 44.395556250484908 ], [ 1.501506132578314, 44.395892217097234 ], [ 1.50037044229208, 44.396351198222547 ], [ 1.499200418110217, 44.397430432296801 ], [ 1.497950808653179, 44.398796826411967 ], [ 1.497798157560602, 44.398939548337836 ], [ 1.496807784932377, 44.399741346896256 ], [ 1.495883725207379, 44.400300830634635 ], [ 1.494911628037003, 44.40071604810089 ], [ 1.494190506676454, 44.401124192127504 ], [ 1.493873168888815, 44.401373561328114 ], [ 1.493478684816682, 44.401748239876241 ], [ 1.493108608206095, 44.402168070077735 ], [ 1.492749990563555, 44.402659933848803 ], [ 1.492264451523974, 44.403249743139149 ], [ 1.491856186584111, 44.403705248707858 ], [ 1.491270956428858, 44.40424932010886 ], [ 1.49036712337843, 44.40512367576256 ], [ 1.489726953441305, 44.405982076998676 ], [ 1.489556171621995, 44.406493368225561 ], [ 1.489507442436145, 44.407230432421258 ], [ 1.489577429837568, 44.407581707870982 ], [ 1.489699624546337, 44.407798488275326 ], [ 1.489760315783341, 44.407933854367265 ], [ 1.489971404258578, 44.408079376555605 ], [ 1.490156863896799, 44.408260672412986 ], [ 1.490839776167947, 44.408733589136816 ], [ 1.49111251193892, 44.408951530224009 ], [ 1.491234850943679, 44.409159317378489 ], [ 1.491131522793323, 44.40935637018633 ], [ 1.490966282039568, 44.409498987115498 ], [ 1.490689083308012, 44.409577786589232 ], [ 1.490173943271218, 44.409627769532854 ], [ 1.489371763467709, 44.409576606200375 ], [ 1.488298753227674, 44.409181599705875 ], [ 1.487811686060005, 44.409033938625825 ], [ 1.487075767963629, 44.408749448832502 ], [ 1.486478660757681, 44.408412071133959 ], [ 1.485900668865741, 44.40847053926425 ], [ 1.485284770451953, 44.40854669616413 ], [ 1.484128507059899, 44.408681601113329 ], [ 1.483425748074211, 44.408694120446178 ], [ 1.482710988534995, 44.408670568697843 ], [ 1.481270158468182, 44.40854242351827 ], [ 1.480255157754121, 44.408462552960074 ], [ 1.479694769069272, 44.408188377994207 ], [ 1.479307265309767, 44.408095415824604 ], [ 1.478794731427539, 44.407974493915852 ], [ 1.477893542863527, 44.407014159821536 ], [ 1.477051259816633, 44.406306088721138 ], [ 1.476065379905222, 44.40596560553287 ], [ 1.475726147714056, 44.405998913872381 ], [ 1.475360864105706, 44.406094969418142 ], [ 1.474672330628524, 44.405999625639126 ], [ 1.474317384259855, 44.406239650376882 ], [ 1.473939001880273, 44.406371570604833 ], [ 1.473005650690429, 44.406696969324386 ], [ 1.472421311076886, 44.407169003521403 ], [ 1.472054771438774, 44.407345977561931 ], [ 1.471838896382952, 44.407515145236466 ], [ 1.471245452303639, 44.407762271835885 ], [ 1.470820885822631, 44.407633014142995 ], [ 1.470410665096151, 44.407386956508752 ], [ 1.469971205808167, 44.407410462297129 ], [ 1.469554756942257, 44.407569047493155 ], [ 1.468935520178374, 44.407860922559827 ], [ 1.468618448061171, 44.408083242964771 ] ] ] } },
{ "type": "Feature", "properties": { "nom": "GR 36" }, "geometry": { "type": "MultiLineString", "coordinates": [ [ [ 1.28356193449666, 44.48531216417863 ], [ 1.283535510411113, 44.48546984825127 ], [ 1.283795759052526, 44.485661216098364 ], [ 1.283960167826952, 44.486274371917688 ], [ 1.284093060264966, 44.487228989212284 ], [ 1.284243568414856, 44.487913961617643 ], [ 1.284342822992166, 44.488652405229921 ], [ 1.284495189522479, 44.489238464315093 ], [ 1.284601179978466, 44.48961722038063 ], [ 1.28473381136439, 44.489915288589337 ], [ 1.28497597203482, 44.490403275548054 ], [ 1.28494735767278, 44.490724166877044 ], [ 1.284936722647148, 44.490739234886583 ], [ 1.284931723956743, 44.490753609871724 ], [ 1.284892930451083, 44.490816514474496 ] ] ] } },
{ "type": "Feature", "properties": { "nom": "GR 652" }, "geometry": { "type": "MultiLineString", "coordinates": [ [ [ 1.203760969281694, 44.637451521678699 ], [ 1.203560273646761, 44.637218356650003 ] ] ] } }
]
}
