{
  "type": "FeatureCollection",
  "features": [
    {
      "type": "Feature",
      "properties": {
        "name": "GraphHopper Track",
        "source": "Boucle_de_Saint-Lizier.gpx",
        "type": "track"
      },
      "geometry": {
        "type": "LineString",
        "coordinates": [
          [
            1.717563,
            44.156877,
            295.02
          ],
          [
            1.717579,
            44.156777,
            295.04
          ],
          [
            1.717563,
            44.156699,
            295.24
          ],
          [
            1.717453,
            44.156517,
            295.75
          ],
          [
            1.717437,
            44.156471,
            295.66
          ],
          [
            1.717383,
            44.156399,
            295.37
          ],
          [
            1.717145,
            44.156176,
            294.32
          ],
          [
            1.717043,
            44.156043,
            292.96
          ],
          [
            1.716763,
            44.155816,
            292.77
          ],
          [
            1.716604,
            44.155653,
            292.33
          ],
          [
            1.716574,
            44.155606,
            292.35
          ],
          [
            1.716552,
            44.155543,
            292.11
          ],
          [
            1.716248,
            44.155239,
            292.97
          ],
          [
            1.716138,
            44.155165,
            292.68
          ],
          [
            1.716033,
            44.155113,
            292.08
          ],
          [
            1.715934,
            44.155091,
            292.02
          ],
          [
            1.715815,
            44.15509,
            291.95
          ],
          [
            1.715646,
            44.155057,
            291.61
          ],
          [
            1.715336,
            44.154963,
            290.87
          ],
          [
            1.715237,
            44.154953,
            290.68
          ],
          [
            1.715164,
            44.154926,
            290.52
          ],
          [
            1.715009,
            44.15485,
            290.18
          ],
          [
            1.714442,
            44.154666,
            289.11
          ],
          [
            1.713933,
            44.154524,
            288.96
          ],
          [
            1.713566,
            44.154453,
            289.11
          ],
          [
            1.713349,
            44.154429,
            289.28
          ],
          [
            1.713208,
            44.15439,
            289.44
          ],
          [
            1.712933,
            44.154254,
            289.93
          ],
          [
            1.712383,
            44.153932,
            290.97
          ],
          [
            1.712003,
            44.153734,
            291.66
          ],
          [
            1.711872,
            44.153688,
            291.87
          ],
          [
            1.711701,
            44.15364,
            292.18
          ],
          [
            1.71108,
            44.153483,
            293.4
          ],
          [
            1.710873,
            44.15341,
            293.85
          ],
          [
            1.709968,
            44.153013,
            296.25
          ],
          [
            1.7092,
            44.152511,
            298.58
          ],
          [
            1.708559,
            44.152131,
            300.67
          ],
          [
            1.708028,
            44.151702,
            302.71
          ],
          [
            1.707278,
            44.151386,
            304.68
          ],
          [
            1.707218,
            44.151342,
            304.82
          ],
          [
            1.707119,
            44.151187,
            305.24
          ],
          [
            1.70704,
            44.151106,
            305.53
          ],
          [
            1.706964,
            44.151044,
            305.78
          ],
          [
            1.706531,
            44.1508,
            306.79
          ],
          [
            1.706326,
            44.150656,
            306.64
          ],
          [
            1.705593,
            44.150194,
            305.0
          ],
          [
            1.705426,
            44.149969,
            304.4
          ],
          [
            1.705262,
            44.149854,
            303.57
          ],
          [
            1.705192,
            44.149785,
            303.42
          ],
          [
            1.7051,
            44.149627,
            303.45
          ],
          [
            1.704959,
            44.1495,
            302.77
          ],
          [
            1.704835,
            44.149366,
            302.18
          ],
          [
            1.704739,
            44.149236,
            301.41
          ],
          [
            1.703753,
            44.148607,
            294.57
          ],
          [
            1.703302,
            44.148231,
            289.61
          ],
          [
            1.703226,
            44.148186,
            288.81
          ],
          [
            1.703134,
            44.148153,
            287.95
          ],
          [
            1.703041,
            44.148131,
            287.13
          ],
          [
            1.702877,
            44.148132,
            286.09
          ],
          [
            1.702768,
            44.148156,
            286.05
          ],
          [
            1.702712,
            44.148151,
            285.99
          ],
          [
            1.7024,
            44.148327,
            287.0
          ],
          [
            1.702087,
            44.148519,
            288.33
          ],
          [
            1.701949,
            44.148582,
            289.58
          ],
          [
            1.702033,
            44.148737,
            290.25
          ],
          [
            1.701927,
            44.148779,
            290.53
          ],
          [
            1.701845,
            44.148839,
            290.56
          ],
          [
            1.701783,
            44.148869,
            290.65
          ],
          [
            1.701545,
            44.148964,
            291.09
          ],
          [
            1.701393,
            44.148917,
            290.76
          ],
          [
            1.701116,
            44.148884,
            290.65
          ],
          [
            1.700929,
            44.14875,
            291.0
          ],
          [
            1.700844,
            44.148719,
            291.2
          ],
          [
            1.700433,
            44.14878,
            292.01
          ],
          [
            1.700189,
            44.148765,
            292.55
          ],
          [
            1.699297,
            44.148425,
            294.5
          ],
          [
            1.699117,
            44.148333,
            294.74
          ],
          [
            1.69895,
            44.148148,
            295.02
          ],
          [
            1.698752,
            44.147861,
            295.34
          ],
          [
            1.698597,
            44.147414,
            295.96
          ],
          [
            1.698487,
            44.147208,
            296.28
          ],
          [
            1.698391,
            44.147129,
            296.43
          ],
          [
            1.698218,
            44.147063,
            296.6
          ],
          [
            1.697928,
            44.147,
            296.76
          ],
          [
            1.697843,
            44.146959,
            296.8
          ],
          [
            1.6978,
            44.146919,
            296.82
          ],
          [
            1.697485,
            44.146822,
            296.91
          ],
          [
            1.697099,
            44.146799,
            296.98
          ],
          [
            1.696809,
            44.146698,
            297.21
          ],
          [
            1.696501,
            44.14655,
            297.66
          ],
          [
            1.696268,
            44.146477,
            298.14
          ],
          [
            1.695907,
            44.146484,
            299.03
          ],
          [
            1.695181,
            44.146454,
            301.75
          ],
          [
            1.69464,
            44.146464,
            303.71
          ],
          [
            1.694441,
            44.146446,
            304.41
          ],
          [
            1.694233,
            44.146375,
            305.35
          ],
          [
            1.69401,
            44.1462,
            305.77
          ],
          [
            1.6939,
            44.146025,
            305.11
          ],
          [
            1.693712,
            44.146041,
            304.97
          ],
          [
            1.693567,
            44.14608,
            304.72
          ],
          [
            1.693437,
            44.146092,
            304.55
          ],
          [
            1.693289,
            44.146135,
            304.41
          ],
          [
            1.693191,
            44.146194,
            304.32
          ],
          [
            1.693156,
            44.146233,
            304.25
          ],
          [
            1.693092,
            44.146345,
            304.05
          ],
          [
            1.693043,
            44.146387,
            304.01
          ],
          [
            1.692967,
            44.146437,
            303.97
          ],
          [
            1.692798,
            44.146504,
            303.92
          ],
          [
            1.692774,
            44.14652,
            303.89
          ],
          [
            1.692765,
            44.146571,
            303.81
          ],
          [
            1.692527,
            44.146564,
            302.51
          ],
          [
            1.6924,
            44.146552,
            301.97
          ],
          [
            1.692305,
            44.146526,
            301.57
          ],
          [
            1.692166,
            44.146467,
            300.95
          ],
          [
            1.691966,
            44.146398,
            300.26
          ],
          [
            1.691803,
            44.146332,
            299.72
          ],
          [
            1.69156,
            44.146257,
            299.06
          ],
          [
            1.691176,
            44.146157,
            298.2
          ],
          [
            1.690997,
            44.146099,
            297.89
          ],
          [
            1.690756,
            44.146041,
            297.76
          ],
          [
            1.690696,
            44.146018,
            297.73
          ],
          [
            1.690495,
            44.145902,
            297.27
          ],
          [
            1.689454,
            44.145253,
            294.76
          ],
          [
            1.689132,
            44.145012,
            294.27
          ],
          [
            1.688827,
            44.144752,
            294.04
          ],
          [
            1.688454,
            44.144505,
            293.81
          ],
          [
            1.688134,
            44.144339,
            293.51
          ],
          [
            1.686936,
            44.14393,
            291.3
          ],
          [
            1.686457,
            44.14378,
            290.37
          ],
          [
            1.68508,
            44.143226,
            289.68
          ],
          [
            1.683854,
            44.142646,
            288.18
          ],
          [
            1.682963,
            44.142362,
            287.72
          ],
          [
            1.682608,
            44.142297,
            287.71
          ],
          [
            1.682117,
            44.142025,
            288.12
          ],
          [
            1.68123,
            44.141873,
            286.99
          ],
          [
            1.678169,
            44.141821,
            284.9
          ],
          [
            1.67562,
            44.142033,
            280.67
          ],
          [
            1.674714,
            44.142073,
            276.09
          ],
          [
            1.672685,
            44.142024,
            266.16
          ],
          [
            1.6719,
            44.141943,
            262.95
          ],
          [
            1.670675,
            44.141937,
            258.69
          ],
          [
            1.669349,
            44.141709,
            254.2
          ],
          [
            1.668313,
            44.141752,
            252.69
          ],
          [
            1.667805,
            44.141699,
            252.09
          ],
          [
            1.666167,
            44.14139,
            247.99
          ],
          [
            1.665061,
            44.140858,
            247.1
          ],
          [
            1.662895,
            44.139985,
            251.95
          ],
          [
            1.658837,
            44.140491,
            243.34
          ],
          [
            1.657776,
            44.140304,
            242.22
          ],
          [
            1.656564,
            44.140235,
            241.2
          ],
          [
            1.654834,
            44.139852,
            239.52
          ],
          [
            1.653768,
            44.139882,
            235.96
          ],
          [
            1.652835,
            44.139958,
            232.7
          ],
          [
            1.652041,
            44.140108,
            231.31
          ],
          [
            1.652133,
            44.139826,
            232.87
          ],
          [
            1.652537,
            44.139441,
            234.7
          ],
          [
            1.652328,
            44.139222,
            235.35
          ],
          [
            1.652236,
            44.139186,
            235.47
          ],
          [
            1.651921,
            44.139099,
            235.74
          ],
          [
            1.651427,
            44.138388,
            235.67
          ],
          [
            1.651336,
            44.138346,
            236.06
          ],
          [
            1.651546,
            44.138247,
            234.74
          ],
          [
            1.651862,
            44.13818,
            233.04
          ],
          [
            1.65226,
            44.138123,
            231.56
          ],
          [
            1.652325,
            44.138083,
            231.22
          ],
          [
            1.652267,
            44.137932,
            230.45
          ],
          [
            1.6517,
            44.137074,
            227.96
          ],
          [
            1.651585,
            44.136797,
            227.49
          ],
          [
            1.651592,
            44.136446,
            226.8
          ],
          [
            1.651812,
            44.135365,
            223.76
          ],
          [
            1.651838,
            44.134602,
            221.14
          ],
          [
            1.65182,
            44.134262,
            219.77
          ],
          [
            1.651689,
            44.133997,
            218.75
          ],
          [
            1.650724,
            44.13262,
            213.31
          ],
          [
            1.649969,
            44.13133,
            207.82
          ],
          [
            1.649726,
            44.130893,
            205.45
          ],
          [
            1.649169,
            44.129176,
            209.1
          ],
          [
            1.649027,
            44.128842,
            210.21
          ],
          [
            1.645934,
            44.125088,
            197.35
          ],
          [
            1.641344,
            44.119517,
            190.57
          ],
          [
            1.639814,
            44.11766,
            200.5
          ],
          [
            1.638284,
            44.115803,
            191.74
          ],
          [
            1.636638,
            44.113836,
            190.14
          ],
          [
            1.635507,
            44.112451,
            183.62
          ],
          [
            1.633162,
            44.10969,
            163.25
          ],
          [
            1.633644,
            44.109432,
            165.5
          ],
          [
            1.635139,
            44.108698,
            171.91
          ],
          [
            1.636345,
            44.107985,
            174.81
          ],
          [
            1.636357,
            44.10789,
            175.41
          ],
          [
            1.636207,
            44.107588,
            175.48
          ],
          [
            1.636084,
            44.10728,
            174.47
          ],
          [
            1.635882,
            44.106882,
            173.08
          ],
          [
            1.635806,
            44.106584,
            171.88
          ],
          [
            1.635737,
            44.106481,
            171.27
          ],
          [
            1.635677,
            44.106438,
            171.26
          ],
          [
            1.635455,
            44.106323,
            170.54
          ],
          [
            1.634733,
            44.106071,
            168.07
          ],
          [
            1.63364,
            44.105707,
            165.17
          ],
          [
            1.633503,
            44.105567,
            164.89
          ],
          [
            1.632915,
            44.104801,
            164.94
          ],
          [
            1.631007,
            44.103261,
            166.98
          ],
          [
            1.63081,
            44.103067,
            166.02
          ],
          [
            1.630505,
            44.102295,
            163.02
          ],
          [
            1.629714,
            44.101002,
            157.44
          ],
          [
            1.629434,
            44.100724,
            155.69
          ],
          [
            1.629031,
            44.100206,
            152.38
          ],
          [
            1.629026,
            44.100132,
            152.07
          ],
          [
            1.628832,
            44.099733,
            149.45
          ],
          [
            1.628224,
            44.098339,
            137.04
          ],
          [
            1.626172,
            44.096656,
            127.98
          ],
          [
            1.625728,
            44.095947,
            128.46
          ],
          [
            1.624009,
            44.0917,
            150.65
          ],
          [
            1.623913,
            44.091384,
            152.35
          ],
          [
            1.623894,
            44.091241,
            153.41
          ],
          [
            1.623929,
            44.091042,
            155.02
          ],
          [
            1.624019,
            44.09069,
            157.0
          ],
          [
            1.624167,
            44.090174,
            156.04
          ],
          [
            1.624202,
            44.090096,
            156.06
          ],
          [
            1.62423,
            44.089862,
            155.64
          ],
          [
            1.624254,
            44.088799,
            156.84
          ],
          [
            1.624208,
            44.088051,
            157.69
          ],
          [
            1.624151,
            44.087819,
            158.29
          ],
          [
            1.624078,
            44.087644,
            158.88
          ],
          [
            1.623969,
            44.08752,
            159.43
          ],
          [
            1.622171,
            44.08634,
            163.2
          ],
          [
            1.621466,
            44.085439,
            159.59
          ],
          [
            1.621065,
            44.08431,
            150.45
          ],
          [
            1.620675,
            44.083805,
            145.81
          ],
          [
            1.620092,
            44.083212,
            139.31
          ],
          [
            1.618843,
            44.082194,
            129.39
          ],
          [
            1.619622,
            44.080919,
            123.82
          ],
          [
            1.619856,
            44.080309,
            128.91
          ],
          [
            1.619317,
            44.08008,
            126.74
          ],
          [
            1.619207,
            44.080009,
            126.18
          ],
          [
            1.61908,
            44.079909,
            125.41
          ],
          [
            1.618838,
            44.07967,
            123.83
          ],
          [
            1.61833,
            44.079071,
            120.04
          ],
          [
            1.618472,
            44.079028,
            120.69
          ],
          [
            1.618696,
            44.078919,
            121.17
          ],
          [
            1.618665,
            44.078865,
            120.94
          ],
          [
            1.618144,
            44.07837,
            117.28
          ],
          [
            1.618088,
            44.078294,
            117.0
          ],
          [
            1.618065,
            44.078202,
            117.0
          ],
          [
            1.618124,
            44.078189,
            117.0
          ],
          [
            1.617916,
            44.077891,
            116.47
          ],
          [
            1.617483,
            44.077143,
            115.55
          ],
          [
            1.616751,
            44.077326,
            115.0
          ],
          [
            1.616674,
            44.077296,
            115.0
          ],
          [
            1.616634,
            44.077235,
            115.0
          ],
          [
            1.616605,
            44.07722,
            115.0
          ],
          [
            1.61659,
            44.077196,
            115.0
          ],
          [
            1.616616,
            44.076759,
            114.99
          ],
          [
            1.616566,
            44.076679,
            114.94
          ],
          [
            1.616568,
            44.076641,
            114.91
          ],
          [
            1.616616,
            44.076496,
            114.82
          ],
          [
            1.616619,
            44.07646,
            114.79
          ],
          [
            1.616608,
            44.076436,
            114.72
          ],
          [
            1.616529,
            44.076396,
            114.25
          ],
          [
            1.616514,
            44.07635,
            114.08
          ],
          [
            1.616522,
            44.076333,
            114.08
          ],
          [
            1.616664,
            44.076167,
            114.37
          ],
          [
            1.616679,
            44.076136,
            114.44
          ],
          [
            1.616695,
            44.07603,
            114.47
          ],
          [
            1.616745,
            44.075885,
            114.4
          ],
          [
            1.61678,
            44.075812,
            114.52
          ],
          [
            1.616839,
            44.07574,
            114.55
          ],
          [
            1.616892,
            44.075695,
            114.59
          ],
          [
            1.616924,
            44.075651,
            114.72
          ],
          [
            1.616985,
            44.075481,
            115.0
          ],
          [
            1.616963,
            44.075465,
            114.92
          ],
          [
            1.61711,
            44.075343,
            114.87
          ],
          [
            1.617085,
            44.075271,
            114.13
          ],
          [
            1.617081,
            44.075189,
            112.94
          ],
          [
            1.617102,
            44.075108,
            110.98
          ],
          [
            1.617149,
            44.075039,
            109.23
          ],
          [
            1.617211,
            44.074973,
            107.98
          ],
          [
            1.617382,
            44.074866,
            105.49
          ],
          [
            1.61748,
            44.07482,
            104.8
          ],
          [
            1.617508,
            44.074781,
            104.24
          ],
          [
            1.617517,
            44.074747,
            103.35
          ],
          [
            1.617456,
            44.074705,
            102.54
          ],
          [
            1.617386,
            44.074678,
            101.86
          ],
          [
            1.617413,
            44.074615,
            100.8
          ],
          [
            1.617408,
            44.074543,
            99.96
          ],
          [
            1.617107,
            44.073782,
            97.93
          ],
          [
            1.616733,
            44.072888,
            102.36
          ],
          [
            1.616564,
            44.07253,
            104.89
          ],
          [
            1.616522,
            44.072471,
            105.03
          ],
          [
            1.616445,
            44.072424,
            105.19
          ],
          [
            1.616348,
            44.072389,
            105.34
          ],
          [
            1.616194,
            44.072375,
            105.61
          ],
          [
            1.61565,
            44.072485,
            106.49
          ],
          [
            1.6153,
            44.072565,
            107.32
          ],
          [
            1.61501,
            44.072594,
            108.5
          ],
          [
            1.614983,
            44.072595,
            108.6
          ],
          [
            1.614875,
            44.072481,
            109.33
          ],
          [
            1.614803,
            44.07238,
            110.06
          ],
          [
            1.614763,
            44.072276,
            110.9
          ],
          [
            1.614735,
            44.072227,
            111.3
          ],
          [
            1.614749,
            44.072049,
            112.14
          ],
          [
            1.614775,
            44.071907,
            112.89
          ],
          [
            1.610382,
            44.073657,
            102.77
          ],
          [
            1.610168,
            44.0737,
            101.86
          ],
          [
            1.609787,
            44.073686,
            99.05
          ],
          [
            1.608697,
            44.073614,
            103.07
          ],
          [
            1.608622,
            44.073276,
            104.47
          ],
          [
            1.608587,
            44.07318,
            104.96
          ],
          [
            1.608528,
            44.073079,
            105.53
          ],
          [
            1.607844,
            44.072089,
            110.19
          ],
          [
            1.607709,
            44.071911,
            111.08
          ],
          [
            1.607552,
            44.071747,
            112.17
          ],
          [
            1.607424,
            44.071626,
            113.16
          ],
          [
            1.606936,
            44.071226,
            116.92
          ],
          [
            1.606818,
            44.071099,
            117.94
          ],
          [
            1.606629,
            44.070843,
            119.53
          ],
          [
            1.606404,
            44.070588,
            120.52
          ],
          [
            1.606326,
            44.070486,
            120.72
          ],
          [
            1.606261,
            44.070376,
            120.86
          ],
          [
            1.606148,
            44.070102,
            121.04
          ],
          [
            1.606034,
            44.069757,
            121.28
          ],
          [
            1.605919,
            44.069502,
            121.49
          ],
          [
            1.60578,
            44.069256,
            121.73
          ],
          [
            1.60538,
            44.068611,
            122.28
          ],
          [
            1.605309,
            44.068468,
            122.3
          ],
          [
            1.605271,
            44.068307,
            122.11
          ],
          [
            1.605308,
            44.067783,
            122.18
          ],
          [
            1.605192,
            44.067164,
            122.81
          ],
          [
            1.605054,
            44.066876,
            123.53
          ],
          [
            1.604639,
            44.06641,
            124.4
          ],
          [
            1.604311,
            44.065982,
            124.19
          ],
          [
            1.602903,
            44.063617,
            125.81
          ],
          [
            1.602726,
            44.063054,
            129.55
          ],
          [
            1.602498,
            44.062167,
            136.2
          ],
          [
            1.602345,
            44.060925,
            139.63
          ],
          [
            1.602306,
            44.060711,
            140.55
          ],
          [
            1.602247,
            44.060504,
            141.49
          ],
          [
            1.601476,
            44.058492,
            146.63
          ],
          [
            1.601307,
            44.057953,
            146.58
          ],
          [
            1.601174,
            44.057426,
            145.77
          ],
          [
            1.601137,
            44.057171,
            145.25
          ],
          [
            1.601143,
            44.056932,
            145.12
          ],
          [
            1.601116,
            44.056619,
            145.01
          ],
          [
            1.60106,
            44.056359,
            145.17
          ],
          [
            1.600883,
            44.055817,
            145.68
          ],
          [
            1.600801,
            44.0555,
            146.59
          ],
          [
            1.600676,
            44.054764,
            148.81
          ],
          [
            1.600616,
            44.054553,
            149.1
          ],
          [
            1.600565,
            44.054422,
            149.27
          ],
          [
            1.600455,
            44.054215,
            149.89
          ],
          [
            1.60029,
            44.053947,
            150.44
          ],
          [
            1.599612,
            44.052925,
            152.73
          ],
          [
            1.599398,
            44.05262,
            153.08
          ],
          [
            1.599041,
            44.052229,
            153.2
          ],
          [
            1.598426,
            44.05164,
            154.37
          ],
          [
            1.598101,
            44.051211,
            154.84
          ],
          [
            1.597871,
            44.05088,
            154.68
          ],
          [
            1.597672,
            44.050641,
            154.15
          ],
          [
            1.597467,
            44.050432,
            153.49
          ],
          [
            1.596718,
            44.049732,
            152.0
          ],
          [
            1.596518,
            44.049593,
            152.78
          ],
          [
            1.596258,
            44.049439,
            153.56
          ],
          [
            1.594802,
            44.048727,
            155.0
          ],
          [
            1.594408,
            44.048551,
            155.01
          ],
          [
            1.59387,
            44.048367,
            154.95
          ],
          [
            1.593528,
            44.048235,
            154.61
          ],
          [
            1.59337,
            44.048156,
            154.29
          ],
          [
            1.592863,
            44.047788,
            152.1
          ],
          [
            1.592718,
            44.047697,
            151.7
          ],
          [
            1.592561,
            44.04763,
            151.27
          ],
          [
            1.59242,
            44.047596,
            150.9
          ],
          [
            1.592258,
            44.047585,
            150.68
          ],
          [
            1.591887,
            44.047618,
            150.4
          ],
          [
            1.591506,
            44.047634,
            152.01
          ],
          [
            1.591281,
            44.047617,
            152.89
          ],
          [
            1.591044,
            44.047579,
            153.71
          ],
          [
            1.590548,
            44.047485,
            154.98
          ],
          [
            1.590263,
            44.047445,
            155.39
          ],
          [
            1.589814,
            44.047405,
            155.51
          ],
          [
            1.58953,
            44.047368,
            155.23
          ],
          [
            1.589213,
            44.047305,
            154.74
          ],
          [
            1.589025,
            44.047256,
            154.23
          ],
          [
            1.588877,
            44.047201,
            153.5
          ],
          [
            1.588763,
            44.047142,
            152.79
          ],
          [
            1.586826,
            44.045488,
            142.2
          ],
          [
            1.58577,
            44.044227,
            152.65
          ],
          [
            1.58461,
            44.043359,
            156.18
          ],
          [
            1.583542,
            44.042486,
            156.96
          ],
          [
            1.582188,
            44.041352,
            163.92
          ],
          [
            1.58039,
            44.040422,
            168.48
          ],
          [
            1.579571,
            44.039639,
            169.94
          ],
          [
            1.579479,
            44.039557,
            170.53
          ],
          [
            1.579305,
            44.039437,
            171.2
          ],
          [
            1.57915,
            44.03936,
            171.88
          ],
          [
            1.57891,
            44.039275,
            173.0
          ],
          [
            1.578218,
            44.039068,
            176.25
          ],
          [
            1.578033,
            44.038989,
            177.39
          ],
          [
            1.577967,
            44.038942,
            178.16
          ],
          [
            1.5779,
            44.038876,
            178.95
          ],
          [
            1.57773,
            44.038651,
            180.6
          ],
          [
            1.577663,
            44.038527,
            181.44
          ],
          [
            1.57745,
            44.037906,
            182.98
          ],
          [
            1.577358,
            44.037759,
            183.01
          ],
          [
            1.57715,
            44.037629,
            182.84
          ],
          [
            1.576829,
            44.037594,
            182.63
          ],
          [
            1.576428,
            44.03763,
            182.13
          ],
          [
            1.575605,
            44.037732,
            180.43
          ],
          [
            1.575465,
            44.037719,
            179.93
          ],
          [
            1.575365,
            44.037667,
            179.33
          ],
          [
            1.575282,
            44.037606,
            178.63
          ],
          [
            1.575238,
            44.037545,
            177.91
          ],
          [
            1.575189,
            44.037401,
            176.53
          ],
          [
            1.575248,
            44.036328,
            167.63
          ],
          [
            1.575363,
            44.036076,
            165.4
          ],
          [
            1.575555,
            44.035819,
            163.04
          ],
          [
            1.575608,
            44.035672,
            161.82
          ],
          [
            1.575606,
            44.035526,
            160.73
          ],
          [
            1.575509,
            44.03529,
            158.72
          ],
          [
            1.574917,
            44.034343,
            149.76
          ],
          [
            1.574694,
            44.034182,
            147.89
          ],
          [
            1.57437,
            44.034092,
            145.76
          ],
          [
            1.573509,
            44.033967,
            142.78
          ],
          [
            1.573089,
            44.033923,
            141.32
          ],
          [
            1.572339,
            44.033895,
            139.0
          ],
          [
            1.571687,
            44.033842,
            138.83
          ],
          [
            1.570994,
            44.033739,
            138.66
          ],
          [
            1.569787,
            44.033477,
            139.93
          ],
          [
            1.569219,
            44.033317,
            140.49
          ],
          [
            1.569014,
            44.033139,
            141.0
          ],
          [
            1.568947,
            44.033026,
            141.06
          ],
          [
            1.568942,
            44.032938,
            141.45
          ],
          [
            1.568952,
            44.032757,
            142.6
          ],
          [
            1.569038,
            44.032624,
            143.52
          ],
          [
            1.569436,
            44.03165,
            145.91
          ],
          [
            1.569758,
            44.031111,
            145.95
          ],
          [
            1.570369,
            44.030588,
            144.94
          ],
          [
            1.569565,
            44.029946,
            154.85
          ],
          [
            1.569391,
            44.02973,
            157.75
          ],
          [
            1.568983,
            44.028897,
            167.3
          ],
          [
            1.568946,
            44.028634,
            169.74
          ],
          [
            1.569624,
            44.025365,
            183.72
          ],
          [
            1.569578,
            44.025009,
            184.39
          ],
          [
            1.56935,
            44.02445,
            187.57
          ],
          [
            1.569307,
            44.024103,
            189.94
          ],
          [
            1.569369,
            44.022935,
            194.08
          ],
          [
            1.569341,
            44.022799,
            194.45
          ],
          [
            1.569221,
            44.022703,
            194.82
          ],
          [
            1.568659,
            44.022621,
            196.34
          ],
          [
            1.568527,
            44.022538,
            196.9
          ],
          [
            1.568432,
            44.022419,
            197.47
          ],
          [
            1.567635,
            44.021312,
            201.71
          ],
          [
            1.567496,
            44.020994,
            202.24
          ],
          [
            1.567276,
            44.01869,
            206.81
          ],
          [
            1.567235,
            44.01842,
            207.14
          ],
          [
            1.567156,
            44.018161,
            207.5
          ],
          [
            1.566943,
            44.017911,
            208.07
          ],
          [
            1.56663,
            44.017673,
            208.98
          ],
          [
            1.565802,
            44.017279,
            212.27
          ],
          [
            1.565414,
            44.016993,
            215.08
          ],
          [
            1.565322,
            44.016797,
            216.62
          ],
          [
            1.565208,
            44.01648,
            219.41
          ],
          [
            1.565053,
            44.016286,
            220.16
          ],
          [
            1.565233,
            44.016084,
            218.91
          ],
          [
            1.565406,
            44.015285,
            216.96
          ],
          [
            1.565694,
            44.014711,
            215.83
          ],
          [
            1.565792,
            44.014587,
            216.45
          ],
          [
            1.565813,
            44.014511,
            216.34
          ],
          [
            1.565938,
            44.014262,
            216.63
          ],
          [
            1.565984,
            44.014145,
            217.08
          ],
          [
            1.565994,
            44.014059,
            217.33
          ],
          [
            1.566123,
            44.013849,
            218.18
          ],
          [
            1.566199,
            44.013625,
            219.28
          ],
          [
            1.566064,
            44.013312,
            219.63
          ],
          [
            1.566451,
            44.011897,
            218.01
          ],
          [
            1.566451,
            44.011669,
            217.44
          ],
          [
            1.566409,
            44.011634,
            217.38
          ],
          [
            1.566409,
            44.011582,
            216.87
          ],
          [
            1.566345,
            44.011439,
            215.1
          ],
          [
            1.566012,
            44.01111,
            209.09
          ],
          [
            1.56597,
            44.011007,
            207.64
          ],
          [
            1.565965,
            44.010774,
            204.39
          ],
          [
            1.566002,
            44.010267,
            196.83
          ],
          [
            1.566374,
            44.00954,
            185.67
          ],
          [
            1.566579,
            44.009093,
            179.99
          ],
          [
            1.566806,
            44.008762,
            176.4
          ],
          [
            1.566992,
            44.008562,
            174.59
          ],
          [
            1.56735,
            44.00811,
            172.65
          ],
          [
            1.567578,
            44.007685,
            171.24
          ],
          [
            1.567898,
            44.006984,
            169.52
          ],
          [
            1.568129,
            44.006721,
            168.86
          ],
          [
            1.568222,
            44.006574,
            168.77
          ],
          [
            1.568351,
            44.006342,
            168.02
          ],
          [
            1.568228,
            44.006347,
            167.04
          ],
          [
            1.568061,
            44.006456,
            166.36
          ],
          [
            1.56796,
            44.006511,
            166.11
          ],
          [
            1.567423,
            44.006386,
            165.06
          ],
          [
            1.566915,
            44.006216,
            164.19
          ],
          [
            1.566094,
            44.006116,
            162.87
          ],
          [
            1.565533,
            44.005994,
            161.85
          ],
          [
            1.565122,
            44.005947,
            160.69
          ],
          [
            1.564945,
            44.004976,
            161.2
          ],
          [
            1.564903,
            44.004824,
            161.59
          ],
          [
            1.564711,
            44.004677,
            162.3
          ],
          [
            1.564431,
            44.004586,
            163.34
          ],
          [
            1.564305,
            44.004468,
            164.24
          ],
          [
            1.563254,
            44.00338,
            175.49
          ],
          [
            1.5631,
            44.003279,
            176.85
          ],
          [
            1.563077,
            44.003219,
            177.43
          ],
          [
            1.563193,
            44.002433,
            185.92
          ],
          [
            1.562638,
            44.001875,
            195.4
          ],
          [
            1.562619,
            44.001788,
            196.7
          ],
          [
            1.562727,
            44.001689,
            197.96
          ],
          [
            1.56245,
            44.001455,
            202.32
          ],
          [
            1.562183,
            44.001344,
            203.17
          ],
          [
            1.56223,
            44.001313,
            203.69
          ],
          [
            1.562404,
            44.001154,
            205.97
          ],
          [
            1.562828,
            44.000626,
            208.98
          ],
          [
            1.56313,
            44.000139,
            210.68
          ],
          [
            1.563373,
            43.999838,
            211.25
          ],
          [
            1.56354,
            43.999497,
            211.37
          ],
          [
            1.563649,
            43.999227,
            211.28
          ],
          [
            1.563752,
            43.998882,
            211.33
          ],
          [
            1.563772,
            43.998626,
            211.6
          ],
          [
            1.56368,
            43.997497,
            215.13
          ],
          [
            1.563537,
            43.997159,
            216.05
          ],
          [
            1.563528,
            43.997006,
            216.39
          ],
          [
            1.563646,
            43.99637,
            218.02
          ],
          [
            1.563692,
            43.996185,
            218.67
          ],
          [
            1.56366,
            43.995984,
            219.75
          ],
          [
            1.563562,
            43.995882,
            220.82
          ],
          [
            1.563605,
            43.995825,
            220.97
          ],
          [
            1.563626,
            43.994246,
            220.75
          ],
          [
            1.563995,
            43.993497,
            222.06
          ],
          [
            1.564051,
            43.993324,
            222.53
          ],
          [
            1.564057,
            43.993195,
            222.89
          ],
          [
            1.564025,
            43.993105,
            223.0
          ],
          [
            1.563865,
            43.992933,
            223.0
          ],
          [
            1.563854,
            43.992902,
            223.0
          ],
          [
            1.563791,
            43.992896,
            223.0
          ],
          [
            1.563744,
            43.992863,
            223.0
          ],
          [
            1.563734,
            43.992818,
            223.0
          ],
          [
            1.563761,
            43.992778,
            223.0
          ],
          [
            1.563816,
            43.992756,
            223.0
          ],
          [
            1.563811,
            43.992728,
            222.97
          ],
          [
            1.563842,
            43.992601,
            222.49
          ],
          [
            1.563985,
            43.992338,
            221.05
          ],
          [
            1.564246,
            43.9919,
            220.15
          ],
          [
            1.564533,
            43.991329,
            219.13
          ],
          [
            1.564569,
            43.990756,
            219.54
          ],
          [
            1.564434,
            43.990085,
            219.69
          ],
          [
            1.564216,
            43.989313,
            221.34
          ],
          [
            1.563929,
            43.988485,
            218.45
          ],
          [
            1.563692,
            43.987694,
            214.4
          ],
          [
            1.56366,
            43.986871,
            211.55
          ],
          [
            1.56424,
            43.985217,
            209.34
          ],
          [
            1.564897,
            43.983664,
            207.65
          ],
          [
            1.564938,
            43.983513,
            207.66
          ],
          [
            1.56495,
            43.983342,
            207.68
          ],
          [
            1.564904,
            43.983143,
            206.99
          ],
          [
            1.56478,
            43.982918,
            207.21
          ],
          [
            1.564111,
            43.982433,
            209.39
          ],
          [
            1.563379,
            43.981874,
            212.95
          ],
          [
            1.562808,
            43.981372,
            212.69
          ],
          [
            1.562642,
            43.981161,
            211.95
          ],
          [
            1.562534,
            43.980918,
            211.36
          ],
          [
            1.562479,
            43.980634,
            210.47
          ],
          [
            1.561962,
            43.979492,
            208.07
          ],
          [
            1.561886,
            43.979299,
            207.94
          ],
          [
            1.561842,
            43.979053,
            207.93
          ],
          [
            1.561839,
            43.97882,
            208.07
          ],
          [
            1.561929,
            43.978068,
            209.19
          ],
          [
            1.561887,
            43.977722,
            209.79
          ],
          [
            1.561731,
            43.977295,
            210.27
          ],
          [
            1.561648,
            43.976949,
            210.13
          ],
          [
            1.561639,
            43.976746,
            209.66
          ],
          [
            1.561462,
            43.976697,
            209.25
          ],
          [
            1.561158,
            43.976444,
            208.22
          ],
          [
            1.560547,
            43.976013,
            205.51
          ],
          [
            1.559612,
            43.975463,
            204.02
          ],
          [
            1.559134,
            43.975206,
            203.08
          ],
          [
            1.558989,
            43.97517,
            202.93
          ],
          [
            1.558688,
            43.974974,
            202.29
          ],
          [
            1.558333,
            43.974773,
            201.24
          ],
          [
            1.558024,
            43.974475,
            199.01
          ],
          [
            1.557857,
            43.974196,
            196.62
          ],
          [
            1.557728,
            43.974046,
            195.08
          ],
          [
            1.55739,
            43.973839,
            192.26
          ],
          [
            1.55709,
            43.973599,
            190.07
          ],
          [
            1.556777,
            43.973253,
            188.87
          ],
          [
            1.556292,
            43.972614,
            188.23
          ],
          [
            1.556,
            43.972064,
            185.99
          ],
          [
            1.555862,
            43.971874,
            184.3
          ],
          [
            1.555027,
            43.971035,
            172.48
          ],
          [
            1.554949,
            43.970944,
            171.07
          ],
          [
            1.554868,
            43.970828,
            169.35
          ],
          [
            1.554783,
            43.970677,
            167.18
          ],
          [
            1.554691,
            43.970481,
            164.11
          ],
          [
            1.554647,
            43.970353,
            162.22
          ],
          [
            1.554628,
            43.970265,
            160.99
          ],
          [
            1.554631,
            43.970162,
            159.64
          ],
          [
            1.554812,
            43.969113,
            151.6
          ],
          [
            1.554819,
            43.968924,
            150.62
          ],
          [
            1.554809,
            43.96875,
            149.69
          ],
          [
            1.55476,
            43.968286,
            147.17
          ],
          [
            1.554719,
            43.968034,
            145.81
          ],
          [
            1.55459,
            43.967436,
            142.83
          ],
          [
            1.554273,
            43.966312,
            136.1
          ],
          [
            1.554264,
            43.966253,
            135.57
          ],
          [
            1.554297,
            43.966129,
            134.67
          ],
          [
            1.55333,
            43.965822,
            132.93
          ],
          [
            1.55286,
            43.965708,
            132.21
          ],
          [
            1.551915,
            43.96556,
            132.19
          ],
          [
            1.55151,
            43.965525,
            132.04
          ],
          [
            1.550661,
            43.965491,
            131.31
          ],
          [
            1.550169,
            43.965505,
            130.64
          ],
          [
            1.549433,
            43.965571,
            129.94
          ],
          [
            1.548669,
            43.965656,
            129.86
          ],
          [
            1.547959,
            43.96569,
            129.98
          ],
          [
            1.547345,
            43.965697,
            130.0
          ],
          [
            1.546809,
            43.963623,
            128.0
          ],
          [
            1.546596,
            43.962879,
            130.37
          ],
          [
            1.546417,
            43.962195,
            136.54
          ],
          [
            1.546245,
            43.961716,
            143.48
          ],
          [
            1.546155,
            43.961387,
            148.85
          ],
          [
            1.546117,
            43.96115,
            153.84
          ],
          [
            1.546147,
            43.961064,
            155.67
          ],
          [
            1.545707,
            43.961045,
            160.51
          ],
          [
            1.545205,
            43.961006,
            163.98
          ],
          [
            1.544363,
            43.960898,
            169.46
          ],
          [
            1.54299,
            43.960973,
            175.01
          ],
          [
            1.543328,
            43.960832,
            176.06
          ],
          [
            1.543924,
            43.960612,
            178.8
          ],
          [
            1.544723,
            43.96022,
            184.05
          ],
          [
            1.545006,
            43.960057,
            186.4
          ],
          [
            1.545487,
            43.959475,
            192.39
          ],
          [
            1.545932,
            43.958679,
            198.36
          ],
          [
            1.546071,
            43.958394,
            199.27
          ],
          [
            1.546278,
            43.958225,
            199.63
          ],
          [
            1.546514,
            43.957982,
            199.76
          ],
          [
            1.546745,
            43.957589,
            200.3
          ],
          [
            1.547073,
            43.956889,
            202.15
          ],
          [
            1.5473,
            43.95636,
            202.73
          ],
          [
            1.547389,
            43.956021,
            202.95
          ],
          [
            1.547613,
            43.955829,
            203.09
          ],
          [
            1.547829,
            43.955703,
            203.14
          ],
          [
            1.548129,
            43.955558,
            203.07
          ],
          [
            1.54851,
            43.9555,
            202.8
          ],
          [
            1.548739,
            43.955431,
            201.36
          ],
          [
            1.548717,
            43.95533,
            200.02
          ],
          [
            1.548086,
            43.955278,
            200.05
          ],
          [
            1.547244,
            43.955182,
            198.52
          ],
          [
            1.546574,
            43.954919,
            196.85
          ],
          [
            1.545596,
            43.954464,
            194.87
          ],
          [
            1.543541,
            43.954039,
            193.69
          ],
          [
            1.543177,
            43.953885,
            194.04
          ],
          [
            1.542003,
            43.953116,
            198.24
          ],
          [
            1.541298,
            43.952912,
            199.02
          ],
          [
            1.540548,
            43.952507,
            196.08
          ],
          [
            1.539678,
            43.952008,
            193.96
          ],
          [
            1.539433,
            43.95176,
            194.24
          ],
          [
            1.538665,
            43.951031,
            195.96
          ],
          [
            1.538361,
            43.950814,
            196.08
          ],
          [
            1.538011,
            43.950733,
            196.09
          ],
          [
            1.53712,
            43.950895,
            196.33
          ],
          [
            1.536598,
            43.95097,
            197.0
          ],
          [
            1.535677,
            43.951174,
            196.44
          ],
          [
            1.535099,
            43.95144,
            196.21
          ],
          [
            1.534133,
            43.951849,
            196.12
          ],
          [
            1.53342,
            43.951934,
            195.39
          ],
          [
            1.532464,
            43.951873,
            193.27
          ],
          [
            1.531403,
            43.951737,
            190.87
          ],
          [
            1.530018,
            43.951358,
            191.24
          ],
          [
            1.530072,
            43.951335,
            191.52
          ],
          [
            1.530378,
            43.951135,
            192.73
          ],
          [
            1.530635,
            43.950849,
            193.51
          ],
          [
            1.530812,
            43.950584,
            194.1
          ],
          [
            1.530994,
            43.950256,
            194.39
          ],
          [
            1.531209,
            43.949513,
            193.86
          ],
          [
            1.531289,
            43.949042,
            192.88
          ],
          [
            1.531295,
            43.948621,
            191.56
          ],
          [
            1.531257,
            43.94801,
            188.67
          ],
          [
            1.531124,
            43.947713,
            187.38
          ],
          [
            1.530652,
            43.947473,
            186.17
          ],
          [
            1.52945,
            43.947071,
            185.03
          ],
          [
            1.52931,
            43.946917,
            185.74
          ],
          [
            1.52931,
            43.94672,
            185.6
          ],
          [
            1.529412,
            43.946496,
            184.22
          ],
          [
            1.530003,
            43.946098,
            180.35
          ],
          [
            1.530779,
            43.945546,
            174.04
          ],
          [
            1.531772,
            43.944596,
            164.32
          ],
          [
            1.532487,
            43.943618,
            153.86
          ],
          [
            1.532625,
            43.943414,
            151.79
          ],
          [
            1.532857,
            43.943143,
            148.99
          ],
          [
            1.533329,
            43.942889,
            145.56
          ],
          [
            1.533902,
            43.942688,
            142.19
          ],
          [
            1.534305,
            43.942421,
            139.27
          ],
          [
            1.534631,
            43.94212,
            136.37
          ],
          [
            1.534862,
            43.941842,
            134.18
          ],
          [
            1.53498,
            43.941537,
            132.56
          ],
          [
            1.53505,
            43.941189,
            131.65
          ],
          [
            1.534899,
            43.940645,
            132.05
          ],
          [
            1.534997,
            43.940517,
            132.46
          ],
          [
            1.535592,
            43.940192,
            135.02
          ],
          [
            1.535688,
            43.940034,
            136.09
          ],
          [
            1.535716,
            43.939775,
            137.95
          ],
          [
            1.535571,
            43.939586,
            139.77
          ],
          [
            1.535201,
            43.939339,
            143.08
          ],
          [
            1.53504,
            43.939072,
            145.9
          ],
          [
            1.535072,
            43.938686,
            149.87
          ],
          [
            1.535233,
            43.938269,
            154.28
          ],
          [
            1.535694,
            43.937608,
            158.02
          ],
          [
            1.535753,
            43.937496,
            158.65
          ],
          [
            1.535716,
            43.937295,
            159.89
          ],
          [
            1.534986,
            43.936384,
            169.15
          ],
          [
            1.534986,
            43.936241,
            170.4
          ],
          [
            1.535142,
            43.93604,
            172.2
          ],
          [
            1.535575,
            43.935716,
            175.03
          ],
          [
            1.535787,
            43.935362,
            177.17
          ],
          [
            1.535886,
            43.935128,
            178.51
          ],
          [
            1.536211,
            43.934003,
            184.71
          ],
          [
            1.536205,
            43.933945,
            185.0
          ],
          [
            1.536676,
            43.933527,
            185.35
          ],
          [
            1.537673,
            43.93287,
            186.76
          ],
          [
            1.538719,
            43.932263,
            187.31
          ],
          [
            1.538881,
            43.93213,
            186.55
          ],
          [
            1.538929,
            43.931957,
            186.67
          ],
          [
            1.538982,
            43.93154,
            186.34
          ],
          [
            1.538986,
            43.931446,
            186.1
          ],
          [
            1.538954,
            43.93133,
            185.89
          ],
          [
            1.538424,
            43.930796,
            183.76
          ],
          [
            1.538308,
            43.930731,
            183.23
          ],
          [
            1.538193,
            43.930601,
            183.14
          ],
          [
            1.538145,
            43.930446,
            183.2
          ],
          [
            1.538112,
            43.930249,
            183.48
          ],
          [
            1.538172,
            43.929305,
            184.51
          ],
          [
            1.538162,
            43.929258,
            184.76
          ],
          [
            1.538048,
            43.929187,
            184.68
          ],
          [
            1.538043,
            43.929116,
            184.37
          ],
          [
            1.537957,
            43.928976,
            184.01
          ],
          [
            1.537592,
            43.928559,
            183.01
          ],
          [
            1.537407,
            43.928368,
            182.56
          ],
          [
            1.536704,
            43.927825,
            182.33
          ],
          [
            1.536613,
            43.927724,
            182.03
          ],
          [
            1.536527,
            43.927491,
            181.56
          ],
          [
            1.536304,
            43.927209,
            180.78
          ],
          [
            1.535945,
            43.926948,
            179.98
          ],
          [
            1.535736,
            43.926842,
            179.53
          ],
          [
            1.535516,
            43.926569,
            176.6
          ],
          [
            1.534912,
            43.925746,
            160.24
          ],
          [
            1.534607,
            43.925273,
            149.64
          ],
          [
            1.534228,
            43.924558,
            134.88
          ],
          [
            1.534057,
            43.924191,
            127.96
          ],
          [
            1.533931,
            43.924031,
            125.32
          ],
          [
            1.533847,
            43.923971,
            124.39
          ],
          [
            1.53234,
            43.924181,
            123.16
          ],
          [
            1.531237,
            43.924347,
            121.73
          ],
          [
            1.526545,
            43.925023,
            119.18
          ],
          [
            1.526387,
            43.925038,
            119.07
          ],
          [
            1.526269,
            43.92504,
            119.01
          ],
          [
            1.526196,
            43.925033,
            119.0
          ],
          [
            1.526032,
            43.924987,
            118.9
          ],
          [
            1.525969,
            43.924952,
            118.97
          ],
          [
            1.525871,
            43.924862,
            118.69
          ],
          [
            1.525838,
            43.924807,
            118.71
          ],
          [
            1.525796,
            43.924688,
            118.95
          ],
          [
            1.525621,
            43.923678,
            118.14
          ],
          [
            1.525561,
            43.923448,
            118.29
          ],
          [
            1.525513,
            43.923322,
            118.39
          ],
          [
            1.524461,
            43.921115,
            121.0
          ],
          [
            1.524449,
            43.92106,
            121.0
          ],
          [
            1.524382,
            43.919982,
            122.0
          ],
          [
            1.524243,
            43.919928,
            122.29
          ],
          [
            1.523604,
            43.919537,
            124.53
          ],
          [
            1.523436,
            43.9194,
            125.08
          ],
          [
            1.523259,
            43.919206,
            125.98
          ],
          [
            1.522748,
            43.918612,
            129.51
          ],
          [
            1.522004,
            43.917599,
            135.77
          ],
          [
            1.521477,
            43.916804,
            138.49
          ],
          [
            1.521154,
            43.916392,
            140.84
          ],
          [
            1.520783,
            43.91588,
            144.55
          ],
          [
            1.520405,
            43.915311,
            148.97
          ],
          [
            1.520064,
            43.914882,
            153.51
          ],
          [
            1.519945,
            43.914711,
            155.43
          ],
          [
            1.519861,
            43.914511,
            157.47
          ],
          [
            1.519792,
            43.9144,
            158.61
          ],
          [
            1.519344,
            43.913758,
            164.23
          ],
          [
            1.517853,
            43.911736,
            173.73
          ],
          [
            1.516569,
            43.910079,
            181.49
          ],
          [
            1.515235,
            43.908291,
            186.65
          ],
          [
            1.514902,
            43.908748,
            186.32
          ],
          [
            1.514768,
            43.90891,
            185.93
          ],
          [
            1.514522,
            43.908859,
            184.67
          ],
          [
            1.514254,
            43.908743,
            183.32
          ],
          [
            1.514117,
            43.908627,
            182.79
          ],
          [
            1.513865,
            43.908335,
            181.79
          ],
          [
            1.513361,
            43.90804,
            180.9
          ],
          [
            1.512578,
            43.907458,
            180.21
          ],
          [
            1.512307,
            43.907304,
            181.06
          ],
          [
            1.51228,
            43.907288,
            181.19
          ],
          [
            1.512222,
            43.907205,
            181.62
          ],
          [
            1.512087,
            43.906879,
            179.64
          ],
          [
            1.511985,
            43.906667,
            177.0
          ],
          [
            1.511529,
            43.906528,
            172.96
          ],
          [
            1.51117,
            43.906392,
            169.34
          ],
          [
            1.51066,
            43.906052,
            164.67
          ],
          [
            1.510075,
            43.905909,
            162.07
          ],
          [
            1.509632,
            43.905569,
            158.77
          ],
          [
            1.509348,
            43.905442,
            156.05
          ],
          [
            1.509138,
            43.90543,
            153.19
          ],
          [
            1.508935,
            43.905461,
            151.17
          ],
          [
            1.508774,
            43.905449,
            149.13
          ],
          [
            1.508516,
            43.905279,
            148.27
          ],
          [
            1.508355,
            43.905125,
            149.11
          ],
          [
            1.506976,
            43.904939,
            160.0
          ],
          [
            1.505557,
            43.904946,
            174.04
          ],
          [
            1.50281,
            43.904759,
            172.99
          ],
          [
            1.502819,
            43.903331,
            178.17
          ],
          [
            1.502929,
            43.902627,
            179.83
          ],
          [
            1.502851,
            43.902415,
            180.25
          ],
          [
            1.502422,
            43.902082,
            181.22
          ],
          [
            1.502001,
            43.901914,
            182.91
          ],
          [
            1.501531,
            43.90182,
            185.32
          ],
          [
            1.501224,
            43.901669,
            186.97
          ],
          [
            1.500746,
            43.901325,
            190.33
          ],
          [
            1.500124,
            43.900847,
            195.07
          ],
          [
            1.499918,
            43.900652,
            196.41
          ],
          [
            1.499554,
            43.900695,
            197.04
          ],
          [
            1.499167,
            43.900766,
            197.82
          ],
          [
            1.499058,
            43.900794,
            198.0
          ],
          [
            1.498919,
            43.900494,
            197.68
          ],
          [
            1.498545,
            43.899942,
            192.35
          ],
          [
            1.498372,
            43.899596,
            187.87
          ],
          [
            1.498177,
            43.899378,
            184.42
          ],
          [
            1.497983,
            43.899206,
            181.35
          ],
          [
            1.49785,
            43.899125,
            179.61
          ],
          [
            1.497744,
            43.899082,
            178.57
          ],
          [
            1.497764,
            43.898992,
            178.22
          ],
          [
            1.497745,
            43.898786,
            177.76
          ],
          [
            1.497476,
            43.897862,
            173.58
          ],
          [
            1.497177,
            43.896982,
            170.54
          ],
          [
            1.496897,
            43.896325,
            169.38
          ],
          [
            1.496601,
            43.895993,
            169.24
          ],
          [
            1.496089,
            43.895644,
            169.93
          ],
          [
            1.494949,
            43.894598,
            171.34
          ],
          [
            1.494839,
            43.894443,
            170.95
          ],
          [
            1.49468,
            43.894361,
            170.96
          ],
          [
            1.494482,
            43.894179,
            171.11
          ],
          [
            1.494264,
            43.89394,
            171.44
          ],
          [
            1.494197,
            43.893831,
            171.52
          ],
          [
            1.49413,
            43.893522,
            171.73
          ],
          [
            1.494109,
            43.893346,
            171.83
          ],
          [
            1.4942,
            43.892712,
            172.1
          ],
          [
            1.494216,
            43.89243,
            171.85
          ],
          [
            1.494173,
            43.892119,
            170.87
          ],
          [
            1.494082,
            43.891885,
            169.45
          ],
          [
            1.493945,
            43.891697,
            167.55
          ],
          [
            1.493728,
            43.891143,
            159.88
          ],
          [
            1.493696,
            43.891083,
            158.96
          ],
          [
            1.493519,
            43.890961,
            156.47
          ],
          [
            1.493173,
            43.890824,
            152.46
          ],
          [
            1.492859,
            43.890729,
            149.12
          ],
          [
            1.492634,
            43.890588,
            146.84
          ],
          [
            1.492424,
            43.890416,
            144.02
          ],
          [
            1.492372,
            43.890213,
            140.64
          ],
          [
            1.492303,
            43.890026,
            137.1
          ],
          [
            1.492304,
            43.889837,
            133.6
          ],
          [
            1.492297,
            43.8898,
            132.83
          ],
          [
            1.492052,
            43.889659,
            128.52
          ],
          [
            1.492003,
            43.889564,
            126.56
          ],
          [
            1.492013,
            43.88948,
            124.91
          ],
          [
            1.492006,
            43.889311,
            121.69
          ],
          [
            1.492018,
            43.889084,
            117.25
          ],
          [
            1.491986,
            43.889041,
            116.26
          ],
          [
            1.491919,
            43.889029,
            115.23
          ],
          [
            1.491855,
            43.889007,
            114.15
          ],
          [
            1.491791,
            43.888962,
            112.8
          ],
          [
            1.491781,
            43.888882,
            111.1
          ],
          [
            1.491711,
            43.888799,
            109.06
          ],
          [
            1.491691,
            43.888726,
            107.54
          ],
          [
            1.4913,
            43.888129,
            93.99
          ],
          [
            1.491136,
            43.888083,
            95.17
          ],
          [
            1.490896,
            43.88793,
            93.97
          ],
          [
            1.490488,
            43.887731,
            92.31
          ],
          [
            1.490248,
            43.88767,
            91.7
          ],
          [
            1.490089,
            43.887657,
            91.42
          ],
          [
            1.489605,
            43.887732,
            91.02
          ],
          [
            1.489493,
            43.887715,
            91.0
          ],
          [
            1.489191,
            43.887548,
            91.23
          ],
          [
            1.489011,
            43.887366,
            91.93
          ],
          [
            1.488818,
            43.887135,
            92.59
          ],
          [
            1.488693,
            43.887082,
            92.98
          ],
          [
            1.488505,
            43.887047,
            93.97
          ],
          [
            1.488362,
            43.887039,
            94.77
          ],
          [
            1.488334,
            43.886846,
            93.13
          ],
          [
            1.488388,
            43.886608,
            91.66
          ],
          [
            1.488566,
            43.886144,
            93.9
          ],
          [
            1.488964,
            43.885719,
            94.2
          ],
          [
            1.490033,
            43.884366,
            92.48
          ],
          [
            1.490636,
            43.883793,
            92.74
          ],
          [
            1.490977,
            43.883528,
            93.28
          ],
          [
            1.491374,
            43.883287,
            93.93
          ],
          [
            1.491472,
            43.883085,
            91.83
          ],
          [
            1.491754,
            43.882795,
            91.44
          ],
          [
            1.492051,
            43.882698,
            91.16
          ],
          [
            1.49216,
            43.882639,
            91.09
          ],
          [
            1.492511,
            43.882318,
            91.45
          ],
          [
            1.493007,
            43.881904,
            91.55
          ],
          [
            1.494186,
            43.881251,
            96.18
          ],
          [
            1.494411,
            43.881177,
            96.8
          ],
          [
            1.494784,
            43.881113,
            97.32
          ],
          [
            1.495126,
            43.880917,
            97.18
          ],
          [
            1.496265,
            43.88019,
            96.92
          ],
          [
            1.496597,
            43.87997,
            96.58
          ],
          [
            1.497222,
            43.879465,
            95.29
          ],
          [
            1.497693,
            43.878978,
            94.28
          ],
          [
            1.498058,
            43.87842,
            93.34
          ],
          [
            1.498168,
            43.87823,
            93.04
          ],
          [
            1.49827,
            43.877991,
            92.66
          ],
          [
            1.498447,
            43.877428,
            91.75
          ],
          [
            1.498616,
            43.876438,
            92.03
          ],
          [
            1.498771,
            43.876006,
            92.43
          ],
          [
            1.498883,
            43.875747,
            92.62
          ],
          [
            1.49894,
            43.875451,
            92.85
          ],
          [
            1.49894,
            43.873741,
            93.59
          ],
          [
            1.498913,
            43.872921,
            94.32
          ],
          [
            1.498958,
            43.872264,
            94.99
          ],
          [
            1.499084,
            43.872013,
            95.17
          ],
          [
            1.499149,
            43.870964,
            94.7
          ],
          [
            1.499321,
            43.870384,
            93.79
          ],
          [
            1.499477,
            43.869966,
            92.77
          ],
          [
            1.499715,
            43.869545,
            94.53
          ],
          [
            1.50012,
            43.868923,
            95.0
          ],
          [
            1.500324,
            43.868623,
            95.92
          ],
          [
            1.500422,
            43.868497,
            96.41
          ],
          [
            1.500466,
            43.86836,
            96.23
          ],
          [
            1.500731,
            43.86807,
            97.41
          ],
          [
            1.500755,
            43.868032,
            97.46
          ],
          [
            1.500762,
            43.867989,
            97.06
          ],
          [
            1.500722,
            43.867988,
            96.95
          ],
          [
            1.498547,
            43.867155,
            97.98
          ],
          [
            1.498174,
            43.867015,
            96.87
          ],
          [
            1.497999,
            43.866959,
            96.2
          ],
          [
            1.498014,
            43.866903,
            96.06
          ],
          [
            1.497999,
            43.866848,
            96.03
          ],
          [
            1.497955,
            43.8668,
            96.0
          ],
          [
            1.49789,
            43.866769,
            96.0
          ],
          [
            1.498328,
            43.865928,
            96.0
          ],
          [
            1.498443,
            43.86574,
            96.0
          ],
          [
            1.498393,
            43.865709,
            96.0
          ],
          [
            1.498366,
            43.865665,
            96.0
          ],
          [
            1.498369,
            43.865617,
            96.0
          ],
          [
            1.498401,
            43.865574,
            96.0
          ],
          [
            1.498455,
            43.865546,
            96.0
          ],
          [
            1.498418,
            43.865469,
            96.0
          ],
          [
            1.4984,
            43.865391,
            96.0
          ],
          [
            1.498509,
            43.864401,
            96.0
          ],
          [
            1.498808,
            43.863495,
            96.95
          ],
          [
            1.498881,
            43.863319,
            96.89
          ],
          [
            1.499037,
            43.863091,
            96.54
          ],
          [
            1.499565,
            43.862432,
            97.0
          ],
          [
            1.499739,
            43.86219,
            97.0
          ],
          [
            1.500063,
            43.861536,
            97.0
          ],
          [
            1.500213,
            43.86121,
            97.17
          ],
          [
            1.500453,
            43.860847,
            97.64
          ],
          [
            1.500515,
            43.860672,
            97.25
          ],
          [
            1.500462,
            43.86066,
            97.36
          ],
          [
            1.50042,
            43.860633,
            97.57
          ],
          [
            1.500396,
            43.860597,
            97.64
          ],
          [
            1.500393,
            43.860557,
            97.65
          ],
          [
            1.500412,
            43.86052,
            97.7
          ],
          [
            1.50045,
            43.860491,
            97.51
          ],
          [
            1.500501,
            43.860474,
            97.2
          ],
          [
            1.500476,
            43.860397,
            97.53
          ],
          [
            1.500466,
            43.860295,
            97.73
          ],
          [
            1.501134,
            43.859087,
            98.0
          ],
          [
            1.501082,
            43.858695,
            97.5
          ],
          [
            1.501098,
            43.858604,
            97.38
          ],
          [
            1.501155,
            43.858505,
            97.24
          ],
          [
            1.501078,
            43.858406,
            96.67
          ],
          [
            1.501218,
            43.858216,
            97.0
          ],
          [
            1.501343,
            43.858069,
            97.06
          ],
          [
            1.501672,
            43.857586,
            97.31
          ],
          [
            1.503845,
            43.85428,
            98.44
          ],
          [
            1.505191,
            43.852309,
            98.32
          ],
          [
            1.505281,
            43.852226,
            98.3
          ],
          [
            1.509809,
            43.845565,
            98.0
          ],
          [
            1.510599,
            43.844409,
            93.17
          ],
          [
            1.513072,
            43.840797,
            99.0
          ],
          [
            1.512998,
            43.840687,
            99.27
          ],
          [
            1.512949,
            43.840646,
            99.46
          ],
          [
            1.512882,
            43.840621,
            99.84
          ],
          [
            1.512989,
            43.840533,
            99.28
          ],
          [
            1.51302,
            43.840462,
            99.17
          ],
          [
            1.513016,
            43.840395,
            99.13
          ],
          [
            1.512975,
            43.840319,
            99.1
          ],
          [
            1.512037,
            43.839511,
            99.0
          ],
          [
            1.5114,
            43.838856,
            99.0
          ],
          [
            1.511287,
            43.838927,
            99.0
          ],
          [
            1.509372,
            43.837083,
            99.11
          ],
          [
            1.509128,
            43.836791,
            99.17
          ],
          [
            1.509009,
            43.836528,
            99.07
          ],
          [
            1.508976,
            43.836382,
            99.0
          ],
          [
            1.508975,
            43.836238,
            99.0
          ],
          [
            1.50941,
            43.833693,
            99.69
          ],
          [
            1.509475,
            43.833534,
            99.67
          ],
          [
            1.509703,
            43.833174,
            99.63
          ],
          [
            1.509707,
            43.833112,
            99.58
          ],
          [
            1.509686,
            43.833034,
            99.64
          ],
          [
            1.509655,
            43.832979,
            99.8
          ],
          [
            1.509704,
            43.832947,
            99.54
          ],
          [
            1.509735,
            43.832905,
            99.42
          ],
          [
            1.509746,
            43.832858,
            99.35
          ],
          [
            1.509736,
            43.832811,
            99.34
          ],
          [
            1.509705,
            43.832769,
            99.42
          ],
          [
            1.509636,
            43.832727,
            99.42
          ],
          [
            1.509549,
            43.832711,
            99.41
          ],
          [
            1.509461,
            43.832723,
            99.46
          ],
          [
            1.509421,
            43.832634,
            99.12
          ],
          [
            1.509365,
            43.83245,
            99.04
          ],
          [
            1.509201,
            43.832035,
            99.0
          ],
          [
            1.50889,
            43.831588,
            99.0
          ],
          [
            1.508839,
            43.83148,
            99.0
          ],
          [
            1.508824,
            43.831404,
            99.12
          ],
          [
            1.508842,
            43.831182,
            99.38
          ],
          [
            1.508888,
            43.831001,
            99.85
          ],
          [
            1.508984,
            43.83039,
            102.23
          ],
          [
            1.509087,
            43.829867,
            105.63
          ],
          [
            1.509188,
            43.829581,
            107.75
          ],
          [
            1.509454,
            43.829044,
            111.94
          ],
          [
            1.509214,
            43.828998,
            111.99
          ],
          [
            1.509129,
            43.82894,
            111.99
          ],
          [
            1.509016,
            43.828765,
            111.98
          ],
          [
            1.508978,
            43.828635,
            111.97
          ],
          [
            1.50895,
            43.828494,
            111.94
          ],
          [
            1.508878,
            43.828392,
            111.68
          ],
          [
            1.508869,
            43.827922,
            111.63
          ],
          [
            1.508901,
            43.827829,
            111.82
          ],
          [
            1.508707,
            43.827742,
            110.58
          ],
          [
            1.507831,
            43.827242,
            103.81
          ],
          [
            1.507628,
            43.827163,
            105.9
          ],
          [
            1.506928,
            43.826956,
            108.01
          ],
          [
            1.506377,
            43.826803,
            109.25
          ],
          [
            1.50565,
            43.826579,
            110.84
          ],
          [
            1.505498,
            43.826544,
            111.0
          ],
          [
            1.505378,
            43.826533,
            111.0
          ],
          [
            1.505387,
            43.826453,
            111.0
          ],
          [
            1.505728,
            43.82591,
            111.0
          ],
          [
            1.505859,
            43.825564,
            111.0
          ],
          [
            1.50594,
            43.825198,
            110.99
          ],
          [
            1.506261,
            43.823939,
            110.76
          ],
          [
            1.506288,
            43.823788,
            110.78
          ],
          [
            1.506304,
            43.823591,
            110.82
          ],
          [
            1.506343,
            43.82285,
            111.03
          ],
          [
            1.506418,
            43.822303,
            111.0
          ],
          [
            1.5066,
            43.821448,
            111.0
          ],
          [
            1.506613,
            43.821325,
            111.0
          ],
          [
            1.506608,
            43.821205,
            111.0
          ],
          [
            1.50655,
            43.821005,
            111.07
          ],
          [
            1.506468,
            43.820828,
            111.41
          ],
          [
            1.506334,
            43.820591,
            111.68
          ],
          [
            1.505122,
            43.818706,
            113.0
          ],
          [
            1.504131,
            43.817208,
            113.08
          ],
          [
            1.504048,
            43.817112,
            113.21
          ],
          [
            1.503963,
            43.816981,
            113.45
          ],
          [
            1.503432,
            43.816415,
            114.02
          ],
          [
            1.503354,
            43.8163,
            114.0
          ],
          [
            1.503229,
            43.816071,
            114.53
          ],
          [
            1.502954,
            43.815494,
            115.14
          ],
          [
            1.502729,
            43.815126,
            115.18
          ],
          [
            1.502674,
            43.814973,
            115.0
          ],
          [
            1.502669,
            43.814898,
            115.0
          ],
          [
            1.502682,
            43.814827,
            115.0
          ],
          [
            1.502809,
            43.814577,
            114.11
          ],
          [
            1.50283,
            43.814476,
            114.37
          ],
          [
            1.502824,
            43.81436,
            114.54
          ],
          [
            1.502724,
            43.813782,
            114.99
          ],
          [
            1.502667,
            43.81338,
            115.15
          ],
          [
            1.502611,
            43.813195,
            115.91
          ],
          [
            1.502635,
            43.813157,
            115.98
          ],
          [
            1.502661,
            43.812978,
            116.1
          ],
          [
            1.502674,
            43.812396,
            116.9
          ],
          [
            1.502649,
            43.812139,
            117.07
          ],
          [
            1.502568,
            43.811658,
            117.15
          ],
          [
            1.502568,
            43.811363,
            116.98
          ],
          [
            1.502654,
            43.811071,
            116.92
          ],
          [
            1.502798,
            43.8108,
            116.95
          ],
          [
            1.502879,
            43.81068,
            116.93
          ],
          [
            1.502916,
            43.810586,
            116.95
          ],
          [
            1.502935,
            43.810441,
            117.13
          ],
          [
            1.502941,
            43.809889,
            117.79
          ],
          [
            1.502912,
            43.809722,
            117.7
          ],
          [
            1.502664,
            43.808991,
            117.58
          ],
          [
            1.502525,
            43.808511,
            118.25
          ],
          [
            1.502416,
            43.80823,
            118.87
          ],
          [
            1.502261,
            43.807914,
            119.48
          ],
          [
            1.501975,
            43.807427,
            119.98
          ],
          [
            1.501885,
            43.807189,
            120.01
          ],
          [
            1.501834,
            43.806969,
            120.01
          ],
          [
            1.501805,
            43.806737,
            120.0
          ],
          [
            1.501774,
            43.80596,
            120.38
          ],
          [
            1.501755,
            43.805818,
            120.39
          ],
          [
            1.501688,
            43.805528,
            120.88
          ],
          [
            1.501483,
            43.804883,
            121.32
          ],
          [
            1.501342,
            43.804394,
            121.52
          ],
          [
            1.501285,
            43.804076,
            121.62
          ],
          [
            1.501274,
            43.80376,
            121.88
          ],
          [
            1.5013,
            43.803469,
            122.21
          ],
          [
            1.501557,
            43.802449,
            123.05
          ],
          [
            1.501592,
            43.802218,
            123.45
          ],
          [
            1.50158,
            43.801975,
            123.67
          ],
          [
            1.50144,
            43.800984,
            124.49
          ],
          [
            1.501448,
            43.800736,
            124.67
          ],
          [
            1.501531,
            43.800236,
            125.0
          ],
          [
            1.501536,
            43.800039,
            125.0
          ],
          [
            1.501515,
            43.79981,
            125.0
          ],
          [
            1.501449,
            43.799584,
            125.0
          ],
          [
            1.500987,
            43.798329,
            125.78
          ],
          [
            1.500879,
            43.798091,
            126.04
          ],
          [
            1.500747,
            43.797907,
            126.25
          ],
          [
            1.499955,
            43.797002,
            127.4
          ],
          [
            1.499646,
            43.79672,
            127.86
          ],
          [
            1.499517,
            43.796592,
            128.09
          ],
          [
            1.499144,
            43.796108,
            128.95
          ],
          [
            1.49912,
            43.796056,
            129.0
          ],
          [
            1.499131,
            43.795993,
            129.0
          ],
          [
            1.499085,
            43.795987,
            129.0
          ],
          [
            1.499042,
            43.795954,
            129.03
          ],
          [
            1.49887,
            43.795694,
            129.53
          ],
          [
            1.498778,
            43.795465,
            130.02
          ],
          [
            1.498726,
            43.795043,
            130.76
          ],
          [
            1.498697,
            43.794875,
            131.06
          ],
          [
            1.498633,
            43.794742,
            131.3
          ],
          [
            1.498405,
            43.794492,
            131.76
          ],
          [
            1.498174,
            43.794315,
            132.01
          ],
          [
            1.497963,
            43.794184,
            132.21
          ],
          [
            1.497502,
            43.79401,
            132.43
          ],
          [
            1.496485,
            43.793763,
            133.6
          ],
          [
            1.496188,
            43.79364,
            134.53
          ],
          [
            1.496041,
            43.793509,
            135.51
          ],
          [
            1.495985,
            43.793392,
            136.41
          ],
          [
            1.495943,
            43.793152,
            137.63
          ],
          [
            1.495975,
            43.79288,
            138.77
          ],
          [
            1.496076,
            43.792451,
            140.92
          ],
          [
            1.496174,
            43.792204,
            142.51
          ],
          [
            1.496174,
            43.792068,
            143.42
          ],
          [
            1.496112,
            43.791944,
            144.33
          ],
          [
            1.495624,
            43.791252,
            149.41
          ],
          [
            1.495523,
            43.791121,
            149.96
          ],
          [
            1.494134,
            43.789888,
            152.02
          ],
          [
            1.493586,
            43.789431,
            153.13
          ],
          [
            1.493525,
            43.789352,
            153.43
          ],
          [
            1.493496,
            43.789288,
            153.38
          ],
          [
            1.493289,
            43.789153,
            153.9
          ],
          [
            1.491305,
            43.787726,
            157.54
          ],
          [
            1.491162,
            43.787644,
            157.74
          ],
          [
            1.49095,
            43.787549,
            158.03
          ],
          [
            1.489859,
            43.787149,
            159.14
          ],
          [
            1.489046,
            43.786778,
            160.0
          ],
          [
            1.488543,
            43.786533,
            160.0
          ],
          [
            1.48783,
            43.786207,
            160.0
          ],
          [
            1.486603,
            43.785708,
            159.68
          ],
          [
            1.486357,
            43.78557,
            159.69
          ],
          [
            1.486174,
            43.785395,
            159.42
          ],
          [
            1.486052,
            43.785073,
            159.66
          ],
          [
            1.485596,
            43.783601,
            167.96
          ],
          [
            1.485284,
            43.782843,
            169.99
          ],
          [
            1.484949,
            43.782101,
            170.75
          ],
          [
            1.48485,
            43.781916,
            171.3
          ],
          [
            1.48475,
            43.781783,
            172.23
          ],
          [
            1.484503,
            43.781495,
            172.61
          ],
          [
            1.484376,
            43.781396,
            172.78
          ],
          [
            1.484258,
            43.78133,
            172.88
          ],
          [
            1.484073,
            43.781239,
            173.25
          ],
          [
            1.483623,
            43.781045,
            174.41
          ],
          [
            1.483479,
            43.780958,
            174.88
          ],
          [
            1.483312,
            43.780831,
            175.63
          ],
          [
            1.482866,
            43.780382,
            179.59
          ],
          [
            1.482643,
            43.780181,
            181.53
          ],
          [
            1.482015,
            43.779693,
            184.56
          ],
          [
            1.481724,
            43.779503,
            185.9
          ],
          [
            1.481592,
            43.779436,
            186.48
          ],
          [
            1.481443,
            43.779389,
            187.27
          ],
          [
            1.48129,
            43.77937,
            188.69
          ],
          [
            1.481108,
            43.779361,
            190.07
          ],
          [
            1.480498,
            43.779359,
            194.27
          ],
          [
            1.480319,
            43.779341,
            195.77
          ],
          [
            1.480175,
            43.779241,
            196.19
          ],
          [
            1.480137,
            43.779198,
            196.42
          ],
          [
            1.480127,
            43.779114,
            196.71
          ],
          [
            1.480139,
            43.778661,
            198.1
          ],
          [
            1.480125,
            43.778473,
            198.49
          ],
          [
            1.480092,
            43.778304,
            198.86
          ],
          [
            1.480042,
            43.778135,
            198.99
          ],
          [
            1.480052,
            43.778078,
            198.94
          ],
          [
            1.480003,
            43.778069,
            198.99
          ],
          [
            1.479941,
            43.778004,
            198.95
          ],
          [
            1.479718,
            43.777722,
            200.27
          ],
          [
            1.479193,
            43.776947,
            208.85
          ],
          [
            1.479142,
            43.776837,
            210.87
          ],
          [
            1.479174,
            43.776783,
            211.61
          ],
          [
            1.479227,
            43.776722,
            212.32
          ],
          [
            1.479314,
            43.77666,
            212.76
          ],
          [
            1.47946,
            43.776623,
            212.36
          ],
          [
            1.479654,
            43.776533,
            211.99
          ],
          [
            1.479782,
            43.776459,
            211.84
          ],
          [
            1.479888,
            43.776371,
            211.73
          ],
          [
            1.47996,
            43.776295,
            211.82
          ],
          [
            1.479999,
            43.776232,
            211.58
          ],
          [
            1.480056,
            43.776,
            210.04
          ],
          [
            1.480063,
            43.775733,
            208.49
          ],
          [
            1.480002,
            43.775449,
            207.11
          ],
          [
            1.479982,
            43.775281,
            206.29
          ],
          [
            1.480027,
            43.775037,
            205.15
          ],
          [
            1.480142,
            43.774616,
            202.37
          ],
          [
            1.480163,
            43.774487,
            201.43
          ],
          [
            1.480152,
            43.774389,
            200.72
          ],
          [
            1.480039,
            43.774197,
            198.59
          ],
          [
            1.479791,
            43.773988,
            194.05
          ],
          [
            1.479688,
            43.773937,
            192.77
          ],
          [
            1.479463,
            43.773858,
            191.07
          ],
          [
            1.479087,
            43.773756,
            188.8
          ],
          [
            1.479005,
            43.773708,
            188.1
          ],
          [
            1.4789,
            43.773704,
            188.14
          ],
          [
            1.478719,
            43.773669,
            188.63
          ],
          [
            1.478592,
            43.773422,
            185.27
          ],
          [
            1.478513,
            43.773128,
            183.58
          ],
          [
            1.478404,
            43.772863,
            181.15
          ],
          [
            1.478208,
            43.772601,
            179.06
          ],
          [
            1.47805,
            43.772461,
            176.66
          ],
          [
            1.477844,
            43.772359,
            173.53
          ],
          [
            1.47764,
            43.772284,
            171.1
          ],
          [
            1.477578,
            43.77218,
            168.75
          ],
          [
            1.477244,
            43.771722,
            160.57
          ],
          [
            1.477072,
            43.771569,
            158.15
          ],
          [
            1.47685,
            43.771398,
            157.0
          ],
          [
            1.476754,
            43.771379,
            157.22
          ],
          [
            1.476558,
            43.771296,
            158.83
          ],
          [
            1.476117,
            43.771037,
            165.63
          ],
          [
            1.475988,
            43.770909,
            168.04
          ],
          [
            1.475779,
            43.770604,
            173.31
          ],
          [
            1.475506,
            43.770292,
            177.75
          ],
          [
            1.475442,
            43.770247,
            178.39
          ],
          [
            1.475349,
            43.770197,
            179.16
          ],
          [
            1.475236,
            43.770169,
            179.89
          ],
          [
            1.475092,
            43.770161,
            180.68
          ],
          [
            1.474734,
            43.770164,
            182.22
          ],
          [
            1.474561,
            43.770131,
            182.83
          ],
          [
            1.473892,
            43.769911,
            184.0
          ],
          [
            1.473821,
            43.769874,
            183.95
          ],
          [
            1.473726,
            43.769799,
            183.54
          ],
          [
            1.473674,
            43.769742,
            183.32
          ],
          [
            1.473563,
            43.769534,
            181.91
          ],
          [
            1.473513,
            43.769405,
            180.53
          ],
          [
            1.473478,
            43.769347,
            179.92
          ],
          [
            1.473382,
            43.769092,
            178.16
          ],
          [
            1.473308,
            43.768766,
            176.88
          ],
          [
            1.473183,
            43.768306,
            178.1
          ],
          [
            1.473097,
            43.768112,
            179.87
          ],
          [
            1.472921,
            43.767819,
            182.88
          ],
          [
            1.472702,
            43.767547,
            185.47
          ],
          [
            1.472435,
            43.767052,
            188.18
          ],
          [
            1.472365,
            43.766898,
            188.6
          ],
          [
            1.47211,
            43.766201,
            191.45
          ],
          [
            1.472039,
            43.765981,
            192.66
          ],
          [
            1.471992,
            43.765564,
            193.63
          ],
          [
            1.472026,
            43.765109,
            193.83
          ],
          [
            1.472165,
            43.764158,
            192.73
          ],
          [
            1.472373,
            43.763069,
            189.55
          ],
          [
            1.472391,
            43.762803,
            188.93
          ],
          [
            1.472373,
            43.762712,
            188.75
          ],
          [
            1.472342,
            43.76263,
            188.59
          ],
          [
            1.472184,
            43.762422,
            188.02
          ],
          [
            1.472082,
            43.762341,
            187.65
          ],
          [
            1.471961,
            43.762265,
            187.2
          ],
          [
            1.471831,
            43.762203,
            186.73
          ],
          [
            1.471382,
            43.762016,
            184.96
          ],
          [
            1.471166,
            43.761913,
            183.92
          ],
          [
            1.470989,
            43.761811,
            182.84
          ],
          [
            1.470628,
            43.761564,
            180.46
          ],
          [
            1.470503,
            43.761447,
            179.57
          ],
          [
            1.469954,
            43.760775,
            174.91
          ],
          [
            1.469204,
            43.759958,
            171.0
          ],
          [
            1.468972,
            43.75969,
            170.17
          ],
          [
            1.468246,
            43.758935,
            167.99
          ],
          [
            1.467685,
            43.75844,
            165.19
          ],
          [
            1.467204,
            43.758069,
            163.14
          ],
          [
            1.466852,
            43.757816,
            162.03
          ],
          [
            1.466761,
            43.757786,
            161.89
          ],
          [
            1.466968,
            43.757153,
            160.35
          ],
          [
            1.467139,
            43.756678,
            159.95
          ],
          [
            1.467217,
            43.756394,
            159.0
          ],
          [
            1.466981,
            43.756152,
            158.0
          ],
          [
            1.466906,
            43.756101,
            157.76
          ],
          [
            1.466835,
            43.756099,
            157.49
          ],
          [
            1.466589,
            43.756128,
            156.86
          ],
          [
            1.466366,
            43.756117,
            156.23
          ],
          [
            1.466252,
            43.756095,
            155.89
          ],
          [
            1.466011,
            43.755998,
            155.1
          ],
          [
            1.465737,
            43.755863,
            154.06
          ],
          [
            1.464564,
            43.755216,
            149.38
          ],
          [
            1.464337,
            43.755112,
            148.34
          ],
          [
            1.463256,
            43.754742,
            143.77
          ],
          [
            1.463129,
            43.754685,
            143.26
          ],
          [
            1.462862,
            43.754546,
            142.22
          ],
          [
            1.46257,
            43.754328,
            140.96
          ],
          [
            1.462188,
            43.754018,
            139.53
          ],
          [
            1.461768,
            43.753643,
            138.07
          ],
          [
            1.461576,
            43.75345,
            137.37
          ],
          [
            1.461448,
            43.753298,
            136.89
          ],
          [
            1.46085,
            43.752507,
            134.01
          ],
          [
            1.460743,
            43.752392,
            133.45
          ],
          [
            1.460342,
            43.752063,
            131.98
          ],
          [
            1.45959,
            43.751345,
            128.6
          ],
          [
            1.459195,
            43.750882,
            127.31
          ],
          [
            1.458965,
            43.750516,
            126.74
          ],
          [
            1.458423,
            43.749609,
            125.9
          ],
          [
            1.458312,
            43.749461,
            125.76
          ],
          [
            1.458162,
            43.74934,
            125.64
          ],
          [
            1.457046,
            43.748837,
            125.03
          ],
          [
            1.456907,
            43.748749,
            125.0
          ],
          [
            1.456828,
            43.748646,
            125.0
          ],
          [
            1.456786,
            43.74852,
            125.0
          ],
          [
            1.456784,
            43.748401,
            125.0
          ],
          [
            1.45697,
            43.747266,
            125.0
          ],
          [
            1.456993,
            43.747033,
            125.0
          ],
          [
            1.456951,
            43.746408,
            124.84
          ],
          [
            1.456905,
            43.745931,
            124.35
          ],
          [
            1.456903,
            43.745696,
            124.89
          ],
          [
            1.456928,
            43.745458,
            126.15
          ],
          [
            1.456918,
            43.745388,
            126.53
          ],
          [
            1.456897,
            43.745327,
            127.18
          ],
          [
            1.45697,
            43.745242,
            127.35
          ],
          [
            1.456952,
            43.744915,
            128.16
          ],
          [
            1.456906,
            43.744748,
            128.59
          ],
          [
            1.456708,
            43.744325,
            129.44
          ],
          [
            1.456611,
            43.743944,
            130.06
          ],
          [
            1.456503,
            43.743684,
            130.39
          ],
          [
            1.456374,
            43.743458,
            130.59
          ],
          [
            1.456151,
            43.743173,
            130.93
          ],
          [
            1.455858,
            43.742854,
            131.0
          ],
          [
            1.454886,
            43.741668,
            136.23
          ],
          [
            1.45475,
            43.74149,
            136.9
          ],
          [
            1.454074,
            43.740678,
            138.25
          ],
          [
            1.453251,
            43.739414,
            139.86
          ],
          [
            1.453194,
            43.739279,
            140.09
          ],
          [
            1.453183,
            43.73917,
            140.28
          ],
          [
            1.45333,
            43.738656,
            141.16
          ],
          [
            1.453388,
            43.738365,
            141.76
          ],
          [
            1.453395,
            43.738173,
            142.12
          ],
          [
            1.453366,
            43.738001,
            142.42
          ],
          [
            1.453122,
            43.737358,
            143.49
          ],
          [
            1.453097,
            43.737252,
            143.63
          ],
          [
            1.453066,
            43.737225,
            143.79
          ],
          [
            1.452967,
            43.736986,
            144.45
          ],
          [
            1.45289,
            43.736906,
            144.64
          ],
          [
            1.452745,
            43.736858,
            144.87
          ],
          [
            1.452513,
            43.736826,
            145.26
          ],
          [
            1.452438,
            43.736809,
            145.36
          ],
          [
            1.452378,
            43.736786,
            145.43
          ],
          [
            1.452322,
            43.736755,
            145.54
          ],
          [
            1.452278,
            43.736715,
            145.67
          ],
          [
            1.452173,
            43.736575,
            146.0
          ],
          [
            1.452232,
            43.736548,
            145.68
          ],
          [
            1.45221,
            43.736518,
            145.83
          ],
          [
            1.4522,
            43.736429,
            146.0
          ],
          [
            1.452384,
            43.734757,
            149.75
          ],
          [
            1.452459,
            43.733548,
            153.01
          ],
          [
            1.452471,
            43.732838,
            155.22
          ],
          [
            1.452435,
            43.732635,
            155.77
          ],
          [
            1.452438,
            43.732449,
            156.59
          ],
          [
            1.452691,
            43.731933,
            161.64
          ],
          [
            1.452724,
            43.731718,
            163.79
          ],
          [
            1.452779,
            43.731494,
            166.52
          ],
          [
            1.452833,
            43.731373,
            168.35
          ],
          [
            1.452906,
            43.731274,
            169.77
          ],
          [
            1.452764,
            43.731182,
            170.19
          ],
          [
            1.452541,
            43.730987,
            169.97
          ],
          [
            1.452368,
            43.73073,
            170.0
          ],
          [
            1.45228,
            43.730286,
            169.92
          ],
          [
            1.452308,
            43.730044,
            169.99
          ],
          [
            1.452298,
            43.729984,
            170.04
          ],
          [
            1.452388,
            43.7293,
            170.66
          ],
          [
            1.452381,
            43.729245,
            170.94
          ],
          [
            1.452318,
            43.729155,
            171.52
          ],
          [
            1.45227,
            43.729112,
            172.22
          ],
          [
            1.452471,
            43.728867,
            173.04
          ],
          [
            1.452721,
            43.728619,
            175.13
          ],
          [
            1.452805,
            43.728493,
            176.0
          ],
          [
            1.452824,
            43.72833,
            177.08
          ],
          [
            1.452876,
            43.728192,
            178.01
          ],
          [
            1.452852,
            43.728126,
            178.44
          ],
          [
            1.452782,
            43.728062,
            178.87
          ],
          [
            1.452785,
            43.727908,
            179.0
          ],
          [
            1.452625,
            43.727844,
            179.0
          ],
          [
            1.452592,
            43.727776,
            179.08
          ],
          [
            1.452603,
            43.727564,
            179.88
          ],
          [
            1.452538,
            43.727475,
            180.0
          ],
          [
            1.452489,
            43.727474,
            180.0
          ],
          [
            1.452395,
            43.727453,
            180.0
          ],
          [
            1.452348,
            43.727407,
            180.0
          ],
          [
            1.452313,
            43.727335,
            180.08
          ],
          [
            1.452281,
            43.727127,
            180.62
          ],
          [
            1.452229,
            43.726942,
            180.49
          ],
          [
            1.452081,
            43.726565,
            180.22
          ],
          [
            1.451993,
            43.726218,
            180.0
          ],
          [
            1.451944,
            43.725731,
            180.38
          ],
          [
            1.451768,
            43.725431,
            178.99
          ],
          [
            1.451625,
            43.72527,
            178.16
          ],
          [
            1.451451,
            43.725117,
            177.8
          ],
          [
            1.451445,
            43.725034,
            177.73
          ],
          [
            1.451307,
            43.724721,
            177.23
          ],
          [
            1.451215,
            43.724402,
            176.87
          ],
          [
            1.451129,
            43.724202,
            176.63
          ],
          [
            1.450706,
            43.723543,
            176.17
          ],
          [
            1.450555,
            43.723107,
            176.38
          ],
          [
            1.450432,
            43.722698,
            176.92
          ],
          [
            1.450448,
            43.722436,
            177.43
          ],
          [
            1.450491,
            43.722186,
            177.92
          ],
          [
            1.450427,
            43.72186,
            178.73
          ],
          [
            1.450396,
            43.721619,
            179.0
          ],
          [
            1.450331,
            43.72155,
            179.0
          ],
          [
            1.450287,
            43.721476,
            179.0
          ],
          [
            1.450173,
            43.721212,
            179.0
          ],
          [
            1.450069,
            43.721025,
            179.0
          ],
          [
            1.449893,
            43.720806,
            179.0
          ],
          [
            1.448912,
            43.719733,
            180.81
          ],
          [
            1.448761,
            43.719558,
            181.02
          ],
          [
            1.448676,
            43.719435,
            181.08
          ],
          [
            1.448566,
            43.719268,
            181.0
          ],
          [
            1.448051,
            43.718374,
            180.81
          ],
          [
            1.447996,
            43.718238,
            181.21
          ],
          [
            1.447933,
            43.71794,
            181.99
          ],
          [
            1.447819,
            43.717771,
            182.41
          ],
          [
            1.447694,
            43.717579,
            183.0
          ],
          [
            1.447672,
            43.717568,
            183.0
          ],
          [
            1.447628,
            43.71752,
            183.11
          ],
          [
            1.447623,
            43.717482,
            183.26
          ],
          [
            1.447649,
            43.717433,
            183.59
          ],
          [
            1.447684,
            43.717265,
            183.0
          ],
          [
            1.447569,
            43.716939,
            182.89
          ],
          [
            1.447565,
            43.716836,
            182.89
          ],
          [
            1.447585,
            43.716638,
            183.17
          ],
          [
            1.447611,
            43.716498,
            183.43
          ],
          [
            1.447617,
            43.716374,
            183.6
          ],
          [
            1.447606,
            43.716291,
            183.81
          ],
          [
            1.447574,
            43.716221,
            183.97
          ],
          [
            1.447517,
            43.716134,
            184.19
          ],
          [
            1.447434,
            43.716054,
            184.41
          ],
          [
            1.447359,
            43.716001,
            184.56
          ],
          [
            1.447225,
            43.715929,
            184.78
          ],
          [
            1.446905,
            43.715784,
            185.27
          ],
          [
            1.446731,
            43.715682,
            185.56
          ],
          [
            1.446317,
            43.715389,
            186.28
          ],
          [
            1.445355,
            43.714608,
            188.72
          ],
          [
            1.445086,
            43.714417,
            189.64
          ],
          [
            1.444944,
            43.714348,
            190.12
          ],
          [
            1.444661,
            43.71425,
            190.98
          ],
          [
            1.443765,
            43.71402,
            194.08
          ],
          [
            1.44345,
            43.713923,
            194.84
          ],
          [
            1.442721,
            43.713653,
            194.64
          ],
          [
            1.442068,
            43.713379,
            191.02
          ],
          [
            1.442041,
            43.713348,
            190.57
          ],
          [
            1.441974,
            43.713343,
            190.42
          ],
          [
            1.441727,
            43.713293,
            188.97
          ],
          [
            1.441675,
            43.713301,
            188.74
          ],
          [
            1.441646,
            43.713267,
            188.0
          ],
          [
            1.441297,
            43.713004,
            183.33
          ],
          [
            1.44114,
            43.712875,
            181.31
          ],
          [
            1.440997,
            43.712732,
            179.34
          ],
          [
            1.440632,
            43.712323,
            172.77
          ],
          [
            1.440456,
            43.71214,
            170.21
          ],
          [
            1.440284,
            43.712023,
            168.26
          ],
          [
            1.440235,
            43.712001,
            167.79
          ],
          [
            1.440108,
            43.711975,
            166.76
          ],
          [
            1.439945,
            43.711978,
            165.56
          ],
          [
            1.439173,
            43.712104,
            160.2
          ],
          [
            1.43898,
            43.712128,
            158.94
          ],
          [
            1.438441,
            43.712173,
            155.39
          ],
          [
            1.438343,
            43.712172,
            154.77
          ],
          [
            1.438244,
            43.712161,
            154.14
          ],
          [
            1.438007,
            43.712109,
            152.58
          ],
          [
            1.437616,
            43.711984,
            149.88
          ],
          [
            1.435978,
            43.71142,
            142.59
          ],
          [
            1.43582,
            43.711349,
            142.0
          ],
          [
            1.435853,
            43.711157,
            142.0
          ],
          [
            1.435892,
            43.711002,
            141.96
          ],
          [
            1.436076,
            43.709783,
            140.51
          ],
          [
            1.436287,
            43.708556,
            139.64
          ],
          [
            1.436476,
            43.707894,
            140.01
          ],
          [
            1.436857,
            43.70675,
            139.77
          ],
          [
            1.436984,
            43.706235,
            138.52
          ],
          [
            1.436976,
            43.706117,
            138.22
          ],
          [
            1.436945,
            43.70593,
            137.73
          ],
          [
            1.436419,
            43.704041,
            133.82
          ],
          [
            1.435958,
            43.703124,
            132.36
          ],
          [
            1.435881,
            43.70302,
            132.17
          ],
          [
            1.435774,
            43.702896,
            131.95
          ],
          [
            1.434916,
            43.702071,
            130.9
          ],
          [
            1.434604,
            43.701805,
            130.94
          ],
          [
            1.434544,
            43.701731,
            130.99
          ],
          [
            1.434545,
            43.701691,
            131.0
          ],
          [
            1.434456,
            43.701678,
            130.99
          ],
          [
            1.434382,
            43.701637,
            130.97
          ],
          [
            1.434322,
            43.701578,
            130.85
          ],
          [
            1.434172,
            43.701371,
            130.76
          ],
          [
            1.433963,
            43.700972,
            130.91
          ],
          [
            1.433849,
            43.700786,
            131.0
          ],
          [
            1.433811,
            43.70074,
            131.0
          ],
          [
            1.433056,
            43.700157,
            131.0
          ],
          [
            1.432562,
            43.699789,
            130.0
          ],
          [
            1.432352,
            43.699627,
            130.06
          ],
          [
            1.432335,
            43.6996,
            130.16
          ],
          [
            1.432293,
            43.699575,
            130.2
          ],
          [
            1.432268,
            43.699539,
            130.21
          ],
          [
            1.432223,
            43.699523,
            130.06
          ],
          [
            1.432174,
            43.69953,
            130.0
          ],
          [
            1.432205,
            43.699406,
            130.0
          ],
          [
            1.432177,
            43.699372,
            130.0
          ],
          [
            1.432179,
            43.699332,
            130.0
          ],
          [
            1.432141,
            43.699255,
            129.9
          ],
          [
            1.432131,
            43.699147,
            129.51
          ],
          [
            1.432103,
            43.699049,
            129.31
          ],
          [
            1.432088,
            43.698497,
            129.02
          ],
          [
            1.431915,
            43.697696,
            128.22
          ],
          [
            1.431891,
            43.697498,
            128.19
          ],
          [
            1.431842,
            43.697384,
            128.57
          ],
          [
            1.431757,
            43.697258,
            128.31
          ],
          [
            1.43104,
            43.696296,
            128.0
          ],
          [
            1.4309,
            43.696126,
            128.07
          ],
          [
            1.430501,
            43.695495,
            128.31
          ],
          [
            1.430354,
            43.695333,
            128.06
          ],
          [
            1.430296,
            43.695242,
            128.01
          ],
          [
            1.430259,
            43.695125,
            128.01
          ],
          [
            1.429628,
            43.694294,
            128.92
          ],
          [
            1.429563,
            43.694235,
            129.0
          ],
          [
            1.429236,
            43.693802,
            129.0
          ],
          [
            1.429206,
            43.693745,
            129.0
          ],
          [
            1.429021,
            43.693469,
            129.36
          ],
          [
            1.428827,
            43.693224,
            129.51
          ],
          [
            1.428744,
            43.693155,
            129.5
          ],
          [
            1.4286,
            43.692965,
            129.0
          ],
          [
            1.428622,
            43.692939,
            129.01
          ],
          [
            1.428586,
            43.692927,
            129.0
          ],
          [
            1.428594,
            43.692895,
            129.0
          ],
          [
            1.428578,
            43.692876,
            129.0
          ],
          [
            1.42842,
            43.692818,
            129.0
          ],
          [
            1.428438,
            43.692792,
            129.0
          ],
          [
            1.428253,
            43.692734,
            129.0
          ],
          [
            1.428287,
            43.692692,
            129.0
          ],
          [
            1.427733,
            43.692313,
            129.0
          ],
          [
            1.427692,
            43.692308,
            129.0
          ],
          [
            1.427632,
            43.69233,
            129.0
          ],
          [
            1.426765,
            43.691411,
            129.0
          ],
          [
            1.426654,
            43.691353,
            129.0
          ],
          [
            1.426507,
            43.691295,
            129.06
          ],
          [
            1.426454,
            43.691286,
            129.07
          ],
          [
            1.426411,
            43.691267,
            129.05
          ],
          [
            1.426377,
            43.691239,
            128.99
          ],
          [
            1.426356,
            43.691206,
            128.92
          ],
          [
            1.426355,
            43.691142,
            128.92
          ],
          [
            1.426334,
            43.691103,
            128.91
          ],
          [
            1.426194,
            43.690973,
            128.33
          ],
          [
            1.425598,
            43.690797,
            128.42
          ],
          [
            1.425599,
            43.690759,
            128.03
          ],
          [
            1.425441,
            43.690668,
            127.62
          ],
          [
            1.425324,
            43.69057,
            127.3
          ],
          [
            1.424058,
            43.689009,
            126.52
          ],
          [
            1.423843,
            43.688684,
            126.71
          ],
          [
            1.423681,
            43.688531,
            126.9
          ],
          [
            1.423652,
            43.688516,
            126.93
          ],
          [
            1.423669,
            43.688509,
            126.87
          ],
          [
            1.423648,
            43.688464,
            126.81
          ],
          [
            1.423626,
            43.688336,
            126.2
          ],
          [
            1.423571,
            43.688267,
            126.44
          ],
          [
            1.423445,
            43.6882,
            126.84
          ],
          [
            1.423423,
            43.68818,
            126.88
          ],
          [
            1.423348,
            43.688041,
            126.51
          ],
          [
            1.422842,
            43.687505,
            126.29
          ],
          [
            1.422639,
            43.687278,
            126.82
          ],
          [
            1.422586,
            43.687199,
            127.0
          ],
          [
            1.422249,
            43.686828,
            127.0
          ],
          [
            1.422071,
            43.686607,
            126.99
          ],
          [
            1.421921,
            43.686335,
            126.79
          ],
          [
            1.421695,
            43.685784,
            127.0
          ],
          [
            1.421658,
            43.685678,
            127.0
          ],
          [
            1.421545,
            43.685429,
            127.0
          ],
          [
            1.42153,
            43.685417,
            127.0
          ],
          [
            1.421426,
            43.685152,
            127.0
          ],
          [
            1.42143,
            43.685136,
            127.0
          ],
          [
            1.421186,
            43.684497,
            127.0
          ],
          [
            1.421158,
            43.684461,
            127.0
          ],
          [
            1.421013,
            43.684114,
            127.17
          ],
          [
            1.420902,
            43.683698,
            127.13
          ],
          [
            1.420874,
            43.68345,
            127.98
          ],
          [
            1.420852,
            43.683109,
            128.05
          ],
          [
            1.420859,
            43.682995,
            128.05
          ],
          [
            1.420894,
            43.682846,
            128.0
          ],
          [
            1.420772,
            43.682826,
            128.64
          ],
          [
            1.420692,
            43.68279,
            129.0
          ],
          [
            1.420619,
            43.68274,
            129.0
          ],
          [
            1.420548,
            43.682661,
            129.0
          ],
          [
            1.420527,
            43.682654,
            129.0
          ],
          [
            1.420955,
            43.682043,
            129.0
          ],
          [
            1.420936,
            43.682034,
            129.0
          ],
          [
            1.421023,
            43.681909,
            128.99
          ],
          [
            1.421068,
            43.681869,
            129.0
          ],
          [
            1.421546,
            43.681059,
            129.01
          ],
          [
            1.422211,
            43.679775,
            130.0
          ],
          [
            1.422252,
            43.679651,
            130.0
          ],
          [
            1.422251,
            43.679611,
            130.0
          ],
          [
            1.422298,
            43.67951,
            130.0
          ],
          [
            1.422415,
            43.679383,
            130.0
          ],
          [
            1.422544,
            43.679087,
            130.0
          ],
          [
            1.422545,
            43.679063,
            130.0
          ],
          [
            1.422595,
            43.678982,
            130.0
          ],
          [
            1.422674,
            43.678814,
            130.0
          ],
          [
            1.422691,
            43.678751,
            130.0
          ],
          [
            1.422765,
            43.678601,
            130.0
          ],
          [
            1.422926,
            43.678627,
            130.0
          ],
          [
            1.422984,
            43.678488,
            130.0
          ],
          [
            1.423089,
            43.678322,
            130.0
          ],
          [
            1.423173,
            43.678157,
            130.0
          ],
          [
            1.423194,
            43.678153,
            130.0
          ],
          [
            1.424255,
            43.676269,
            130.0
          ],
          [
            1.424435,
            43.675923,
            130.0
          ],
          [
            1.424545,
            43.675744,
            130.0
          ],
          [
            1.424607,
            43.675662,
            130.0
          ],
          [
            1.424629,
            43.675642,
            130.0
          ],
          [
            1.424965,
            43.675104,
            130.09
          ],
          [
            1.425144,
            43.674891,
            130.18
          ],
          [
            1.425249,
            43.674696,
            130.66
          ],
          [
            1.425279,
            43.674598,
            130.85
          ],
          [
            1.425426,
            43.674317,
            130.75
          ],
          [
            1.425615,
            43.67402,
            130.0
          ],
          [
            1.425691,
            43.673963,
            130.01
          ],
          [
            1.425737,
            43.673889,
            130.3
          ],
          [
            1.425751,
            43.673827,
            130.37
          ],
          [
            1.425891,
            43.673563,
            130.12
          ],
          [
            1.426654,
            43.672321,
            130.77
          ],
          [
            1.426654,
            43.672304,
            130.84
          ],
          [
            1.426814,
            43.672042,
            131.0
          ],
          [
            1.42691,
            43.671936,
            131.0
          ],
          [
            1.426824,
            43.671906,
            131.0
          ],
          [
            1.427496,
            43.670825,
            131.0
          ],
          [
            1.426611,
            43.670471,
            131.0
          ],
          [
            1.426407,
            43.670415,
            131.0
          ],
          [
            1.425683,
            43.670126,
            131.0
          ],
          [
            1.425528,
            43.670046,
            131.0
          ],
          [
            1.425409,
            43.669967,
            130.14
          ],
          [
            1.424992,
            43.669729,
            129.2
          ],
          [
            1.424627,
            43.669542,
            128.85
          ],
          [
            1.424478,
            43.669456,
            128.75
          ],
          [
            1.424113,
            43.669291,
            128.99
          ],
          [
            1.423988,
            43.669241,
            129.0
          ],
          [
            1.422494,
            43.668779,
            130.02
          ],
          [
            1.421798,
            43.668527,
            131.64
          ],
          [
            1.419467,
            43.66753,
            132.4
          ],
          [
            1.419498,
            43.667493,
            131.73
          ],
          [
            1.419397,
            43.667446,
            131.5
          ],
          [
            1.41932,
            43.667395,
            131.78
          ],
          [
            1.41934,
            43.667369,
            131.44
          ],
          [
            1.419354,
            43.667321,
            130.97
          ],
          [
            1.420175,
            43.666916,
            129.09
          ],
          [
            1.420271,
            43.666855,
            129.0
          ],
          [
            1.420465,
            43.666695,
            129.0
          ],
          [
            1.420701,
            43.666441,
            129.0
          ],
          [
            1.421467,
            43.665436,
            129.0
          ],
          [
            1.421479,
            43.66538,
            129.0
          ],
          [
            1.42147,
            43.66533,
            129.0
          ],
          [
            1.421447,
            43.665275,
            129.0
          ],
          [
            1.421383,
            43.665206,
            129.0
          ],
          [
            1.421223,
            43.665069,
            129.0
          ],
          [
            1.421177,
            43.664993,
            129.0
          ],
          [
            1.421158,
            43.664927,
            129.0
          ],
          [
            1.421163,
            43.664838,
            129.0
          ],
          [
            1.421374,
            43.664204,
            129.0
          ],
          [
            1.421433,
            43.664097,
            129.0
          ],
          [
            1.421703,
            43.663297,
            129.0
          ],
          [
            1.421832,
            43.662826,
            129.0
          ],
          [
            1.422029,
            43.662205,
            129.53
          ],
          [
            1.422036,
            43.662144,
            129.43
          ],
          [
            1.422011,
            43.662102,
            129.16
          ],
          [
            1.421912,
            43.662052,
            129.04
          ],
          [
            1.421727,
            43.662016,
            129.0
          ],
          [
            1.421501,
            43.662027,
            129.0
          ],
          [
            1.421551,
            43.661793,
            128.25
          ],
          [
            1.421874,
            43.660974,
            128.0
          ],
          [
            1.42133,
            43.660872,
            127.0
          ],
          [
            1.42111,
            43.660817,
            127.0
          ],
          [
            1.420702,
            43.660678,
            127.0
          ],
          [
            1.420679,
            43.660655,
            127.0
          ],
          [
            1.420827,
            43.660405,
            127.21
          ],
          [
            1.420734,
            43.660368,
            127.24
          ],
          [
            1.420668,
            43.660326,
            127.27
          ],
          [
            1.420681,
            43.660225,
            127.75
          ],
          [
            1.420615,
            43.660203,
            127.56
          ],
          [
            1.42052,
            43.660152,
            127.42
          ],
          [
            1.420688,
            43.65971,
            128.0
          ],
          [
            1.420708,
            43.659605,
            128.12
          ],
          [
            1.42071,
            43.659489,
            128.74
          ],
          [
            1.420765,
            43.659447,
            128.91
          ],
          [
            1.419382,
            43.659045,
            128.11
          ],
          [
            1.419293,
            43.659,
            128.1
          ],
          [
            1.419134,
            43.658883,
            128.62
          ],
          [
            1.419187,
            43.658832,
            129.0
          ],
          [
            1.419222,
            43.658715,
            129.0
          ],
          [
            1.419829,
            43.658033,
            129.0
          ],
          [
            1.419909,
            43.658049,
            129.0
          ],
          [
            1.419973,
            43.658037,
            129.09
          ],
          [
            1.420096,
            43.657922,
            129.31
          ],
          [
            1.420163,
            43.657798,
            129.44
          ],
          [
            1.420194,
            43.657721,
            129.04
          ],
          [
            1.420127,
            43.657692,
            129.0
          ],
          [
            1.420701,
            43.657061,
            129.27
          ],
          [
            1.420702,
            43.657041,
            129.41
          ],
          [
            1.420584,
            43.65698,
            129.97
          ],
          [
            1.420629,
            43.656925,
            130.0
          ],
          [
            1.420554,
            43.656895,
            130.08
          ],
          [
            1.42041,
            43.65687,
            130.53
          ],
          [
            1.420163,
            43.656924,
            131.3
          ],
          [
            1.420106,
            43.65692,
            131.43
          ],
          [
            1.420023,
            43.656893,
            131.61
          ],
          [
            1.419468,
            43.656642,
            130.34
          ],
          [
            1.419394,
            43.656619,
            131.52
          ],
          [
            1.419425,
            43.656566,
            131.25
          ],
          [
            1.419529,
            43.656472,
            130.79
          ],
          [
            1.419618,
            43.656355,
            130.28
          ],
          [
            1.419711,
            43.656386,
            130.0
          ],
          [
            1.422742,
            43.652842,
            130.0
          ],
          [
            1.423023,
            43.652455,
            130.0
          ],
          [
            1.423153,
            43.652247,
            130.0
          ],
          [
            1.42327,
            43.651983,
            130.02
          ],
          [
            1.423445,
            43.651438,
            130.31
          ],
          [
            1.423466,
            43.651017,
            130.19
          ],
          [
            1.423469,
            43.650588,
            130.06
          ],
          [
            1.423391,
            43.650156,
            130.05
          ],
          [
            1.423126,
            43.648415,
            130.32
          ],
          [
            1.423093,
            43.648096,
            130.62
          ],
          [
            1.423027,
            43.647754,
            130.46
          ],
          [
            1.422953,
            43.647174,
            129.97
          ],
          [
            1.42287,
            43.646754,
            130.92
          ],
          [
            1.423254,
            43.646724,
            132.14
          ],
          [
            1.423483,
            43.646696,
            132.55
          ],
          [
            1.423438,
            43.646573,
            132.78
          ],
          [
            1.423368,
            43.646164,
            132.1
          ],
          [
            1.423301,
            43.646002,
            132.0
          ],
          [
            1.423263,
            43.645817,
            132.08
          ],
          [
            1.423189,
            43.645176,
            132.45
          ],
          [
            1.423124,
            43.645072,
            132.82
          ],
          [
            1.423024,
            43.645019,
            133.0
          ],
          [
            1.423032,
            43.644954,
            133.0
          ],
          [
            1.422933,
            43.644483,
            132.91
          ],
          [
            1.422808,
            43.643589,
            132.15
          ],
          [
            1.422443,
            43.640783,
            132.68
          ],
          [
            1.422245,
            43.639423,
            133.0
          ],
          [
            1.422076,
            43.638059,
            132.87
          ],
          [
            1.422016,
            43.637683,
            132.97
          ],
          [
            1.421717,
            43.635467,
            132.99
          ],
          [
            1.42173,
            43.635416,
            133.17
          ],
          [
            1.421706,
            43.635375,
            133.33
          ],
          [
            1.421669,
            43.635183,
            133.65
          ],
          [
            1.42159,
            43.634871,
            133.63
          ],
          [
            1.421577,
            43.634779,
            133.51
          ],
          [
            1.421591,
            43.634704,
            133.44
          ],
          [
            1.421593,
            43.634622,
            133.38
          ],
          [
            1.421525,
            43.633973,
            133.03
          ],
          [
            1.421429,
            43.633233,
            133.0
          ],
          [
            1.421118,
            43.631031,
            132.6
          ],
          [
            1.421092,
            43.63075,
            132.45
          ],
          [
            1.421041,
            43.630422,
            132.37
          ],
          [
            1.420735,
            43.628077,
            132.18
          ],
          [
            1.420096,
            43.623466,
            132.0
          ],
          [
            1.420087,
            43.623318,
            132.11
          ],
          [
            1.419916,
            43.622084,
            132.51
          ],
          [
            1.419839,
            43.621394,
            132.66
          ],
          [
            1.41978,
            43.621132,
            132.64
          ],
          [
            1.419556,
            43.619362,
            132.84
          ],
          [
            1.419521,
            43.618994,
            132.84
          ],
          [
            1.419407,
            43.618377,
            132.98
          ],
          [
            1.418854,
            43.614332,
            133.41
          ],
          [
            1.41872,
            43.613203,
            133.43
          ],
          [
            1.418684,
            43.61267,
            133.71
          ],
          [
            1.418636,
            43.612195,
            134.98
          ],
          [
            1.418571,
            43.611604,
            136.05
          ],
          [
            1.418616,
            43.611475,
            136.94
          ],
          [
            1.41866,
            43.611503,
            136.88
          ],
          [
            1.418846,
            43.611433,
            136.79
          ],
          [
            1.418829,
            43.611345,
            137.0
          ],
          [
            1.418825,
            43.61126,
            136.76
          ],
          [
            1.418843,
            43.611235,
            136.37
          ],
          [
            1.418753,
            43.611211,
            136.34
          ],
          [
            1.418712,
            43.61119,
            136.24
          ],
          [
            1.418694,
            43.611169,
            136.09
          ],
          [
            1.41869,
            43.611113,
            136.25
          ],
          [
            1.418746,
            43.610928,
            136.78
          ],
          [
            1.418765,
            43.610903,
            136.86
          ],
          [
            1.418809,
            43.610881,
            137.0
          ],
          [
            1.418793,
            43.610856,
            136.85
          ],
          [
            1.418822,
            43.610827,
            137.0
          ],
          [
            1.418725,
            43.610791,
            136.49
          ],
          [
            1.418669,
            43.610746,
            136.15
          ],
          [
            1.418557,
            43.61056,
            135.08
          ],
          [
            1.41852,
            43.610531,
            135.66
          ],
          [
            1.418407,
            43.610499,
            135.85
          ],
          [
            1.418234,
            43.610473,
            135.68
          ],
          [
            1.41851,
            43.610433,
            136.77
          ],
          [
            1.41845,
            43.610379,
            137.0
          ],
          [
            1.418434,
            43.610401,
            137.0
          ],
          [
            1.418309,
            43.610403,
            136.84
          ],
          [
            1.418165,
            43.610387,
            136.42
          ],
          [
            1.415564,
            43.609961,
            133.14
          ],
          [
            1.415167,
            43.609809,
            133.14
          ],
          [
            1.415134,
            43.609777,
            133.03
          ],
          [
            1.415066,
            43.609797,
            133.11
          ],
          [
            1.414987,
            43.609803,
            133.13
          ],
          [
            1.414861,
            43.609798,
            133.39
          ],
          [
            1.414671,
            43.609772,
            133.79
          ],
          [
            1.41445,
            43.609722,
            134.41
          ],
          [
            1.414275,
            43.609661,
            134.31
          ],
          [
            1.413689,
            43.609351,
            133.37
          ],
          [
            1.413604,
            43.609326,
            133.35
          ],
          [
            1.413521,
            43.609313,
            133.31
          ],
          [
            1.413443,
            43.609317,
            133.25
          ],
          [
            1.413464,
            43.609234,
            133.37
          ],
          [
            1.413518,
            43.609195,
            133.57
          ],
          [
            1.413524,
            43.609153,
            133.77
          ],
          [
            1.413659,
            43.609008,
            133.99
          ],
          [
            1.413673,
            43.608978,
            134.0
          ],
          [
            1.41321,
            43.609234,
            133.22
          ],
          [
            1.413191,
            43.609265,
            133.24
          ],
          [
            1.413091,
            43.609325,
            133.34
          ],
          [
            1.412133,
            43.608915,
            134.98
          ],
          [
            1.410797,
            43.60832,
            137.29
          ],
          [
            1.410878,
            43.608225,
            135.07
          ],
          [
            1.41091,
            43.608202,
            134.5
          ],
          [
            1.410751,
            43.608087,
            134.82
          ],
          [
            1.4107,
            43.608035,
            134.87
          ],
          [
            1.41059,
            43.607978,
            135.06
          ],
          [
            1.409879,
            43.607706,
            136.39
          ],
          [
            1.409745,
            43.60767,
            136.61
          ],
          [
            1.409493,
            43.607585,
            137.22
          ],
          [
            1.40945,
            43.607561,
            137.21
          ],
          [
            1.409415,
            43.607522,
            137.0
          ],
          [
            1.409649,
            43.607446,
            137.0
          ],
          [
            1.409021,
            43.607066,
            137.0
          ],
          [
            1.408749,
            43.60687,
            137.0
          ],
          [
            1.408326,
            43.606606,
            137.0
          ],
          [
            1.407756,
            43.606233,
            137.0
          ],
          [
            1.407658,
            43.606134,
            137.0
          ],
          [
            1.407621,
            43.606065,
            137.0
          ],
          [
            1.407521,
            43.605838,
            137.0
          ],
          [
            1.407361,
            43.605412,
            137.0
          ],
          [
            1.407271,
            43.604984,
            137.16
          ],
          [
            1.40713,
            43.604146,
            137.08
          ],
          [
            1.407029,
            43.603826,
            137.47
          ],
          [
            1.406901,
            43.60376,
            138.0
          ],
          [
            1.406934,
            43.603745,
            138.0
          ],
          [
            1.406703,
            43.603478,
            138.0
          ],
          [
            1.406208,
            43.603702,
            138.0
          ],
          [
            1.405507,
            43.603141,
            138.0
          ],
          [
            1.405488,
            43.603017,
            138.0
          ],
          [
            1.404591,
            43.602296,
            138.0
          ],
          [
            1.404562,
            43.602297,
            138.0
          ],
          [
            1.404218,
            43.602024,
            138.0
          ],
          [
            1.404212,
            43.601974,
            138.0
          ],
          [
            1.404127,
            43.601978,
            138.0
          ],
          [
            1.40392,
            43.601789,
            138.0
          ],
          [
            1.403832,
            43.601694,
            138.0
          ],
          [
            1.403784,
            43.601457,
            139.0
          ],
          [
            1.403598,
            43.601463,
            139.0
          ],
          [
            1.403587,
            43.601423,
            139.0
          ],
          [
            1.403504,
            43.601422,
            139.0
          ],
          [
            1.403454,
            43.600362,
            139.0
          ],
          [
            1.403468,
            43.59965,
            140.0
          ],
          [
            1.403485,
            43.599606,
            140.0
          ],
          [
            1.403506,
            43.598817,
            140.36
          ],
          [
            1.403535,
            43.598704,
            140.46
          ],
          [
            1.40356,
            43.598676,
            140.5
          ],
          [
            1.403567,
            43.598638,
            140.55
          ],
          [
            1.403585,
            43.59836,
            140.9
          ],
          [
            1.403579,
            43.598318,
            141.0
          ],
          [
            1.403617,
            43.598271,
            141.0
          ],
          [
            1.403619,
            43.598216,
            141.0
          ],
          [
            1.403707,
            43.598216,
            140.79
          ],
          [
            1.403719,
            43.597873,
            140.98
          ],
          [
            1.403701,
            43.597658,
            141.19
          ],
          [
            1.403603,
            43.597357,
            141.51
          ],
          [
            1.403536,
            43.597194,
            142.0
          ],
          [
            1.403481,
            43.597089,
            142.0
          ],
          [
            1.403329,
            43.596879,
            142.21
          ],
          [
            1.40318,
            43.596714,
            142.85
          ],
          [
            1.403035,
            43.596576,
            142.69
          ],
          [
            1.40269,
            43.596273,
            143.63
          ],
          [
            1.402475,
            43.596053,
            143.96
          ],
          [
            1.402364,
            43.59604,
            144.49
          ],
          [
            1.402268,
            43.595933,
            144.98
          ],
          [
            1.402036,
            43.595577,
            145.06
          ],
          [
            1.40197,
            43.595534,
            145.67
          ],
          [
            1.401878,
            43.595366,
            145.17
          ],
          [
            1.401873,
            43.59533,
            144.93
          ],
          [
            1.401812,
            43.595183,
            146.76
          ],
          [
            1.401724,
            43.594898,
            147.95
          ],
          [
            1.401702,
            43.594744,
            148.51
          ],
          [
            1.401688,
            43.594475,
            148.58
          ],
          [
            1.401704,
            43.594401,
            148.6
          ],
          [
            1.401687,
            43.593924,
            148.86
          ],
          [
            1.401742,
            43.59392,
            148.34
          ],
          [
            1.401707,
            43.592898,
            149.0
          ],
          [
            1.401655,
            43.592768,
            149.0
          ],
          [
            1.40164,
            43.592588,
            149.0
          ],
          [
            1.401598,
            43.592583,
            149.03
          ],
          [
            1.401628,
            43.592418,
            148.94
          ],
          [
            1.399672,
            43.592049,
            152.24
          ],
          [
            1.39962,
            43.592019,
            152.55
          ],
          [
            1.399393,
            43.591975,
            153.0
          ],
          [
            1.399292,
            43.591999,
            152.88
          ],
          [
            1.399076,
            43.591983,
            152.63
          ],
          [
            1.398663,
            43.59198,
            152.17
          ],
          [
            1.398602,
            43.591966,
            152.1
          ],
          [
            1.398541,
            43.591928,
            152.02
          ],
          [
            1.398507,
            43.59194,
            153.0
          ],
          [
            1.398452,
            43.59187,
            152.98
          ],
          [
            1.39844,
            43.591697,
            152.85
          ],
          [
            1.398406,
            43.591614,
            152.76
          ],
          [
            1.398348,
            43.59153,
            152.98
          ],
          [
            1.398166,
            43.591357,
            153.0
          ],
          [
            1.398255,
            43.59131,
            153.0
          ],
          [
            1.39836,
            43.591277,
            153.0
          ],
          [
            1.398409,
            43.591238,
            153.0
          ],
          [
            1.399291,
            43.589635,
            152.55
          ],
          [
            1.39926,
            43.589584,
            152.6
          ],
          [
            1.398248,
            43.589137,
            152.99
          ],
          [
            1.397961,
            43.589022,
            153.01
          ],
          [
            1.397824,
            43.588958,
            153.01
          ],
          [
            1.39751,
            43.588851,
            153.01
          ],
          [
            1.396521,
            43.588481,
            153.0
          ],
          [
            1.396396,
            43.588446,
            153.0
          ],
          [
            1.395875,
            43.58825,
            153.0
          ],
          [
            1.394971,
            43.587877,
            153.03
          ],
          [
            1.394792,
            43.587783,
            153.1
          ],
          [
            1.394618,
            43.587739,
            153.64
          ],
          [
            1.394587,
            43.587689,
            153.84
          ],
          [
            1.394526,
            43.587657,
            153.82
          ],
          [
            1.394489,
            43.58765,
            153.62
          ],
          [
            1.39445,
            43.587567,
            153.27
          ],
          [
            1.394505,
            43.587497,
            153.21
          ],
          [
            1.394533,
            43.586305,
            154.0
          ],
          [
            1.394561,
            43.585976,
            154.0
          ],
          [
            1.394616,
            43.585976,
            154.0
          ],
          [
            1.394669,
            43.586014,
            154.0
          ],
          [
            1.394686,
            43.585136,
            154.0
          ],
          [
            1.394703,
            43.584794,
            154.09
          ],
          [
            1.394633,
            43.584794,
            154.36
          ],
          [
            1.394595,
            43.584589,
            154.53
          ],
          [
            1.394609,
            43.584512,
            154.15
          ],
          [
            1.394582,
            43.584449,
            154.08
          ],
          [
            1.39453,
            43.584377,
            154.0
          ],
          [
            1.394475,
            43.584339,
            154.0
          ],
          [
            1.394419,
            43.584319,
            154.0
          ],
          [
            1.394669,
            43.584211,
            154.56
          ],
          [
            1.3951,
            43.58236,
            154.07
          ],
          [
            1.395078,
            43.582281,
            154.26
          ],
          [
            1.394857,
            43.582006,
            154.79
          ],
          [
            1.394829,
            43.581957,
            154.91
          ],
          [
            1.394817,
            43.5819,
            154.98
          ],
          [
            1.394861,
            43.581752,
            155.0
          ],
          [
            1.394851,
            43.581705,
            155.0
          ],
          [
            1.39477,
            43.58158,
            155.0
          ],
          [
            1.394689,
            43.581483,
            155.0
          ],
          [
            1.394641,
            43.581456,
            155.0
          ],
          [
            1.394674,
            43.581409,
            155.0
          ],
          [
            1.39451,
            43.581378,
            154.86
          ],
          [
            1.394448,
            43.581354,
            154.74
          ],
          [
            1.394397,
            43.581318,
            154.66
          ],
          [
            1.394159,
            43.581006,
            154.28
          ],
          [
            1.394041,
            43.580866,
            154.18
          ],
          [
            1.393967,
            43.58083,
            154.23
          ],
          [
            1.393869,
            43.580802,
            154.29
          ],
          [
            1.392916,
            43.580606,
            154.78
          ],
          [
            1.392858,
            43.580577,
            154.57
          ],
          [
            1.392826,
            43.580517,
            154.21
          ],
          [
            1.392946,
            43.580181,
            154.79
          ],
          [
            1.392982,
            43.580061,
            154.93
          ],
          [
            1.392985,
            43.579996,
            155.0
          ],
          [
            1.392889,
            43.579864,
            155.0
          ],
          [
            1.392811,
            43.579781,
            155.0
          ],
          [
            1.392751,
            43.579754,
            155.0
          ],
          [
            1.392806,
            43.579683,
            155.0
          ],
          [
            1.392975,
            43.579603,
            155.0
          ],
          [
            1.393031,
            43.579585,
            155.06
          ],
          [
            1.393029,
            43.579508,
            155.13
          ],
          [
            1.39292,
            43.579371,
            155.09
          ],
          [
            1.392804,
            43.579417,
            155.0
          ],
          [
            1.392573,
            43.579204,
            155.27
          ],
          [
            1.392572,
            43.579028,
            155.04
          ],
          [
            1.392537,
            43.579015,
            155.01
          ],
          [
            1.391922,
            43.578683,
            155.09
          ],
          [
            1.391223,
            43.578413,
            156.0
          ],
          [
            1.390598,
            43.578156,
            156.0
          ],
          [
            1.390451,
            43.578176,
            156.0
          ],
          [
            1.390323,
            43.578097,
            156.0
          ],
          [
            1.390317,
            43.578,
            156.0
          ],
          [
            1.390133,
            43.577893,
            156.0
          ],
          [
            1.389618,
            43.577558,
            156.0
          ],
          [
            1.389228,
            43.577289,
            156.0
          ],
          [
            1.389165,
            43.57721,
            156.0
          ],
          [
            1.389011,
            43.577101,
            156.0
          ],
          [
            1.38877,
            43.576913,
            156.0
          ],
          [
            1.388713,
            43.576883,
            156.0
          ],
          [
            1.388584,
            43.576788,
            156.0
          ],
          [
            1.388409,
            43.576636,
            156.0
          ],
          [
            1.388036,
            43.576348,
            156.0
          ],
          [
            1.387488,
            43.575902,
            156.0
          ],
          [
            1.386776,
            43.575358,
            156.06
          ],
          [
            1.386039,
            43.574844,
            156.25
          ],
          [
            1.386064,
            43.574828,
            156.23
          ],
          [
            1.385939,
            43.574773,
            156.83
          ],
          [
            1.385902,
            43.574788,
            156.65
          ],
          [
            1.385835,
            43.574792,
            156.32
          ],
          [
            1.385765,
            43.574766,
            156.08
          ],
          [
            1.385735,
            43.574733,
            156.14
          ],
          [
            1.385725,
            43.574695,
            156.09
          ],
          [
            1.385755,
            43.574636,
            156.0
          ],
          [
            1.384282,
            43.573664,
            157.0
          ],
          [
            1.384215,
            43.573586,
            157.0
          ],
          [
            1.384124,
            43.573532,
            157.0
          ],
          [
            1.383559,
            43.573151,
            157.0
          ],
          [
            1.383057,
            43.57279,
            157.0
          ],
          [
            1.382957,
            43.572637,
            157.0
          ],
          [
            1.382901,
            43.572526,
            157.0
          ],
          [
            1.382807,
            43.572486,
            157.0
          ],
          [
            1.382606,
            43.572442,
            157.0
          ],
          [
            1.382348,
            43.572441,
            157.0
          ],
          [
            1.382272,
            43.572454,
            157.0
          ],
          [
            1.382159,
            43.572366,
            157.0
          ],
          [
            1.382062,
            43.57234,
            157.0
          ],
          [
            1.381944,
            43.572333,
            157.0
          ],
          [
            1.381844,
            43.57234,
            157.0
          ],
          [
            1.381702,
            43.572364,
            157.0
          ],
          [
            1.381493,
            43.572416,
            157.0
          ],
          [
            1.380998,
            43.572589,
            157.0
          ],
          [
            1.380618,
            43.572035,
            156.76
          ],
          [
            1.380534,
            43.571928,
            156.57
          ],
          [
            1.380421,
            43.571818,
            156.2
          ],
          [
            1.380282,
            43.571683,
            156.03
          ],
          [
            1.38009,
            43.571595,
            156.02
          ],
          [
            1.379992,
            43.571568,
            156.02
          ],
          [
            1.379898,
            43.571555,
            156.02
          ],
          [
            1.379829,
            43.571525,
            156.03
          ],
          [
            1.379715,
            43.57143,
            156.15
          ],
          [
            1.37963,
            43.571385,
            156.2
          ],
          [
            1.379489,
            43.57135,
            156.28
          ],
          [
            1.379343,
            43.57133,
            156.36
          ],
          [
            1.379256,
            43.57134,
            156.41
          ],
          [
            1.379189,
            43.571337,
            156.44
          ],
          [
            1.378948,
            43.571271,
            156.61
          ],
          [
            1.378745,
            43.57123,
            156.8
          ],
          [
            1.3782,
            43.571154,
            157.18
          ],
          [
            1.378118,
            43.571166,
            157.54
          ],
          [
            1.378015,
            43.571191,
            157.91
          ],
          [
            1.377919,
            43.571192,
            157.9
          ],
          [
            1.377634,
            43.571109,
            157.66
          ],
          [
            1.377556,
            43.571103,
            157.62
          ],
          [
            1.377109,
            43.571154,
            157.22
          ],
          [
            1.377069,
            43.571141,
            157.25
          ],
          [
            1.377055,
            43.57112,
            157.4
          ],
          [
            1.377021,
            43.57111,
            157.5
          ],
          [
            1.377001,
            43.571093,
            157.63
          ],
          [
            1.377032,
            43.571062,
            157.87
          ],
          [
            1.377028,
            43.571049,
            157.95
          ],
          [
            1.376995,
            43.57104,
            158.0
          ],
          [
            1.37689,
            43.570866,
            158.0
          ],
          [
            1.376848,
            43.570773,
            158.0
          ],
          [
            1.37661,
            43.570561,
            158.0
          ],
          [
            1.37543,
            43.57054,
            158.0
          ],
          [
            1.375324,
            43.570506,
            158.0
          ],
          [
            1.375118,
            43.570357,
            158.0
          ],
          [
            1.375536,
            43.570199,
            157.55
          ],
          [
            1.375526,
            43.57017,
            157.4
          ],
          [
            1.375362,
            43.570073,
            156.87
          ],
          [
            1.375272,
            43.570005,
            156.67
          ],
          [
            1.375207,
            43.569928,
            157.0
          ],
          [
            1.375118,
            43.56979,
            156.1
          ],
          [
            1.375047,
            43.569625,
            157.47
          ],
          [
            1.374991,
            43.569439,
            157.78
          ],
          [
            1.374913,
            43.569311,
            157.85
          ],
          [
            1.374862,
            43.569267,
            157.85
          ],
          [
            1.374805,
            43.569234,
            157.92
          ],
          [
            1.374715,
            43.569205,
            157.99
          ],
          [
            1.374068,
            43.569092,
            157.64
          ],
          [
            1.373865,
            43.569044,
            156.84
          ],
          [
            1.373718,
            43.568997,
            157.03
          ],
          [
            1.373616,
            43.56893,
            157.94
          ],
          [
            1.37354,
            43.568842,
            158.86
          ],
          [
            1.373355,
            43.568745,
            159.98
          ],
          [
            1.37279,
            43.568499,
            159.0
          ],
          [
            1.372753,
            43.568472,
            159.0
          ],
          [
            1.372739,
            43.568444,
            159.0
          ],
          [
            1.37259,
            43.568386,
            159.0
          ],
          [
            1.372477,
            43.568312,
            159.01
          ],
          [
            1.372049,
            43.567881,
            159.02
          ],
          [
            1.371965,
            43.56783,
            159.02
          ],
          [
            1.371828,
            43.567784,
            159.02
          ],
          [
            1.371671,
            43.56776,
            159.01
          ],
          [
            1.371547,
            43.567768,
            159.01
          ],
          [
            1.371445,
            43.567786,
            159.0
          ],
          [
            1.371346,
            43.567823,
            159.0
          ],
          [
            1.371137,
            43.567915,
            159.0
          ],
          [
            1.371036,
            43.56799,
            159.0
          ],
          [
            1.370919,
            43.567846,
            159.0
          ],
          [
            1.370553,
            43.568011,
            159.0
          ],
          [
            1.370526,
            43.567977,
            159.0
          ],
          [
            1.370412,
            43.567977,
            159.0
          ],
          [
            1.370388,
            43.567949,
            159.0
          ],
          [
            1.369074,
            43.568539,
            159.0
          ],
          [
            1.369027,
            43.568566,
            159.0
          ],
          [
            1.368224,
            43.567774,
            159.02
          ],
          [
            1.36812,
            43.567823,
            159.01
          ],
          [
            1.367831,
            43.56791,
            159.06
          ],
          [
            1.366364,
            43.568391,
            159.0
          ],
          [
            1.365695,
            43.568464,
            159.0
          ],
          [
            1.365584,
            43.568532,
            159.0
          ],
          [
            1.36529,
            43.568299,
            159.03
          ],
          [
            1.365148,
            43.568201,
            159.02
          ],
          [
            1.365133,
            43.568199,
            159.0
          ],
          [
            1.365097,
            43.568156,
            159.01
          ],
          [
            1.364474,
            43.567754,
            159.35
          ],
          [
            1.36391,
            43.567477,
            159.64
          ],
          [
            1.36352,
            43.567193,
            159.82
          ],
          [
            1.363155,
            43.566865,
            159.99
          ],
          [
            1.362958,
            43.566615,
            160.0
          ],
          [
            1.362815,
            43.566372,
            160.0
          ],
          [
            1.36264,
            43.565911,
            160.0
          ],
          [
            1.362364,
            43.565097,
            160.0
          ],
          [
            1.362087,
            43.564366,
            160.01
          ],
          [
            1.361885,
            43.563961,
            160.07
          ],
          [
            1.361425,
            43.563259,
            160.18
          ],
          [
            1.361108,
            43.562569,
            160.39
          ],
          [
            1.360513,
            43.561402,
            160.85
          ],
          [
            1.360251,
            43.56086,
            161.0
          ],
          [
            1.360244,
            43.560772,
            161.0
          ],
          [
            1.36027,
            43.560646,
            161.0
          ],
          [
            1.360329,
            43.560543,
            161.0
          ],
          [
            1.360466,
            43.560369,
            161.0
          ],
          [
            1.360493,
            43.560233,
            161.0
          ],
          [
            1.360485,
            43.560209,
            161.0
          ],
          [
            1.360569,
            43.560189,
            161.0
          ],
          [
            1.360484,
            43.560009,
            161.0
          ],
          [
            1.360574,
            43.559985,
            161.0
          ],
          [
            1.360444,
            43.559805,
            161.0
          ],
          [
            1.360358,
            43.559659,
            161.0
          ],
          [
            1.360278,
            43.559577,
            161.0
          ],
          [
            1.360214,
            43.55954,
            161.0
          ],
          [
            1.360091,
            43.559379,
            161.0
          ],
          [
            1.360061,
            43.559295,
            161.01
          ],
          [
            1.359986,
            43.557896,
            161.72
          ],
          [
            1.359966,
            43.557291,
            161.94
          ],
          [
            1.359925,
            43.556726,
            161.96
          ],
          [
            1.359848,
            43.556402,
            161.99
          ],
          [
            1.35979,
            43.556259,
            161.99
          ],
          [
            1.359695,
            43.556074,
            162.0
          ],
          [
            1.359503,
            43.555813,
            162.0
          ],
          [
            1.359246,
            43.555552,
            162.0
          ],
          [
            1.358848,
            43.555278,
            162.0
          ],
          [
            1.3575,
            43.554471,
            162.0
          ],
          [
            1.357424,
            43.554394,
            162.0
          ],
          [
            1.357362,
            43.554287,
            162.04
          ],
          [
            1.357298,
            43.554051,
            162.25
          ],
          [
            1.357327,
            43.554041,
            162.31
          ],
          [
            1.357326,
            43.553975,
            162.05
          ],
          [
            1.357285,
            43.553961,
            162.0
          ],
          [
            1.357302,
            43.553914,
            162.0
          ],
          [
            1.357051,
            43.553823,
            162.0
          ],
          [
            1.356788,
            43.553713,
            162.27
          ],
          [
            1.356538,
            43.553578,
            162.51
          ],
          [
            1.356393,
            43.553418,
            162.67
          ],
          [
            1.356245,
            43.553302,
            162.87
          ],
          [
            1.356016,
            43.553102,
            162.98
          ],
          [
            1.355882,
            43.552969,
            163.0
          ],
          [
            1.355851,
            43.552924,
            163.0
          ],
          [
            1.355852,
            43.552885,
            163.0
          ],
          [
            1.355782,
            43.552798,
            162.59
          ],
          [
            1.35573,
            43.552797,
            162.55
          ],
          [
            1.355694,
            43.55278,
            162.46
          ],
          [
            1.355522,
            43.552638,
            162.76
          ],
          [
            1.355308,
            43.552441,
            162.85
          ],
          [
            1.355039,
            43.552228,
            162.94
          ],
          [
            1.351319,
            43.548861,
            163.58
          ],
          [
            1.351121,
            43.548608,
            164.0
          ],
          [
            1.351089,
            43.548504,
            164.0
          ],
          [
            1.35106,
            43.548464,
            164.0
          ],
          [
            1.351037,
            43.548403,
            164.0
          ],
          [
            1.350952,
            43.54836,
            164.0
          ],
          [
            1.350809,
            43.548141,
            164.0
          ],
          [
            1.35073,
            43.548036,
            164.0
          ],
          [
            1.350665,
            43.547858,
            163.9
          ],
          [
            1.35063,
            43.547726,
            163.86
          ],
          [
            1.350611,
            43.547556,
            163.83
          ],
          [
            1.350613,
            43.547399,
            163.76
          ],
          [
            1.350665,
            43.547074,
            163.94
          ],
          [
            1.350721,
            43.546947,
            163.85
          ],
          [
            1.350747,
            43.546877,
            163.69
          ],
          [
            1.350728,
            43.546794,
            163.89
          ],
          [
            1.35073,
            43.546726,
            163.94
          ],
          [
            1.350899,
            43.546286,
            164.0
          ],
          [
            1.35093,
            43.546164,
            164.0
          ],
          [
            1.350935,
            43.54605,
            164.0
          ],
          [
            1.350636,
            43.546024,
            164.0
          ],
          [
            1.350655,
            43.545891,
            164.0
          ],
          [
            1.35061,
            43.545508,
            164.0
          ],
          [
            1.35059,
            43.545507,
            164.0
          ],
          [
            1.350558,
            43.545452,
            164.04
          ],
          [
            1.35049,
            43.545414,
            164.02
          ],
          [
            1.350415,
            43.545382,
            164.01
          ],
          [
            1.350275,
            43.545347,
            164.0
          ],
          [
            1.350016,
            43.545342,
            164.0
          ],
          [
            1.349782,
            43.54532,
            164.0
          ],
          [
            1.349385,
            43.545279,
            164.0
          ],
          [
            1.349049,
            43.545228,
            164.0
          ],
          [
            1.348934,
            43.545231,
            164.0
          ],
          [
            1.348889,
            43.545267,
            164.0
          ],
          [
            1.348798,
            43.545252,
            164.03
          ],
          [
            1.348795,
            43.545203,
            164.05
          ],
          [
            1.348756,
            43.545169,
            164.06
          ],
          [
            1.348018,
            43.545003,
            164.57
          ],
          [
            1.347267,
            43.544795,
            164.0
          ],
          [
            1.346953,
            43.544688,
            164.23
          ],
          [
            1.346623,
            43.544596,
            164.04
          ],
          [
            1.346523,
            43.544595,
            164.05
          ],
          [
            1.346534,
            43.544534,
            164.13
          ],
          [
            1.346363,
            43.544482,
            165.0
          ],
          [
            1.34628,
            43.54451,
            164.98
          ],
          [
            1.346223,
            43.544511,
            165.0
          ],
          [
            1.346146,
            43.544487,
            165.0
          ],
          [
            1.346107,
            43.544458,
            165.0
          ],
          [
            1.346081,
            43.544415,
            165.0
          ],
          [
            1.34594,
            43.544331,
            164.79
          ],
          [
            1.346013,
            43.544207,
            164.78
          ],
          [
            1.345838,
            43.544188,
            164.0
          ],
          [
            1.345362,
            43.543182,
            164.44
          ],
          [
            1.345238,
            43.543124,
            164.28
          ],
          [
            1.345285,
            43.542896,
            164.88
          ],
          [
            1.345236,
            43.542777,
            164.94
          ],
          [
            1.345006,
            43.542686,
            165.0
          ],
          [
            1.344823,
            43.542659,
            165.0
          ],
          [
            1.344825,
            43.54257,
            165.0
          ],
          [
            1.344803,
            43.542391,
            165.0
          ],
          [
            1.344781,
            43.542338,
            165.0
          ],
          [
            1.344673,
            43.542237,
            165.0
          ],
          [
            1.344636,
            43.542256,
            165.0
          ],
          [
            1.344575,
            43.542245,
            165.0
          ],
          [
            1.344526,
            43.542249,
            165.0
          ],
          [
            1.344445,
            43.542144,
            165.0
          ],
          [
            1.344401,
            43.542113,
            165.0
          ],
          [
            1.344307,
            43.542175,
            165.0
          ],
          [
            1.344232,
            43.542142,
            165.01
          ],
          [
            1.342481,
            43.541041,
            165.19
          ],
          [
            1.342432,
            43.541025,
            165.19
          ],
          [
            1.342369,
            43.541021,
            165.18
          ],
          [
            1.342259,
            43.541036,
            165.28
          ],
          [
            1.342081,
            43.54092,
            165.37
          ],
          [
            1.342012,
            43.540903,
            165.57
          ],
          [
            1.341841,
            43.540835,
            165.6
          ],
          [
            1.341614,
            43.54072,
            165.62
          ],
          [
            1.341487,
            43.540597,
            165.65
          ],
          [
            1.341359,
            43.540502,
            165.97
          ],
          [
            1.341257,
            43.54049,
            165.98
          ],
          [
            1.341206,
            43.540449,
            165.99
          ],
          [
            1.341074,
            43.54037,
            166.0
          ],
          [
            1.340978,
            43.540302,
            165.99
          ],
          [
            1.340882,
            43.540222,
            165.99
          ],
          [
            1.340847,
            43.540177,
            165.98
          ],
          [
            1.340782,
            43.540116,
            165.91
          ],
          [
            1.340736,
            43.540095,
            165.74
          ],
          [
            1.340707,
            43.540092,
            165.69
          ],
          [
            1.340517,
            43.53987,
            166.09
          ],
          [
            1.339769,
            43.539102,
            166.0
          ],
          [
            1.33965,
            43.539035,
            166.0
          ],
          [
            1.339654,
            43.539009,
            166.0
          ],
          [
            1.339644,
            43.538979,
            166.0
          ],
          [
            1.339619,
            43.538954,
            166.0
          ],
          [
            1.339582,
            43.538937,
            166.0
          ],
          [
            1.33954,
            43.538932,
            166.0
          ],
          [
            1.339506,
            43.538937,
            166.0
          ],
          [
            1.339452,
            43.538966,
            166.0
          ],
          [
            1.339405,
            43.538942,
            166.0
          ],
          [
            1.339228,
            43.538786,
            166.0
          ],
          [
            1.338724,
            43.538313,
            166.0
          ],
          [
            1.338313,
            43.538538,
            166.0
          ],
          [
            1.338256,
            43.538546,
            166.0
          ],
          [
            1.338198,
            43.538537,
            166.0
          ],
          [
            1.338131,
            43.538495,
            166.0
          ],
          [
            1.337459,
            43.537768,
            167.0
          ],
          [
            1.337324,
            43.537631,
            166.89
          ],
          [
            1.337274,
            43.537602,
            166.68
          ],
          [
            1.33722,
            43.537636,
            166.59
          ],
          [
            1.337086,
            43.537667,
            166.39
          ],
          [
            1.336422,
            43.537994,
            166.84
          ],
          [
            1.335505,
            43.537006,
            166.95
          ],
          [
            1.335479,
            43.536952,
            166.73
          ],
          [
            1.335377,
            43.536922,
            166.93
          ],
          [
            1.335192,
            43.536762,
            167.0
          ],
          [
            1.333218,
            43.535002,
            168.0
          ],
          [
            1.33248,
            43.534305,
            168.01
          ],
          [
            1.332131,
            43.533944,
            168.05
          ],
          [
            1.3314,
            43.533125,
            168.0
          ],
          [
            1.330891,
            43.532714,
            168.0
          ],
          [
            1.330226,
            43.532138,
            168.17
          ],
          [
            1.32998,
            43.531892,
            168.26
          ],
          [
            1.329794,
            43.53173,
            169.0
          ],
          [
            1.3294,
            43.5313,
            169.0
          ],
          [
            1.329171,
            43.531028,
            169.0
          ],
          [
            1.328809,
            43.530624,
            169.0
          ],
          [
            1.328591,
            43.530413,
            169.0
          ],
          [
            1.328129,
            43.530052,
            169.0
          ],
          [
            1.328095,
            43.530066,
            169.0
          ],
          [
            1.328056,
            43.530034,
            169.0
          ],
          [
            1.328046,
            43.530016,
            169.0
          ],
          [
            1.327804,
            43.529815,
            169.0
          ],
          [
            1.327556,
            43.529587,
            169.0
          ],
          [
            1.327587,
            43.529573,
            169.0
          ],
          [
            1.32753,
            43.529501,
            169.0
          ],
          [
            1.327339,
            43.529346,
            169.0
          ],
          [
            1.326858,
            43.528871,
            169.41
          ],
          [
            1.326197,
            43.528139,
            170.0
          ],
          [
            1.325869,
            43.527845,
            169.9
          ],
          [
            1.325616,
            43.527653,
            170.0
          ],
          [
            1.325135,
            43.52731,
            169.57
          ],
          [
            1.324461,
            43.526811,
            170.0
          ],
          [
            1.323593,
            43.526077,
            170.0
          ],
          [
            1.32347,
            43.525924,
            170.0
          ],
          [
            1.323357,
            43.525756,
            170.0
          ],
          [
            1.323238,
            43.525492,
            170.0
          ],
          [
            1.323162,
            43.525247,
            170.0
          ],
          [
            1.323126,
            43.524866,
            170.0
          ],
          [
            1.323035,
            43.524867,
            170.0
          ],
          [
            1.322787,
            43.524707,
            170.0
          ],
          [
            1.322758,
            43.524651,
            170.0
          ],
          [
            1.322784,
            43.524585,
            170.0
          ],
          [
            1.322962,
            43.524433,
            170.07
          ],
          [
            1.322961,
            43.524375,
            170.05
          ],
          [
            1.322809,
            43.523866,
            170.85
          ],
          [
            1.322652,
            43.523473,
            170.98
          ],
          [
            1.322387,
            43.523039,
            171.0
          ],
          [
            1.322323,
            43.522937,
            171.0
          ],
          [
            1.321962,
            43.522442,
            171.0
          ],
          [
            1.320996,
            43.521202,
            171.0
          ],
          [
            1.320368,
            43.520421,
            171.0
          ],
          [
            1.320277,
            43.520263,
            171.0
          ],
          [
            1.320186,
            43.520051,
            171.0
          ],
          [
            1.32015,
            43.519911,
            171.0
          ],
          [
            1.320065,
            43.519691,
            170.15
          ],
          [
            1.31989,
            43.519125,
            171.0
          ],
          [
            1.319679,
            43.519081,
            171.0
          ],
          [
            1.319579,
            43.519003,
            171.0
          ],
          [
            1.319562,
            43.51878,
            171.0
          ],
          [
            1.319497,
            43.518677,
            171.0
          ],
          [
            1.318982,
            43.518321,
            171.0
          ],
          [
            1.318774,
            43.518073,
            171.0
          ],
          [
            1.318493,
            43.517526,
            171.03
          ],
          [
            1.318164,
            43.51711,
            171.13
          ],
          [
            1.317576,
            43.516487,
            171.01
          ],
          [
            1.317402,
            43.516381,
            171.0
          ],
          [
            1.317248,
            43.516264,
            171.26
          ],
          [
            1.317142,
            43.51623,
            171.37
          ],
          [
            1.317171,
            43.51618,
            171.01
          ],
          [
            1.317207,
            43.516147,
            171.1
          ],
          [
            1.317256,
            43.516121,
            171.32
          ],
          [
            1.31721,
            43.516065,
            171.38
          ],
          [
            1.317182,
            43.516009,
            171.51
          ],
          [
            1.317202,
            43.51574,
            172.0
          ],
          [
            1.31706,
            43.515727,
            172.0
          ],
          [
            1.316934,
            43.5157,
            172.0
          ],
          [
            1.317048,
            43.515429,
            172.0
          ],
          [
            1.317121,
            43.515297,
            172.0
          ],
          [
            1.317225,
            43.515151,
            172.0
          ],
          [
            1.317304,
            43.515103,
            172.0
          ],
          [
            1.317162,
            43.514804,
            172.0
          ],
          [
            1.317055,
            43.514638,
            172.0
          ],
          [
            1.316922,
            43.514453,
            172.02
          ],
          [
            1.316775,
            43.514289,
            172.06
          ],
          [
            1.316613,
            43.514128,
            172.03
          ],
          [
            1.316463,
            43.513992,
            172.02
          ],
          [
            1.315811,
            43.513443,
            172.0
          ],
          [
            1.315051,
            43.512952,
            172.0
          ],
          [
            1.314503,
            43.512633,
            172.0
          ],
          [
            1.314224,
            43.512453,
            172.0
          ],
          [
            1.313974,
            43.512265,
            172.03
          ],
          [
            1.313732,
            43.512038,
            172.46
          ],
          [
            1.313549,
            43.511882,
            172.64
          ],
          [
            1.313071,
            43.511358,
            173.0
          ],
          [
            1.312871,
            43.511115,
            173.0
          ],
          [
            1.312522,
            43.510743,
            173.0
          ],
          [
            1.312212,
            43.51039,
            173.02
          ],
          [
            1.31175,
            43.509784,
            173.44
          ],
          [
            1.311343,
            43.509025,
            173.96
          ],
          [
            1.310793,
            43.508124,
            174.0
          ],
          [
            1.309734,
            43.506147,
            174.0
          ],
          [
            1.309427,
            43.505655,
            174.0
          ],
          [
            1.309344,
            43.505484,
            174.0
          ],
          [
            1.30933,
            43.505312,
            174.0
          ],
          [
            1.309193,
            43.504623,
            174.62
          ],
          [
            1.309115,
            43.504368,
            174.94
          ],
          [
            1.308849,
            43.503707,
            175.64
          ],
          [
            1.308702,
            43.503257,
            175.88
          ],
          [
            1.308561,
            43.502595,
            175.89
          ],
          [
            1.308277,
            43.501571,
            175.69
          ],
          [
            1.308111,
            43.500749,
            175.0
          ],
          [
            1.308042,
            43.50057,
            175.0
          ],
          [
            1.307998,
            43.500534,
            175.0
          ],
          [
            1.30822,
            43.5003,
            175.0
          ],
          [
            1.308321,
            43.500217,
            175.0
          ],
          [
            1.308656,
            43.500053,
            175.0
          ],
          [
            1.309263,
            43.499789,
            175.0
          ],
          [
            1.309708,
            43.499568,
            175.0
          ],
          [
            1.310114,
            43.499296,
            175.06
          ],
          [
            1.309898,
            43.499136,
            175.01
          ],
          [
            1.309706,
            43.498957,
            174.99
          ],
          [
            1.30952,
            43.49871,
            174.95
          ],
          [
            1.309438,
            43.498583,
            174.26
          ],
          [
            1.309316,
            43.498428,
            173.78
          ],
          [
            1.30899,
            43.497971,
            172.73
          ],
          [
            1.308887,
            43.49781,
            172.76
          ],
          [
            1.308803,
            43.497643,
            172.64
          ],
          [
            1.308702,
            43.497331,
            173.3
          ],
          [
            1.308597,
            43.496771,
            175.0
          ],
          [
            1.308649,
            43.496763,
            175.0
          ],
          [
            1.309933,
            43.496405,
            175.65
          ],
          [
            1.309969,
            43.496382,
            175.83
          ],
          [
            1.309818,
            43.496205,
            176.0
          ],
          [
            1.310158,
            43.496071,
            177.0
          ],
          [
            1.310172,
            43.495986,
            177.0
          ],
          [
            1.310197,
            43.495973,
            177.0
          ],
          [
            1.310171,
            43.49593,
            177.0
          ],
          [
            1.310199,
            43.495871,
            177.0
          ],
          [
            1.310183,
            43.495816,
            177.0
          ],
          [
            1.309573,
            43.494974,
            176.0
          ],
          [
            1.309504,
            43.49494,
            176.0
          ],
          [
            1.308974,
            43.494045,
            176.0
          ],
          [
            1.308707,
            43.493565,
            176.36
          ],
          [
            1.308164,
            43.492346,
            177.0
          ],
          [
            1.308232,
            43.492316,
            177.0
          ],
          [
            1.308463,
            43.492243,
            177.0
          ],
          [
            1.308502,
            43.492207,
            177.0
          ],
          [
            1.308543,
            43.49209,
            177.02
          ],
          [
            1.308537,
            43.492054,
            177.03
          ],
          [
            1.308181,
            43.491556,
            177.31
          ],
          [
            1.308164,
            43.491491,
            177.35
          ],
          [
            1.308184,
            43.491455,
            177.38
          ],
          [
            1.308505,
            43.491358,
            177.57
          ],
          [
            1.308558,
            43.491301,
            177.63
          ],
          [
            1.308558,
            43.491248,
            177.68
          ],
          [
            1.308396,
            43.490943,
            178.04
          ],
          [
            1.308365,
            43.490846,
            178.16
          ],
          [
            1.308039,
            43.490294,
            179.0
          ],
          [
            1.308534,
            43.490141,
            178.14
          ],
          [
            1.308652,
            43.49014,
            178.0
          ],
          [
            1.308717,
            43.490071,
            178.0
          ],
          [
            1.310837,
            43.489441,
            174.89
          ],
          [
            1.310735,
            43.489236,
            175.0
          ],
          [
            1.310646,
            43.489083,
            174.96
          ],
          [
            1.31056,
            43.488902,
            175.09
          ],
          [
            1.310401,
            43.488635,
            175.04
          ],
          [
            1.310142,
            43.488157,
            174.84
          ],
          [
            1.309902,
            43.487617,
            175.9
          ],
          [
            1.309655,
            43.487114,
            176.61
          ],
          [
            1.309534,
            43.486936,
            176.73
          ],
          [
            1.3093,
            43.486658,
            177.19
          ],
          [
            1.308882,
            43.48621,
            177.05
          ],
          [
            1.308469,
            43.485738,
            177.0
          ],
          [
            1.30822,
            43.485472,
            178.0
          ],
          [
            1.307757,
            43.484937,
            178.01
          ],
          [
            1.307343,
            43.484385,
            178.03
          ],
          [
            1.307049,
            43.483971,
            178.04
          ],
          [
            1.306818,
            43.483597,
            178.1
          ],
          [
            1.306488,
            43.483026,
            178.77
          ],
          [
            1.306289,
            43.48266,
            178.82
          ],
          [
            1.305891,
            43.482075,
            178.28
          ],
          [
            1.305431,
            43.481513,
            178.23
          ],
          [
            1.305089,
            43.480969,
            178.16
          ],
          [
            1.304938,
            43.480745,
            178.18
          ],
          [
            1.304856,
            43.480565,
            178.51
          ],
          [
            1.304668,
            43.480063,
            178.78
          ],
          [
            1.304492,
            43.479514,
            177.44
          ],
          [
            1.304269,
            43.478624,
            177.77
          ],
          [
            1.304091,
            43.477398,
            177.6
          ],
          [
            1.304004,
            43.476147,
            178.46
          ],
          [
            1.303972,
            43.475345,
            178.0
          ],
          [
            1.303782,
            43.474785,
            177.81
          ],
          [
            1.303537,
            43.474196,
            177.68
          ],
          [
            1.303054,
            43.473199,
            177.52
          ],
          [
            1.302878,
            43.472745,
            177.23
          ],
          [
            1.302776,
            43.472332,
            177.24
          ],
          [
            1.302749,
            43.471908,
            177.72
          ],
          [
            1.3028,
            43.471599,
            178.46
          ],
          [
            1.302779,
            43.471387,
            178.18
          ],
          [
            1.30275,
            43.471293,
            178.04
          ],
          [
            1.30272,
            43.471246,
            178.06
          ],
          [
            1.302665,
            43.471204,
            178.25
          ],
          [
            1.302619,
            43.471186,
            178.52
          ],
          [
            1.302566,
            43.471149,
            178.71
          ],
          [
            1.302532,
            43.471103,
            178.62
          ],
          [
            1.302518,
            43.471051,
            178.32
          ],
          [
            1.302542,
            43.470906,
            178.65
          ],
          [
            1.302527,
            43.470828,
            178.69
          ],
          [
            1.302452,
            43.470617,
            179.11
          ],
          [
            1.302221,
            43.469559,
            179.39
          ],
          [
            1.301683,
            43.467517,
            180.0
          ],
          [
            1.30162,
            43.46731,
            180.0
          ],
          [
            1.301573,
            43.467187,
            180.0
          ],
          [
            1.301499,
            43.467045,
            180.0
          ],
          [
            1.301406,
            43.466909,
            180.0
          ],
          [
            1.300883,
            43.466334,
            180.0
          ],
          [
            1.29958,
            43.464756,
            180.15
          ],
          [
            1.299406,
            43.464515,
            179.89
          ],
          [
            1.299365,
            43.464447,
            179.81
          ],
          [
            1.299343,
            43.464359,
            179.77
          ],
          [
            1.299346,
            43.46428,
            180.0
          ],
          [
            1.299385,
            43.464205,
            180.19
          ],
          [
            1.299389,
            43.46416,
            180.21
          ],
          [
            1.299377,
            43.464115,
            180.2
          ],
          [
            1.299352,
            43.464074,
            180.16
          ],
          [
            1.299315,
            43.464037,
            180.04
          ],
          [
            1.299239,
            43.463996,
            180.01
          ],
          [
            1.299149,
            43.463976,
            180.0
          ],
          [
            1.298998,
            43.463879,
            180.0
          ],
          [
            1.298692,
            43.463632,
            180.0
          ],
          [
            1.297493,
            43.462191,
            181.0
          ],
          [
            1.296487,
            43.461051,
            181.55
          ],
          [
            1.295813,
            43.460411,
            182.67
          ],
          [
            1.294911,
            43.459737,
            183.34
          ],
          [
            1.294104,
            43.459224,
            183.13
          ],
          [
            1.293574,
            43.458852,
            183.0
          ],
          [
            1.293554,
            43.4588,
            182.99
          ],
          [
            1.293434,
            43.458681,
            182.93
          ],
          [
            1.293462,
            43.458587,
            182.76
          ],
          [
            1.293412,
            43.458488,
            183.0
          ],
          [
            1.293365,
            43.458453,
            183.0
          ],
          [
            1.293306,
            43.458428,
            183.0
          ],
          [
            1.293317,
            43.458388,
            183.0
          ],
          [
            1.293248,
            43.458314,
            183.0
          ],
          [
            1.293257,
            43.458225,
            183.02
          ],
          [
            1.293224,
            43.458078,
            183.07
          ],
          [
            1.292873,
            43.456682,
            182.26
          ],
          [
            1.292731,
            43.456051,
            179.08
          ],
          [
            1.292281,
            43.454208,
            183.26
          ],
          [
            1.292222,
            43.453851,
            184.37
          ],
          [
            1.292192,
            43.4536,
            184.8
          ],
          [
            1.292142,
            43.452354,
            185.0
          ],
          [
            1.292115,
            43.45097,
            185.65
          ],
          [
            1.29216,
            43.45051,
            185.44
          ],
          [
            1.292221,
            43.450144,
            185.15
          ],
          [
            1.29245,
            43.449112,
            184.87
          ],
          [
            1.29251,
            43.448619,
            184.59
          ],
          [
            1.292514,
            43.448514,
            185.0
          ],
          [
            1.292677,
            43.446843,
            186.0
          ],
          [
            1.292709,
            43.446213,
            186.36
          ],
          [
            1.292704,
            43.445521,
            187.01
          ],
          [
            1.292729,
            43.445419,
            187.03
          ],
          [
            1.292759,
            43.445343,
            187.11
          ],
          [
            1.292678,
            43.445306,
            187.03
          ],
          [
            1.292652,
            43.445272,
            187.0
          ],
          [
            1.29265,
            43.445211,
            187.0
          ],
          [
            1.292679,
            43.445166,
            187.02
          ],
          [
            1.292745,
            43.445125,
            187.07
          ],
          [
            1.292685,
            43.444996,
            187.0
          ],
          [
            1.292633,
            43.444716,
            187.0
          ],
          [
            1.292622,
            43.444508,
            187.0
          ],
          [
            1.292494,
            43.443436,
            187.0
          ],
          [
            1.292478,
            43.443329,
            186.73
          ],
          [
            1.292508,
            43.443218,
            186.78
          ],
          [
            1.292184,
            43.442875,
            187.0
          ],
          [
            1.291996,
            43.442602,
            187.17
          ],
          [
            1.292039,
            43.442589,
            187.08
          ],
          [
            1.291985,
            43.442466,
            187.28
          ],
          [
            1.291881,
            43.442108,
            187.54
          ],
          [
            1.291854,
            43.442116,
            187.56
          ],
          [
            1.291814,
            43.441612,
            187.0
          ],
          [
            1.291704,
            43.44125,
            187.99
          ],
          [
            1.291285,
            43.439868,
            188.0
          ],
          [
            1.29119,
            43.439634,
            188.0
          ],
          [
            1.29098,
            43.439007,
            188.1
          ],
          [
            1.29085,
            43.438841,
            188.16
          ],
          [
            1.290697,
            43.438685,
            188.25
          ],
          [
            1.290467,
            43.438415,
            189.0
          ],
          [
            1.290363,
            43.438255,
            188.8
          ],
          [
            1.290131,
            43.437834,
            189.23
          ],
          [
            1.2899,
            43.437071,
            189.19
          ],
          [
            1.289843,
            43.437007,
            189.33
          ],
          [
            1.290112,
            43.436444,
            189.03
          ],
          [
            1.290144,
            43.436279,
            189.0
          ],
          [
            1.290115,
            43.436147,
            189.0
          ],
          [
            1.290118,
            43.435818,
            188.67
          ],
          [
            1.290099,
            43.435686,
            188.52
          ],
          [
            1.290066,
            43.435586,
            188.52
          ],
          [
            1.289997,
            43.435439,
            188.45
          ],
          [
            1.289805,
            43.435198,
            188.33
          ],
          [
            1.289568,
            43.434933,
            188.39
          ],
          [
            1.289397,
            43.434692,
            188.68
          ],
          [
            1.289113,
            43.434323,
            189.16
          ],
          [
            1.289052,
            43.43428,
            189.23
          ],
          [
            1.28895,
            43.434253,
            189.33
          ],
          [
            1.28885,
            43.434258,
            189.41
          ],
          [
            1.28814,
            43.434498,
            189.97
          ],
          [
            1.288021,
            43.434513,
            190.03
          ],
          [
            1.287947,
            43.434501,
            190.06
          ],
          [
            1.287877,
            43.434437,
            190.1
          ],
          [
            1.287735,
            43.434192,
            190.22
          ],
          [
            1.287626,
            43.43396,
            190.28
          ],
          [
            1.287484,
            43.433704,
            190.42
          ],
          [
            1.287311,
            43.433417,
            190.0
          ],
          [
            1.287225,
            43.43322,
            190.04
          ],
          [
            1.287192,
            43.43309,
            190.03
          ],
          [
            1.287239,
            43.433026,
            190.02
          ],
          [
            1.287388,
            43.432958,
            189.88
          ],
          [
            1.287666,
            43.432877,
            189.61
          ],
          [
            1.287761,
            43.432829,
            189.54
          ],
          [
            1.287812,
            43.432772,
            189.47
          ],
          [
            1.287805,
            43.432709,
            189.41
          ],
          [
            1.287758,
            43.432581,
            189.28
          ],
          [
            1.287491,
            43.432089,
            188.91
          ],
          [
            1.287358,
            43.431823,
            188.94
          ],
          [
            1.287166,
            43.431363,
            188.94
          ],
          [
            1.287104,
            43.431084,
            188.9
          ],
          [
            1.286915,
            43.430526,
            188.72
          ],
          [
            1.286742,
            43.430166,
            188.41
          ],
          [
            1.286488,
            43.429703,
            187.32
          ],
          [
            1.286352,
            43.429477,
            186.85
          ],
          [
            1.286204,
            43.429185,
            186.64
          ],
          [
            1.286055,
            43.428924,
            186.81
          ],
          [
            1.285786,
            43.428412,
            187.66
          ],
          [
            1.285675,
            43.428119,
            187.58
          ],
          [
            1.285536,
            43.427803,
            186.73
          ],
          [
            1.285363,
            43.427361,
            185.85
          ],
          [
            1.28521,
            43.427092,
            185.47
          ],
          [
            1.285011,
            43.426843,
            188.75
          ],
          [
            1.284786,
            43.426687,
            190.63
          ],
          [
            1.284513,
            43.426555,
            191.31
          ],
          [
            1.284285,
            43.426424,
            191.58
          ],
          [
            1.284019,
            43.426232,
            192.05
          ],
          [
            1.283759,
            43.425967,
            192.32
          ],
          [
            1.283552,
            43.425734,
            192.55
          ],
          [
            1.283408,
            43.425531,
            192.95
          ],
          [
            1.283166,
            43.425069,
            193.0
          ],
          [
            1.283001,
            43.424818,
            193.11
          ],
          [
            1.282919,
            43.424658,
            193.17
          ],
          [
            1.28287,
            43.424475,
            193.37
          ],
          [
            1.282811,
            43.424337,
            193.68
          ],
          [
            1.282835,
            43.424256,
            193.57
          ],
          [
            1.282425,
            43.422885,
            193.75
          ],
          [
            1.282339,
            43.42267,
            193.0
          ],
          [
            1.282267,
            43.422391,
            193.1
          ],
          [
            1.281908,
            43.421166,
            192.71
          ],
          [
            1.281777,
            43.421074,
            192.7
          ],
          [
            1.28169,
            43.420876,
            192.93
          ],
          [
            1.281675,
            43.420736,
            192.95
          ],
          [
            1.281879,
            43.420187,
            192.99
          ],
          [
            1.281901,
            43.420062,
            192.98
          ],
          [
            1.281861,
            43.419931,
            192.97
          ],
          [
            1.281781,
            43.419774,
            192.87
          ],
          [
            1.281671,
            43.419638,
            192.84
          ],
          [
            1.280892,
            43.418813,
            192.86
          ],
          [
            1.280483,
            43.418433,
            192.97
          ],
          [
            1.280163,
            43.418188,
            193.0
          ],
          [
            1.279827,
            43.417878,
            193.01
          ],
          [
            1.278743,
            43.416957,
            193.92
          ],
          [
            1.278168,
            43.416438,
            194.56
          ],
          [
            1.277686,
            43.415816,
            194.93
          ],
          [
            1.277382,
            43.415377,
            195.0
          ],
          [
            1.276197,
            43.413362,
            194.0
          ],
          [
            1.275627,
            43.4126,
            195.03
          ],
          [
            1.275019,
            43.411642,
            196.11
          ],
          [
            1.274764,
            43.411275,
            196.62
          ],
          [
            1.274386,
            43.410807,
            197.0
          ],
          [
            1.27345,
            43.409793,
            197.02
          ],
          [
            1.272497,
            43.408726,
            197.01
          ],
          [
            1.272428,
            43.408669,
            197.0
          ],
          [
            1.272391,
            43.408668,
            197.0
          ],
          [
            1.272379,
            43.408622,
            197.0
          ],
          [
            1.272353,
            43.408578,
            197.0
          ],
          [
            1.271998,
            43.408181,
            196.75
          ],
          [
            1.27186,
            43.407976,
            196.36
          ],
          [
            1.271803,
            43.40788,
            196.1
          ],
          [
            1.2717,
            43.407579,
            195.0
          ],
          [
            1.271612,
            43.407362,
            193.92
          ],
          [
            1.27155,
            43.407236,
            193.21
          ],
          [
            1.271417,
            43.407055,
            191.95
          ],
          [
            1.271047,
            43.406671,
            188.88
          ],
          [
            1.270281,
            43.405946,
            186.68
          ],
          [
            1.27023,
            43.405865,
            186.56
          ],
          [
            1.270198,
            43.40574,
            186.42
          ],
          [
            1.270205,
            43.405673,
            186.36
          ],
          [
            1.270275,
            43.405443,
            186.1
          ],
          [
            1.270261,
            43.405173,
            186.0
          ],
          [
            1.27018,
            43.40499,
            186.0
          ],
          [
            1.270084,
            43.40484,
            186.0
          ],
          [
            1.27007,
            43.404435,
            186.0
          ],
          [
            1.269656,
            43.403282,
            186.12
          ],
          [
            1.269634,
            43.403125,
            186.1
          ],
          [
            1.269657,
            43.402928,
            186.07
          ],
          [
            1.269885,
            43.402469,
            186.0
          ],
          [
            1.269885,
            43.402428,
            186.0
          ],
          [
            1.269872,
            43.402387,
            186.0
          ],
          [
            1.269918,
            43.402352,
            186.0
          ],
          [
            1.2706,
            43.401163,
            188.24
          ],
          [
            1.27089,
            43.400494,
            189.0
          ],
          [
            1.270863,
            43.400483,
            189.0
          ],
          [
            1.270824,
            43.400435,
            189.0
          ],
          [
            1.270818,
            43.400409,
            189.0
          ],
          [
            1.270848,
            43.400353,
            189.0
          ],
          [
            1.270718,
            43.400279,
            189.45
          ],
          [
            1.270424,
            43.400031,
            190.97
          ],
          [
            1.270142,
            43.399759,
            193.57
          ],
          [
            1.270013,
            43.399545,
            195.34
          ],
          [
            1.269841,
            43.399144,
            197.09
          ],
          [
            1.269811,
            43.399102,
            197.26
          ],
          [
            1.270257,
            43.39887,
            196.95
          ],
          [
            1.270301,
            43.398823,
            197.0
          ],
          [
            1.27032,
            43.398759,
            197.06
          ],
          [
            1.270313,
            43.398669,
            197.15
          ],
          [
            1.269574,
            43.397635,
            197.57
          ],
          [
            1.26903,
            43.396966,
            197.73
          ],
          [
            1.267629,
            43.395565,
            197.94
          ],
          [
            1.266208,
            43.394403,
            198.66
          ],
          [
            1.265246,
            43.393453,
            198.82
          ],
          [
            1.264484,
            43.392575,
            196.96
          ],
          [
            1.263724,
            43.391391,
            199.65
          ],
          [
            1.263553,
            43.391143,
            199.82
          ],
          [
            1.263266,
            43.390755,
            199.98
          ],
          [
            1.263161,
            43.390639,
            199.96
          ],
          [
            1.26272,
            43.390042,
            199.79
          ],
          [
            1.261957,
            43.38925,
            199.77
          ],
          [
            1.261321,
            43.388745,
            200.09
          ],
          [
            1.260661,
            43.38824,
            200.71
          ],
          [
            1.260041,
            43.387783,
            201.0
          ],
          [
            1.259622,
            43.387454,
            201.0
          ],
          [
            1.258883,
            43.386784,
            201.0
          ],
          [
            1.258502,
            43.386263,
            201.0
          ],
          [
            1.258384,
            43.38625,
            201.0
          ],
          [
            1.25832,
            43.386279,
            201.0
          ],
          [
            1.258221,
            43.386131,
            201.0
          ],
          [
            1.25785,
            43.384983,
            201.0
          ],
          [
            1.257737,
            43.38444,
            201.16
          ],
          [
            1.257618,
            43.384153,
            201.38
          ],
          [
            1.256591,
            43.382622,
            202.26
          ],
          [
            1.256307,
            43.382002,
            202.49
          ],
          [
            1.256197,
            43.381703,
            202.45
          ],
          [
            1.256148,
            43.381394,
            202.0
          ],
          [
            1.256127,
            43.38118,
            202.0
          ],
          [
            1.256001,
            43.381078,
            202.44
          ],
          [
            1.25474,
            43.380257,
            203.73
          ],
          [
            1.254246,
            43.379924,
            203.98
          ],
          [
            1.253959,
            43.379708,
            204.0
          ],
          [
            1.253731,
            43.37949,
            204.0
          ],
          [
            1.253154,
            43.378804,
            204.0
          ],
          [
            1.252761,
            43.378358,
            204.0
          ],
          [
            1.252063,
            43.377735,
            204.04
          ],
          [
            1.25118,
            43.377059,
            204.68
          ],
          [
            1.250289,
            43.376356,
            205.27
          ],
          [
            1.249076,
            43.375455,
            206.0
          ],
          [
            1.248436,
            43.37491,
            206.0
          ],
          [
            1.246136,
            43.37264,
            206.0
          ],
          [
            1.245353,
            43.37183,
            205.34
          ],
          [
            1.244536,
            43.371047,
            205.68
          ],
          [
            1.244267,
            43.370759,
            205.92
          ],
          [
            1.244094,
            43.370497,
            206.0
          ],
          [
            1.244018,
            43.3703,
            206.0
          ],
          [
            1.243826,
            43.369431,
            206.0
          ],
          [
            1.243726,
            43.369191,
            206.0
          ],
          [
            1.243608,
            43.368971,
            206.0
          ],
          [
            1.243366,
            43.36868,
            206.0
          ],
          [
            1.242999,
            43.368274,
            206.0
          ],
          [
            1.242837,
            43.368037,
            206.01
          ],
          [
            1.242297,
            43.367045,
            207.0
          ],
          [
            1.242084,
            43.366567,
            207.01
          ],
          [
            1.24192,
            43.366049,
            207.11
          ],
          [
            1.241842,
            43.365833,
            207.18
          ],
          [
            1.241493,
            43.36528,
            207.24
          ],
          [
            1.241254,
            43.364981,
            207.31
          ],
          [
            1.240363,
            43.364093,
            207.92
          ],
          [
            1.240224,
            43.363916,
            207.95
          ],
          [
            1.240089,
            43.363672,
            207.99
          ],
          [
            1.239773,
            43.363055,
            208.0
          ],
          [
            1.239701,
            43.362933,
            208.0
          ],
          [
            1.239356,
            43.362639,
            208.06
          ],
          [
            1.23879,
            43.362248,
            208.09
          ],
          [
            1.238347,
            43.361961,
            208.07
          ],
          [
            1.238004,
            43.361683,
            208.0
          ],
          [
            1.237939,
            43.361646,
            208.0
          ],
          [
            1.23784,
            43.361631,
            208.0
          ],
          [
            1.237747,
            43.361636,
            208.0
          ],
          [
            1.238038,
            43.361069,
            208.73
          ],
          [
            1.238148,
            43.360817,
            208.81
          ],
          [
            1.238192,
            43.360674,
            208.78
          ],
          [
            1.238191,
            43.360478,
            208.7
          ],
          [
            1.238145,
            43.360284,
            208.62
          ],
          [
            1.238048,
            43.360067,
            208.57
          ],
          [
            1.237614,
            43.359335,
            208.79
          ],
          [
            1.237454,
            43.359004,
            208.91
          ],
          [
            1.237351,
            43.358649,
            208.84
          ],
          [
            1.237298,
            43.358253,
            208.54
          ],
          [
            1.237292,
            43.358102,
            208.33
          ],
          [
            1.237276,
            43.358027,
            208.59
          ],
          [
            1.23718,
            43.357777,
            208.87
          ],
          [
            1.236374,
            43.356266,
            209.16
          ],
          [
            1.236463,
            43.356239,
            209.59
          ],
          [
            1.236352,
            43.356034,
            209.14
          ],
          [
            1.236376,
            43.356028,
            209.21
          ],
          [
            1.236372,
            43.355956,
            209.06
          ],
          [
            1.236381,
            43.355914,
            209.04
          ],
          [
            1.236368,
            43.355871,
            209.03
          ],
          [
            1.236242,
            43.355685,
            209.0
          ],
          [
            1.236261,
            43.355661,
            209.0
          ],
          [
            1.236268,
            43.355633,
            209.0
          ],
          [
            1.236261,
            43.355606,
            209.0
          ],
          [
            1.236243,
            43.355581,
            209.0
          ],
          [
            1.23619,
            43.355553,
            209.0
          ],
          [
            1.236125,
            43.355551,
            209.0
          ],
          [
            1.236038,
            43.354961,
            208.48
          ],
          [
            1.236031,
            43.354569,
            206.94
          ],
          [
            1.236155,
            43.35421,
            205.17
          ],
          [
            1.236484,
            43.353696,
            201.98
          ],
          [
            1.236712,
            43.353447,
            200.29
          ],
          [
            1.236783,
            43.353345,
            200.1
          ],
          [
            1.236809,
            43.353322,
            200.0
          ],
          [
            1.236806,
            43.353295,
            200.0
          ],
          [
            1.236814,
            43.353268,
            200.0
          ],
          [
            1.236799,
            43.353188,
            200.0
          ],
          [
            1.23669,
            43.353005,
            200.0
          ],
          [
            1.236666,
            43.352839,
            200.0
          ],
          [
            1.23649,
            43.352816,
            200.0
          ],
          [
            1.235108,
            43.351762,
            200.15
          ],
          [
            1.234609,
            43.351467,
            200.7
          ],
          [
            1.234197,
            43.351159,
            200.79
          ],
          [
            1.233823,
            43.350851,
            201.0
          ],
          [
            1.232767,
            43.34992,
            201.0
          ],
          [
            1.232624,
            43.349803,
            201.0
          ],
          [
            1.23235,
            43.349632,
            201.0
          ],
          [
            1.23211,
            43.349446,
            201.0
          ],
          [
            1.231486,
            43.348844,
            201.0
          ],
          [
            1.230813,
            43.348148,
            201.0
          ],
          [
            1.229898,
            43.347119,
            201.56
          ],
          [
            1.228733,
            43.345982,
            202.07
          ],
          [
            1.227878,
            43.345249,
            202.79
          ],
          [
            1.227365,
            43.344846,
            203.0
          ],
          [
            1.227248,
            43.344777,
            203.0
          ],
          [
            1.227202,
            43.344546,
            203.0
          ],
          [
            1.226035,
            43.343741,
            202.93
          ],
          [
            1.225313,
            43.343286,
            203.21
          ],
          [
            1.225091,
            43.343214,
            203.42
          ],
          [
            1.22478,
            43.34319,
            204.0
          ],
          [
            1.224471,
            43.342983,
            204.0
          ],
          [
            1.220736,
            43.340399,
            205.0
          ],
          [
            1.21998,
            43.339907,
            205.0
          ],
          [
            1.216515,
            43.337874,
            206.32
          ],
          [
            1.216245,
            43.337694,
            206.49
          ],
          [
            1.216048,
            43.337492,
            206.54
          ],
          [
            1.215893,
            43.337243,
            206.59
          ],
          [
            1.215804,
            43.336938,
            206.27
          ],
          [
            1.215811,
            43.336743,
            206.0
          ],
          [
            1.215724,
            43.336752,
            206.02
          ],
          [
            1.215613,
            43.33684,
            206.18
          ],
          [
            1.215308,
            43.337219,
            207.0
          ],
          [
            1.215232,
            43.337176,
            207.0
          ],
          [
            1.213917,
            43.336125,
            206.6
          ],
          [
            1.213546,
            43.335816,
            206.46
          ],
          [
            1.212881,
            43.335031,
            206.48
          ],
          [
            1.212628,
            43.334815,
            206.61
          ],
          [
            1.211097,
            43.333426,
            207.0
          ],
          [
            1.211092,
            43.3334,
            207.0
          ],
          [
            1.211013,
            43.333356,
            207.04
          ],
          [
            1.209298,
            43.331771,
            208.0
          ],
          [
            1.208935,
            43.331461,
            208.0
          ],
          [
            1.208391,
            43.331045,
            208.0
          ],
          [
            1.207993,
            43.330668,
            208.0
          ],
          [
            1.207294,
            43.329755,
            208.38
          ],
          [
            1.205564,
            43.327701,
            209.92
          ],
          [
            1.204644,
            43.3267,
            210.0
          ],
          [
            1.203977,
            43.326044,
            210.0
          ],
          [
            1.203428,
            43.325439,
            209.94
          ],
          [
            1.203102,
            43.325144,
            209.76
          ],
          [
            1.202666,
            43.324928,
            209.65
          ],
          [
            1.201598,
            43.324307,
            210.31
          ],
          [
            1.199777,
            43.322764,
            210.84
          ],
          [
            1.198873,
            43.321955,
            211.0
          ],
          [
            1.198766,
            43.321848,
            211.32
          ],
          [
            1.19818,
            43.321373,
            211.77
          ],
          [
            1.197433,
            43.320791,
            211.95
          ],
          [
            1.19703,
            43.320541,
            211.91
          ],
          [
            1.196563,
            43.320285,
            211.87
          ],
          [
            1.195162,
            43.319187,
            211.7
          ],
          [
            1.194825,
            43.31889,
            211.83
          ],
          [
            1.193841,
            43.317776,
            212.11
          ],
          [
            1.19314,
            43.31708,
            212.71
          ],
          [
            1.192906,
            43.316777,
            212.83
          ],
          [
            1.192841,
            43.316738,
            212.8
          ],
          [
            1.192833,
            43.316678,
            212.72
          ],
          [
            1.192241,
            43.315901,
            213.78
          ],
          [
            1.19209,
            43.315688,
            213.9
          ],
          [
            1.191909,
            43.315469,
            213.97
          ],
          [
            1.191312,
            43.314914,
            214.22
          ],
          [
            1.190923,
            43.314624,
            214.47
          ],
          [
            1.189045,
            43.313866,
            214.2
          ],
          [
            1.187774,
            43.313167,
            215.0
          ],
          [
            1.187579,
            43.313093,
            215.0
          ],
          [
            1.186493,
            43.312625,
            215.0
          ],
          [
            1.185403,
            43.312122,
            215.0
          ],
          [
            1.184656,
            43.311705,
            215.23
          ],
          [
            1.183801,
            43.311321,
            215.77
          ],
          [
            1.182835,
            43.310714,
            216.0
          ],
          [
            1.181692,
            43.309532,
            216.0
          ],
          [
            1.181634,
            43.309439,
            216.0
          ],
          [
            1.18022,
            43.309602,
            216.02
          ],
          [
            1.179955,
            43.309621,
            216.06
          ],
          [
            1.179802,
            43.309606,
            216.25
          ],
          [
            1.179573,
            43.309514,
            216.81
          ],
          [
            1.179324,
            43.30938,
            216.91
          ],
          [
            1.178547,
            43.308894,
            217.0
          ],
          [
            1.17756,
            43.308342,
            217.0
          ],
          [
            1.176869,
            43.307818,
            217.0
          ],
          [
            1.176195,
            43.307422,
            217.2
          ],
          [
            1.17574,
            43.30724,
            217.47
          ],
          [
            1.174855,
            43.306595,
            217.79
          ],
          [
            1.174135,
            43.306184,
            218.0
          ],
          [
            1.173587,
            43.305942,
            218.0
          ],
          [
            1.173166,
            43.305726,
            218.0
          ],
          [
            1.171377,
            43.304518,
            218.0
          ],
          [
            1.17105,
            43.304257,
            218.4
          ],
          [
            1.170567,
            43.303925,
            218.79
          ],
          [
            1.170218,
            43.303671,
            218.95
          ],
          [
            1.169406,
            43.302761,
            219.0
          ],
          [
            1.168918,
            43.302544,
            219.0
          ],
          [
            1.168706,
            43.30237,
            219.08
          ],
          [
            1.168201,
            43.301892,
            220.0
          ],
          [
            1.167951,
            43.302007,
            220.0
          ],
          [
            1.167796,
            43.301858,
            219.76
          ],
          [
            1.167603,
            43.301727,
            219.5
          ],
          [
            1.16729,
            43.301555,
            219.14
          ],
          [
            1.166808,
            43.301371,
            219.06
          ],
          [
            1.166537,
            43.301258,
            219.05
          ],
          [
            1.166166,
            43.301064,
            219.1
          ],
          [
            1.165859,
            43.300853,
            219.77
          ],
          [
            1.165321,
            43.300431,
            220.0
          ],
          [
            1.165209,
            43.300354,
            220.0
          ],
          [
            1.165105,
            43.300334,
            220.0
          ],
          [
            1.164978,
            43.300362,
            220.0
          ],
          [
            1.16441,
            43.300654,
            220.0
          ],
          [
            1.164297,
            43.300658,
            220.0
          ],
          [
            1.164181,
            43.300607,
            220.0
          ],
          [
            1.163315,
            43.299709,
            220.94
          ],
          [
            1.163257,
            43.29963,
            221.0
          ],
          [
            1.16324,
            43.29962,
            221.0
          ],
          [
            1.163181,
            43.29962,
            221.0
          ],
          [
            1.163135,
            43.299594,
            221.0
          ],
          [
            1.163121,
            43.299555,
            221.0
          ],
          [
            1.163141,
            43.299518,
            221.0
          ],
          [
            1.163118,
            43.2995,
            221.0
          ],
          [
            1.162967,
            43.299389,
            221.0
          ],
          [
            1.162946,
            43.299351,
            221.0
          ],
          [
            1.162915,
            43.299296,
            221.0
          ],
          [
            1.162339,
            43.298886,
            221.0
          ],
          [
            1.161248,
            43.29815,
            221.0
          ],
          [
            1.160569,
            43.297734,
            221.0
          ],
          [
            1.160432,
            43.297525,
            221.0
          ],
          [
            1.15999,
            43.297067,
            221.0
          ],
          [
            1.159326,
            43.296503,
            221.37
          ],
          [
            1.157369,
            43.294882,
            222.29
          ],
          [
            1.156273,
            43.294038,
            222.98
          ],
          [
            1.154663,
            43.292734,
            224.0
          ],
          [
            1.153725,
            43.292041,
            224.0
          ],
          [
            1.153497,
            43.291897,
            224.0
          ],
          [
            1.153057,
            43.291671,
            224.0
          ],
          [
            1.152602,
            43.291489,
            224.0
          ],
          [
            1.151427,
            43.290993,
            224.0
          ],
          [
            1.150987,
            43.290778,
            224.02
          ],
          [
            1.149913,
            43.290133,
            224.72
          ],
          [
            1.149291,
            43.28989,
            225.59
          ],
          [
            1.14861,
            43.289654,
            226.74
          ],
          [
            1.148421,
            43.289513,
            227.16
          ],
          [
            1.148255,
            43.289326,
            227.77
          ],
          [
            1.148146,
            43.28918,
            228.29
          ],
          [
            1.147997,
            43.28904,
            228.57
          ],
          [
            1.147807,
            43.288945,
            229.13
          ],
          [
            1.147728,
            43.288932,
            229.53
          ],
          [
            1.147669,
            43.288945,
            229.93
          ],
          [
            1.14758,
            43.289004,
            230.91
          ],
          [
            1.147544,
            43.289058,
            231.62
          ],
          [
            1.147366,
            43.288911,
            232.43
          ],
          [
            1.147183,
            43.288792,
            233.22
          ],
          [
            1.147017,
            43.288732,
            233.84
          ],
          [
            1.146646,
            43.288299,
            233.65
          ],
          [
            1.146469,
            43.28801,
            233.4
          ],
          [
            1.146163,
            43.287671,
            233.44
          ],
          [
            1.145394,
            43.286631,
            233.51
          ],
          [
            1.144626,
            43.285507,
            233.8
          ],
          [
            1.144325,
            43.284963,
            233.84
          ],
          [
            1.143938,
            43.284053,
            233.68
          ],
          [
            1.143528,
            43.283518,
            233.48
          ],
          [
            1.143341,
            43.2832,
            233.4
          ],
          [
            1.143151,
            43.282944,
            233.25
          ],
          [
            1.142962,
            43.282788,
            233.14
          ],
          [
            1.142755,
            43.28264,
            233.33
          ],
          [
            1.142475,
            43.282406,
            233.75
          ],
          [
            1.142221,
            43.282149,
            234.27
          ],
          [
            1.14154,
            43.28127,
            236.0
          ],
          [
            1.141439,
            43.28106,
            236.3
          ],
          [
            1.141431,
            43.280857,
            236.3
          ],
          [
            1.14137,
            43.280603,
            236.19
          ],
          [
            1.140897,
            43.279998,
            235.0
          ],
          [
            1.140116,
            43.279056,
            235.82
          ],
          [
            1.139812,
            43.278753,
            236.22
          ],
          [
            1.139608,
            43.278516,
            236.5
          ],
          [
            1.139269,
            43.278003,
            237.0
          ],
          [
            1.138858,
            43.276944,
            236.03
          ],
          [
            1.138452,
            43.276114,
            233.27
          ],
          [
            1.138247,
            43.275841,
            232.17
          ],
          [
            1.138131,
            43.275662,
            232.0
          ],
          [
            1.13801,
            43.275371,
            233.9
          ],
          [
            1.137997,
            43.275255,
            235.05
          ],
          [
            1.137998,
            43.275121,
            235.53
          ],
          [
            1.138027,
            43.274961,
            235.58
          ],
          [
            1.138074,
            43.274825,
            235.61
          ],
          [
            1.138174,
            43.274662,
            235.71
          ],
          [
            1.138268,
            43.274541,
            235.69
          ],
          [
            1.138472,
            43.274318,
            235.98
          ],
          [
            1.139047,
            43.273777,
            233.28
          ],
          [
            1.139882,
            43.273069,
            233.88
          ],
          [
            1.139921,
            43.273012,
            233.4
          ],
          [
            1.140284,
            43.272709,
            232.14
          ],
          [
            1.140334,
            43.272644,
            232.0
          ],
          [
            1.140364,
            43.272552,
            232.0
          ],
          [
            1.140345,
            43.272463,
            232.0
          ],
          [
            1.140369,
            43.272376,
            231.95
          ],
          [
            1.14043,
            43.272301,
            231.8
          ],
          [
            1.140485,
            43.272263,
            231.88
          ],
          [
            1.140515,
            43.272152,
            231.43
          ],
          [
            1.140504,
            43.272022,
            231.17
          ],
          [
            1.140513,
            43.27189,
            231.0
          ],
          [
            1.140555,
            43.271817,
            231.0
          ],
          [
            1.140571,
            43.271738,
            231.0
          ],
          [
            1.141218,
            43.270311,
            231.0
          ],
          [
            1.141158,
            43.270269,
            231.0
          ],
          [
            1.141098,
            43.270184,
            231.0
          ],
          [
            1.141042,
            43.270071,
            231.0
          ],
          [
            1.140414,
            43.26825,
            232.58
          ],
          [
            1.140332,
            43.26804,
            232.93
          ],
          [
            1.140257,
            43.267911,
            233.1
          ],
          [
            1.139841,
            43.267443,
            233.47
          ],
          [
            1.139363,
            43.266793,
            233.51
          ],
          [
            1.138465,
            43.265428,
            233.09
          ],
          [
            1.138337,
            43.265174,
            233.03
          ],
          [
            1.138111,
            43.264611,
            233.02
          ],
          [
            1.137989,
            43.264375,
            233.13
          ],
          [
            1.137793,
            43.264128,
            233.26
          ],
          [
            1.137428,
            43.263694,
            233.31
          ],
          [
            1.13719,
            43.263449,
            233.33
          ],
          [
            1.136864,
            43.263157,
            233.32
          ],
          [
            1.136536,
            43.262908,
            233.36
          ],
          [
            1.136213,
            43.262698,
            233.34
          ],
          [
            1.134351,
            43.261702,
            234.16
          ],
          [
            1.133882,
            43.261417,
            234.39
          ],
          [
            1.133473,
            43.261143,
            234.05
          ],
          [
            1.133331,
            43.261029,
            234.0
          ],
          [
            1.133198,
            43.260909,
            234.0
          ],
          [
            1.13304,
            43.260737,
            234.0
          ],
          [
            1.132795,
            43.260413,
            234.0
          ],
          [
            1.13268,
            43.260289,
            234.0
          ],
          [
            1.132493,
            43.260108,
            234.01
          ],
          [
            1.132102,
            43.259777,
            234.12
          ],
          [
            1.131874,
            43.259618,
            234.25
          ],
          [
            1.130712,
            43.258845,
            234.96
          ],
          [
            1.129506,
            43.25799,
            235.07
          ],
          [
            1.129344,
            43.257829,
            235.17
          ],
          [
            1.1292,
            43.257658,
            235.28
          ],
          [
            1.12906,
            43.257441,
            235.43
          ],
          [
            1.128684,
            43.256776,
            235.59
          ],
          [
            1.128607,
            43.256659,
            235.6
          ],
          [
            1.128499,
            43.256544,
            235.61
          ],
          [
            1.127932,
            43.256075,
            236.0
          ],
          [
            1.126913,
            43.256706,
            236.52
          ],
          [
            1.126389,
            43.256997,
            236.0
          ],
          [
            1.124015,
            43.255213,
            237.0
          ],
          [
            1.122591,
            43.253911,
            237.0
          ],
          [
            1.121009,
            43.254692,
            238.0
          ],
          [
            1.119941,
            43.253863,
            238.23
          ],
          [
            1.11979,
            43.253675,
            238.52
          ],
          [
            1.119521,
            43.253429,
            238.45
          ],
          [
            1.11953,
            43.253377,
            238.41
          ],
          [
            1.120047,
            43.253046,
            238.21
          ],
          [
            1.120036,
            43.252987,
            238.17
          ],
          [
            1.119273,
            43.25216,
            238.0
          ],
          [
            1.118941,
            43.251834,
            238.0
          ],
          [
            1.118378,
            43.251437,
            238.0
          ],
          [
            1.117676,
            43.251013,
            238.22
          ],
          [
            1.116944,
            43.250482,
            238.78
          ],
          [
            1.116166,
            43.250058,
            239.0
          ],
          [
            1.115875,
            43.249813,
            239.0
          ],
          [
            1.114284,
            43.248796,
            239.73
          ],
          [
            1.112464,
            43.24767,
            240.08
          ],
          [
            1.110697,
            43.246589,
            241.0
          ],
          [
            1.109062,
            43.24572,
            241.0
          ],
          [
            1.107374,
            43.2446,
            241.01
          ],
          [
            1.104556,
            43.242888,
            242.78
          ],
          [
            1.104046,
            43.242609,
            243.0
          ],
          [
            1.103822,
            43.242431,
            243.14
          ],
          [
            1.103089,
            43.241787,
            243.94
          ],
          [
            1.101507,
            43.240551,
            244.39
          ],
          [
            1.10118,
            43.240126,
            244.71
          ],
          [
            1.10088,
            43.239637,
            244.99
          ],
          [
            1.100173,
            43.239289,
            245.02
          ],
          [
            1.099607,
            43.238665,
            245.04
          ],
          [
            1.099522,
            43.238606,
            245.0
          ],
          [
            1.100049,
            43.238259,
            245.0
          ],
          [
            1.100179,
            43.238114,
            245.0
          ],
          [
            1.1003,
            43.237872,
            245.0
          ],
          [
            1.100375,
            43.237557,
            245.0
          ],
          [
            1.100355,
            43.23696,
            245.0
          ],
          [
            1.100413,
            43.236213,
            245.0
          ],
          [
            1.100349,
            43.23548,
            245.04
          ],
          [
            1.100175,
            43.234601,
            246.0
          ],
          [
            1.099944,
            43.234461,
            245.95
          ],
          [
            1.099098,
            43.233469,
            245.85
          ],
          [
            1.09754,
            43.231986,
            246.0
          ],
          [
            1.097144,
            43.231534,
            246.84
          ],
          [
            1.097074,
            43.231486,
            246.78
          ],
          [
            1.097066,
            43.231339,
            246.44
          ],
          [
            1.097079,
            43.231164,
            246.55
          ],
          [
            1.097095,
            43.230522,
            246.87
          ],
          [
            1.097156,
            43.229445,
            246.45
          ],
          [
            1.097174,
            43.229306,
            245.38
          ],
          [
            1.097194,
            43.229262,
            245.03
          ],
          [
            1.097236,
            43.229169,
            244.73
          ],
          [
            1.097044,
            43.228736,
            243.62
          ],
          [
            1.096703,
            43.227829,
            243.05
          ],
          [
            1.096242,
            43.226943,
            243.03
          ],
          [
            1.095916,
            43.226273,
            243.33
          ],
          [
            1.095824,
            43.226,
            243.91
          ],
          [
            1.095639,
            43.225245,
            243.27
          ],
          [
            1.095615,
            43.225103,
            243.18
          ],
          [
            1.095601,
            43.224929,
            243.1
          ],
          [
            1.095629,
            43.22466,
            243.03
          ],
          [
            1.095735,
            43.224012,
            243.0
          ],
          [
            1.095759,
            43.223604,
            243.0
          ],
          [
            1.095746,
            43.223428,
            243.0
          ],
          [
            1.095716,
            43.223228,
            243.0
          ],
          [
            1.095677,
            43.223124,
            242.94
          ],
          [
            1.095616,
            43.223019,
            242.91
          ],
          [
            1.095465,
            43.222843,
            242.92
          ],
          [
            1.09487,
            43.222342,
            242.93
          ],
          [
            1.094508,
            43.221972,
            243.0
          ],
          [
            1.09418,
            43.221593,
            243.0
          ],
          [
            1.094108,
            43.221493,
            243.0
          ],
          [
            1.093973,
            43.221223,
            243.0
          ],
          [
            1.093736,
            43.22066,
            243.0
          ],
          [
            1.093431,
            43.220071,
            243.0
          ],
          [
            1.093171,
            43.219596,
            243.02
          ],
          [
            1.093042,
            43.219326,
            243.02
          ],
          [
            1.092987,
            43.219176,
            243.02
          ],
          [
            1.092957,
            43.219063,
            243.02
          ],
          [
            1.092949,
            43.218963,
            243.02
          ],
          [
            1.092977,
            43.218668,
            243.06
          ],
          [
            1.093014,
            43.218445,
            243.14
          ],
          [
            1.093081,
            43.21808,
            243.43
          ],
          [
            1.093134,
            43.217912,
            244.28
          ],
          [
            1.093234,
            43.217729,
            244.74
          ],
          [
            1.093246,
            43.217672,
            244.48
          ],
          [
            1.093252,
            43.217553,
            244.21
          ],
          [
            1.093239,
            43.217396,
            243.8
          ],
          [
            1.093186,
            43.2172,
            243.3
          ],
          [
            1.093101,
            43.217021,
            243.42
          ],
          [
            1.092976,
            43.216803,
            243.8
          ],
          [
            1.092771,
            43.21649,
            243.91
          ],
          [
            1.092628,
            43.216329,
            243.85
          ],
          [
            1.092384,
            43.216112,
            243.81
          ],
          [
            1.092284,
            43.216054,
            243.78
          ],
          [
            1.092089,
            43.215968,
            243.68
          ],
          [
            1.091973,
            43.215907,
            243.59
          ],
          [
            1.091889,
            43.215851,
            243.59
          ],
          [
            1.091805,
            43.21577,
            243.56
          ],
          [
            1.091739,
            43.215688,
            243.54
          ],
          [
            1.091575,
            43.215461,
            243.47
          ],
          [
            1.091522,
            43.215355,
            243.34
          ],
          [
            1.091493,
            43.215251,
            243.01
          ],
          [
            1.091469,
            43.215038,
            243.32
          ],
          [
            1.091505,
            43.214617,
            243.24
          ],
          [
            1.091489,
            43.214453,
            243.22
          ],
          [
            1.091453,
            43.214326,
            243.36
          ],
          [
            1.091386,
            43.214174,
            243.78
          ],
          [
            1.090621,
            43.212906,
            244.04
          ],
          [
            1.090337,
            43.212479,
            244.06
          ],
          [
            1.090169,
            43.212259,
            244.0
          ],
          [
            1.089684,
            43.211574,
            244.72
          ],
          [
            1.089541,
            43.211405,
            244.76
          ],
          [
            1.089267,
            43.21115,
            244.52
          ],
          [
            1.088914,
            43.210891,
            244.46
          ],
          [
            1.089424,
            43.209808,
            244.41
          ],
          [
            1.090028,
            43.208568,
            243.97
          ],
          [
            1.089784,
            43.208401,
            243.98
          ],
          [
            1.08975,
            43.208387,
            244.0
          ],
          [
            1.08976,
            43.20836,
            244.0
          ],
          [
            1.089747,
            43.208308,
            244.0
          ],
          [
            1.089725,
            43.208286,
            244.0
          ],
          [
            1.08966,
            43.208261,
            244.0
          ],
          [
            1.089618,
            43.208202,
            244.0
          ],
          [
            1.089153,
            43.207681,
            243.0
          ],
          [
            1.088599,
            43.207084,
            242.17
          ],
          [
            1.088338,
            43.206834,
            242.0
          ],
          [
            1.088058,
            43.206629,
            242.0
          ],
          [
            1.087809,
            43.206572,
            242.0
          ],
          [
            1.08782,
            43.206506,
            242.0
          ],
          [
            1.087714,
            43.206486,
            241.88
          ],
          [
            1.087639,
            43.206456,
            241.61
          ],
          [
            1.087597,
            43.206423,
            241.44
          ],
          [
            1.087572,
            43.206378,
            241.22
          ],
          [
            1.087536,
            43.206235,
            240.25
          ],
          [
            1.087381,
            43.206088,
            236.62
          ],
          [
            1.087294,
            43.205997,
            239.26
          ],
          [
            1.087187,
            43.205794,
            241.41
          ],
          [
            1.087124,
            43.20577,
            241.73
          ],
          [
            1.08669,
            43.205712,
            243.0
          ],
          [
            1.086509,
            43.205639,
            242.96
          ],
          [
            1.086472,
            43.205612,
            242.95
          ],
          [
            1.086424,
            43.205551,
            242.87
          ],
          [
            1.08638,
            43.205546,
            242.83
          ],
          [
            1.086414,
            43.205251,
            242.0
          ],
          [
            1.086369,
            43.20508,
            241.29
          ],
          [
            1.085979,
            43.204788,
            239.64
          ],
          [
            1.085941,
            43.204727,
            239.09
          ],
          [
            1.08564,
            43.204344,
            237.28
          ],
          [
            1.085594,
            43.20426,
            236.88
          ],
          [
            1.085834,
            43.204212,
            235.89
          ],
          [
            1.086077,
            43.204149,
            235.32
          ],
          [
            1.088405,
            43.203854,
            236.42
          ],
          [
            1.088467,
            43.203853,
            237.17
          ],
          [
            1.088509,
            43.203825,
            238.34
          ],
          [
            1.088515,
            43.203652,
            237.6
          ],
          [
            1.088442,
            43.203398,
            236.08
          ],
          [
            1.0884,
            43.20337,
            235.9
          ],
          [
            1.088319,
            43.203581,
            235.42
          ],
          [
            1.088164,
            43.203253,
            234.91
          ],
          [
            1.088062,
            43.202995,
            234.89
          ],
          [
            1.08811,
            43.202686,
            235.3
          ],
          [
            1.088287,
            43.202268,
            235.57
          ],
          [
            1.088282,
            43.201529,
            234.44
          ],
          [
            1.087938,
            43.200664,
            232.65
          ],
          [
            1.087659,
            43.200156,
            232.41
          ],
          [
            1.087423,
            43.1998,
            232.33
          ],
          [
            1.087328,
            43.199569,
            232.77
          ],
          [
            1.087284,
            43.1995,
            232.93
          ],
          [
            1.087236,
            43.199381,
            233.24
          ],
          [
            1.087203,
            43.199229,
            233.11
          ],
          [
            1.087209,
            43.199174,
            233.13
          ],
          [
            1.087196,
            43.199137,
            233.3
          ],
          [
            1.087323,
            43.199131,
            233.83
          ],
          [
            1.087322,
            43.199099,
            233.88
          ],
          [
            1.086645,
            43.198463,
            234.22
          ],
          [
            1.086276,
            43.198168,
            234.86
          ],
          [
            1.086098,
            43.198108,
            234.81
          ],
          [
            1.086159,
            43.197971,
            235.53
          ],
          [
            1.086239,
            43.197919,
            235.71
          ],
          [
            1.086526,
            43.197839,
            236.32
          ],
          [
            1.086612,
            43.197758,
            236.51
          ],
          [
            1.086579,
            43.197672,
            236.62
          ],
          [
            1.086322,
            43.197485,
            237.21
          ],
          [
            1.085886,
            43.197189,
            238.71
          ],
          [
            1.085826,
            43.197113,
            239.16
          ],
          [
            1.08582,
            43.197026,
            239.62
          ],
          [
            1.086063,
            43.196821,
            241.23
          ],
          [
            1.086118,
            43.196731,
            241.89
          ],
          [
            1.086124,
            43.196588,
            242.91
          ],
          [
            1.085983,
            43.196153,
            245.92
          ],
          [
            1.085908,
            43.195988,
            246.89
          ],
          [
            1.085837,
            43.19562,
            248.74
          ],
          [
            1.085724,
            43.195387,
            250.04
          ],
          [
            1.085677,
            43.195214,
            251.07
          ],
          [
            1.085602,
            43.194818,
            253.36
          ],
          [
            1.085552,
            43.194613,
            254.5
          ],
          [
            1.085492,
            43.194496,
            255.26
          ],
          [
            1.085152,
            43.194003,
            257.28
          ],
          [
            1.085829,
            43.193437,
            272.21
          ],
          [
            1.086119,
            43.192944,
            283.7
          ],
          [
            1.086419,
            43.1926,
            291.66
          ],
          [
            1.086462,
            43.191849,
            301.67
          ],
          [
            1.086483,
            43.191083,
            305.45
          ],
          [
            1.086537,
            43.190645,
            306.44
          ],
          [
            1.085936,
            43.190066,
            307.92
          ],
          [
            1.085443,
            43.189299,
            310.11
          ],
          [
            1.085174,
            43.188705,
            311.98
          ],
          [
            1.08511,
            43.187617,
            313.99
          ],
          [
            1.08511,
            43.185935,
            315.75
          ],
          [
            1.085035,
            43.185232,
            317.64
          ],
          [
            1.085155,
            43.184772,
            317.86
          ],
          [
            1.085046,
            43.184003,
            321.48
          ],
          [
            1.084907,
            43.181587,
            330.57
          ],
          [
            1.084736,
            43.180973,
            333.31
          ],
          [
            1.084736,
            43.180918,
            333.47
          ],
          [
            1.084684,
            43.180795,
            334.44
          ],
          [
            1.084581,
            43.180124,
            339.39
          ],
          [
            1.084511,
            43.179797,
            341.14
          ],
          [
            1.08427,
            43.179281,
            343.39
          ],
          [
            1.083892,
            43.178519,
            349.08
          ],
          [
            1.0838,
            43.17828,
            351.9
          ],
          [
            1.083823,
            43.177999,
            355.74
          ],
          [
            1.0838,
            43.177868,
            357.54
          ],
          [
            1.083582,
            43.177406,
            363.6
          ],
          [
            1.083482,
            43.176987,
            367.89
          ],
          [
            1.083468,
            43.176776,
            368.2
          ],
          [
            1.083413,
            43.176691,
            367.74
          ],
          [
            1.083456,
            43.176381,
            365.6
          ],
          [
            1.083559,
            43.176063,
            363.58
          ],
          [
            1.083901,
            43.174636,
            354.54
          ],
          [
            1.084039,
            43.173638,
            355.69
          ],
          [
            1.084191,
            43.17347,
            357.33
          ],
          [
            1.08463,
            43.173268,
            361.38
          ],
          [
            1.084699,
            43.173185,
            362.55
          ],
          [
            1.084637,
            43.173047,
            364.35
          ],
          [
            1.084633,
            43.172966,
            365.34
          ],
          [
            1.084806,
            43.17261,
            369.52
          ],
          [
            1.084817,
            43.17249,
            370.71
          ],
          [
            1.084753,
            43.171995,
            374.81
          ],
          [
            1.084655,
            43.17184,
            376.12
          ],
          [
            1.084311,
            43.171533,
            374.38
          ],
          [
            1.084248,
            43.17134,
            373.28
          ],
          [
            1.084253,
            43.171177,
            373.01
          ],
          [
            1.084368,
            43.170715,
            372.35
          ],
          [
            1.084474,
            43.170584,
            372.63
          ],
          [
            1.084696,
            43.170419,
            373.2
          ],
          [
            1.084824,
            43.170271,
            373.6
          ],
          [
            1.084998,
            43.170034,
            374.17
          ],
          [
            1.085512,
            43.168941,
            377.9
          ],
          [
            1.085537,
            43.168808,
            378.57
          ],
          [
            1.085476,
            43.168236,
            381.97
          ],
          [
            1.085461,
            43.168186,
            382.08
          ],
          [
            1.085501,
            43.168067,
            382.02
          ],
          [
            1.08558,
            43.167998,
            382.0
          ],
          [
            1.085641,
            43.168062,
            382.0
          ],
          [
            1.085706,
            43.168107,
            382.0
          ],
          [
            1.085809,
            43.168124,
            382.0
          ],
          [
            1.085989,
            43.168106,
            381.87
          ],
          [
            1.08634,
            43.168039,
            380.31
          ],
          [
            1.086703,
            43.167904,
            377.91
          ],
          [
            1.086783,
            43.167945,
            377.08
          ],
          [
            1.086853,
            43.168053,
            375.98
          ],
          [
            1.086897,
            43.168045,
            375.52
          ],
          [
            1.086993,
            43.16794,
            374.21
          ],
          [
            1.087072,
            43.167881,
            373.01
          ],
          [
            1.087592,
            43.167739,
            366.49
          ],
          [
            1.088106,
            43.167537,
            360.55
          ],
          [
            1.088232,
            43.167434,
            358.92
          ],
          [
            1.088314,
            43.167153,
            356.15
          ],
          [
            1.088544,
            43.166897,
            354.01
          ],
          [
            1.088797,
            43.166833,
            352.83
          ],
          [
            1.089119,
            43.166885,
            351.46
          ],
          [
            1.089816,
            43.167137,
            349.05
          ],
          [
            1.090186,
            43.167203,
            348.05
          ],
          [
            1.090689,
            43.167099,
            346.26
          ],
          [
            1.09094,
            43.1669,
            345.05
          ],
          [
            1.091031,
            43.166594,
            341.45
          ],
          [
            1.091194,
            43.166471,
            339.5
          ],
          [
            1.091455,
            43.166433,
            336.56
          ],
          [
            1.091895,
            43.16641,
            334.95
          ],
          [
            1.092668,
            43.166398,
            331.76
          ],
          [
            1.09307,
            43.166349,
            329.46
          ],
          [
            1.093381,
            43.166251,
            327.01
          ],
          [
            1.093665,
            43.166069,
            323.97
          ],
          [
            1.093912,
            43.165843,
            321.0
          ],
          [
            1.094116,
            43.16551,
            318.05
          ],
          [
            1.094443,
            43.164747,
            314.38
          ],
          [
            1.094685,
            43.164426,
            312.91
          ],
          [
            1.094667,
            43.1642,
            313.05
          ],
          [
            1.094664,
            43.163749,
            313.31
          ],
          [
            1.094615,
            43.163386,
            313.99
          ],
          [
            1.094536,
            43.163141,
            314.76
          ],
          [
            1.094324,
            43.16281,
            316.16
          ],
          [
            1.093997,
            43.162378,
            318.34
          ],
          [
            1.093892,
            43.162141,
            319.06
          ],
          [
            1.093848,
            43.161989,
            319.36
          ],
          [
            1.09378,
            43.161862,
            319.73
          ],
          [
            1.093763,
            43.161769,
            319.94
          ],
          [
            1.093782,
            43.161617,
            320.25
          ],
          [
            1.09377,
            43.161404,
            320.7
          ],
          [
            1.093784,
            43.161132,
            321.17
          ],
          [
            1.093814,
            43.160883,
            321.52
          ],
          [
            1.093859,
            43.160695,
            321.81
          ],
          [
            1.094147,
            43.160131,
            322.67
          ],
          [
            1.094175,
            43.160004,
            323.05
          ],
          [
            1.094211,
            43.15931,
            328.03
          ],
          [
            1.09434,
            43.159078,
            330.4
          ],
          [
            1.09504,
            43.158247,
            339.44
          ],
          [
            1.095276,
            43.15801,
            340.66
          ],
          [
            1.095975,
            43.157379,
            341.02
          ],
          [
            1.096099,
            43.157227,
            340.78
          ],
          [
            1.09624,
            43.157034,
            340.53
          ],
          [
            1.096393,
            43.156742,
            340.48
          ],
          [
            1.096569,
            43.15635,
            340.67
          ],
          [
            1.096958,
            43.155638,
            340.48
          ],
          [
            1.097008,
            43.155478,
            339.28
          ],
          [
            1.097021,
            43.155207,
            337.17
          ],
          [
            1.096932,
            43.155074,
            336.25
          ],
          [
            1.096601,
            43.154848,
            336.53
          ],
          [
            1.096214,
            43.154628,
            338.36
          ],
          [
            1.09607,
            43.154508,
            339.19
          ],
          [
            1.095948,
            43.154326,
            340.31
          ],
          [
            1.095911,
            43.154215,
            340.91
          ],
          [
            1.095905,
            43.154145,
            341.25
          ],
          [
            1.095938,
            43.154016,
            341.91
          ],
          [
            1.096007,
            43.153904,
            342.65
          ],
          [
            1.096146,
            43.153747,
            343.52
          ],
          [
            1.096702,
            43.153297,
            343.9
          ],
          [
            1.096983,
            43.153036,
            343.91
          ],
          [
            1.098805,
            43.150909,
            347.97
          ],
          [
            1.099292,
            43.150375,
            352.26
          ],
          [
            1.099478,
            43.150124,
            354.11
          ],
          [
            1.099533,
            43.150016,
            354.86
          ],
          [
            1.099577,
            43.14987,
            355.81
          ],
          [
            1.099627,
            43.149445,
            357.59
          ],
          [
            1.099664,
            43.149308,
            357.5
          ],
          [
            1.099756,
            43.149173,
            356.3
          ],
          [
            1.099832,
            43.149103,
            355.6
          ],
          [
            1.099967,
            43.149012,
            354.84
          ],
          [
            1.10015,
            43.148924,
            354.41
          ],
          [
            1.102226,
            43.148139,
            350.75
          ],
          [
            1.104617,
            43.147208,
            343.32
          ],
          [
            1.104893,
            43.147077,
            342.53
          ],
          [
            1.108072,
            43.14512,
            326.56
          ],
          [
            1.108235,
            43.145019,
            325.49
          ],
          [
            1.108578,
            43.144784,
            323.68
          ],
          [
            1.108678,
            43.144663,
            323.05
          ],
          [
            1.10883,
            43.14445,
            322.1
          ],
          [
            1.108939,
            43.144207,
            321.58
          ],
          [
            1.109002,
            43.144017,
            321.72
          ],
          [
            1.109079,
            43.143598,
            321.91
          ],
          [
            1.10907,
            43.143349,
            322.71
          ],
          [
            1.108996,
            43.143106,
            323.06
          ],
          [
            1.108882,
            43.142908,
            323.83
          ],
          [
            1.108738,
            43.142749,
            324.44
          ],
          [
            1.108241,
            43.142419,
            326.22
          ],
          [
            1.108078,
            43.142296,
            326.94
          ],
          [
            1.107974,
            43.142172,
            327.62
          ],
          [
            1.107743,
            43.141765,
            329.69
          ],
          [
            1.107608,
            43.14156,
            330.76
          ],
          [
            1.107256,
            43.141245,
            332.8
          ],
          [
            1.107172,
            43.141148,
            333.31
          ],
          [
            1.107114,
            43.14097,
            333.92
          ],
          [
            1.107115,
            43.140728,
            334.55
          ],
          [
            1.107062,
            43.140641,
            334.8
          ],
          [
            1.10697,
            43.140577,
            335.07
          ],
          [
            1.106654,
            43.140429,
            336.01
          ],
          [
            1.106439,
            43.140305,
            336.75
          ],
          [
            1.10626,
            43.140165,
            337.55
          ],
          [
            1.10615,
            43.140045,
            338.29
          ],
          [
            1.106022,
            43.139797,
            339.88
          ],
          [
            1.10596,
            43.139575,
            341.34
          ],
          [
            1.105944,
            43.139346,
            342.79
          ],
          [
            1.106028,
            43.138888,
            345.7
          ],
          [
            1.106142,
            43.138675,
            347.13
          ],
          [
            1.106328,
            43.138459,
            348.69
          ],
          [
            1.106616,
            43.138211,
            350.63
          ],
          [
            1.106787,
            43.138082,
            351.66
          ],
          [
            1.107023,
            43.137978,
            352.64
          ],
          [
            1.107242,
            43.137896,
            353.42
          ],
          [
            1.107561,
            43.1378,
            354.44
          ],
          [
            1.107832,
            43.137749,
            355.21
          ],
          [
            1.108907,
            43.137703,
            357.69
          ],
          [
            1.10953,
            43.137647,
            358.94
          ],
          [
            1.110044,
            43.137637,
            359.54
          ],
          [
            1.110284,
            43.137603,
            359.78
          ],
          [
            1.110774,
            43.137498,
            359.91
          ],
          [
            1.110937,
            43.137447,
            359.87
          ],
          [
            1.111028,
            43.137389,
            359.78
          ],
          [
            1.111107,
            43.137415,
            360.04
          ],
          [
            1.111604,
            43.137318,
            361.62
          ],
          [
            1.112812,
            43.13701,
            361.12
          ],
          [
            1.113004,
            43.136967,
            360.34
          ],
          [
            1.113634,
            43.136635,
            356.54
          ],
          [
            1.113789,
            43.136626,
            355.59
          ],
          [
            1.114446,
            43.136747,
            351.65
          ],
          [
            1.114818,
            43.136733,
            349.42
          ],
          [
            1.115943,
            43.136588,
            343.25
          ],
          [
            1.116252,
            43.136525,
            343.19
          ],
          [
            1.11655,
            43.136387,
            344.17
          ],
          [
            1.116898,
            43.13624,
            346.55
          ],
          [
            1.117397,
            43.136134,
            350.57
          ],
          [
            1.118115,
            43.136028,
            354.37
          ],
          [
            1.118679,
            43.136038,
            355.35
          ],
          [
            1.118919,
            43.136054,
            355.34
          ],
          [
            1.119169,
            43.136142,
            355.08
          ],
          [
            1.119773,
            43.136418,
            354.12
          ],
          [
            1.120136,
            43.136568,
            353.55
          ],
          [
            1.1206,
            43.136296,
            351.71
          ],
          [
            1.120766,
            43.136059,
            349.59
          ],
          [
            1.120636,
            43.135601,
            348.09
          ],
          [
            1.119688,
            43.134615,
            356.04
          ],
          [
            1.119359,
            43.133984,
            363.99
          ],
          [
            1.119113,
            43.133852,
            367.31
          ],
          [
            1.119236,
            43.1337,
            370.29
          ],
          [
            1.118911,
            43.133184,
            381.83
          ],
          [
            1.118464,
            43.132983,
            390.95
          ],
          [
            1.118016,
            43.132947,
            395.9
          ],
          [
            1.117771,
            43.13253,
            404.22
          ],
          [
            1.117514,
            43.132381,
            408.09
          ],
          [
            1.116583,
            43.132191,
            418.49
          ],
          [
            1.1154,
            43.131838,
            431.4
          ],
          [
            1.114418,
            43.131064,
            444.37
          ],
          [
            1.11436,
            43.130764,
            444.76
          ],
          [
            1.11483,
            43.129768,
            447.51
          ],
          [
            1.115385,
            43.129418,
            454.32
          ],
          [
            1.115162,
            43.128902,
            461.96
          ],
          [
            1.113949,
            43.128912,
            475.7
          ],
          [
            1.113379,
            43.12905,
            481.89
          ],
          [
            1.113069,
            43.128955,
            484.14
          ],
          [
            1.113155,
            43.128581,
            486.19
          ],
          [
            1.113102,
            43.128261,
            487.2
          ],
          [
            1.112365,
            43.127571,
            489.81
          ],
          [
            1.111608,
            43.127481,
            487.68
          ],
          [
            1.111276,
            43.127292,
            484.5
          ],
          [
            1.111283,
            43.126991,
            481.09
          ],
          [
            1.111535,
            43.12657,
            476.1
          ],
          [
            1.111268,
            43.125769,
            471.29
          ],
          [
            1.114143,
            43.125184,
            461.6
          ],
          [
            1.117735,
            43.124453,
            460.97
          ],
          [
            1.117853,
            43.123955,
            458.25
          ],
          [
            1.117148,
            43.123882,
            455.17
          ],
          [
            1.116629,
            43.123815,
            452.74
          ],
          [
            1.11554,
            43.123594,
            447.58
          ],
          [
            1.115266,
            43.123508,
            446.25
          ],
          [
            1.115053,
            43.123403,
            445.1
          ],
          [
            1.11482,
            43.123228,
            443.7
          ],
          [
            1.114124,
            43.122494,
            441.07
          ],
          [
            1.113962,
            43.122145,
            441.25
          ],
          [
            1.113914,
            43.122096,
            441.24
          ],
          [
            1.113865,
            43.122076,
            441.2
          ],
          [
            1.113792,
            43.122077,
            441.4
          ],
          [
            1.113738,
            43.122088,
            441.85
          ],
          [
            1.113595,
            43.121814,
            440.27
          ],
          [
            1.113548,
            43.121697,
            439.63
          ],
          [
            1.113518,
            43.121508,
            438.54
          ],
          [
            1.113506,
            43.121218,
            436.91
          ],
          [
            1.11349,
            43.121092,
            436.23
          ],
          [
            1.113456,
            43.120987,
            435.67
          ],
          [
            1.113379,
            43.120848,
            434.9
          ],
          [
            1.112251,
            43.119201,
            427.78
          ],
          [
            1.111648,
            43.1183,
            424.43
          ],
          [
            1.111573,
            43.118138,
            423.91
          ],
          [
            1.111536,
            43.117821,
            422.85
          ],
          [
            1.111513,
            43.117756,
            422.48
          ],
          [
            1.111399,
            43.117629,
            422.19
          ],
          [
            1.110364,
            43.116879,
            420.09
          ],
          [
            1.110118,
            43.116747,
            419.08
          ],
          [
            1.109864,
            43.116648,
            418.29
          ],
          [
            1.109529,
            43.116554,
            417.5
          ],
          [
            1.109391,
            43.116147,
            413.52
          ],
          [
            1.109262,
            43.115702,
            409.32
          ],
          [
            1.109112,
            43.11481,
            404.03
          ],
          [
            1.108991,
            43.114551,
            402.62
          ],
          [
            1.108769,
            43.114246,
            400.75
          ],
          [
            1.108342,
            43.113797,
            397.94
          ],
          [
            1.10794,
            43.1134,
            396.2
          ],
          [
            1.107282,
            43.112855,
            397.48
          ],
          [
            1.107205,
            43.112805,
            398.07
          ],
          [
            1.107007,
            43.112739,
            399.63
          ],
          [
            1.106873,
            43.11273,
            400.54
          ],
          [
            1.106894,
            43.112699,
            400.55
          ],
          [
            1.106939,
            43.112585,
            400.37
          ],
          [
            1.106951,
            43.112481,
            400.33
          ],
          [
            1.106924,
            43.112366,
            400.32
          ],
          [
            1.106241,
            43.110956,
            398.94
          ],
          [
            1.105914,
            43.110314,
            399.45
          ],
          [
            1.105898,
            43.110185,
            399.49
          ],
          [
            1.105938,
            43.110043,
            399.54
          ],
          [
            1.106785,
            43.109173,
            400.06
          ],
          [
            1.106869,
            43.109032,
            400.28
          ],
          [
            1.10692,
            43.108859,
            400.5
          ],
          [
            1.106914,
            43.108322,
            399.6
          ],
          [
            1.106899,
            43.108125,
            399.12
          ],
          [
            1.106958,
            43.107958,
            398.59
          ],
          [
            1.107112,
            43.107849,
            398.04
          ],
          [
            1.107593,
            43.107678,
            396.27
          ],
          [
            1.10809,
            43.107414,
            393.71
          ],
          [
            1.108623,
            43.107013,
            390.7
          ],
          [
            1.108982,
            43.106676,
            388.38
          ],
          [
            1.109281,
            43.1065,
            386.75
          ],
          [
            1.110254,
            43.106033,
            381.44
          ],
          [
            1.110623,
            43.10574,
            379.08
          ],
          [
            1.110758,
            43.105428,
            377.33
          ],
          [
            1.110644,
            43.104445,
            373.05
          ],
          [
            1.110794,
            43.103741,
            366.52
          ],
          [
            1.110991,
            43.10346,
            364.55
          ],
          [
            1.111422,
            43.102958,
            363.05
          ],
          [
            1.111713,
            43.102441,
            364.04
          ],
          [
            1.112163,
            43.101868,
            364.65
          ],
          [
            1.112351,
            43.101481,
            364.61
          ],
          [
            1.112922,
            43.100807,
            363.51
          ],
          [
            1.113349,
            43.10017,
            362.15
          ],
          [
            1.113582,
            43.099767,
            361.88
          ],
          [
            1.113668,
            43.099471,
            362.36
          ],
          [
            1.113603,
            43.09929,
            362.62
          ],
          [
            1.113426,
            43.099057,
            363.47
          ],
          [
            1.113408,
            43.098902,
            364.35
          ],
          [
            1.11343,
            43.098851,
            364.53
          ],
          [
            1.113295,
            43.098201,
            364.96
          ],
          [
            1.113318,
            43.097849,
            366.23
          ],
          [
            1.113264,
            43.097682,
            367.1
          ],
          [
            1.113402,
            43.097022,
            371.44
          ],
          [
            1.113471,
            43.096391,
            375.44
          ],
          [
            1.113568,
            43.096137,
            376.32
          ],
          [
            1.113693,
            43.095943,
            375.43
          ],
          [
            1.113763,
            43.095928,
            375.72
          ],
          [
            1.113899,
            43.09578,
            374.42
          ],
          [
            1.114121,
            43.095755,
            373.69
          ],
          [
            1.114524,
            43.095615,
            370.88
          ],
          [
            1.115012,
            43.095331,
            366.6
          ],
          [
            1.115644,
            43.094819,
            359.85
          ],
          [
            1.115808,
            43.094805,
            358.84
          ],
          [
            1.11596,
            43.09472,
            357.75
          ],
          [
            1.116652,
            43.094369,
            354.75
          ],
          [
            1.117454,
            43.094036,
            353.97
          ],
          [
            1.117592,
            43.093943,
            354.0
          ],
          [
            1.117855,
            43.093463,
            354.08
          ],
          [
            1.117971,
            43.093345,
            354.06
          ],
          [
            1.117996,
            43.093264,
            354.03
          ],
          [
            1.118126,
            43.093143,
            353.99
          ],
          [
            1.118162,
            43.093124,
            354.11
          ],
          [
            1.118349,
            43.092943,
            354.82
          ],
          [
            1.11884,
            43.092715,
            356.01
          ],
          [
            1.118987,
            43.092556,
            356.9
          ],
          [
            1.119218,
            43.092517,
            356.93
          ],
          [
            1.119441,
            43.092436,
            358.01
          ],
          [
            1.119481,
            43.092379,
            358.74
          ],
          [
            1.119664,
            43.092318,
            361.13
          ],
          [
            1.119902,
            43.092183,
            364.99
          ],
          [
            1.119922,
            43.091929,
            368.76
          ],
          [
            1.119989,
            43.09187,
            370.02
          ],
          [
            1.120206,
            43.091777,
            373.16
          ],
          [
            1.120381,
            43.091761,
            375.33
          ],
          [
            1.120529,
            43.091733,
            377.12
          ],
          [
            1.120706,
            43.091651,
            379.3
          ],
          [
            1.120829,
            43.091514,
            381.31
          ],
          [
            1.120919,
            43.091224,
            385.25
          ],
          [
            1.121124,
            43.090802,
            388.74
          ],
          [
            1.121071,
            43.090769,
            389.0
          ],
          [
            1.121001,
            43.090685,
            389.49
          ],
          [
            1.120539,
            43.090405,
            392.24
          ],
          [
            1.120279,
            43.090294,
            394.32
          ],
          [
            1.120108,
            43.090186,
            395.38
          ],
          [
            1.120029,
            43.090065,
            396.32
          ],
          [
            1.11986,
            43.089768,
            398.15
          ],
          [
            1.119927,
            43.089642,
            398.32
          ],
          [
            1.120339,
            43.088979,
            399.99
          ],
          [
            1.120758,
            43.088486,
            401.24
          ],
          [
            1.121037,
            43.088141,
            402.27
          ],
          [
            1.121061,
            43.087926,
            402.95
          ],
          [
            1.120987,
            43.087713,
            403.75
          ],
          [
            1.120883,
            43.087558,
            404.38
          ],
          [
            1.120235,
            43.08678,
            405.47
          ],
          [
            1.120232,
            43.086397,
            403.95
          ],
          [
            1.12049,
            43.085983,
            401.2
          ],
          [
            1.120536,
            43.085832,
            400.26
          ],
          [
            1.12052,
            43.085695,
            399.51
          ],
          [
            1.120467,
            43.085563,
            398.81
          ],
          [
            1.120361,
            43.085423,
            398.09
          ],
          [
            1.120316,
            43.085323,
            397.66
          ],
          [
            1.120302,
            43.08522,
            397.23
          ],
          [
            1.120323,
            43.084048,
            393.36
          ],
          [
            1.1202,
            43.083617,
            393.17
          ],
          [
            1.120252,
            43.083442,
            392.0
          ],
          [
            1.120477,
            43.08319,
            391.14
          ],
          [
            1.1206,
            43.082991,
            390.43
          ],
          [
            1.120843,
            43.082164,
            387.67
          ],
          [
            1.121047,
            43.081576,
            387.89
          ],
          [
            1.121735,
            43.080592,
            391.87
          ],
          [
            1.121793,
            43.080105,
            393.67
          ],
          [
            1.121856,
            43.079912,
            394.23
          ],
          [
            1.122536,
            43.079211,
            395.65
          ],
          [
            1.12435,
            43.077656,
            400.19
          ],
          [
            1.124458,
            43.077549,
            400.47
          ],
          [
            1.124519,
            43.077464,
            400.91
          ],
          [
            1.124554,
            43.077334,
            401.58
          ],
          [
            1.124549,
            43.077262,
            402.11
          ],
          [
            1.124519,
            43.077193,
            402.88
          ],
          [
            1.124451,
            43.077111,
            403.21
          ],
          [
            1.124365,
            43.077053,
            403.47
          ],
          [
            1.124278,
            43.077013,
            403.62
          ],
          [
            1.124147,
            43.076971,
            403.8
          ],
          [
            1.12384,
            43.076938,
            404.03
          ],
          [
            1.123369,
            43.076907,
            404.12
          ],
          [
            1.123255,
            43.076889,
            404.21
          ],
          [
            1.12318,
            43.076855,
            404.29
          ],
          [
            1.123125,
            43.076807,
            404.39
          ],
          [
            1.123094,
            43.076727,
            404.53
          ],
          [
            1.123085,
            43.076664,
            404.66
          ],
          [
            1.123096,
            43.076608,
            404.78
          ],
          [
            1.123127,
            43.076543,
            404.95
          ],
          [
            1.123173,
            43.076477,
            405.15
          ],
          [
            1.123256,
            43.076393,
            405.45
          ],
          [
            1.123349,
            43.076324,
            405.78
          ],
          [
            1.124134,
            43.075813,
            409.88
          ],
          [
            1.124328,
            43.075714,
            410.74
          ],
          [
            1.125227,
            43.075365,
            414.53
          ],
          [
            1.12546,
            43.075293,
            415.66
          ],
          [
            1.125552,
            43.07522,
            416.31
          ],
          [
            1.12559,
            43.075126,
            416.95
          ],
          [
            1.125613,
            43.075016,
            417.66
          ],
          [
            1.12559,
            43.074876,
            418.54
          ],
          [
            1.125491,
            43.074591,
            420.22
          ],
          [
            1.125123,
            43.073907,
            423.16
          ],
          [
            1.12504,
            43.073639,
            424.26
          ],
          [
            1.125029,
            43.073485,
            424.96
          ],
          [
            1.125093,
            43.072962,
            428.41
          ],
          [
            1.125096,
            43.072841,
            429.26
          ],
          [
            1.125081,
            43.072744,
            429.94
          ],
          [
            1.125019,
            43.072604,
            430.97
          ],
          [
            1.124953,
            43.072518,
            431.67
          ],
          [
            1.124867,
            43.072444,
            432.37
          ],
          [
            1.124586,
            43.072293,
            434.22
          ],
          [
            1.122829,
            43.071513,
            442.97
          ],
          [
            1.122538,
            43.071414,
            444.12
          ],
          [
            1.122241,
            43.071329,
            445.35
          ],
          [
            1.122033,
            43.071245,
            446.27
          ],
          [
            1.121862,
            43.071158,
            447.08
          ],
          [
            1.121673,
            43.07104,
            447.99
          ],
          [
            1.121379,
            43.070797,
            449.43
          ],
          [
            1.121207,
            43.070701,
            450.09
          ],
          [
            1.120885,
            43.070555,
            451.12
          ],
          [
            1.120456,
            43.070261,
            453.11
          ],
          [
            1.120351,
            43.070202,
            453.54
          ],
          [
            1.120187,
            43.07015,
            454.06
          ],
          [
            1.119937,
            43.070126,
            454.81
          ],
          [
            1.11981,
            43.070097,
            455.36
          ],
          [
            1.119684,
            43.070044,
            456.09
          ],
          [
            1.119549,
            43.069938,
            456.67
          ],
          [
            1.119471,
            43.069849,
            456.59
          ],
          [
            1.11937,
            43.069633,
            456.14
          ],
          [
            1.119296,
            43.069537,
            456.86
          ],
          [
            1.119227,
            43.069483,
            457.43
          ],
          [
            1.119158,
            43.069451,
            457.91
          ],
          [
            1.119058,
            43.069434,
            458.44
          ],
          [
            1.118955,
            43.069435,
            458.89
          ],
          [
            1.118789,
            43.069473,
            459.5
          ],
          [
            1.11845,
            43.069581,
            461.02
          ],
          [
            1.118329,
            43.069596,
            461.51
          ],
          [
            1.118223,
            43.069589,
            461.93
          ],
          [
            1.118094,
            43.069557,
            462.46
          ],
          [
            1.117924,
            43.069488,
            463.21
          ],
          [
            1.11782,
            43.069464,
            463.63
          ],
          [
            1.117709,
            43.069465,
            464.04
          ],
          [
            1.117334,
            43.069578,
            465.65
          ],
          [
            1.117079,
            43.069604,
            466.72
          ],
          [
            1.116818,
            43.069605,
            467.77
          ],
          [
            1.116351,
            43.069563,
            469.58
          ],
          [
            1.116011,
            43.069587,
            470.68
          ],
          [
            1.115771,
            43.069674,
            471.56
          ],
          [
            1.115377,
            43.069932,
            472.95
          ],
          [
            1.115191,
            43.069993,
            473.64
          ],
          [
            1.114999,
            43.069981,
            474.13
          ],
          [
            1.114861,
            43.069919,
            474.79
          ],
          [
            1.114783,
            43.06982,
            475.27
          ],
          [
            1.114773,
            43.069697,
            475.95
          ],
          [
            1.114799,
            43.069474,
            477.32
          ],
          [
            1.114753,
            43.069361,
            478.03
          ],
          [
            1.114676,
            43.069258,
            478.74
          ],
          [
            1.11456,
            43.069176,
            479.4
          ],
          [
            1.114399,
            43.069148,
            479.95
          ],
          [
            1.114159,
            43.069141,
            480.81
          ],
          [
            1.114017,
            43.069108,
            481.29
          ],
          [
            1.113822,
            43.068985,
            482.0
          ],
          [
            1.113689,
            43.068863,
            482.54
          ],
          [
            1.113587,
            43.068717,
            483.1
          ],
          [
            1.113484,
            43.068596,
            483.54
          ],
          [
            1.11329,
            43.068512,
            483.97
          ],
          [
            1.112718,
            43.068291,
            485.79
          ],
          [
            1.112438,
            43.068201,
            486.96
          ],
          [
            1.112258,
            43.068226,
            487.73
          ],
          [
            1.112095,
            43.06827,
            488.47
          ],
          [
            1.11177,
            43.068458,
            490.19
          ],
          [
            1.111584,
            43.068544,
            491.11
          ],
          [
            1.111434,
            43.068558,
            491.71
          ],
          [
            1.111289,
            43.068502,
            492.32
          ],
          [
            1.111037,
            43.068165,
            494.14
          ],
          [
            1.110878,
            43.068057,
            494.8
          ],
          [
            1.109974,
            43.06772,
            497.62
          ],
          [
            1.109747,
            43.06767,
            498.22
          ],
          [
            1.109503,
            43.067669,
            498.81
          ],
          [
            1.108743,
            43.067844,
            500.78
          ],
          [
            1.108489,
            43.067859,
            501.61
          ],
          [
            1.10823,
            43.067816,
            502.52
          ],
          [
            1.107998,
            43.067678,
            503.57
          ],
          [
            1.107807,
            43.067483,
            504.85
          ],
          [
            1.107671,
            43.067185,
            505.85
          ],
          [
            1.107614,
            43.06719,
            506.52
          ],
          [
            1.107578,
            43.067206,
            506.79
          ],
          [
            1.107573,
            43.067272,
            507.29
          ],
          [
            1.107598,
            43.06738,
            508.05
          ],
          [
            1.107588,
            43.067815,
            512.27
          ],
          [
            1.107565,
            43.067901,
            513.1
          ],
          [
            1.107508,
            43.067949,
            513.7
          ],
          [
            1.107416,
            43.067962,
            514.39
          ],
          [
            1.10702,
            43.067817,
            518.49
          ],
          [
            1.106877,
            43.067819,
            519.51
          ],
          [
            1.106791,
            43.06785,
            520.0
          ],
          [
            1.106755,
            43.067653,
            520.19
          ],
          [
            1.106583,
            43.06741,
            521.46
          ],
          [
            1.106513,
            43.067226,
            523.22
          ],
          [
            1.106492,
            43.067046,
            524.56
          ],
          [
            1.106545,
            43.066803,
            526.23
          ],
          [
            1.106653,
            43.066564,
            527.61
          ],
          [
            1.106679,
            43.066423,
            528.22
          ],
          [
            1.10662,
            43.066313,
            528.64
          ],
          [
            1.106224,
            43.065953,
            529.83
          ],
          [
            1.105987,
            43.065827,
            530.56
          ],
          [
            1.105542,
            43.065615,
            533.03
          ],
          [
            1.10529,
            43.065447,
            535.41
          ],
          [
            1.104941,
            43.065173,
            538.58
          ],
          [
            1.104721,
            43.065071,
            540.16
          ],
          [
            1.104405,
            43.064988,
            541.82
          ],
          [
            1.104017,
            43.064945,
            539.73
          ],
          [
            1.103952,
            43.065213,
            541.29
          ],
          [
            1.103857,
            43.065343,
            542.06
          ],
          [
            1.103028,
            43.065918,
            546.35
          ],
          [
            1.102785,
            43.06604,
            547.22
          ],
          [
            1.10255,
            43.066105,
            547.84
          ],
          [
            1.101522,
            43.066224,
            548.92
          ],
          [
            1.101255,
            43.06629,
            548.95
          ],
          [
            1.101041,
            43.066383,
            549.43
          ],
          [
            1.100881,
            43.066386,
            550.92
          ],
          [
            1.100732,
            43.066443,
            552.68
          ],
          [
            1.100498,
            43.0665,
            554.37
          ],
          [
            1.100251,
            43.066527,
            555.14
          ],
          [
            1.099603,
            43.066532,
            556.92
          ],
          [
            1.099219,
            43.066487,
            557.05
          ],
          [
            1.099177,
            43.066487,
            557.23
          ],
          [
            1.099196,
            43.066395,
            556.21
          ],
          [
            1.099175,
            43.066297,
            554.67
          ],
          [
            1.099083,
            43.066133,
            551.95
          ],
          [
            1.098737,
            43.065753,
            546.99
          ],
          [
            1.098268,
            43.065349,
            542.09
          ],
          [
            1.097785,
            43.064992,
            538.4
          ],
          [
            1.097573,
            43.064814,
            535.95
          ],
          [
            1.097501,
            43.064722,
            534.72
          ],
          [
            1.097479,
            43.064647,
            533.81
          ],
          [
            1.097474,
            43.064455,
            531.48
          ],
          [
            1.097458,
            43.064367,
            530.37
          ],
          [
            1.097399,
            43.064281,
            529.1
          ],
          [
            1.097294,
            43.064212,
            527.66
          ],
          [
            1.097023,
            43.064109,
            524.23
          ],
          [
            1.096852,
            43.064012,
            521.75
          ],
          [
            1.09645,
            43.063648,
            515.21
          ],
          [
            1.096391,
            43.063566,
            514.01
          ],
          [
            1.096318,
            43.063391,
            511.71
          ],
          [
            1.096302,
            43.063285,
            510.41
          ],
          [
            1.096323,
            43.063048,
            507.59
          ],
          [
            1.096305,
            43.062968,
            506.6
          ],
          [
            1.096262,
            43.062874,
            505.33
          ],
          [
            1.095986,
            43.06248,
            499.25
          ],
          [
            1.095897,
            43.062327,
            496.89
          ],
          [
            1.095749,
            43.062,
            491.42
          ],
          [
            1.095721,
            43.061861,
            489.56
          ],
          [
            1.095665,
            43.061782,
            488.95
          ],
          [
            1.095437,
            43.061292,
            484.79
          ],
          [
            1.095286,
            43.061081,
            482.5
          ],
          [
            1.095148,
            43.060845,
            480.04
          ],
          [
            1.095036,
            43.060569,
            477.3
          ],
          [
            1.094733,
            43.059506,
            470.09
          ],
          [
            1.094653,
            43.059078,
            468.36
          ],
          [
            1.094579,
            43.0588,
            467.04
          ],
          [
            1.094292,
            43.058097,
            463.07
          ],
          [
            1.094199,
            43.057784,
            461.84
          ],
          [
            1.094157,
            43.05753,
            461.17
          ],
          [
            1.094149,
            43.057111,
            460.14
          ],
          [
            1.094078,
            43.056664,
            458.17
          ],
          [
            1.094051,
            43.056319,
            455.14
          ],
          [
            1.094001,
            43.056014,
            451.14
          ],
          [
            1.093951,
            43.055793,
            447.72
          ],
          [
            1.09398,
            43.055634,
            445.03
          ],
          [
            1.09403,
            43.055518,
            442.88
          ],
          [
            1.094152,
            43.055362,
            439.69
          ],
          [
            1.094216,
            43.055223,
            437.22
          ],
          [
            1.094232,
            43.05504,
            434.33
          ],
          [
            1.094208,
            43.054884,
            432.07
          ],
          [
            1.094068,
            43.054596,
            427.98
          ],
          [
            1.094045,
            43.054502,
            426.77
          ],
          [
            1.094058,
            43.054419,
            425.74
          ],
          [
            1.094547,
            43.053773,
            416.98
          ],
          [
            1.094601,
            43.053719,
            416.16
          ],
          [
            1.094672,
            43.053673,
            415.32
          ],
          [
            1.094789,
            43.053652,
            414.24
          ],
          [
            1.095541,
            43.053754,
            407.38
          ],
          [
            1.095684,
            43.053766,
            405.92
          ],
          [
            1.095822,
            43.053756,
            404.44
          ],
          [
            1.095937,
            43.053719,
            403.32
          ],
          [
            1.09631,
            43.053511,
            398.41
          ],
          [
            1.096379,
            43.053405,
            397.17
          ],
          [
            1.096368,
            43.053285,
            396.23
          ],
          [
            1.096299,
            43.05316,
            395.09
          ],
          [
            1.096155,
            43.053046,
            394.02
          ],
          [
            1.094804,
            43.052451,
            390.85
          ],
          [
            1.094655,
            43.052366,
            390.43
          ],
          [
            1.094576,
            43.052275,
            390.08
          ],
          [
            1.094369,
            43.051628,
            387.75
          ],
          [
            1.094157,
            43.051376,
            387.76
          ],
          [
            1.093945,
            43.051186,
            388.66
          ],
          [
            1.093449,
            43.050897,
            390.91
          ],
          [
            1.093269,
            43.050761,
            391.8
          ],
          [
            1.093155,
            43.050645,
            392.42
          ],
          [
            1.093014,
            43.050234,
            393.77
          ],
          [
            1.092646,
            43.049317,
            393.6
          ],
          [
            1.092495,
            43.048802,
            392.71
          ],
          [
            1.092409,
            43.048603,
            392.24
          ],
          [
            1.092277,
            43.04841,
            391.87
          ],
          [
            1.092038,
            43.048124,
            391.32
          ],
          [
            1.09197,
            43.048012,
            391.16
          ],
          [
            1.091954,
            43.04788,
            391.36
          ],
          [
            1.091963,
            43.047812,
            391.47
          ],
          [
            1.092025,
            43.04767,
            391.63
          ],
          [
            1.092065,
            43.047536,
            391.65
          ],
          [
            1.092024,
            43.046125,
            391.84
          ],
          [
            1.091918,
            43.045608,
            388.37
          ],
          [
            1.091886,
            43.04536,
            386.17
          ],
          [
            1.091883,
            43.043951,
            370.53
          ],
          [
            1.091896,
            43.043804,
            368.9
          ],
          [
            1.092005,
            43.043434,
            365.54
          ],
          [
            1.092031,
            43.043304,
            366.74
          ],
          [
            1.092005,
            43.043189,
            367.21
          ],
          [
            1.091903,
            43.043093,
            367.06
          ],
          [
            1.091565,
            43.042986,
            367.25
          ],
          [
            1.091014,
            43.042909,
            368.54
          ],
          [
            1.090611,
            43.042907,
            369.23
          ],
          [
            1.090196,
            43.042945,
            369.81
          ],
          [
            1.090054,
            43.042943,
            370.08
          ],
          [
            1.089915,
            43.042903,
            370.18
          ],
          [
            1.089819,
            43.042811,
            370.15
          ],
          [
            1.089731,
            43.042367,
            369.42
          ],
          [
            1.089718,
            43.042177,
            368.75
          ],
          [
            1.089769,
            43.042018,
            368.6
          ],
          [
            1.090382,
            43.04074,
            367.38
          ],
          [
            1.09063,
            43.040133,
            367.24
          ],
          [
            1.090707,
            43.040018,
            367.54
          ],
          [
            1.090779,
            43.039943,
            367.03
          ],
          [
            1.091179,
            43.039689,
            361.67
          ],
          [
            1.091264,
            43.03958,
            360.21
          ],
          [
            1.091305,
            43.039433,
            358.43
          ],
          [
            1.0913,
            43.039344,
            357.36
          ],
          [
            1.091262,
            43.039258,
            356.32
          ],
          [
            1.091232,
            43.039158,
            355.44
          ],
          [
            1.091744,
            43.038979,
            355.46
          ],
          [
            1.091857,
            43.038916,
            355.57
          ],
          [
            1.091988,
            43.038823,
            355.86
          ],
          [
            1.091974,
            43.038794,
            355.8
          ],
          [
            1.091989,
            43.038764,
            355.87
          ],
          [
            1.092025,
            43.038748,
            355.93
          ],
          [
            1.092011,
            43.03853,
            353.82
          ],
          [
            1.091994,
            43.037756,
            355.06
          ],
          [
            1.091928,
            43.037537,
            355.77
          ],
          [
            1.091738,
            43.037481,
            355.74
          ],
          [
            1.090822,
            43.03745,
            354.45
          ],
          [
            1.089417,
            43.037322,
            353.69
          ],
          [
            1.089095,
            43.037271,
            353.53
          ],
          [
            1.088097,
            43.036981,
            353.09
          ],
          [
            1.087894,
            43.036876,
            353.28
          ],
          [
            1.086869,
            43.03579,
            353.0
          ],
          [
            1.086598,
            43.035483,
            353.0
          ],
          [
            1.085074,
            43.033571,
            352.67
          ],
          [
            1.085274,
            43.033456,
            352.18
          ],
          [
            1.085555,
            43.033262,
            352.07
          ],
          [
            1.085758,
            43.033087,
            352.04
          ],
          [
            1.08596,
            43.03288,
            352.0
          ],
          [
            1.086041,
            43.032761,
            352.0
          ],
          [
            1.086103,
            43.032583,
            352.0
          ],
          [
            1.086168,
            43.03244,
            352.0
          ],
          [
            1.086251,
            43.032391,
            352.0
          ],
          [
            1.086871,
            43.032145,
            352.24
          ],
          [
            1.087159,
            43.032013,
            352.79
          ],
          [
            1.086948,
            43.031378,
            353.03
          ],
          [
            1.087102,
            43.031341,
            353.13
          ],
          [
            1.087157,
            43.03131,
            353.15
          ],
          [
            1.087125,
            43.031134,
            353.25
          ],
          [
            1.086986,
            43.030691,
            354.0
          ],
          [
            1.087976,
            43.030516,
            354.29
          ],
          [
            1.08795,
            43.03043,
            354.81
          ],
          [
            1.087826,
            43.030181,
            355.0
          ],
          [
            1.087391,
            43.029443,
            355.0
          ],
          [
            1.087283,
            43.029201,
            355.87
          ],
          [
            1.088219,
            43.028656,
            355.75
          ],
          [
            1.088935,
            43.028254,
            356.28
          ],
          [
            1.090196,
            43.027528,
            357.63
          ],
          [
            1.090759,
            43.027191,
            358.51
          ],
          [
            1.091545,
            43.026766,
            359.41
          ],
          [
            1.092325,
            43.026443,
            359.77
          ],
          [
            1.092902,
            43.026225,
            360.05
          ],
          [
            1.09346,
            43.026036,
            360.51
          ],
          [
            1.094782,
            43.025649,
            361.68
          ],
          [
            1.095351,
            43.025529,
            361.95
          ],
          [
            1.096836,
            43.025254,
            363.0
          ],
          [
            1.098429,
            43.024991,
            363.65
          ],
          [
            1.100118,
            43.024671,
            364.79
          ],
          [
            1.100647,
            43.024541,
            365.16
          ],
          [
            1.101439,
            43.024315,
            365.77
          ],
          [
            1.10213,
            43.024076,
            366.28
          ],
          [
            1.102323,
            43.024055,
            366.22
          ],
          [
            1.102559,
            43.023975,
            366.16
          ],
          [
            1.102835,
            43.023867,
            366.18
          ],
          [
            1.103053,
            43.023725,
            366.15
          ],
          [
            1.104043,
            43.023282,
            366.82
          ],
          [
            1.105155,
            43.022679,
            367.1
          ],
          [
            1.105845,
            43.02222,
            367.52
          ],
          [
            1.10646,
            43.021753,
            367.89
          ],
          [
            1.112023,
            43.016743,
            372.0
          ],
          [
            1.115001,
            43.014029,
            370.48
          ],
          [
            1.115333,
            43.013735,
            370.56
          ],
          [
            1.11597,
            43.013235,
            370.82
          ],
          [
            1.116511,
            43.012855,
            370.99
          ],
          [
            1.116862,
            43.012635,
            371.18
          ],
          [
            1.118864,
            43.011478,
            372.6
          ],
          [
            1.119671,
            43.011069,
            373.21
          ],
          [
            1.119954,
            43.010945,
            373.93
          ],
          [
            1.123001,
            43.009746,
            375.46
          ],
          [
            1.124326,
            43.009242,
            376.16
          ],
          [
            1.125492,
            43.00873,
            376.53
          ],
          [
            1.126104,
            43.008384,
            375.91
          ],
          [
            1.126501,
            43.008169,
            377.18
          ],
          [
            1.127294,
            43.00761,
            378.37
          ],
          [
            1.127682,
            43.007299,
            378.89
          ],
          [
            1.128053,
            43.006971,
            379.41
          ],
          [
            1.128446,
            43.006585,
            379.85
          ],
          [
            1.128489,
            43.006512,
            380.23
          ],
          [
            1.128489,
            43.006436,
            380.84
          ],
          [
            1.128471,
            43.006377,
            381.33
          ],
          [
            1.128406,
            43.006307,
            382.04
          ],
          [
            1.128357,
            43.006268,
            382.5
          ],
          [
            1.128357,
            43.006248,
            382.6
          ],
          [
            1.128394,
            43.006213,
            382.47
          ],
          [
            1.128104,
            43.006042,
            383.0
          ],
          [
            1.128226,
            43.005931,
            383.0
          ],
          [
            1.1273,
            43.00539,
            383.0
          ],
          [
            1.127259,
            43.005334,
            383.0
          ],
          [
            1.127265,
            43.005229,
            383.1
          ],
          [
            1.127386,
            43.005087,
            383.18
          ],
          [
            1.127369,
            43.005044,
            383.23
          ],
          [
            1.127409,
            43.005001,
            383.32
          ],
          [
            1.127449,
            43.004877,
            384.0
          ],
          [
            1.128226,
            43.004439,
            384.81
          ],
          [
            1.128149,
            43.004388,
            385.0
          ],
          [
            1.128183,
            43.004369,
            385.0
          ],
          [
            1.127219,
            43.003966,
            384.98
          ],
          [
            1.126832,
            43.003793,
            385.0
          ],
          [
            1.127399,
            43.003059,
            386.0
          ],
          [
            1.127536,
            43.002906,
            386.0
          ],
          [
            1.127587,
            43.002817,
            386.55
          ],
          [
            1.127825,
            43.002567,
            387.0
          ],
          [
            1.128256,
            43.001984,
            389.17
          ],
          [
            1.128325,
            43.001733,
            391.17
          ],
          [
            1.12833,
            43.001652,
            391.81
          ],
          [
            1.128386,
            43.001654,
            391.84
          ],
          [
            1.128411,
            43.001644,
            391.92
          ],
          [
            1.128443,
            43.001611,
            392.28
          ],
          [
            1.128442,
            43.001576,
            392.81
          ],
          [
            1.128442,
            43.001576,
            392.81
          ],
          [
            1.128443,
            43.001611,
            392.28
          ],
          [
            1.128411,
            43.001644,
            391.92
          ],
          [
            1.128386,
            43.001654,
            391.84
          ],
          [
            1.12833,
            43.001652,
            391.81
          ],
          [
            1.128325,
            43.001733,
            391.17
          ],
          [
            1.128256,
            43.001984,
            389.17
          ],
          [
            1.127825,
            43.002567,
            387.0
          ],
          [
            1.127587,
            43.002817,
            386.55
          ],
          [
            1.127536,
            43.002906,
            386.0
          ],
          [
            1.127399,
            43.003059,
            386.0
          ],
          [
            1.126832,
            43.003793,
            385.0
          ],
          [
            1.127219,
            43.003966,
            384.98
          ],
          [
            1.128183,
            43.004369,
            385.0
          ],
          [
            1.128149,
            43.004388,
            385.0
          ],
          [
            1.128226,
            43.004439,
            384.81
          ],
          [
            1.127449,
            43.004877,
            384.0
          ],
          [
            1.127409,
            43.005001,
            383.32
          ],
          [
            1.127369,
            43.005044,
            383.23
          ],
          [
            1.127386,
            43.005087,
            383.18
          ],
          [
            1.127265,
            43.005229,
            383.1
          ],
          [
            1.127259,
            43.005334,
            383.0
          ],
          [
            1.1273,
            43.00539,
            383.0
          ],
          [
            1.128226,
            43.005931,
            383.0
          ],
          [
            1.128104,
            43.006042,
            383.0
          ],
          [
            1.128394,
            43.006213,
            382.47
          ],
          [
            1.128357,
            43.006248,
            382.6
          ],
          [
            1.128357,
            43.006268,
            382.5
          ],
          [
            1.128406,
            43.006307,
            382.04
          ],
          [
            1.128471,
            43.006377,
            381.33
          ],
          [
            1.128489,
            43.006436,
            380.84
          ],
          [
            1.128489,
            43.006512,
            380.23
          ],
          [
            1.128446,
            43.006585,
            379.85
          ],
          [
            1.128053,
            43.006971,
            379.41
          ],
          [
            1.127682,
            43.007299,
            378.89
          ],
          [
            1.127294,
            43.00761,
            378.37
          ],
          [
            1.126501,
            43.008169,
            377.18
          ],
          [
            1.126104,
            43.008384,
            375.91
          ],
          [
            1.125492,
            43.00873,
            376.53
          ],
          [
            1.124326,
            43.009242,
            376.16
          ],
          [
            1.123001,
            43.009746,
            375.46
          ],
          [
            1.119954,
            43.010945,
            373.93
          ],
          [
            1.119671,
            43.011069,
            373.21
          ],
          [
            1.118864,
            43.011478,
            372.6
          ],
          [
            1.116862,
            43.012635,
            371.18
          ],
          [
            1.116511,
            43.012855,
            370.99
          ],
          [
            1.11597,
            43.013235,
            370.82
          ],
          [
            1.115333,
            43.013735,
            370.56
          ],
          [
            1.115001,
            43.014029,
            370.48
          ],
          [
            1.112023,
            43.016743,
            372.0
          ],
          [
            1.10646,
            43.021753,
            367.89
          ],
          [
            1.105845,
            43.02222,
            367.52
          ],
          [
            1.105155,
            43.022679,
            367.1
          ],
          [
            1.104043,
            43.023282,
            366.82
          ],
          [
            1.103053,
            43.023725,
            366.15
          ],
          [
            1.102835,
            43.023867,
            366.18
          ],
          [
            1.102559,
            43.023975,
            366.16
          ],
          [
            1.102323,
            43.024055,
            366.22
          ],
          [
            1.10213,
            43.024076,
            366.28
          ],
          [
            1.101439,
            43.024315,
            365.77
          ],
          [
            1.100647,
            43.024541,
            365.16
          ],
          [
            1.100118,
            43.024671,
            364.79
          ],
          [
            1.098429,
            43.024991,
            363.65
          ],
          [
            1.096836,
            43.025254,
            363.0
          ],
          [
            1.095351,
            43.025529,
            361.95
          ],
          [
            1.094782,
            43.025649,
            361.68
          ],
          [
            1.09346,
            43.026036,
            360.51
          ],
          [
            1.092902,
            43.026225,
            360.05
          ],
          [
            1.092325,
            43.026443,
            359.77
          ],
          [
            1.091545,
            43.026766,
            359.41
          ],
          [
            1.090759,
            43.027191,
            358.51
          ],
          [
            1.090196,
            43.027528,
            357.63
          ],
          [
            1.088935,
            43.028254,
            356.28
          ],
          [
            1.088219,
            43.028656,
            355.75
          ],
          [
            1.084977,
            43.030555,
            353.98
          ],
          [
            1.082707,
            43.03186,
            353.97
          ],
          [
            1.08172,
            43.032324,
            353.12
          ],
          [
            1.081049,
            43.0326,
            352.59
          ],
          [
            1.080231,
            43.032861,
            351.95
          ],
          [
            1.075007,
            43.034188,
            348.53
          ],
          [
            1.071387,
            43.035058,
            348.92
          ],
          [
            1.070026,
            43.035512,
            348.6
          ],
          [
            1.068847,
            43.035954,
            348.29
          ],
          [
            1.068217,
            43.036224,
            348.2
          ],
          [
            1.065976,
            43.037216,
            347.35
          ],
          [
            1.064928,
            43.037773,
            347.05
          ],
          [
            1.064702,
            43.037903,
            347.16
          ],
          [
            1.064427,
            43.038071,
            347.36
          ],
          [
            1.063967,
            43.038393,
            347.64
          ],
          [
            1.063943,
            43.038387,
            347.69
          ],
          [
            1.063724,
            43.038527,
            347.13
          ],
          [
            1.063513,
            43.038615,
            346.92
          ],
          [
            1.063243,
            43.038649,
            346.66
          ],
          [
            1.063077,
            43.038646,
            346.46
          ],
          [
            1.062936,
            43.038657,
            346.3
          ],
          [
            1.062385,
            43.038777,
            345.72
          ],
          [
            1.061561,
            43.038874,
            345.0
          ],
          [
            1.061103,
            43.03888,
            344.82
          ],
          [
            1.060271,
            43.038829,
            344.39
          ],
          [
            1.059591,
            43.038726,
            344.1
          ],
          [
            1.05913,
            43.038599,
            343.98
          ],
          [
            1.058988,
            43.038527,
            344.2
          ],
          [
            1.058947,
            43.038474,
            344.51
          ],
          [
            1.059124,
            43.0382,
            344.62
          ],
          [
            1.059149,
            43.038125,
            344.41
          ],
          [
            1.059134,
            43.038061,
            344.64
          ],
          [
            1.058284,
            43.037246,
            347.66
          ],
          [
            1.058255,
            43.037194,
            347.8
          ],
          [
            1.058297,
            43.037137,
            347.99
          ],
          [
            1.057159,
            43.036276,
            347.1
          ],
          [
            1.056535,
            43.03589,
            345.88
          ],
          [
            1.056048,
            43.035699,
            345.67
          ],
          [
            1.055461,
            43.035564,
            345.19
          ],
          [
            1.054119,
            43.035387,
            344.37
          ],
          [
            1.052894,
            43.035191,
            344.64
          ],
          [
            1.051214,
            43.035003,
            343.61
          ],
          [
            1.047283,
            43.034543,
            341.0
          ],
          [
            1.043003,
            43.03402,
            340.0
          ],
          [
            1.036691,
            43.033234,
            337.79
          ],
          [
            1.036705,
            43.033331,
            337.56
          ],
          [
            1.031998,
            43.032762,
            334.62
          ],
          [
            1.03059,
            43.032572,
            334.39
          ],
          [
            1.030195,
            43.032537,
            334.26
          ],
          [
            1.030061,
            43.03255,
            333.99
          ],
          [
            1.02992,
            43.032585,
            333.54
          ],
          [
            1.029874,
            43.032508,
            334.33
          ],
          [
            1.029823,
            43.032469,
            335.0
          ],
          [
            1.029549,
            43.032492,
            334.94
          ],
          [
            1.028661,
            43.032399,
            335.59
          ],
          [
            1.028328,
            43.032216,
            335.89
          ],
          [
            1.028199,
            43.03217,
            335.9
          ],
          [
            1.028012,
            43.032161,
            335.85
          ],
          [
            1.027967,
            43.032205,
            336.0
          ],
          [
            1.027861,
            43.032539,
            335.34
          ],
          [
            1.027821,
            43.032577,
            335.33
          ],
          [
            1.027731,
            43.032597,
            335.33
          ],
          [
            1.022894,
            43.032037,
            332.24
          ],
          [
            1.019355,
            43.031644,
            331.12
          ],
          [
            1.018724,
            43.031589,
            330.94
          ],
          [
            1.018207,
            43.031561,
            330.9
          ],
          [
            1.017453,
            43.031566,
            330.89
          ],
          [
            1.016923,
            43.031595,
            330.71
          ],
          [
            1.016204,
            43.031666,
            330.13
          ],
          [
            1.016039,
            43.030978,
            332.05
          ],
          [
            1.015595,
            43.031157,
            331.19
          ],
          [
            1.015331,
            43.031253,
            330.99
          ],
          [
            1.014892,
            43.031387,
            331.0
          ],
          [
            1.014563,
            43.031448,
            330.82
          ],
          [
            1.012914,
            43.031657,
            330.24
          ],
          [
            1.011234,
            43.03191,
            330.76
          ],
          [
            1.009734,
            43.03209,
            330.77
          ],
          [
            1.00893,
            43.032201,
            329.88
          ],
          [
            1.005441,
            43.032704,
            327.89
          ],
          [
            1.004623,
            43.0328,
            328.0
          ],
          [
            1.004622,
            43.032836,
            328.0
          ],
          [
            1.004515,
            43.032854,
            328.0
          ],
          [
            1.004028,
            43.032898,
            327.97
          ],
          [
            1.003881,
            43.032885,
            327.78
          ],
          [
            1.003797,
            43.032921,
            327.33
          ],
          [
            1.003762,
            43.033,
            327.03
          ],
          [
            1.003814,
            43.033488,
            325.8
          ],
          [
            1.00381,
            43.033547,
            325.7
          ],
          [
            1.003783,
            43.033588,
            325.62
          ],
          [
            1.00369,
            43.033648,
            325.48
          ],
          [
            1.003346,
            43.033729,
            325.17
          ],
          [
            1.003212,
            43.033774,
            325.09
          ],
          [
            1.003081,
            43.033903,
            325.01
          ],
          [
            1.002995,
            43.03395,
            325.0
          ],
          [
            1.002009,
            43.034199,
            324.62
          ],
          [
            1.001704,
            43.034293,
            324.49
          ],
          [
            1.000708,
            43.034623,
            324.18
          ],
          [
            0.998698,
            43.035315,
            323.11
          ],
          [
            0.998059,
            43.035574,
            322.98
          ],
          [
            0.997386,
            43.035898,
            322.97
          ],
          [
            0.996933,
            43.036148,
            322.96
          ],
          [
            0.996141,
            43.036689,
            323.02
          ],
          [
            0.995668,
            43.037069,
            325.07
          ],
          [
            0.995493,
            43.037177,
            325.94
          ],
          [
            0.995369,
            43.037204,
            326.46
          ],
          [
            0.99521,
            43.0372,
            327.1
          ],
          [
            0.995171,
            43.037219,
            327.29
          ],
          [
            0.995085,
            43.037299,
            327.84
          ],
          [
            0.994615,
            43.037823,
            327.91
          ],
          [
            0.994584,
            43.037878,
            327.67
          ],
          [
            0.994582,
            43.037928,
            327.38
          ],
          [
            0.994616,
            43.038006,
            326.59
          ],
          [
            0.994768,
            43.038123,
            324.46
          ],
          [
            0.99489,
            43.038197,
            323.58
          ],
          [
            0.995175,
            43.038331,
            321.82
          ],
          [
            0.995306,
            43.0383,
            322.2
          ],
          [
            0.99536,
            43.038395,
            321.65
          ],
          [
            0.995355,
            43.03847,
            321.1
          ],
          [
            0.995314,
            43.038525,
            320.24
          ],
          [
            0.995262,
            43.038543,
            319.94
          ],
          [
            0.995095,
            43.038532,
            321.36
          ],
          [
            0.995033,
            43.038569,
            321.81
          ],
          [
            0.994502,
            43.039382,
            322.86
          ],
          [
            0.994392,
            43.039485,
            323.17
          ],
          [
            0.99419,
            43.039772,
            323.78
          ],
          [
            0.994114,
            43.039815,
            324.19
          ],
          [
            0.994044,
            43.039962,
            323.63
          ],
          [
            0.993888,
            43.040218,
            323.22
          ],
          [
            0.993605,
            43.04063,
            322.74
          ],
          [
            0.993282,
            43.041062,
            322.36
          ],
          [
            0.992938,
            43.041459,
            321.98
          ],
          [
            0.992085,
            43.042331,
            321.24
          ],
          [
            0.989415,
            43.044987,
            320.5
          ],
          [
            0.986765,
            43.047591,
            318.9
          ],
          [
            0.985045,
            43.049337,
            318.2
          ],
          [
            0.98437,
            43.050125,
            318.37
          ],
          [
            0.983778,
            43.05091,
            317.35
          ],
          [
            0.983287,
            43.051682,
            318.77
          ],
          [
            0.982997,
            43.052219,
            318.81
          ],
          [
            0.981663,
            43.055275,
            318.0
          ],
          [
            0.98049,
            43.058023,
            317.7
          ],
          [
            0.98027,
            43.058576,
            317.66
          ],
          [
            0.979804,
            43.059546,
            317.72
          ],
          [
            0.978646,
            43.061494,
            316.99
          ],
          [
            0.97801,
            43.062315,
            316.51
          ],
          [
            0.97699,
            43.063488,
            315.62
          ],
          [
            0.975997,
            43.064484,
            314.99
          ],
          [
            0.975252,
            43.065134,
            315.0
          ],
          [
            0.972127,
            43.067566,
            311.99
          ],
          [
            0.970686,
            43.068661,
            309.78
          ],
          [
            0.967494,
            43.071123,
            307.16
          ],
          [
            0.966447,
            43.071956,
            307.52
          ],
          [
            0.966019,
            43.072258,
            307.62
          ],
          [
            0.963841,
            43.073943,
            305.62
          ],
          [
            0.963638,
            43.074091,
            305.62
          ],
          [
            0.963486,
            43.074121,
            305.62
          ],
          [
            0.963307,
            43.074075,
            305.61
          ],
          [
            0.963221,
            43.074064,
            305.61
          ],
          [
            0.963117,
            43.074085,
            305.62
          ],
          [
            0.963018,
            43.074152,
            305.63
          ],
          [
            0.959192,
            43.077191,
            303.69
          ],
          [
            0.959121,
            43.077252,
            303.69
          ],
          [
            0.959124,
            43.077338,
            303.68
          ],
          [
            0.959152,
            43.077408,
            303.66
          ],
          [
            0.959146,
            43.077465,
            303.69
          ],
          [
            0.958939,
            43.077587,
            304.16
          ],
          [
            0.958842,
            43.077643,
            303.97
          ],
          [
            0.955994,
            43.079729,
            303.44
          ],
          [
            0.955129,
            43.080651,
            302.68
          ],
          [
            0.95357,
            43.082665,
            298.48
          ],
          [
            0.953401,
            43.082932,
            301.14
          ],
          [
            0.952832,
            43.083756,
            302.73
          ],
          [
            0.952569,
            43.084306,
            303.0
          ],
          [
            0.95226,
            43.084235,
            303.0
          ],
          [
            0.951907,
            43.085377,
            302.89
          ],
          [
            0.951295,
            43.087263,
            303.0
          ],
          [
            0.951175,
            43.087239,
            303.0
          ],
          [
            0.951083,
            43.087507,
            303.0
          ],
          [
            0.950817,
            43.088407,
            303.84
          ],
          [
            0.950718,
            43.088544,
            303.99
          ],
          [
            0.950706,
            43.0886,
            304.0
          ],
          [
            0.950811,
            43.088585,
            304.0
          ],
          [
            0.950816,
            43.088618,
            303.99
          ],
          [
            0.950642,
            43.089127,
            304.01
          ],
          [
            0.95052,
            43.089533,
            303.88
          ],
          [
            0.950373,
            43.089864,
            304.24
          ],
          [
            0.950252,
            43.09025,
            304.22
          ],
          [
            0.950079,
            43.090929,
            305.0
          ],
          [
            0.949981,
            43.090919,
            304.95
          ],
          [
            0.94989,
            43.090948,
            304.82
          ],
          [
            0.949917,
            43.091067,
            304.93
          ],
          [
            0.949877,
            43.091424,
            305.68
          ],
          [
            0.949872,
            43.091657,
            306.1
          ],
          [
            0.949815,
            43.091694,
            306.39
          ],
          [
            0.949726,
            43.091942,
            308.02
          ],
          [
            0.94894,
            43.094406,
            332.87
          ],
          [
            0.948856,
            43.094547,
            334.79
          ],
          [
            0.948793,
            43.094595,
            335.56
          ],
          [
            0.948859,
            43.094686,
            335.43
          ],
          [
            0.948863,
            43.094927,
            335.19
          ],
          [
            0.948705,
            43.095883,
            334.02
          ],
          [
            0.948671,
            43.096487,
            340.42
          ],
          [
            0.948623,
            43.096798,
            343.48
          ],
          [
            0.948554,
            43.096919,
            343.99
          ],
          [
            0.947768,
            43.097733,
            340.88
          ],
          [
            0.947551,
            43.097984,
            338.79
          ],
          [
            0.947537,
            43.098055,
            337.61
          ],
          [
            0.947596,
            43.098105,
            336.84
          ],
          [
            0.947815,
            43.098163,
            336.27
          ],
          [
            0.948376,
            43.098275,
            336.11
          ],
          [
            0.948805,
            43.09844,
            335.14
          ],
          [
            0.949703,
            43.09882,
            330.92
          ],
          [
            0.94994,
            43.099022,
            328.87
          ],
          [
            0.950242,
            43.099245,
            326.66
          ],
          [
            0.950593,
            43.099436,
            324.33
          ],
          [
            0.951029,
            43.099626,
            322.87
          ],
          [
            0.950877,
            43.099712,
            322.6
          ],
          [
            0.950762,
            43.099805,
            321.89
          ],
          [
            0.950686,
            43.099901,
            321.42
          ],
          [
            0.950582,
            43.100108,
            322.38
          ],
          [
            0.949944,
            43.101635,
            330.97
          ],
          [
            0.949833,
            43.101634,
            331.66
          ],
          [
            0.949797,
            43.101667,
            331.93
          ],
          [
            0.949665,
            43.101835,
            333.72
          ],
          [
            0.94959,
            43.101884,
            334.55
          ],
          [
            0.949457,
            43.101912,
            335.52
          ],
          [
            0.949324,
            43.101897,
            336.73
          ],
          [
            0.949084,
            43.101835,
            338.97
          ],
          [
            0.948679,
            43.1017,
            342.08
          ],
          [
            0.94848,
            43.101658,
            343.3
          ],
          [
            0.948164,
            43.101656,
            344.9
          ],
          [
            0.947481,
            43.101726,
            347.5
          ],
          [
            0.946702,
            43.101824,
            348.64
          ],
          [
            0.946136,
            43.10195,
            348.4
          ],
          [
            0.945448,
            43.102209,
            347.46
          ],
          [
            0.94528,
            43.102308,
            347.03
          ],
          [
            0.945224,
            43.102373,
            346.78
          ],
          [
            0.945221,
            43.102429,
            346.42
          ],
          [
            0.94486,
            43.102456,
            347.3
          ],
          [
            0.944558,
            43.102491,
            348.11
          ],
          [
            0.944331,
            43.10255,
            348.96
          ],
          [
            0.944122,
            43.102637,
            348.96
          ],
          [
            0.943926,
            43.102734,
            349.5
          ],
          [
            0.94375,
            43.102861,
            350.08
          ],
          [
            0.943578,
            43.103028,
            350.99
          ],
          [
            0.943437,
            43.10306,
            351.29
          ],
          [
            0.943321,
            43.103149,
            352.08
          ],
          [
            0.94325,
            43.103263,
            352.67
          ],
          [
            0.943202,
            43.103387,
            353.28
          ],
          [
            0.943169,
            43.1036,
            354.28
          ],
          [
            0.943211,
            43.103827,
            355.24
          ],
          [
            0.943213,
            43.104076,
            356.07
          ],
          [
            0.943193,
            43.104307,
            356.93
          ],
          [
            0.943128,
            43.104438,
            357.42
          ],
          [
            0.943035,
            43.104509,
            357.78
          ],
          [
            0.94236,
            43.104798,
            359.93
          ],
          [
            0.94197,
            43.104901,
            361.11
          ],
          [
            0.941649,
            43.104936,
            361.97
          ],
          [
            0.941558,
            43.104936,
            362.16
          ],
          [
            0.941447,
            43.104908,
            362.63
          ],
          [
            0.940858,
            43.105002,
            363.4
          ],
          [
            0.940677,
            43.105049,
            363.88
          ],
          [
            0.940552,
            43.105092,
            363.7
          ],
          [
            0.940428,
            43.105149,
            363.77
          ],
          [
            0.940262,
            43.105249,
            364.08
          ],
          [
            0.940099,
            43.105377,
            364.39
          ],
          [
            0.939944,
            43.105526,
            364.84
          ],
          [
            0.939781,
            43.105726,
            365.05
          ],
          [
            0.939125,
            43.106603,
            361.88
          ],
          [
            0.938877,
            43.106963,
            360.05
          ],
          [
            0.938757,
            43.107208,
            358.81
          ],
          [
            0.938375,
            43.108375,
            352.91
          ],
          [
            0.938177,
            43.10833,
            352.42
          ],
          [
            0.938004,
            43.10833,
            351.6
          ],
          [
            0.937902,
            43.108396,
            351.06
          ],
          [
            0.937775,
            43.108567,
            350.32
          ],
          [
            0.937375,
            43.109226,
            347.54
          ],
          [
            0.936912,
            43.109865,
            343.94
          ],
          [
            0.936363,
            43.110461,
            342.02
          ],
          [
            0.935972,
            43.110824,
            340.62
          ],
          [
            0.935399,
            43.111321,
            338.59
          ],
          [
            0.935147,
            43.111605,
            337.58
          ],
          [
            0.934932,
            43.111926,
            337.0
          ],
          [
            0.934927,
            43.111981,
            337.0
          ],
          [
            0.934963,
            43.112062,
            337.0
          ],
          [
            0.934811,
            43.112108,
            336.87
          ],
          [
            0.934524,
            43.112247,
            336.11
          ],
          [
            0.934043,
            43.112571,
            335.0
          ],
          [
            0.934004,
            43.112534,
            335.0
          ],
          [
            0.933952,
            43.112507,
            335.0
          ],
          [
            0.933892,
            43.112493,
            335.0
          ],
          [
            0.933829,
            43.112491,
            335.0
          ],
          [
            0.93376,
            43.112505,
            335.08
          ],
          [
            0.933701,
            43.112534,
            335.1
          ],
          [
            0.933657,
            43.112575,
            335.09
          ],
          [
            0.933635,
            43.112625,
            335.03
          ],
          [
            0.933635,
            43.112677,
            335.0
          ],
          [
            0.932965,
            43.112793,
            336.42
          ],
          [
            0.93285,
            43.11282,
            336.51
          ],
          [
            0.932736,
            43.112857,
            336.58
          ],
          [
            0.932634,
            43.112917,
            336.73
          ],
          [
            0.932522,
            43.113012,
            336.88
          ],
          [
            0.932267,
            43.113269,
            337.05
          ],
          [
            0.931913,
            43.113564,
            336.97
          ],
          [
            0.931725,
            43.113701,
            336.41
          ],
          [
            0.931566,
            43.113676,
            337.18
          ],
          [
            0.931354,
            43.113624,
            337.76
          ],
          [
            0.931067,
            43.113539,
            338.19
          ],
          [
            0.930252,
            43.113397,
            339.19
          ],
          [
            0.929965,
            43.113334,
            339.44
          ],
          [
            0.929812,
            43.113285,
            339.59
          ],
          [
            0.92937,
            43.113116,
            340.06
          ],
          [
            0.928399,
            43.112797,
            340.72
          ],
          [
            0.927951,
            43.112673,
            340.69
          ],
          [
            0.926269,
            43.112315,
            337.37
          ],
          [
            0.926078,
            43.112332,
            335.74
          ],
          [
            0.925908,
            43.112321,
            334.24
          ],
          [
            0.9256,
            43.112273,
            331.04
          ],
          [
            0.925415,
            43.112266,
            329.12
          ],
          [
            0.924476,
            43.112303,
            319.58
          ],
          [
            0.924291,
            43.112364,
            317.6
          ],
          [
            0.924094,
            43.112508,
            314.98
          ],
          [
            0.923924,
            43.112709,
            311.89
          ],
          [
            0.923669,
            43.113102,
            307.24
          ],
          [
            0.923338,
            43.113015,
            305.49
          ],
          [
            0.923209,
            43.112993,
            304.82
          ],
          [
            0.923066,
            43.112985,
            304.17
          ],
          [
            0.922924,
            43.112996,
            302.92
          ],
          [
            0.922729,
            43.113042,
            303.73
          ],
          [
            0.922574,
            43.1131,
            303.84
          ],
          [
            0.922135,
            43.113378,
            303.41
          ],
          [
            0.921984,
            43.11345,
            302.79
          ],
          [
            0.921766,
            43.113501,
            301.76
          ],
          [
            0.921578,
            43.113514,
            301.24
          ],
          [
            0.921442,
            43.113504,
            300.94
          ],
          [
            0.921295,
            43.113481,
            300.69
          ],
          [
            0.921157,
            43.113439,
            300.57
          ],
          [
            0.921047,
            43.113385,
            300.4
          ],
          [
            0.920906,
            43.1133,
            300.13
          ],
          [
            0.920632,
            43.113061,
            299.52
          ],
          [
            0.920505,
            43.112986,
            299.24
          ],
          [
            0.920317,
            43.112906,
            298.99
          ],
          [
            0.920096,
            43.112882,
            298.58
          ],
          [
            0.919995,
            43.11289,
            298.29
          ],
          [
            0.919882,
            43.112918,
            297.93
          ],
          [
            0.918515,
            43.113517,
            294.45
          ],
          [
            0.918258,
            43.113639,
            295.52
          ],
          [
            0.918109,
            43.11374,
            295.39
          ],
          [
            0.91738,
            43.114343,
            294.59
          ],
          [
            0.917253,
            43.114422,
            294.72
          ],
          [
            0.917013,
            43.11453,
            294.81
          ],
          [
            0.915598,
            43.115041,
            294.46
          ],
          [
            0.915482,
            43.115102,
            294.42
          ],
          [
            0.91541,
            43.115161,
            294.39
          ],
          [
            0.915357,
            43.115224,
            294.37
          ],
          [
            0.915294,
            43.115333,
            294.34
          ],
          [
            0.915126,
            43.11595,
            294.42
          ],
          [
            0.914989,
            43.116646,
            295.0
          ],
          [
            0.914927,
            43.116854,
            295.53
          ],
          [
            0.914865,
            43.116997,
            296.04
          ],
          [
            0.914803,
            43.117109,
            296.41
          ],
          [
            0.914717,
            43.117217,
            296.72
          ],
          [
            0.914573,
            43.11735,
            297.13
          ],
          [
            0.914246,
            43.117621,
            297.98
          ],
          [
            0.913146,
            43.118629,
            299.0
          ],
          [
            0.913,
            43.118753,
            299.0
          ],
          [
            0.91261,
            43.119049,
            298.07
          ],
          [
            0.912519,
            43.119153,
            298.0
          ],
          [
            0.912462,
            43.119368,
            298.0
          ],
          [
            0.912391,
            43.119552,
            298.0
          ],
          [
            0.912036,
            43.120154,
            298.31
          ],
          [
            0.912013,
            43.120248,
            298.04
          ],
          [
            0.912013,
            43.120751,
            298.04
          ],
          [
            0.912035,
            43.120877,
            298.94
          ],
          [
            0.912088,
            43.120943,
            299.0
          ],
          [
            0.912134,
            43.120985,
            298.98
          ],
          [
            0.912505,
            43.121218,
            299.0
          ],
          [
            0.912567,
            43.121277,
            299.09
          ],
          [
            0.913389,
            43.121588,
            299.0
          ],
          [
            0.913305,
            43.121732,
            299.78
          ],
          [
            0.913298,
            43.121795,
            299.99
          ],
          [
            0.913122,
            43.122169,
            299.28
          ],
          [
            0.913382,
            43.122279,
            299.49
          ],
          [
            0.913535,
            43.122402,
            299.19
          ],
          [
            0.913647,
            43.122504,
            299.0
          ],
          [
            0.914068,
            43.122908,
            298.59
          ],
          [
            0.914186,
            43.122992,
            298.47
          ],
          [
            0.914606,
            43.123241,
            298.0
          ],
          [
            0.914798,
            43.123421,
            297.25
          ],
          [
            0.915026,
            43.123774,
            297.02
          ],
          [
            0.914812,
            43.123868,
            297.7
          ],
          [
            0.914744,
            43.123917,
            297.87
          ],
          [
            0.914721,
            43.123977,
            298.03
          ],
          [
            0.914718,
            43.124059,
            298.24
          ],
          [
            0.914805,
            43.124499,
            298.74
          ],
          [
            0.914972,
            43.125093,
            298.71
          ],
          [
            0.915205,
            43.125802,
            298.23
          ],
          [
            0.915603,
            43.126759,
            297.67
          ],
          [
            0.915672,
            43.126962,
            297.54
          ],
          [
            0.915849,
            43.127714,
            297.46
          ],
          [
            0.915917,
            43.128125,
            298.0
          ],
          [
            0.91593,
            43.128323,
            298.41
          ],
          [
            0.915915,
            43.128456,
            298.75
          ],
          [
            0.915838,
            43.128644,
            299.32
          ],
          [
            0.915593,
            43.129363,
            302.13
          ],
          [
            0.915368,
            43.1298,
            304.17
          ],
          [
            0.915376,
            43.129865,
            304.55
          ],
          [
            0.915326,
            43.129853,
            304.69
          ],
          [
            0.915049,
            43.130217,
            306.02
          ],
          [
            0.914467,
            43.130864,
            308.34
          ],
          [
            0.914235,
            43.131341,
            309.96
          ],
          [
            0.914143,
            43.13145,
            310.43
          ],
          [
            0.913791,
            43.131663,
            312.16
          ],
          [
            0.913772,
            43.131818,
            312.23
          ],
          [
            0.913845,
            43.13255,
            311.72
          ],
          [
            0.913831,
            43.13275,
            311.49
          ],
          [
            0.913778,
            43.133008,
            310.94
          ],
          [
            0.913753,
            43.133184,
            310.42
          ],
          [
            0.913665,
            43.133985,
            306.37
          ],
          [
            0.913668,
            43.134153,
            305.26
          ],
          [
            0.913858,
            43.134989,
            301.68
          ],
          [
            0.91385,
            43.135058,
            301.77
          ],
          [
            0.913455,
            43.135818,
            307.63
          ],
          [
            0.913019,
            43.136167,
            310.06
          ],
          [
            0.912741,
            43.136303,
            310.77
          ],
          [
            0.911736,
            43.136693,
            309.93
          ],
          [
            0.911294,
            43.136813,
            309.62
          ],
          [
            0.911099,
            43.136467,
            308.81
          ],
          [
            0.910058,
            43.13662,
            310.18
          ],
          [
            0.909625,
            43.136745,
            310.97
          ],
          [
            0.908965,
            43.137058,
            312.14
          ],
          [
            0.908499,
            43.137097,
            312.94
          ],
          [
            0.907791,
            43.136991,
            313.72
          ],
          [
            0.906671,
            43.13712,
            315.91
          ],
          [
            0.905872,
            43.137147,
            318.2
          ],
          [
            0.905394,
            43.137448,
            318.35
          ],
          [
            0.90511,
            43.13775,
            318.3
          ],
          [
            0.904815,
            43.137875,
            318.48
          ],
          [
            0.902405,
            43.138399,
            327.32
          ],
          [
            0.902025,
            43.138418,
            329.21
          ],
          [
            0.901676,
            43.138516,
            331.27
          ],
          [
            0.901547,
            43.138524,
            332.13
          ],
          [
            0.901311,
            43.138438,
            334.14
          ],
          [
            0.901166,
            43.138242,
            336.9
          ],
          [
            0.901048,
            43.138242,
            338.07
          ],
          [
            0.900029,
            43.1385,
            351.08
          ],
          [
            0.898913,
            43.138853,
            362.66
          ],
          [
            0.898223,
            43.138928,
            364.46
          ],
          [
            0.897966,
            43.138919,
            364.17
          ],
          [
            0.897188,
            43.138819,
            361.78
          ],
          [
            0.897043,
            43.138812,
            361.19
          ],
          [
            0.896985,
            43.138845,
            361.19
          ],
          [
            0.896536,
            43.138969,
            361.18
          ],
          [
            0.89639,
            43.139021,
            361.25
          ],
          [
            0.896349,
            43.13907,
            361.4
          ],
          [
            0.896338,
            43.139124,
            361.85
          ],
          [
            0.896228,
            43.13916,
            361.98
          ],
          [
            0.896062,
            43.139184,
            362.47
          ],
          [
            0.895656,
            43.139209,
            364.6
          ],
          [
            0.895366,
            43.139263,
            365.93
          ],
          [
            0.894599,
            43.139496,
            369.39
          ],
          [
            0.894435,
            43.139557,
            369.93
          ],
          [
            0.893596,
            43.139908,
            371.57
          ],
          [
            0.893287,
            43.140121,
            371.62
          ],
          [
            0.893005,
            43.140295,
            371.44
          ],
          [
            0.892851,
            43.14036,
            371.34
          ],
          [
            0.892648,
            43.140425,
            371.21
          ],
          [
            0.89191,
            43.140515,
            371.43
          ],
          [
            0.891469,
            43.140542,
            372.05
          ],
          [
            0.891221,
            43.140585,
            372.39
          ],
          [
            0.891038,
            43.140633,
            372.72
          ],
          [
            0.890768,
            43.140728,
            373.37
          ],
          [
            0.89056,
            43.14077,
            373.79
          ],
          [
            0.89034,
            43.140842,
            373.93
          ],
          [
            0.890121,
            43.140941,
            374.58
          ],
          [
            0.890012,
            43.141035,
            375.33
          ],
          [
            0.889964,
            43.141116,
            376.32
          ],
          [
            0.889885,
            43.141303,
            379.06
          ],
          [
            0.889713,
            43.141252,
            378.6
          ],
          [
            0.889105,
            43.141139,
            377.89
          ],
          [
            0.888883,
            43.141131,
            377.64
          ],
          [
            0.888559,
            43.141156,
            377.25
          ],
          [
            0.887626,
            43.141367,
            375.44
          ],
          [
            0.887065,
            43.141508,
            374.19
          ],
          [
            0.886892,
            43.141536,
            373.9
          ],
          [
            0.886325,
            43.141598,
            373.37
          ],
          [
            0.885344,
            43.141719,
            374.34
          ],
          [
            0.884832,
            43.141845,
            375.39
          ],
          [
            0.884345,
            43.141992,
            376.87
          ],
          [
            0.88355,
            43.142129,
            380.0
          ],
          [
            0.881229,
            43.142379,
            380.41
          ],
          [
            0.881008,
            43.142386,
            378.67
          ],
          [
            0.880204,
            43.142435,
            373.61
          ],
          [
            0.879962,
            43.142393,
            372.1
          ],
          [
            0.879768,
            43.142305,
            370.74
          ],
          [
            0.879563,
            43.142156,
            369.05
          ],
          [
            0.878927,
            43.141518,
            363.16
          ],
          [
            0.878748,
            43.141396,
            362.0
          ],
          [
            0.87854,
            43.141337,
            362.9
          ],
          [
            0.878191,
            43.141332,
            364.62
          ],
          [
            0.877651,
            43.141428,
            367.58
          ],
          [
            0.877056,
            43.141463,
            369.94
          ],
          [
            0.876979,
            43.141442,
            369.78
          ],
          [
            0.876936,
            43.141493,
            370.08
          ],
          [
            0.876866,
            43.141526,
            370.18
          ],
          [
            0.876598,
            43.141593,
            370.15
          ],
          [
            0.876502,
            43.141649,
            370.42
          ],
          [
            0.876413,
            43.141641,
            370.41
          ],
          [
            0.876174,
            43.141692,
            370.66
          ],
          [
            0.876074,
            43.141757,
            370.83
          ],
          [
            0.875829,
            43.142031,
            371.05
          ],
          [
            0.875706,
            43.142103,
            371.11
          ],
          [
            0.87485,
            43.142444,
            370.86
          ],
          [
            0.874077,
            43.142829,
            370.83
          ],
          [
            0.873992,
            43.142857,
            371.05
          ],
          [
            0.873598,
            43.142978,
            370.89
          ],
          [
            0.873023,
            43.143134,
            370.14
          ],
          [
            0.871897,
            43.143458,
            368.33
          ],
          [
            0.871291,
            43.143577,
            367.78
          ],
          [
            0.870877,
            43.143569,
            367.37
          ],
          [
            0.870498,
            43.143511,
            367.18
          ],
          [
            0.870378,
            43.143501,
            367.19
          ],
          [
            0.869835,
            43.143563,
            367.82
          ],
          [
            0.868766,
            43.143627,
            368.91
          ],
          [
            0.868597,
            43.143653,
            369.04
          ],
          [
            0.868506,
            43.14369,
            369.15
          ],
          [
            0.868422,
            43.143818,
            369.04
          ],
          [
            0.868228,
            43.144064,
            369.05
          ],
          [
            0.867956,
            43.144225,
            369.38
          ],
          [
            0.866386,
            43.14509,
            371.76
          ],
          [
            0.866214,
            43.145239,
            372.08
          ],
          [
            0.866058,
            43.14563,
            373.13
          ],
          [
            0.865994,
            43.145716,
            373.49
          ],
          [
            0.865388,
            43.145873,
            375.8
          ],
          [
            0.865023,
            43.145943,
            377.42
          ],
          [
            0.864782,
            43.146033,
            378.75
          ],
          [
            0.864385,
            43.146292,
            381.36
          ],
          [
            0.863895,
            43.146678,
            385.28
          ],
          [
            0.863738,
            43.146788,
            386.58
          ],
          [
            0.863541,
            43.146873,
            387.71
          ],
          [
            0.861974,
            43.147462,
            394.57
          ],
          [
            0.861505,
            43.147645,
            396.53
          ],
          [
            0.859422,
            43.148505,
            408.33
          ],
          [
            0.858051,
            43.148907,
            414.9
          ],
          [
            0.857148,
            43.149063,
            417.5
          ],
          [
            0.855496,
            43.149313,
            418.98
          ],
          [
            0.854458,
            43.149507,
            420.21
          ],
          [
            0.853266,
            43.149743,
            423.23
          ],
          [
            0.853148,
            43.150118,
            422.07
          ],
          [
            0.85302,
            43.150464,
            423.08
          ],
          [
            0.852713,
            43.150841,
            423.98
          ],
          [
            0.85171,
            43.151796,
            426.44
          ],
          [
            0.851169,
            43.152416,
            426.1
          ],
          [
            0.849846,
            43.153468,
            421.61
          ],
          [
            0.849284,
            43.153817,
            423.39
          ],
          [
            0.848676,
            43.154099,
            426.84
          ],
          [
            0.848234,
            43.154226,
            429.77
          ],
          [
            0.847649,
            43.154275,
            430.41
          ],
          [
            0.84714,
            43.154347,
            429.73
          ],
          [
            0.845239,
            43.155079,
            430.31
          ],
          [
            0.844759,
            43.155309,
            430.82
          ],
          [
            0.844439,
            43.155496,
            431.16
          ],
          [
            0.84417,
            43.155618,
            430.79
          ],
          [
            0.844051,
            43.155769,
            430.25
          ],
          [
            0.843887,
            43.155925,
            429.27
          ],
          [
            0.843756,
            43.156023,
            428.55
          ],
          [
            0.843421,
            43.156176,
            426.92
          ],
          [
            0.843195,
            43.156254,
            425.83
          ],
          [
            0.84304,
            43.156298,
            425.08
          ],
          [
            0.842873,
            43.156327,
            424.33
          ],
          [
            0.842648,
            43.156342,
            423.22
          ],
          [
            0.842502,
            43.156365,
            422.52
          ],
          [
            0.842232,
            43.156442,
            420.69
          ],
          [
            0.842003,
            43.156537,
            419.17
          ],
          [
            0.841767,
            43.156684,
            416.96
          ],
          [
            0.841675,
            43.156771,
            416.07
          ],
          [
            0.841672,
            43.156837,
            415.82
          ],
          [
            0.841695,
            43.156934,
            415.53
          ],
          [
            0.841681,
            43.156986,
            415.3
          ],
          [
            0.841559,
            43.157116,
            414.06
          ],
          [
            0.841009,
            43.157629,
            412.59
          ],
          [
            0.840873,
            43.157711,
            412.6
          ],
          [
            0.840653,
            43.157805,
            412.8
          ],
          [
            0.840036,
            43.157962,
            413.96
          ],
          [
            0.839607,
            43.15804,
            415.08
          ],
          [
            0.83844,
            43.158181,
            418.44
          ],
          [
            0.837372,
            43.158255,
            424.77
          ],
          [
            0.837026,
            43.1583,
            425.57
          ],
          [
            0.836975,
            43.158345,
            425.67
          ],
          [
            0.836948,
            43.158406,
            425.85
          ],
          [
            0.836938,
            43.158467,
            425.97
          ],
          [
            0.837231,
            43.159085,
            427.31
          ],
          [
            0.837343,
            43.159377,
            428.21
          ],
          [
            0.837404,
            43.159722,
            429.43
          ],
          [
            0.837255,
            43.160655,
            430.19
          ],
          [
            0.837092,
            43.161184,
            429.57
          ],
          [
            0.837098,
            43.161574,
            429.05
          ],
          [
            0.837044,
            43.161715,
            428.68
          ],
          [
            0.83641,
            43.162408,
            423.83
          ],
          [
            0.836269,
            43.16271,
            420.99
          ],
          [
            0.836254,
            43.162999,
            418.42
          ],
          [
            0.836242,
            43.163634,
            413.02
          ],
          [
            0.836074,
            43.16411,
            411.99
          ],
          [
            0.835814,
            43.164545,
            413.69
          ],
          [
            0.835341,
            43.165011,
            416.81
          ],
          [
            0.834422,
            43.165233,
            421.78
          ],
          [
            0.833851,
            43.165352,
            425.02
          ],
          [
            0.833714,
            43.165484,
            427.22
          ],
          [
            0.833737,
            43.165673,
            429.52
          ],
          [
            0.834434,
            43.166285,
            435.82
          ],
          [
            0.834527,
            43.166416,
            436.91
          ],
          [
            0.834555,
            43.166589,
            438.2
          ],
          [
            0.8344,
            43.167665,
            445.73
          ],
          [
            0.834424,
            43.168775,
            450.12
          ],
          [
            0.834638,
            43.170432,
            449.79
          ],
          [
            0.834614,
            43.170978,
            448.45
          ],
          [
            0.834472,
            43.171473,
            449.66
          ],
          [
            0.833984,
            43.172479,
            455.33
          ],
          [
            0.833494,
            43.173987,
            459.14
          ],
          [
            0.833459,
            43.174294,
            460.61
          ],
          [
            0.833378,
            43.174551,
            459.48
          ],
          [
            0.832731,
            43.175254,
            451.64
          ],
          [
            0.832419,
            43.1755,
            448.0
          ],
          [
            0.831964,
            43.175784,
            443.0
          ],
          [
            0.831851,
            43.175889,
            441.49
          ],
          [
            0.831832,
            43.176002,
            440.16
          ],
          [
            0.831908,
            43.176211,
            437.56
          ],
          [
            0.831946,
            43.176504,
            433.96
          ],
          [
            0.831693,
            43.177413,
            422.95
          ],
          [
            0.831121,
            43.179361,
            397.41
          ],
          [
            0.831038,
            43.179494,
            395.74
          ],
          [
            0.830855,
            43.179721,
            392.05
          ],
          [
            0.830804,
            43.179864,
            389.06
          ],
          [
            0.830829,
            43.179997,
            387.12
          ],
          [
            0.83092,
            43.180219,
            384.32
          ],
          [
            0.831422,
            43.180982,
            376.01
          ],
          [
            0.832034,
            43.181947,
            364.18
          ],
          [
            0.832097,
            43.182111,
            362.74
          ],
          [
            0.832121,
            43.182288,
            361.29
          ],
          [
            0.831909,
            43.183633,
            352.27
          ],
          [
            0.831815,
            43.183829,
            350.67
          ],
          [
            0.831661,
            43.183969,
            349.02
          ],
          [
            0.831019,
            43.184336,
            348.51
          ],
          [
            0.830659,
            43.184519,
            349.23
          ],
          [
            0.82639,
            43.186426,
            339.1
          ],
          [
            0.826213,
            43.187332,
            335.48
          ],
          [
            0.826146,
            43.187447,
            335.38
          ],
          [
            0.825986,
            43.18754,
            334.81
          ],
          [
            0.825655,
            43.187646,
            334.14
          ],
          [
            0.825011,
            43.18787,
            333.34
          ],
          [
            0.823676,
            43.188153,
            332.12
          ],
          [
            0.82339,
            43.188225,
            331.78
          ],
          [
            0.823051,
            43.18834,
            331.33
          ],
          [
            0.822617,
            43.188523,
            330.98
          ],
          [
            0.821971,
            43.188765,
            330.0
          ],
          [
            0.821825,
            43.189892,
            328.0
          ],
          [
            0.821829,
            43.189989,
            328.0
          ],
          [
            0.821816,
            43.190049,
            328.0
          ],
          [
            0.821758,
            43.190164,
            328.0
          ],
          [
            0.821645,
            43.190344,
            328.0
          ],
          [
            0.821288,
            43.190704,
            328.0
          ],
          [
            0.821231,
            43.190796,
            328.0
          ],
          [
            0.821137,
            43.190799,
            328.02
          ],
          [
            0.820951,
            43.190918,
            328.38
          ],
          [
            0.82087,
            43.191032,
            329.15
          ],
          [
            0.820566,
            43.191062,
            329.71
          ],
          [
            0.820231,
            43.191084,
            330.55
          ],
          [
            0.820233,
            43.191116,
            330.87
          ],
          [
            0.820209,
            43.191153,
            331.52
          ],
          [
            0.820106,
            43.191254,
            333.0
          ],
          [
            0.820063,
            43.191272,
            333.45
          ],
          [
            0.820004,
            43.191276,
            333.9
          ],
          [
            0.819888,
            43.191267,
            334.13
          ],
          [
            0.819843,
            43.19128,
            334.56
          ],
          [
            0.820067,
            43.191371,
            336.4
          ],
          [
            0.820109,
            43.19141,
            337.12
          ],
          [
            0.820226,
            43.191418,
            337.01
          ],
          [
            0.820403,
            43.191457,
            338.86
          ],
          [
            0.820456,
            43.191505,
            340.13
          ],
          [
            0.820501,
            43.191629,
            342.43
          ],
          [
            0.820533,
            43.191777,
            345.89
          ],
          [
            0.82051,
            43.191841,
            347.05
          ],
          [
            0.820443,
            43.191871,
            347.47
          ],
          [
            0.820321,
            43.191898,
            348.08
          ],
          [
            0.820061,
            43.191937,
            349.25
          ],
          [
            0.819757,
            43.191972,
            350.14
          ],
          [
            0.8196,
            43.192257,
            353.93
          ],
          [
            0.81953,
            43.192345,
            355.06
          ],
          [
            0.819414,
            43.192432,
            356.41
          ],
          [
            0.819323,
            43.192479,
            357.22
          ],
          [
            0.819257,
            43.192465,
            356.99
          ],
          [
            0.819164,
            43.192743,
            360.64
          ],
          [
            0.819118,
            43.192997,
            362.38
          ],
          [
            0.818989,
            43.193218,
            364.05
          ],
          [
            0.818948,
            43.193359,
            364.32
          ],
          [
            0.818897,
            43.193486,
            364.22
          ],
          [
            0.818784,
            43.193588,
            364.66
          ],
          [
            0.818114,
            43.194033,
            368.44
          ],
          [
            0.817944,
            43.194121,
            369.21
          ],
          [
            0.817455,
            43.19427,
            371.15
          ],
          [
            0.817257,
            43.194303,
            371.88
          ],
          [
            0.817047,
            43.194316,
            372.62
          ],
          [
            0.815824,
            43.194364,
            377.3
          ],
          [
            0.815654,
            43.194365,
            378.32
          ],
          [
            0.815419,
            43.194439,
            380.23
          ],
          [
            0.815281,
            43.194505,
            381.12
          ],
          [
            0.815115,
            43.194738,
            381.77
          ],
          [
            0.814999,
            43.194948,
            381.94
          ],
          [
            0.814951,
            43.195071,
            381.99
          ],
          [
            0.81489,
            43.195145,
            381.95
          ],
          [
            0.814339,
            43.195609,
            380.92
          ],
          [
            0.81418,
            43.195757,
            380.51
          ],
          [
            0.813665,
            43.196474,
            379.79
          ],
          [
            0.81339,
            43.196742,
            380.29
          ],
          [
            0.813058,
            43.197005,
            381.83
          ],
          [
            0.812757,
            43.197138,
            383.37
          ],
          [
            0.812354,
            43.197247,
            385.42
          ],
          [
            0.811971,
            43.197316,
            387.45
          ],
          [
            0.811567,
            43.197374,
            389.57
          ],
          [
            0.811154,
            43.197446,
            391.24
          ],
          [
            0.810993,
            43.197532,
            390.91
          ],
          [
            0.810914,
            43.197619,
            390.19
          ],
          [
            0.810816,
            43.197751,
            388.76
          ],
          [
            0.81065,
            43.198058,
            385.14
          ],
          [
            0.810492,
            43.198257,
            382.53
          ],
          [
            0.810306,
            43.1984,
            380.15
          ],
          [
            0.810168,
            43.198468,
            378.67
          ],
          [
            0.809972,
            43.19852,
            376.85
          ],
          [
            0.809331,
            43.198656,
            371.57
          ],
          [
            0.809023,
            43.198734,
            369.37
          ],
          [
            0.808878,
            43.198797,
            368.31
          ],
          [
            0.808753,
            43.198878,
            367.31
          ],
          [
            0.808187,
            43.199365,
            362.62
          ],
          [
            0.807864,
            43.199605,
            359.8
          ],
          [
            0.807751,
            43.199702,
            358.57
          ],
          [
            0.807665,
            43.199808,
            357.29
          ],
          [
            0.807623,
            43.199879,
            356.44
          ],
          [
            0.807586,
            43.199951,
            355.58
          ],
          [
            0.807586,
            43.200008,
            354.91
          ],
          [
            0.807608,
            43.200067,
            354.19
          ],
          [
            0.807645,
            43.20011,
            353.58
          ],
          [
            0.807707,
            43.200155,
            352.82
          ],
          [
            0.807844,
            43.200235,
            351.27
          ],
          [
            0.807879,
            43.200269,
            350.75
          ],
          [
            0.807883,
            43.200321,
            350.13
          ],
          [
            0.807871,
            43.200386,
            349.33
          ],
          [
            0.807724,
            43.200522,
            347.12
          ],
          [
            0.807423,
            43.200684,
            343.59
          ],
          [
            0.807319,
            43.200746,
            342.34
          ],
          [
            0.807247,
            43.200808,
            341.32
          ],
          [
            0.807045,
            43.201078,
            337.68
          ],
          [
            0.806893,
            43.20132,
            334.78
          ],
          [
            0.806336,
            43.201982,
            329.78
          ],
          [
            0.806263,
            43.20209,
            329.59
          ],
          [
            0.806171,
            43.202262,
            329.54
          ],
          [
            0.80571,
            43.203379,
            330.14
          ],
          [
            0.805644,
            43.203503,
            329.71
          ],
          [
            0.805391,
            43.203829,
            328.03
          ],
          [
            0.805099,
            43.204154,
            324.68
          ],
          [
            0.804992,
            43.204305,
            323.12
          ],
          [
            0.804869,
            43.204457,
            321.74
          ],
          [
            0.804434,
            43.205137,
            317.05
          ],
          [
            0.804357,
            43.205238,
            316.49
          ],
          [
            0.804317,
            43.205516,
            316.67
          ],
          [
            0.804323,
            43.205633,
            316.11
          ],
          [
            0.804767,
            43.207122,
            315.15
          ],
          [
            0.80499,
            43.208709,
            322.61
          ],
          [
            0.804991,
            43.208826,
            323.63
          ],
          [
            0.804962,
            43.208922,
            324.56
          ],
          [
            0.804853,
            43.209039,
            326.13
          ],
          [
            0.804694,
            43.20913,
            327.84
          ],
          [
            0.804476,
            43.209181,
            328.78
          ],
          [
            0.804406,
            43.209277,
            330.72
          ],
          [
            0.804155,
            43.209392,
            333.86
          ],
          [
            0.803661,
            43.209593,
            339.24
          ],
          [
            0.803534,
            43.209625,
            340.96
          ],
          [
            0.803314,
            43.209717,
            343.75
          ],
          [
            0.803091,
            43.209843,
            346.57
          ],
          [
            0.802473,
            43.210342,
            353.96
          ],
          [
            0.801669,
            43.210752,
            359.62
          ],
          [
            0.801559,
            43.210782,
            360.1
          ],
          [
            0.801487,
            43.210776,
            360.14
          ],
          [
            0.801039,
            43.211114,
            363.69
          ],
          [
            0.799088,
            43.212502,
            370.82
          ],
          [
            0.798504,
            43.21286,
            372.2
          ],
          [
            0.797724,
            43.213371,
            374.6
          ],
          [
            0.797146,
            43.21367,
            377.27
          ],
          [
            0.796648,
            43.213884,
            380.24
          ],
          [
            0.796468,
            43.213979,
            381.54
          ],
          [
            0.796354,
            43.214169,
            383.27
          ],
          [
            0.796247,
            43.214695,
            386.74
          ],
          [
            0.796159,
            43.214872,
            387.55
          ],
          [
            0.796046,
            43.215022,
            388.1
          ],
          [
            0.795887,
            43.215141,
            388.47
          ],
          [
            0.794923,
            43.215743,
            389.83
          ],
          [
            0.794695,
            43.215926,
            390.63
          ],
          [
            0.794331,
            43.216314,
            391.85
          ],
          [
            0.793333,
            43.216981,
            389.89
          ],
          [
            0.792972,
            43.217131,
            388.57
          ],
          [
            0.791951,
            43.217412,
            385.96
          ],
          [
            0.791006,
            43.217646,
            385.31
          ],
          [
            0.790486,
            43.217825,
            385.26
          ],
          [
            0.789841,
            43.218143,
            385.76
          ],
          [
            0.789582,
            43.218324,
            385.82
          ],
          [
            0.78935,
            43.218514,
            385.76
          ],
          [
            0.788951,
            43.218941,
            385.44
          ],
          [
            0.788677,
            43.219296,
            385.64
          ],
          [
            0.788345,
            43.219814,
            386.91
          ],
          [
            0.788193,
            43.220029,
            388.36
          ],
          [
            0.787539,
            43.220849,
            394.96
          ],
          [
            0.787312,
            43.221164,
            396.09
          ],
          [
            0.787251,
            43.221406,
            396.62
          ],
          [
            0.787268,
            43.22176,
            397.13
          ],
          [
            0.787307,
            43.22204,
            397.41
          ],
          [
            0.787242,
            43.222296,
            397.65
          ],
          [
            0.787041,
            43.222602,
            398.13
          ],
          [
            0.786716,
            43.222873,
            398.47
          ],
          [
            0.78593,
            43.223448,
            396.87
          ],
          [
            0.78553,
            43.223755,
            394.8
          ],
          [
            0.785348,
            43.223942,
            393.67
          ],
          [
            0.785172,
            43.224201,
            392.23
          ],
          [
            0.785119,
            43.22445,
            391.17
          ],
          [
            0.78509,
            43.224667,
            390.61
          ],
          [
            0.785068,
            43.224683,
            390.5
          ],
          [
            0.785977,
            43.225575,
            391.0
          ],
          [
            0.78635,
            43.225809,
            391.84
          ],
          [
            0.786933,
            43.22609,
            392.77
          ],
          [
            0.787766,
            43.226403,
            393.58
          ],
          [
            0.788761,
            43.226788,
            392.4
          ],
          [
            0.788704,
            43.226946,
            392.98
          ],
          [
            0.788595,
            43.227527,
            392.76
          ],
          [
            0.788602,
            43.227624,
            392.64
          ],
          [
            0.788671,
            43.227817,
            391.81
          ],
          [
            0.788099,
            43.227957,
            390.73
          ],
          [
            0.787258,
            43.228218,
            387.42
          ],
          [
            0.786626,
            43.228502,
            383.82
          ],
          [
            0.786056,
            43.228714,
            380.52
          ],
          [
            0.785685,
            43.2288,
            378.68
          ],
          [
            0.785096,
            43.228892,
            375.79
          ],
          [
            0.785153,
            43.228992,
            377.36
          ],
          [
            0.785156,
            43.229051,
            377.58
          ],
          [
            0.785132,
            43.229106,
            377.58
          ],
          [
            0.785065,
            43.22915,
            377.46
          ],
          [
            0.784547,
            43.229354,
            375.81
          ],
          [
            0.784343,
            43.229457,
            375.01
          ],
          [
            0.784139,
            43.229621,
            373.79
          ],
          [
            0.783981,
            43.229806,
            372.56
          ],
          [
            0.783777,
            43.230162,
            370.19
          ],
          [
            0.78374,
            43.230269,
            370.0
          ],
          [
            0.78368,
            43.230465,
            370.03
          ],
          [
            0.783638,
            43.230655,
            369.18
          ],
          [
            0.783668,
            43.230949,
            365.69
          ],
          [
            0.783636,
            43.23112,
            364.01
          ],
          [
            0.783434,
            43.231579,
            358.91
          ],
          [
            0.783428,
            43.231736,
            357.65
          ],
          [
            0.783468,
            43.231941,
            356.49
          ],
          [
            0.783575,
            43.232126,
            355.84
          ],
          [
            0.783817,
            43.23246,
            355.99
          ],
          [
            0.784434,
            43.23302,
            359.58
          ],
          [
            0.784539,
            43.233159,
            359.54
          ],
          [
            0.784911,
            43.233837,
            352.77
          ],
          [
            0.78501,
            43.233978,
            351.33
          ],
          [
            0.784951,
            43.234221,
            349.28
          ],
          [
            0.784664,
            43.234841,
            344.37
          ],
          [
            0.784594,
            43.234921,
            343.74
          ],
          [
            0.784216,
            43.235239,
            341.38
          ],
          [
            0.783752,
            43.23557,
            338.86
          ],
          [
            0.783361,
            43.23597,
            335.44
          ],
          [
            0.783127,
            43.236156,
            333.14
          ],
          [
            0.782508,
            43.236564,
            326.34
          ],
          [
            0.782025,
            43.23684,
            320.81
          ],
          [
            0.781365,
            43.237168,
            314.26
          ],
          [
            0.78115,
            43.23733,
            312.16
          ],
          [
            0.780984,
            43.237491,
            310.58
          ],
          [
            0.780188,
            43.238497,
            307.01
          ],
          [
            0.780008,
            43.238694,
            307.2
          ],
          [
            0.779914,
            43.238757,
            307.33
          ],
          [
            0.779748,
            43.238843,
            307.58
          ],
          [
            0.779656,
            43.238917,
            307.78
          ],
          [
            0.779547,
            43.23903,
            308.09
          ],
          [
            0.778457,
            43.240322,
            312.0
          ],
          [
            0.779133,
            43.240477,
            312.06
          ],
          [
            0.779363,
            43.240541,
            312.08
          ],
          [
            0.779476,
            43.240611,
            312.1
          ],
          [
            0.77964,
            43.240853,
            312.14
          ],
          [
            0.776599,
            43.243026,
            326.05
          ],
          [
            0.776282,
            43.2432,
            327.53
          ],
          [
            0.776083,
            43.24329,
            328.56
          ],
          [
            0.775495,
            43.243439,
            331.82
          ],
          [
            0.775343,
            43.243484,
            332.8
          ],
          [
            0.773141,
            43.244375,
            346.32
          ],
          [
            0.772926,
            43.244469,
            347.69
          ],
          [
            0.772821,
            43.244481,
            348.28
          ],
          [
            0.772714,
            43.244472,
            348.88
          ],
          [
            0.772428,
            43.244332,
            350.15
          ],
          [
            0.772378,
            43.244332,
            350.35
          ],
          [
            0.772329,
            43.24435,
            350.64
          ],
          [
            0.772139,
            43.244557,
            352.53
          ],
          [
            0.771827,
            43.244961,
            353.85
          ],
          [
            0.771774,
            43.24507,
            353.95
          ],
          [
            0.771747,
            43.245179,
            353.91
          ],
          [
            0.77175,
            43.245274,
            353.8
          ],
          [
            0.772013,
            43.245866,
            350.89
          ],
          [
            0.772139,
            43.246374,
            346.33
          ],
          [
            0.772161,
            43.246584,
            344.3
          ],
          [
            0.772137,
            43.246811,
            342.15
          ],
          [
            0.771992,
            43.247189,
            338.63
          ],
          [
            0.771861,
            43.247438,
            336.48
          ],
          [
            0.771694,
            43.247631,
            334.71
          ],
          [
            0.770381,
            43.248721,
            321.31
          ],
          [
            0.769619,
            43.249438,
            314.34
          ],
          [
            0.768714,
            43.250263,
            310.3
          ],
          [
            0.768657,
            43.250299,
            310.18
          ],
          [
            0.768601,
            43.250313,
            310.09
          ],
          [
            0.76834,
            43.250291,
            309.89
          ],
          [
            0.768274,
            43.250304,
            309.84
          ],
          [
            0.768193,
            43.250388,
            309.36
          ],
          [
            0.767308,
            43.251546,
            311.14
          ],
          [
            0.767061,
            43.251999,
            313.3
          ],
          [
            0.766826,
            43.252562,
            317.63
          ],
          [
            0.766713,
            43.252978,
            320.87
          ],
          [
            0.76665,
            43.253116,
            321.82
          ],
          [
            0.766514,
            43.253322,
            323.06
          ],
          [
            0.766302,
            43.253605,
            324.3
          ],
          [
            0.765772,
            43.254166,
            325.85
          ],
          [
            0.765276,
            43.254646,
            326.91
          ],
          [
            0.76506,
            43.254883,
            327.42
          ],
          [
            0.764722,
            43.255276,
            328.28
          ],
          [
            0.764589,
            43.25549,
            328.8
          ],
          [
            0.764393,
            43.25575,
            329.56
          ],
          [
            0.764212,
            43.255953,
            330.84
          ],
          [
            0.763804,
            43.256322,
            332.96
          ],
          [
            0.762517,
            43.257519,
            336.31
          ],
          [
            0.762367,
            43.257692,
            336.36
          ],
          [
            0.761776,
            43.258436,
            334.94
          ],
          [
            0.761352,
            43.258904,
            333.37
          ],
          [
            0.760626,
            43.259785,
            331.33
          ],
          [
            0.760271,
            43.260292,
            329.69
          ],
          [
            0.760089,
            43.260526,
            328.6
          ],
          [
            0.759737,
            43.26095,
            327.05
          ],
          [
            0.759532,
            43.261243,
            326.61
          ],
          [
            0.759259,
            43.261686,
            326.79
          ],
          [
            0.759042,
            43.261969,
            327.2
          ],
          [
            0.758614,
            43.262496,
            328.09
          ],
          [
            0.758395,
            43.262834,
            328.79
          ],
          [
            0.758193,
            43.263095,
            329.37
          ],
          [
            0.757528,
            43.263748,
            330.33
          ],
          [
            0.757444,
            43.263873,
            330.18
          ],
          [
            0.757429,
            43.263981,
            330.04
          ],
          [
            0.757476,
            43.26425,
            330.4
          ],
          [
            0.757447,
            43.264321,
            330.74
          ],
          [
            0.757353,
            43.26441,
            330.85
          ],
          [
            0.757067,
            43.264602,
            332.07
          ],
          [
            0.756959,
            43.264698,
            332.57
          ],
          [
            0.756878,
            43.264821,
            333.16
          ],
          [
            0.756782,
            43.26504,
            334.18
          ],
          [
            0.756474,
            43.265872,
            338.72
          ],
          [
            0.75621,
            43.266669,
            343.65
          ],
          [
            0.756032,
            43.267021,
            346.15
          ],
          [
            0.755787,
            43.267469,
            348.83
          ],
          [
            0.755645,
            43.267796,
            350.05
          ],
          [
            0.755328,
            43.269066,
            349.79
          ],
          [
            0.75524,
            43.269605,
            350.63
          ],
          [
            0.755165,
            43.269718,
            350.97
          ],
          [
            0.755054,
            43.269796,
            351.31
          ],
          [
            0.754123,
            43.270159,
            354.24
          ],
          [
            0.753422,
            43.269388,
            356.19
          ],
          [
            0.753389,
            43.26941,
            356.41
          ],
          [
            0.753323,
            43.269471,
            356.88
          ],
          [
            0.753181,
            43.269617,
            357.41
          ],
          [
            0.752833,
            43.270062,
            360.26
          ],
          [
            0.752636,
            43.270255,
            361.35
          ],
          [
            0.75244,
            43.270386,
            361.93
          ],
          [
            0.752192,
            43.270476,
            362.22
          ],
          [
            0.75207,
            43.270535,
            362.21
          ],
          [
            0.752012,
            43.270667,
            361.93
          ],
          [
            0.751958,
            43.270847,
            361.08
          ],
          [
            0.75181,
            43.271143,
            358.98
          ],
          [
            0.751627,
            43.271472,
            354.97
          ],
          [
            0.751627,
            43.271561,
            353.63
          ],
          [
            0.751501,
            43.271649,
            352.58
          ],
          [
            0.751439,
            43.271743,
            352.09
          ],
          [
            0.75124,
            43.271974,
            351.22
          ],
          [
            0.751125,
            43.272054,
            350.96
          ],
          [
            0.751002,
            43.272126,
            350.87
          ],
          [
            0.750827,
            43.272179,
            350.76
          ],
          [
            0.75006,
            43.272263,
            350.22
          ],
          [
            0.749865,
            43.272294,
            350.06
          ],
          [
            0.74972,
            43.272335,
            350.0
          ],
          [
            0.749564,
            43.272391,
            350.02
          ],
          [
            0.749178,
            43.272593,
            351.17
          ],
          [
            0.748998,
            43.272653,
            351.72
          ],
          [
            0.748808,
            43.272679,
            351.48
          ],
          [
            0.748604,
            43.272684,
            350.91
          ],
          [
            0.74843,
            43.272681,
            350.75
          ],
          [
            0.748212,
            43.272694,
            350.53
          ],
          [
            0.748046,
            43.272723,
            350.32
          ],
          [
            0.747899,
            43.272763,
            350.09
          ],
          [
            0.747697,
            43.272854,
            349.74
          ],
          [
            0.746887,
            43.273155,
            349.85
          ],
          [
            0.746502,
            43.273316,
            350.0
          ],
          [
            0.745954,
            43.273462,
            346.92
          ],
          [
            0.745645,
            43.273526,
            345.2
          ],
          [
            0.745281,
            43.273583,
            343.63
          ],
          [
            0.744975,
            43.27362,
            342.37
          ],
          [
            0.744709,
            43.273632,
            341.29
          ],
          [
            0.744468,
            43.273604,
            340.23
          ],
          [
            0.744058,
            43.273518,
            338.03
          ],
          [
            0.743738,
            43.273405,
            335.76
          ],
          [
            0.743481,
            43.273253,
            333.38
          ],
          [
            0.743003,
            43.272895,
            328.82
          ],
          [
            0.742738,
            43.27272,
            326.55
          ],
          [
            0.742596,
            43.272686,
            325.56
          ],
          [
            0.742456,
            43.272679,
            324.6
          ],
          [
            0.742301,
            43.27271,
            323.45
          ],
          [
            0.742183,
            43.272761,
            322.39
          ],
          [
            0.74207,
            43.272845,
            320.99
          ],
          [
            0.741762,
            43.273173,
            314.58
          ],
          [
            0.741531,
            43.273395,
            307.98
          ],
          [
            0.74134,
            43.273505,
            303.36
          ],
          [
            0.741158,
            43.27355,
            299.72
          ],
          [
            0.740986,
            43.273565,
            296.56
          ],
          [
            0.740834,
            43.273557,
            293.88
          ],
          [
            0.740662,
            43.273511,
            290.84
          ],
          [
            0.740509,
            43.273432,
            287.99
          ],
          [
            0.740002,
            43.27287,
            277.87
          ],
          [
            0.739838,
            43.272673,
            274.95
          ],
          [
            0.739656,
            43.272542,
            272.4
          ],
          [
            0.739447,
            43.272479,
            270.15
          ],
          [
            0.739275,
            43.27247,
            268.5
          ],
          [
            0.739079,
            43.272509,
            266.66
          ],
          [
            0.738927,
            43.272593,
            265.06
          ],
          [
            0.738819,
            43.272673,
            263.91
          ],
          [
            0.738766,
            43.272788,
            262.66
          ],
          [
            0.738755,
            43.272884,
            261.81
          ],
          [
            0.738776,
            43.272991,
            261.16
          ],
          [
            0.738923,
            43.273375,
            258.93
          ],
          [
            0.739074,
            43.273843,
            254.12
          ],
          [
            0.739082,
            43.274069,
            252.72
          ],
          [
            0.73905,
            43.274319,
            251.24
          ],
          [
            0.738983,
            43.274551,
            250.2
          ],
          [
            0.738538,
            43.2757,
            249.0
          ],
          [
            0.738385,
            43.275913,
            248.38
          ],
          [
            0.738127,
            43.276169,
            247.18
          ],
          [
            0.738023,
            43.276244,
            248.94
          ],
          [
            0.737879,
            43.276208,
            248.53
          ],
          [
            0.737602,
            43.276209,
            247.86
          ],
          [
            0.737291,
            43.276177,
            247.71
          ],
          [
            0.737079,
            43.276133,
            247.65
          ],
          [
            0.736905,
            43.276073,
            247.55
          ],
          [
            0.736757,
            43.275987,
            247.52
          ],
          [
            0.736075,
            43.275534,
            247.89
          ],
          [
            0.735175,
            43.275013,
            249.0
          ],
          [
            0.735,
            43.274924,
            248.93
          ],
          [
            0.734832,
            43.274854,
            248.96
          ],
          [
            0.73475,
            43.274834,
            248.97
          ],
          [
            0.734651,
            43.274847,
            248.98
          ],
          [
            0.734559,
            43.274879,
            249.01
          ],
          [
            0.734323,
            43.274985,
            249.03
          ],
          [
            0.734249,
            43.274994,
            249.09
          ],
          [
            0.733359,
            43.275393,
            250.51
          ],
          [
            0.733193,
            43.275491,
            250.8
          ],
          [
            0.733042,
            43.275602,
            251.11
          ],
          [
            0.732273,
            43.276323,
            252.66
          ],
          [
            0.732079,
            43.276491,
            252.99
          ],
          [
            0.731889,
            43.276612,
            253.24
          ],
          [
            0.731192,
            43.276969,
            254.01
          ],
          [
            0.731068,
            43.27701,
            254.14
          ],
          [
            0.729754,
            43.277297,
            255.45
          ],
          [
            0.729564,
            43.277363,
            255.69
          ],
          [
            0.728536,
            43.277781,
            257.91
          ],
          [
            0.728442,
            43.277831,
            257.44
          ],
          [
            0.728342,
            43.277872,
            257.23
          ],
          [
            0.727297,
            43.2781,
            257.88
          ],
          [
            0.727093,
            43.278164,
            258.15
          ],
          [
            0.726876,
            43.278273,
            258.52
          ],
          [
            0.726062,
            43.278717,
            260.58
          ],
          [
            0.724778,
            43.279299,
            269.86
          ],
          [
            0.723816,
            43.279777,
            275.5
          ],
          [
            0.722442,
            43.280498,
            281.37
          ],
          [
            0.721924,
            43.280741,
            283.47
          ],
          [
            0.721337,
            43.281052,
            286.45
          ],
          [
            0.72068,
            43.28137,
            289.63
          ],
          [
            0.720037,
            43.281699,
            292.11
          ],
          [
            0.719688,
            43.281906,
            293.27
          ],
          [
            0.719123,
            43.282255,
            295.03
          ],
          [
            0.71887,
            43.28237,
            295.63
          ],
          [
            0.718138,
            43.282677,
            297.47
          ],
          [
            0.717426,
            43.282939,
            299.98
          ],
          [
            0.716684,
            43.283178,
            304.04
          ],
          [
            0.715662,
            43.283468,
            310.09
          ],
          [
            0.714876,
            43.28371,
            312.75
          ],
          [
            0.713611,
            43.284239,
            315.13
          ],
          [
            0.712412,
            43.284678,
            318.19
          ],
          [
            0.711727,
            43.284964,
            320.18
          ],
          [
            0.709916,
            43.285652,
            324.46
          ],
          [
            0.707756,
            43.286439,
            329.12
          ],
          [
            0.707238,
            43.286659,
            331.45
          ],
          [
            0.706252,
            43.287166,
            337.28
          ],
          [
            0.705929,
            43.287387,
            338.77
          ],
          [
            0.705593,
            43.287648,
            340.1
          ],
          [
            0.705242,
            43.287894,
            341.26
          ],
          [
            0.705127,
            43.288017,
            341.68
          ],
          [
            0.705064,
            43.288123,
            341.98
          ],
          [
            0.705036,
            43.288236,
            342.27
          ],
          [
            0.705055,
            43.288538,
            342.84
          ],
          [
            0.705023,
            43.288625,
            342.95
          ],
          [
            0.70496,
            43.288725,
            343.01
          ],
          [
            0.703786,
            43.290025,
            344.41
          ],
          [
            0.703493,
            43.290373,
            345.7
          ],
          [
            0.703242,
            43.290615,
            346.83
          ],
          [
            0.702751,
            43.291049,
            348.05
          ],
          [
            0.702584,
            43.29116,
            347.78
          ],
          [
            0.702477,
            43.291217,
            346.94
          ],
          [
            0.702335,
            43.291259,
            345.81
          ],
          [
            0.70231,
            43.291149,
            345.63
          ],
          [
            0.702259,
            43.291044,
            345.88
          ],
          [
            0.702118,
            43.290828,
            346.66
          ],
          [
            0.701873,
            43.290393,
            348.18
          ],
          [
            0.701817,
            43.290243,
            348.56
          ],
          [
            0.701609,
            43.290231,
            350.54
          ],
          [
            0.701218,
            43.290225,
            353.57
          ],
          [
            0.700958,
            43.290247,
            355.05
          ],
          [
            0.700711,
            43.290286,
            356.44
          ],
          [
            0.699896,
            43.290489,
            359.46
          ],
          [
            0.699716,
            43.290502,
            359.81
          ],
          [
            0.69952,
            43.290479,
            360.13
          ],
          [
            0.698994,
            43.290391,
            360.59
          ],
          [
            0.698284,
            43.290452,
            360.4
          ],
          [
            0.697576,
            43.290457,
            359.1
          ],
          [
            0.696846,
            43.290487,
            356.13
          ],
          [
            0.696602,
            43.290485,
            354.87
          ],
          [
            0.696377,
            43.290516,
            353.6
          ],
          [
            0.695583,
            43.290688,
            348.26
          ],
          [
            0.694987,
            43.290705,
            344.92
          ],
          [
            0.694799,
            43.290731,
            343.94
          ],
          [
            0.694612,
            43.290772,
            342.8
          ],
          [
            0.694161,
            43.290949,
            339.22
          ],
          [
            0.693525,
            43.291383,
            331.98
          ],
          [
            0.692742,
            43.291738,
            322.73
          ],
          [
            0.692463,
            43.291796,
            319.45
          ],
          [
            0.692002,
            43.291949,
            315.04
          ],
          [
            0.691888,
            43.292003,
            314.01
          ],
          [
            0.69179,
            43.292154,
            312.11
          ],
          [
            0.69172,
            43.292286,
            310.8
          ],
          [
            0.69173,
            43.292364,
            309.84
          ],
          [
            0.691793,
            43.292441,
            308.66
          ],
          [
            0.691952,
            43.29257,
            306.5
          ],
          [
            0.691543,
            43.292802,
            306.02
          ],
          [
            0.691459,
            43.292888,
            305.4
          ],
          [
            0.691406,
            43.292992,
            304.63
          ],
          [
            0.691271,
            43.293413,
            301.75
          ],
          [
            0.691149,
            43.294054,
            295.86
          ],
          [
            0.691116,
            43.294114,
            295.13
          ],
          [
            0.691064,
            43.294175,
            294.29
          ],
          [
            0.690754,
            43.294462,
            289.52
          ],
          [
            0.69064,
            43.294516,
            288.07
          ],
          [
            0.690537,
            43.294538,
            286.87
          ],
          [
            0.690295,
            43.294555,
            284.04
          ],
          [
            0.689695,
            43.294732,
            276.07
          ],
          [
            0.689648,
            43.294758,
            275.41
          ],
          [
            0.689611,
            43.294797,
            274.69
          ],
          [
            0.689604,
            43.294957,
            272.31
          ],
          [
            0.689578,
            43.295022,
            271.31
          ],
          [
            0.689499,
            43.295123,
            269.59
          ],
          [
            0.689297,
            43.295265,
            266.57
          ],
          [
            0.688896,
            43.295436,
            262.26
          ],
          [
            0.688567,
            43.295588,
            257.79
          ],
          [
            0.688521,
            43.295634,
            257.12
          ],
          [
            0.68851,
            43.295691,
            256.23
          ],
          [
            0.68852,
            43.295761,
            255.49
          ],
          [
            0.68858,
            43.295886,
            254.87
          ],
          [
            0.688729,
            43.296101,
            254.41
          ],
          [
            0.688918,
            43.296335,
            253.91
          ],
          [
            0.689039,
            43.296501,
            254.11
          ],
          [
            0.689061,
            43.296548,
            254.29
          ],
          [
            0.689694,
            43.296318,
            257.86
          ],
          [
            0.689754,
            43.296422,
            258.57
          ],
          [
            0.689769,
            43.296518,
            259.13
          ],
          [
            0.689757,
            43.296901,
            259.53
          ],
          [
            0.689733,
            43.296995,
            259.22
          ],
          [
            0.689683,
            43.297079,
            259.09
          ],
          [
            0.689208,
            43.297597,
            256.76
          ],
          [
            0.689009,
            43.297887,
            255.5
          ],
          [
            0.688882,
            43.29813,
            254.83
          ],
          [
            0.688528,
            43.298908,
            253.66
          ],
          [
            0.688321,
            43.299422,
            253.07
          ],
          [
            0.688307,
            43.299525,
            253.0
          ],
          [
            0.688313,
            43.299621,
            252.96
          ],
          [
            0.688391,
            43.300167,
            252.75
          ],
          [
            0.68842,
            43.300282,
            252.58
          ],
          [
            0.688663,
            43.300785,
            251.37
          ],
          [
            0.688676,
            43.300834,
            250.98
          ],
          [
            0.688665,
            43.300916,
            250.0
          ],
          [
            0.688468,
            43.301125,
            249.71
          ],
          [
            0.688422,
            43.301206,
            249.62
          ],
          [
            0.688387,
            43.301406,
            249.39
          ],
          [
            0.688406,
            43.301625,
            249.43
          ],
          [
            0.688401,
            43.301702,
            249.24
          ],
          [
            0.688343,
            43.301946,
            248.66
          ],
          [
            0.688258,
            43.303626,
            246.92
          ],
          [
            0.688177,
            43.304851,
            246.93
          ],
          [
            0.688135,
            43.305944,
            248.72
          ],
          [
            0.68825,
            43.307061,
            247.12
          ],
          [
            0.688265,
            43.30733,
            246.1
          ],
          [
            0.688307,
            43.308947,
            244.18
          ],
          [
            0.688297,
            43.309178,
            243.95
          ],
          [
            0.688197,
            43.3097,
            243.47
          ],
          [
            0.688184,
            43.309854,
            243.4
          ],
          [
            0.688208,
            43.310095,
            243.41
          ],
          [
            0.688247,
            43.310878,
            244.33
          ],
          [
            0.68825,
            43.311167,
            244.0
          ],
          [
            0.688297,
            43.311314,
            244.15
          ],
          [
            0.68841,
            43.311496,
            244.29
          ],
          [
            0.688596,
            43.311843,
            244.51
          ],
          [
            0.688625,
            43.311939,
            244.49
          ],
          [
            0.688665,
            43.312099,
            243.99
          ],
          [
            0.688728,
            43.312478,
            243.27
          ],
          [
            0.688756,
            43.312955,
            242.34
          ],
          [
            0.688801,
            43.31316,
            241.98
          ],
          [
            0.688982,
            43.313765,
            240.92
          ],
          [
            0.68914,
            43.314612,
            240.04
          ],
          [
            0.689179,
            43.314738,
            239.97
          ],
          [
            0.689242,
            43.314847,
            239.91
          ],
          [
            0.689665,
            43.315447,
            239.76
          ],
          [
            0.689885,
            43.315729,
            239.83
          ],
          [
            0.690068,
            43.31592,
            239.9
          ],
          [
            0.690669,
            43.316508,
            239.91
          ],
          [
            0.691218,
            43.316999,
            239.24
          ],
          [
            0.69126,
            43.317077,
            239.08
          ],
          [
            0.691284,
            43.317157,
            239.02
          ],
          [
            0.691429,
            43.317154,
            239.22
          ],
          [
            0.692162,
            43.317103,
            241.58
          ],
          [
            0.692367,
            43.317071,
            242.1
          ],
          [
            0.692355,
            43.317154,
            242.24
          ],
          [
            0.692213,
            43.31757,
            241.5
          ],
          [
            0.692045,
            43.318453,
            238.9
          ],
          [
            0.692048,
            43.318623,
            238.44
          ],
          [
            0.692067,
            43.318796,
            238.02
          ],
          [
            0.69214,
            43.31923,
            237.16
          ],
          [
            0.692279,
            43.319888,
            236.26
          ],
          [
            0.692411,
            43.320306,
            236.07
          ],
          [
            0.692535,
            43.320574,
            236.16
          ],
          [
            0.692743,
            43.320868,
            236.38
          ],
          [
            0.692934,
            43.321049,
            236.6
          ],
          [
            0.693243,
            43.32128,
            236.99
          ],
          [
            0.693521,
            43.321432,
            237.31
          ],
          [
            0.69405,
            43.321645,
            237.72
          ],
          [
            0.694273,
            43.321759,
            237.88
          ],
          [
            0.694519,
            43.321924,
            237.94
          ],
          [
            0.694964,
            43.322255,
            237.58
          ],
          [
            0.695044,
            43.322353,
            237.44
          ],
          [
            0.695096,
            43.322446,
            237.28
          ],
          [
            0.695408,
            43.323131,
            236.06
          ],
          [
            0.695547,
            43.323358,
            235.81
          ],
          [
            0.69575,
            43.323615,
            235.71
          ],
          [
            0.696145,
            43.324156,
            235.75
          ],
          [
            0.696354,
            43.324503,
            235.25
          ],
          [
            0.695264,
            43.324958,
            232.92
          ],
          [
            0.694751,
            43.325183,
            231.74
          ],
          [
            0.694634,
            43.325305,
            230.75
          ],
          [
            0.694504,
            43.325471,
            233.0
          ],
          [
            0.694448,
            43.325586,
            232.9
          ],
          [
            0.694337,
            43.32587,
            232.65
          ],
          [
            0.694281,
            43.32596,
            232.72
          ],
          [
            0.694198,
            43.326013,
            232.83
          ],
          [
            0.69334,
            43.326304,
            235.01
          ],
          [
            0.69256,
            43.326639,
            238.8
          ],
          [
            0.69202,
            43.326816,
            241.04
          ],
          [
            0.691575,
            43.326884,
            242.0
          ],
          [
            0.691176,
            43.326957,
            242.49
          ],
          [
            0.69072,
            43.327016,
            243.41
          ],
          [
            0.690317,
            43.327055,
            244.16
          ],
          [
            0.689959,
            43.327112,
            244.94
          ],
          [
            0.689652,
            43.327187,
            245.77
          ],
          [
            0.689389,
            43.327281,
            246.75
          ],
          [
            0.689161,
            43.327392,
            247.82
          ],
          [
            0.688437,
            43.327827,
            253.42
          ],
          [
            0.688263,
            43.32795,
            255.4
          ],
          [
            0.68815,
            43.328054,
            256.99
          ],
          [
            0.687689,
            43.328625,
            265.35
          ],
          [
            0.687447,
            43.328873,
            268.52
          ],
          [
            0.686506,
            43.329631,
            273.91
          ],
          [
            0.686046,
            43.329891,
            275.27
          ],
          [
            0.685506,
            43.330127,
            276.89
          ],
          [
            0.68419,
            43.330625,
            281.02
          ],
          [
            0.683423,
            43.331027,
            283.64
          ],
          [
            0.683015,
            43.331227,
            285.19
          ],
          [
            0.682908,
            43.331271,
            285.58
          ],
          [
            0.682408,
            43.331403,
            287.26
          ],
          [
            0.681763,
            43.331591,
            289.37
          ],
          [
            0.681361,
            43.331762,
            290.63
          ],
          [
            0.681268,
            43.331826,
            291.21
          ],
          [
            0.681863,
            43.332313,
            289.65
          ],
          [
            0.681607,
            43.332487,
            290.38
          ],
          [
            0.681184,
            43.33284,
            288.03
          ],
          [
            0.680989,
            43.332827,
            286.38
          ],
          [
            0.681093,
            43.333015,
            285.06
          ],
          [
            0.681148,
            43.333149,
            284.57
          ],
          [
            0.681764,
            43.333587,
            283.17
          ],
          [
            0.681962,
            43.333873,
            280.77
          ],
          [
            0.681979,
            43.333939,
            280.39
          ],
          [
            0.682092,
            43.334169,
            277.69
          ],
          [
            0.682254,
            43.334276,
            274.42
          ],
          [
            0.682279,
            43.334485,
            271.06
          ],
          [
            0.682399,
            43.33459,
            270.77
          ],
          [
            0.682643,
            43.334906,
            270.85
          ],
          [
            0.682988,
            43.335306,
            271.01
          ],
          [
            0.683022,
            43.335399,
            270.52
          ],
          [
            0.682995,
            43.335498,
            270.2
          ],
          [
            0.682847,
            43.335755,
            269.43
          ],
          [
            0.682868,
            43.335908,
            268.49
          ],
          [
            0.682949,
            43.33616,
            269.18
          ],
          [
            0.682795,
            43.336209,
            269.37
          ],
          [
            0.676191,
            43.339111,
            272.6
          ],
          [
            0.676161,
            43.339076,
            272.71
          ],
          [
            0.676175,
            43.339025,
            272.59
          ],
          [
            0.6765,
            43.338875,
            271.36
          ],
          [
            0.676635,
            43.338761,
            270.57
          ],
          [
            0.67654,
            43.338658,
            269.59
          ],
          [
            0.676519,
            43.338474,
            268.67
          ],
          [
            0.676251,
            43.338135,
            268.84
          ],
          [
            0.675816,
            43.337862,
            269.51
          ],
          [
            0.67549,
            43.337938,
            271.99
          ],
          [
            0.675298,
            43.33788,
            271.69
          ],
          [
            0.674952,
            43.337868,
            271.83
          ],
          [
            0.674588,
            43.337868,
            271.82
          ],
          [
            0.674311,
            43.337846,
            271.82
          ],
          [
            0.674,
            43.337704,
            272.08
          ],
          [
            0.673797,
            43.337469,
            272.58
          ],
          [
            0.672372,
            43.337433,
            276.19
          ],
          [
            0.672078,
            43.337494,
            276.76
          ],
          [
            0.671785,
            43.337581,
            278.16
          ],
          [
            0.671247,
            43.337916,
            281.22
          ],
          [
            0.670053,
            43.338544,
            287.88
          ],
          [
            0.667815,
            43.339571,
            291.08
          ],
          [
            0.667768,
            43.339628,
            291.29
          ],
          [
            0.667562,
            43.339654,
            291.78
          ],
          [
            0.667258,
            43.339731,
            292.11
          ],
          [
            0.66409,
            43.340721,
            302.59
          ],
          [
            0.663081,
            43.341073,
            306.1
          ],
          [
            0.662401,
            43.341319,
            308.11
          ],
          [
            0.660748,
            43.341935,
            313.56
          ],
          [
            0.660266,
            43.342085,
            315.23
          ],
          [
            0.659715,
            43.342217,
            316.7
          ],
          [
            0.657448,
            43.342682,
            321.0
          ],
          [
            0.655755,
            43.343019,
            324.77
          ],
          [
            0.653941,
            43.343319,
            330.04
          ],
          [
            0.653581,
            43.343347,
            330.94
          ],
          [
            0.653221,
            43.343438,
            331.97
          ],
          [
            0.653143,
            43.343465,
            332.17
          ],
          [
            0.65112,
            43.343815,
            329.64
          ],
          [
            0.650376,
            43.343966,
            328.0
          ],
          [
            0.649705,
            43.34409,
            327.59
          ],
          [
            0.649429,
            43.344119,
            327.39
          ],
          [
            0.648433,
            43.344197,
            327.81
          ],
          [
            0.648241,
            43.344196,
            328.13
          ],
          [
            0.647816,
            43.34417,
            328.64
          ],
          [
            0.647137,
            43.344097,
            329.42
          ],
          [
            0.646949,
            43.344086,
            329.94
          ],
          [
            0.646828,
            43.344096,
            330.27
          ],
          [
            0.646685,
            43.344122,
            330.65
          ],
          [
            0.646171,
            43.344312,
            331.15
          ],
          [
            0.64516,
            43.344558,
            332.18
          ],
          [
            0.644501,
            43.345033,
            329.61
          ],
          [
            0.644113,
            43.345395,
            327.69
          ],
          [
            0.644067,
            43.34551,
            327.18
          ],
          [
            0.644062,
            43.345598,
            326.82
          ],
          [
            0.644079,
            43.345664,
            326.57
          ],
          [
            0.644691,
            43.34695,
            319.58
          ],
          [
            0.644719,
            43.347074,
            318.62
          ],
          [
            0.644706,
            43.347171,
            317.84
          ],
          [
            0.644684,
            43.347237,
            317.29
          ],
          [
            0.644598,
            43.347336,
            316.38
          ],
          [
            0.64451,
            43.3474,
            315.69
          ],
          [
            0.644236,
            43.347503,
            314.07
          ],
          [
            0.643201,
            43.347822,
            309.89
          ],
          [
            0.64296,
            43.347928,
            309.26
          ],
          [
            0.64264,
            43.348152,
            309.03
          ],
          [
            0.642282,
            43.348433,
            310.26
          ],
          [
            0.642093,
            43.34856,
            311.35
          ],
          [
            0.641903,
            43.348704,
            312.77
          ],
          [
            0.639489,
            43.350635,
            329.0
          ],
          [
            0.638831,
            43.351054,
            325.45
          ],
          [
            0.638623,
            43.351139,
            324.19
          ],
          [
            0.63843,
            43.351185,
            323.14
          ],
          [
            0.638223,
            43.35122,
            322.07
          ],
          [
            0.637514,
            43.351313,
            319.67
          ],
          [
            0.637327,
            43.351352,
            319.34
          ],
          [
            0.637239,
            43.351389,
            319.22
          ],
          [
            0.637158,
            43.351428,
            319.11
          ],
          [
            0.637081,
            43.351487,
            318.98
          ],
          [
            0.636943,
            43.351667,
            318.63
          ],
          [
            0.636739,
            43.351979,
            317.8
          ],
          [
            0.636674,
            43.352047,
            317.45
          ],
          [
            0.63649,
            43.352183,
            316.47
          ],
          [
            0.635002,
            43.352775,
            310.51
          ],
          [
            0.634844,
            43.352851,
            309.78
          ],
          [
            0.634745,
            43.352913,
            309.15
          ],
          [
            0.634676,
            43.352981,
            308.52
          ],
          [
            0.634616,
            43.353057,
            307.85
          ],
          [
            0.634534,
            43.353286,
            306.02
          ],
          [
            0.634478,
            43.353393,
            305.1
          ],
          [
            0.63442,
            43.353466,
            304.4
          ],
          [
            0.634316,
            43.353567,
            303.27
          ],
          [
            0.633679,
            43.354016,
            297.82
          ],
          [
            0.633516,
            43.354142,
            296.8
          ],
          [
            0.633382,
            43.354272,
            295.85
          ],
          [
            0.633254,
            43.35442,
            294.85
          ],
          [
            0.633139,
            43.354578,
            293.82
          ],
          [
            0.633042,
            43.354739,
            292.72
          ],
          [
            0.632974,
            43.354856,
            291.89
          ],
          [
            0.632921,
            43.354996,
            290.94
          ],
          [
            0.632879,
            43.355155,
            289.9
          ],
          [
            0.632709,
            43.356153,
            284.4
          ],
          [
            0.632665,
            43.356474,
            283.32
          ],
          [
            0.632604,
            43.35649,
            284.11
          ],
          [
            0.632543,
            43.356538,
            285.11
          ],
          [
            0.632352,
            43.356867,
            287.75
          ],
          [
            0.631894,
            43.357568,
            291.53
          ],
          [
            0.631765,
            43.357704,
            292.24
          ],
          [
            0.631656,
            43.357768,
            293.03
          ],
          [
            0.631557,
            43.357815,
            294.2
          ],
          [
            0.631583,
            43.358045,
            290.96
          ],
          [
            0.631717,
            43.358435,
            284.94
          ],
          [
            0.63184,
            43.35902,
            276.18
          ],
          [
            0.631717,
            43.359344,
            271.51
          ],
          [
            0.63133,
            43.35986,
            264.34
          ],
          [
            0.630998,
            43.360242,
            259.56
          ],
          [
            0.630901,
            43.360336,
            258.5
          ],
          [
            0.630878,
            43.360456,
            256.96
          ],
          [
            0.630707,
            43.360506,
            255.92
          ],
          [
            0.630356,
            43.36058,
            253.9
          ],
          [
            0.629009,
            43.360828,
            253.27
          ],
          [
            0.628769,
            43.360886,
            253.79
          ],
          [
            0.628608,
            43.360959,
            254.24
          ],
          [
            0.62853,
            43.361019,
            254.51
          ],
          [
            0.628465,
            43.36109,
            254.8
          ],
          [
            0.628425,
            43.361161,
            255.05
          ],
          [
            0.628374,
            43.361345,
            255.66
          ],
          [
            0.628237,
            43.362341,
            257.7
          ],
          [
            0.628216,
            43.362628,
            257.82
          ],
          [
            0.628236,
            43.364781,
            259.46
          ],
          [
            0.628214,
            43.364878,
            259.72
          ],
          [
            0.628178,
            43.36493,
            259.95
          ],
          [
            0.628032,
            43.364994,
            260.83
          ],
          [
            0.625314,
            43.365976,
            272.0
          ],
          [
            0.624171,
            43.366401,
            277.11
          ],
          [
            0.623822,
            43.366506,
            278.73
          ],
          [
            0.623431,
            43.366606,
            280.45
          ],
          [
            0.618663,
            43.367696,
            289.15
          ],
          [
            0.618338,
            43.367777,
            287.18
          ],
          [
            0.618163,
            43.36788,
            285.49
          ],
          [
            0.618061,
            43.368001,
            283.87
          ],
          [
            0.618004,
            43.368158,
            282.01
          ],
          [
            0.617972,
            43.368408,
            279.2
          ],
          [
            0.617989,
            43.368541,
            277.7
          ],
          [
            0.618131,
            43.368813,
            274.67
          ],
          [
            0.618176,
            43.368969,
            273.04
          ],
          [
            0.618193,
            43.369152,
            271.14
          ],
          [
            0.618183,
            43.369399,
            268.03
          ],
          [
            0.618076,
            43.369843,
            260.46
          ],
          [
            0.617966,
            43.370077,
            256.42
          ],
          [
            0.617811,
            43.370338,
            251.52
          ],
          [
            0.617493,
            43.370786,
            247.09
          ],
          [
            0.616265,
            43.372933,
            248.4
          ],
          [
            0.616187,
            43.373018,
            248.57
          ],
          [
            0.616092,
            43.373077,
            248.87
          ],
          [
            0.61598,
            43.373132,
            249.3
          ],
          [
            0.615759,
            43.373219,
            250.0
          ],
          [
            0.615616,
            43.373265,
            250.78
          ],
          [
            0.615366,
            43.373368,
            251.63
          ],
          [
            0.614976,
            43.373505,
            253.51
          ],
          [
            0.615554,
            43.374396,
            250.41
          ],
          [
            0.615767,
            43.374774,
            250.33
          ],
          [
            0.615844,
            43.37501,
            250.8
          ],
          [
            0.61593,
            43.375412,
            252.0
          ],
          [
            0.615454,
            43.375414,
            253.01
          ],
          [
            0.614167,
            43.375355,
            256.03
          ],
          [
            0.61343,
            43.375395,
            258.65
          ],
          [
            0.613207,
            43.375382,
            259.68
          ],
          [
            0.612796,
            43.375324,
            261.58
          ],
          [
            0.612616,
            43.37532,
            262.33
          ],
          [
            0.612404,
            43.37536,
            263.15
          ],
          [
            0.611347,
            43.375674,
            266.81
          ],
          [
            0.609975,
            43.376022,
            271.6
          ],
          [
            0.609508,
            43.376156,
            273.66
          ],
          [
            0.6085,
            43.376522,
            275.93
          ],
          [
            0.607759,
            43.376732,
            276.9
          ],
          [
            0.606579,
            43.377163,
            278.06
          ],
          [
            0.606344,
            43.377234,
            278.38
          ],
          [
            0.605895,
            43.377341,
            279.08
          ],
          [
            0.605322,
            43.377536,
            280.18
          ],
          [
            0.604384,
            43.377899,
            282.35
          ],
          [
            0.603072,
            43.378528,
            284.96
          ],
          [
            0.60291,
            43.378621,
            285.08
          ],
          [
            0.602839,
            43.378676,
            285.11
          ],
          [
            0.6028,
            43.37872,
            285.3
          ],
          [
            0.602774,
            43.378778,
            285.47
          ],
          [
            0.602758,
            43.378864,
            285.84
          ],
          [
            0.602743,
            43.37913,
            287.21
          ],
          [
            0.602723,
            43.379219,
            287.73
          ],
          [
            0.602698,
            43.379278,
            288.06
          ],
          [
            0.602611,
            43.379395,
            288.7
          ],
          [
            0.602294,
            43.379678,
            290.41
          ],
          [
            0.602053,
            43.379922,
            291.78
          ],
          [
            0.60196,
            43.380028,
            292.34
          ],
          [
            0.60189,
            43.380123,
            292.83
          ],
          [
            0.601774,
            43.380325,
            293.84
          ],
          [
            0.601506,
            43.380836,
            296.53
          ],
          [
            0.601402,
            43.380961,
            297.2
          ],
          [
            0.60133,
            43.381017,
            297.53
          ],
          [
            0.601127,
            43.381131,
            298.26
          ],
          [
            0.600879,
            43.38123,
            298.88
          ],
          [
            0.600274,
            43.381406,
            299.88
          ],
          [
            0.599987,
            43.381479,
            299.83
          ],
          [
            0.600565,
            43.382224,
            297.87
          ],
          [
            0.60105,
            43.382824,
            296.46
          ],
          [
            0.601246,
            43.383114,
            296.6
          ],
          [
            0.601474,
            43.383704,
            298.02
          ],
          [
            0.601573,
            43.383925,
            298.69
          ],
          [
            0.601854,
            43.384333,
            299.0
          ],
          [
            0.601953,
            43.38431,
            299.0
          ],
          [
            0.602072,
            43.384423,
            298.68
          ],
          [
            0.60247,
            43.385029,
            298.94
          ],
          [
            0.602571,
            43.385284,
            298.63
          ],
          [
            0.602906,
            43.386241,
            297.62
          ],
          [
            0.603146,
            43.386613,
            298.53
          ],
          [
            0.603638,
            43.387629,
            300.26
          ],
          [
            0.602401,
            43.387905,
            303.09
          ],
          [
            0.601654,
            43.388092,
            305.13
          ],
          [
            0.601206,
            43.388178,
            306.56
          ],
          [
            0.601071,
            43.388171,
            307.0
          ],
          [
            0.601139,
            43.388272,
            306.97
          ],
          [
            0.601704,
            43.389288,
            308.04
          ],
          [
            0.601877,
            43.389572,
            308.23
          ],
          [
            0.602053,
            43.389831,
            308.19
          ],
          [
            0.602495,
            43.390409,
            308.07
          ],
          [
            0.602572,
            43.390493,
            308.09
          ],
          [
            0.602655,
            43.39056,
            308.1
          ],
          [
            0.60271,
            43.390586,
            308.04
          ],
          [
            0.602741,
            43.390589,
            308.04
          ],
          [
            0.60275,
            43.390688,
            308.49
          ],
          [
            0.602829,
            43.390833,
            308.73
          ],
          [
            0.602983,
            43.391026,
            308.74
          ],
          [
            0.603173,
            43.391304,
            308.44
          ],
          [
            0.603287,
            43.391489,
            308.24
          ],
          [
            0.603362,
            43.391642,
            307.98
          ],
          [
            0.603403,
            43.391757,
            307.56
          ],
          [
            0.603427,
            43.391877,
            306.97
          ],
          [
            0.603426,
            43.391959,
            306.34
          ],
          [
            0.603382,
            43.392076,
            306.07
          ],
          [
            0.603321,
            43.392195,
            305.61
          ],
          [
            0.602782,
            43.392943,
            301.88
          ],
          [
            0.602695,
            43.393094,
            301.3
          ],
          [
            0.602628,
            43.393241,
            300.81
          ],
          [
            0.602582,
            43.393378,
            300.43
          ],
          [
            0.602545,
            43.39353,
            300.2
          ],
          [
            0.60253,
            43.393758,
            300.25
          ],
          [
            0.602548,
            43.393967,
            300.48
          ],
          [
            0.602679,
            43.394903,
            303.0
          ],
          [
            0.602734,
            43.395421,
            303.53
          ],
          [
            0.602714,
            43.395714,
            302.73
          ],
          [
            0.602657,
            43.395897,
            302.28
          ],
          [
            0.601776,
            43.398245,
            302.09
          ],
          [
            0.601712,
            43.398384,
            301.43
          ],
          [
            0.601652,
            43.398461,
            300.86
          ],
          [
            0.601493,
            43.398605,
            299.87
          ],
          [
            0.60133,
            43.398694,
            299.26
          ],
          [
            0.601099,
            43.398803,
            298.39
          ],
          [
            0.59971,
            43.399413,
            291.61
          ],
          [
            0.599446,
            43.399518,
            290.93
          ],
          [
            0.599209,
            43.399599,
            290.66
          ],
          [
            0.598944,
            43.399669,
            290.71
          ],
          [
            0.593801,
            43.400879,
            278.66
          ],
          [
            0.593494,
            43.400936,
            277.67
          ],
          [
            0.593086,
            43.400986,
            276.18
          ],
          [
            0.5923,
            43.401055,
            273.66
          ],
          [
            0.592009,
            43.401091,
            273.07
          ],
          [
            0.591866,
            43.40112,
            272.73
          ],
          [
            0.591697,
            43.401174,
            272.5
          ],
          [
            0.591529,
            43.401247,
            272.44
          ],
          [
            0.591202,
            43.401423,
            272.42
          ],
          [
            0.590978,
            43.401505,
            270.45
          ],
          [
            0.590519,
            43.40162,
            267.56
          ],
          [
            0.589927,
            43.401862,
            264.97
          ],
          [
            0.589693,
            43.401989,
            263.78
          ],
          [
            0.589564,
            43.40211,
            262.85
          ],
          [
            0.589491,
            43.402241,
            261.98
          ],
          [
            0.589405,
            43.402624,
            259.6
          ],
          [
            0.589312,
            43.402771,
            258.41
          ],
          [
            0.589207,
            43.402876,
            257.4
          ],
          [
            0.589036,
            43.402975,
            256.31
          ],
          [
            0.588748,
            43.403106,
            254.93
          ],
          [
            0.588592,
            43.403246,
            253.92
          ],
          [
            0.58853,
            43.403364,
            253.14
          ],
          [
            0.588514,
            43.4035,
            252.19
          ],
          [
            0.588558,
            43.403631,
            251.24
          ],
          [
            0.588769,
            43.403949,
            249.1
          ],
          [
            0.588836,
            43.404128,
            248.07
          ],
          [
            0.58886,
            43.404402,
            246.37
          ],
          [
            0.588858,
            43.404769,
            244.23
          ],
          [
            0.588949,
            43.405168,
            241.91
          ],
          [
            0.588955,
            43.405383,
            240.68
          ],
          [
            0.588903,
            43.405554,
            239.67
          ],
          [
            0.588741,
            43.405727,
            238.58
          ],
          [
            0.588087,
            43.406192,
            235.59
          ],
          [
            0.587926,
            43.406369,
            234.55
          ],
          [
            0.587698,
            43.406833,
            231.84
          ],
          [
            0.587493,
            43.407151,
            230.07
          ],
          [
            0.587274,
            43.407468,
            228.37
          ],
          [
            0.587171,
            43.407716,
            227.09
          ],
          [
            0.587119,
            43.407915,
            226.09
          ],
          [
            0.587082,
            43.408505,
            222.99
          ],
          [
            0.587062,
            43.408644,
            222.14
          ],
          [
            0.587032,
            43.408751,
            221.47
          ],
          [
            0.586961,
            43.408892,
            220.57
          ],
          [
            0.586565,
            43.409574,
            216.03
          ],
          [
            0.586148,
            43.410235,
            212.23
          ],
          [
            0.585736,
            43.411003,
            210.5
          ],
          [
            0.585663,
            43.411212,
            210.08
          ],
          [
            0.585625,
            43.411534,
            210.02
          ],
          [
            0.585629,
            43.411845,
            209.76
          ],
          [
            0.585674,
            43.412029,
            209.62
          ],
          [
            0.585731,
            43.412176,
            209.53
          ],
          [
            0.585827,
            43.412354,
            209.41
          ],
          [
            0.586015,
            43.412611,
            209.23
          ],
          [
            0.58712,
            43.413869,
            208.31
          ],
          [
            0.587212,
            43.41399,
            208.15
          ],
          [
            0.587431,
            43.414353,
            207.74
          ],
          [
            0.588312,
            43.416137,
            208.9
          ],
          [
            0.588402,
            43.416371,
            208.99
          ],
          [
            0.58853,
            43.416953,
            209.36
          ],
          [
            0.588738,
            43.417482,
            210.19
          ],
          [
            0.588774,
            43.417677,
            210.42
          ],
          [
            0.588785,
            43.417828,
            210.57
          ],
          [
            0.588773,
            43.418288,
            210.42
          ],
          [
            0.588789,
            43.418447,
            210.66
          ],
          [
            0.588823,
            43.418576,
            210.84
          ],
          [
            0.588906,
            43.418765,
            210.88
          ],
          [
            0.590094,
            43.421146,
            207.83
          ],
          [
            0.590295,
            43.421534,
            209.92
          ],
          [
            0.590372,
            43.42176,
            210.84
          ],
          [
            0.590385,
            43.421868,
            211.26
          ],
          [
            0.590382,
            43.421969,
            211.55
          ],
          [
            0.590333,
            43.42214,
            211.57
          ],
          [
            0.589412,
            43.424628,
            205.86
          ],
          [
            0.589348,
            43.424781,
            205.31
          ],
          [
            0.589239,
            43.425001,
            204.62
          ],
          [
            0.588566,
            43.426251,
            201.55
          ],
          [
            0.588434,
            43.426527,
            201.04
          ],
          [
            0.588377,
            43.426706,
            200.7
          ],
          [
            0.588094,
            43.428678,
            199.25
          ],
          [
            0.588099,
            43.428824,
            200.0
          ],
          [
            0.58524,
            43.42908,
            198.0
          ],
          [
            0.581331,
            43.429448,
            201.05
          ],
          [
            0.581367,
            43.429536,
            200.14
          ],
          [
            0.580704,
            43.429594,
            201.5
          ],
          [
            0.58069,
            43.429615,
            201.44
          ],
          [
            0.580461,
            43.429522,
            202.46
          ],
          [
            0.580688,
            43.430497,
            200.12
          ],
          [
            0.580695,
            43.430578,
            200.09
          ],
          [
            0.580679,
            43.430641,
            200.06
          ],
          [
            0.580614,
            43.430693,
            199.97
          ],
          [
            0.579221,
            43.430863,
            202.61
          ],
          [
            0.579371,
            43.43144,
            201.0
          ],
          [
            0.579166,
            43.431438,
            200.36
          ],
          [
            0.579011,
            43.431453,
            200.07
          ],
          [
            0.578755,
            43.431503,
            200.13
          ],
          [
            0.578147,
            43.431661,
            200.7
          ],
          [
            0.577969,
            43.431693,
            201.0
          ],
          [
            0.577862,
            43.431739,
            201.23
          ],
          [
            0.577783,
            43.431795,
            201.61
          ],
          [
            0.577717,
            43.43185,
            202.01
          ],
          [
            0.577692,
            43.431896,
            202.18
          ],
          [
            0.578234,
            43.433154,
            203.22
          ],
          [
            0.578202,
            43.433277,
            203.31
          ],
          [
            0.578125,
            43.433347,
            203.74
          ],
          [
            0.577382,
            43.433489,
            205.0
          ],
          [
            0.576949,
            43.433527,
            205.02
          ],
          [
            0.575952,
            43.433536,
            205.21
          ],
          [
            0.574722,
            43.433585,
            207.88
          ],
          [
            0.574585,
            43.433616,
            208.19
          ],
          [
            0.574282,
            43.433638,
            208.83
          ],
          [
            0.573472,
            43.433733,
            211.17
          ],
          [
            0.57304,
            43.433803,
            212.47
          ],
          [
            0.572928,
            43.433959,
            213.0
          ],
          [
            0.572086,
            43.435234,
            215.77
          ],
          [
            0.571228,
            43.436779,
            217.52
          ],
          [
            0.57093,
            43.437187,
            217.52
          ],
          [
            0.570826,
            43.437368,
            217.55
          ],
          [
            0.570796,
            43.43745,
            217.51
          ],
          [
            0.570774,
            43.437549,
            217.48
          ],
          [
            0.570697,
            43.437987,
            218.43
          ],
          [
            0.570584,
            43.438128,
            219.46
          ],
          [
            0.570471,
            43.438248,
            220.26
          ],
          [
            0.569615,
            43.438787,
            226.73
          ],
          [
            0.568696,
            43.439299,
            233.36
          ],
          [
            0.567552,
            43.439805,
            235.4
          ],
          [
            0.567344,
            43.439955,
            235.58
          ],
          [
            0.567196,
            43.440099,
            235.84
          ],
          [
            0.566626,
            43.440728,
            236.46
          ],
          [
            0.566559,
            43.440783,
            236.38
          ],
          [
            0.566439,
            43.440838,
            236.22
          ],
          [
            0.566225,
            43.440911,
            235.73
          ],
          [
            0.565527,
            43.441096,
            232.71
          ],
          [
            0.5655,
            43.441133,
            232.36
          ],
          [
            0.565511,
            43.441189,
            231.88
          ],
          [
            0.565642,
            43.441402,
            229.5
          ],
          [
            0.565666,
            43.441479,
            228.76
          ],
          [
            0.565671,
            43.441544,
            227.86
          ],
          [
            0.565658,
            43.441659,
            226.08
          ],
          [
            0.565584,
            43.441836,
            224.36
          ],
          [
            0.565325,
            43.442217,
            224.75
          ],
          [
            0.565243,
            43.44229,
            224.99
          ],
          [
            0.56509,
            43.442364,
            225.68
          ],
          [
            0.564425,
            43.442634,
            230.75
          ],
          [
            0.564341,
            43.442694,
            231.64
          ],
          [
            0.564281,
            43.442771,
            232.54
          ],
          [
            0.564166,
            43.44286,
            233.74
          ],
          [
            0.563474,
            43.443219,
            239.18
          ],
          [
            0.563323,
            43.443332,
            240.26
          ],
          [
            0.562892,
            43.44372,
            243.82
          ],
          [
            0.56287,
            43.443756,
            244.0
          ],
          [
            0.56286,
            43.443829,
            244.1
          ],
          [
            0.562789,
            43.443847,
            244.3
          ],
          [
            0.562448,
            43.44399,
            245.0
          ],
          [
            0.561387,
            43.444296,
            246.05
          ],
          [
            0.560244,
            43.444611,
            247.04
          ],
          [
            0.560007,
            43.444699,
            247.65
          ],
          [
            0.559627,
            43.444879,
            249.08
          ],
          [
            0.558504,
            43.445532,
            254.73
          ],
          [
            0.556296,
            43.446859,
            257.18
          ],
          [
            0.556157,
            43.446979,
            257.48
          ],
          [
            0.556091,
            43.447296,
            257.16
          ],
          [
            0.556003,
            43.447928,
            257.94
          ],
          [
            0.555965,
            43.448096,
            258.15
          ],
          [
            0.554938,
            43.448272,
            256.92
          ],
          [
            0.553435,
            43.448596,
            251.01
          ],
          [
            0.553236,
            43.448659,
            249.92
          ],
          [
            0.551221,
            43.449378,
            233.53
          ],
          [
            0.550914,
            43.449502,
            231.23
          ],
          [
            0.550775,
            43.449621,
            230.0
          ],
          [
            0.550695,
            43.449722,
            229.16
          ],
          [
            0.550498,
            43.450154,
            226.61
          ],
          [
            0.550389,
            43.450273,
            226.06
          ],
          [
            0.55002,
            43.45044,
            226.19
          ],
          [
            0.549927,
            43.450556,
            226.42
          ],
          [
            0.549664,
            43.45139,
            227.03
          ],
          [
            0.549642,
            43.451686,
            226.4
          ],
          [
            0.549652,
            43.451959,
            225.5
          ],
          [
            0.54958,
            43.452088,
            224.91
          ],
          [
            0.549244,
            43.452334,
            223.94
          ],
          [
            0.549182,
            43.452423,
            223.93
          ],
          [
            0.549131,
            43.45256,
            224.1
          ],
          [
            0.549136,
            43.452704,
            224.45
          ],
          [
            0.549177,
            43.452834,
            224.91
          ],
          [
            0.549246,
            43.452952,
            225.46
          ],
          [
            0.549819,
            43.453782,
            231.27
          ],
          [
            0.549885,
            43.453924,
            232.22
          ],
          [
            0.549908,
            43.454062,
            233.14
          ],
          [
            0.549901,
            43.454119,
            233.52
          ],
          [
            0.549857,
            43.454245,
            234.43
          ],
          [
            0.549803,
            43.454313,
            235.0
          ],
          [
            0.549744,
            43.454363,
            235.49
          ],
          [
            0.549666,
            43.454405,
            236.05
          ],
          [
            0.549585,
            43.454435,
            236.59
          ],
          [
            0.549497,
            43.454453,
            237.14
          ],
          [
            0.549396,
            43.454453,
            237.77
          ],
          [
            0.549296,
            43.454442,
            238.4
          ],
          [
            0.548995,
            43.454357,
            240.43
          ],
          [
            0.548742,
            43.454298,
            242.26
          ],
          [
            0.548489,
            43.454281,
            244.03
          ],
          [
            0.548125,
            43.454321,
            245.96
          ],
          [
            0.547546,
            43.454426,
            248.92
          ],
          [
            0.547143,
            43.454535,
            251.13
          ],
          [
            0.546329,
            43.454828,
            256.06
          ],
          [
            0.545742,
            43.455058,
            260.38
          ],
          [
            0.545503,
            43.455125,
            262.09
          ],
          [
            0.545005,
            43.45521,
            265.32
          ],
          [
            0.544836,
            43.455259,
            266.37
          ],
          [
            0.543679,
            43.455752,
            271.14
          ],
          [
            0.543201,
            43.455944,
            272.21
          ],
          [
            0.542926,
            43.456029,
            272.71
          ],
          [
            0.542014,
            43.456228,
            274.15
          ],
          [
            0.541138,
            43.456398,
            276.45
          ],
          [
            0.540451,
            43.456637,
            277.0
          ],
          [
            0.540488,
            43.456705,
            276.44
          ],
          [
            0.540489,
            43.457016,
            274.11
          ],
          [
            0.540465,
            43.457384,
            272.42
          ],
          [
            0.540468,
            43.457476,
            272.61
          ],
          [
            0.540722,
            43.458339,
            275.01
          ],
          [
            0.540883,
            43.458513,
            275.27
          ],
          [
            0.541657,
            43.45894,
            276.15
          ],
          [
            0.541703,
            43.458998,
            276.15
          ],
          [
            0.541674,
            43.459039,
            276.11
          ],
          [
            0.541611,
            43.459086,
            276.13
          ],
          [
            0.540157,
            43.459819,
            271.75
          ],
          [
            0.539887,
            43.459968,
            271.76
          ],
          [
            0.539813,
            43.460028,
            271.85
          ],
          [
            0.539758,
            43.460101,
            271.99
          ],
          [
            0.539716,
            43.460188,
            272.17
          ],
          [
            0.539693,
            43.46029,
            272.4
          ],
          [
            0.539634,
            43.460735,
            273.42
          ],
          [
            0.539631,
            43.460847,
            273.61
          ],
          [
            0.539639,
            43.46096,
            273.75
          ],
          [
            0.539781,
            43.461498,
            274.02
          ],
          [
            0.539786,
            43.461634,
            274.01
          ],
          [
            0.539752,
            43.461737,
            273.98
          ],
          [
            0.539706,
            43.4618,
            273.94
          ],
          [
            0.539636,
            43.46186,
            273.89
          ],
          [
            0.539346,
            43.462009,
            273.65
          ],
          [
            0.539174,
            43.462114,
            273.42
          ],
          [
            0.539056,
            43.462218,
            273.14
          ],
          [
            0.53895,
            43.462353,
            272.66
          ],
          [
            0.5371,
            43.464999,
            258.87
          ],
          [
            0.536487,
            43.465909,
            258.64
          ],
          [
            0.536364,
            43.466098,
            259.5
          ],
          [
            0.53632,
            43.46619,
            259.96
          ],
          [
            0.536315,
            43.466271,
            260.0
          ],
          [
            0.536233,
            43.46624,
            260.0
          ],
          [
            0.53611,
            43.466292,
            260.01
          ],
          [
            0.536016,
            43.466408,
            260.33
          ],
          [
            0.535853,
            43.466654,
            261.05
          ],
          [
            0.535804,
            43.466817,
            261.57
          ],
          [
            0.535714,
            43.467212,
            262.46
          ],
          [
            0.535624,
            43.467387,
            262.74
          ],
          [
            0.535526,
            43.467535,
            262.82
          ],
          [
            0.535403,
            43.467675,
            262.7
          ],
          [
            0.53508,
            43.467903,
            261.96
          ],
          [
            0.534835,
            43.467992,
            261.16
          ],
          [
            0.53461,
            43.468134,
            259.76
          ],
          [
            0.53448,
            43.468437,
            257.07
          ],
          [
            0.534279,
            43.468639,
            254.29
          ],
          [
            0.534075,
            43.46876,
            250.47
          ],
          [
            0.53385,
            43.468861,
            246.97
          ],
          [
            0.533237,
            43.469057,
            241.81
          ],
          [
            0.532841,
            43.469235,
            239.64
          ],
          [
            0.5328,
            43.469318,
            239.46
          ],
          [
            0.532657,
            43.469389,
            238.52
          ],
          [
            0.532546,
            43.469457,
            236.72
          ],
          [
            0.532281,
            43.469588,
            232.0
          ],
          [
            0.532092,
            43.469798,
            226.63
          ],
          [
            0.53187,
            43.469909,
            224.17
          ],
          [
            0.531419,
            43.470046,
            220.43
          ],
          [
            0.531324,
            43.47003,
            220.07
          ],
          [
            0.531121,
            43.470165,
            218.77
          ],
          [
            0.530849,
            43.47029,
            216.38
          ],
          [
            0.530502,
            43.470476,
            212.49
          ],
          [
            0.530312,
            43.470613,
            210.14
          ],
          [
            0.529976,
            43.470909,
            205.11
          ],
          [
            0.529422,
            43.471508,
            195.16
          ],
          [
            0.529227,
            43.471653,
            192.02
          ],
          [
            0.529101,
            43.471701,
            190.77
          ],
          [
            0.529162,
            43.471863,
            190.2
          ],
          [
            0.529334,
            43.472127,
            190.12
          ],
          [
            0.52951,
            43.472329,
            190.49
          ],
          [
            0.529581,
            43.472438,
            190.65
          ],
          [
            0.527452,
            43.472666,
            188.11
          ],
          [
            0.523153,
            43.472912,
            193.06
          ],
          [
            0.523219,
            43.474315,
            197.38
          ],
          [
            0.523334,
            43.475253,
            197.0
          ],
          [
            0.523378,
            43.47588,
            193.54
          ],
          [
            0.523504,
            43.476686,
            194.32
          ],
          [
            0.523636,
            43.477747,
            190.07
          ],
          [
            0.524059,
            43.480908,
            191.57
          ],
          [
            0.524162,
            43.48138,
            190.5
          ],
          [
            0.524415,
            43.482168,
            188.03
          ],
          [
            0.525394,
            43.485401,
            185.0
          ],
          [
            0.525701,
            43.486327,
            185.84
          ],
          [
            0.523757,
            43.486485,
            194.04
          ],
          [
            0.522602,
            43.486613,
            196.71
          ],
          [
            0.521966,
            43.486675,
            198.02
          ],
          [
            0.520899,
            43.486745,
            201.45
          ],
          [
            0.520566,
            43.486778,
            203.56
          ],
          [
            0.519961,
            43.486885,
            206.51
          ],
          [
            0.517882,
            43.487339,
            215.81
          ],
          [
            0.516985,
            43.487613,
            219.37
          ],
          [
            0.515937,
            43.487892,
            223.19
          ],
          [
            0.515215,
            43.488064,
            225.77
          ],
          [
            0.513449,
            43.488641,
            231.43
          ],
          [
            0.512487,
            43.488934,
            234.53
          ],
          [
            0.51109,
            43.489311,
            239.67
          ],
          [
            0.510558,
            43.489472,
            241.34
          ],
          [
            0.510187,
            43.48964,
            242.39
          ],
          [
            0.509424,
            43.49002,
            244.33
          ],
          [
            0.508564,
            43.490478,
            245.8
          ],
          [
            0.508135,
            43.490628,
            246.42
          ],
          [
            0.507323,
            43.490854,
            247.51
          ],
          [
            0.506671,
            43.491053,
            249.59
          ],
          [
            0.506059,
            43.491341,
            250.02
          ],
          [
            0.505186,
            43.491668,
            249.16
          ],
          [
            0.502549,
            43.492565,
            253.38
          ],
          [
            0.502177,
            43.4927,
            254.68
          ],
          [
            0.50178,
            43.492965,
            255.83
          ],
          [
            0.501257,
            43.493444,
            257.46
          ],
          [
            0.501055,
            43.49365,
            257.97
          ],
          [
            0.500684,
            43.494118,
            259.28
          ],
          [
            0.500025,
            43.494823,
            261.9
          ],
          [
            0.499987,
            43.494907,
            262.05
          ],
          [
            0.49994,
            43.494907,
            262.32
          ],
          [
            0.49985,
            43.494926,
            262.89
          ],
          [
            0.499211,
            43.495096,
            266.35
          ],
          [
            0.498485,
            43.495158,
            269.12
          ],
          [
            0.498377,
            43.495185,
            269.44
          ],
          [
            0.497982,
            43.495402,
            270.95
          ],
          [
            0.497928,
            43.495426,
            271.16
          ],
          [
            0.497858,
            43.495428,
            271.36
          ],
          [
            0.497637,
            43.495416,
            271.51
          ],
          [
            0.497576,
            43.495419,
            271.52
          ],
          [
            0.497541,
            43.49543,
            271.59
          ],
          [
            0.497506,
            43.495468,
            271.78
          ],
          [
            0.497366,
            43.496476,
            264.92
          ],
          [
            0.497296,
            43.496798,
            261.5
          ],
          [
            0.497289,
            43.496874,
            260.83
          ],
          [
            0.49679,
            43.496881,
            261.28
          ],
          [
            0.49632,
            43.496839,
            260.85
          ],
          [
            0.495848,
            43.496897,
            259.71
          ],
          [
            0.495767,
            43.496899,
            259.63
          ],
          [
            0.495755,
            43.49704,
            258.51
          ],
          [
            0.495734,
            43.497122,
            257.82
          ],
          [
            0.495681,
            43.497195,
            257.12
          ],
          [
            0.495618,
            43.49724,
            256.39
          ],
          [
            0.495532,
            43.497268,
            255.77
          ],
          [
            0.495406,
            43.497291,
            255.19
          ],
          [
            0.495276,
            43.497305,
            254.77
          ],
          [
            0.495066,
            43.497306,
            254.55
          ],
          [
            0.494182,
            43.49728,
            254.11
          ],
          [
            0.494264,
            43.499391,
            254.72
          ],
          [
            0.494318,
            43.50119,
            263.66
          ],
          [
            0.494389,
            43.501379,
            263.2
          ],
          [
            0.494533,
            43.501567,
            261.18
          ],
          [
            0.494553,
            43.501674,
            260.14
          ],
          [
            0.494441,
            43.502514,
            252.67
          ],
          [
            0.494362,
            43.503228,
            246.91
          ],
          [
            0.494364,
            43.503303,
            246.31
          ],
          [
            0.494264,
            43.50387,
            245.3
          ],
          [
            0.494199,
            43.503973,
            245.35
          ],
          [
            0.49396,
            43.504047,
            246.29
          ],
          [
            0.493745,
            43.504115,
            247.21
          ],
          [
            0.492917,
            43.504431,
            252.26
          ],
          [
            0.492384,
            43.504808,
            255.68
          ],
          [
            0.492109,
            43.505127,
            256.41
          ],
          [
            0.491587,
            43.505591,
            254.85
          ],
          [
            0.491263,
            43.505892,
            254.32
          ],
          [
            0.491346,
            43.506004,
            255.32
          ],
          [
            0.491449,
            43.506102,
            255.44
          ],
          [
            0.491526,
            43.506205,
            255.08
          ],
          [
            0.491559,
            43.50631,
            254.82
          ],
          [
            0.491563,
            43.506418,
            254.52
          ],
          [
            0.49147,
            43.506744,
            253.52
          ],
          [
            0.491383,
            43.506936,
            252.78
          ],
          [
            0.491067,
            43.507391,
            250.91
          ],
          [
            0.491003,
            43.507554,
            250.42
          ],
          [
            0.490949,
            43.507944,
            248.46
          ],
          [
            0.490873,
            43.508256,
            247.67
          ],
          [
            0.490816,
            43.50859,
            247.89
          ],
          [
            0.490829,
            43.508854,
            249.06
          ],
          [
            0.490858,
            43.509117,
            251.06
          ],
          [
            0.490936,
            43.509625,
            256.53
          ],
          [
            0.490939,
            43.509786,
            257.72
          ],
          [
            0.490902,
            43.509884,
            257.82
          ],
          [
            0.49075,
            43.510168,
            256.83
          ],
          [
            0.490683,
            43.510314,
            256.61
          ],
          [
            0.490653,
            43.510469,
            256.97
          ],
          [
            0.490655,
            43.510598,
            257.45
          ],
          [
            0.490704,
            43.51092,
            258.78
          ],
          [
            0.490729,
            43.511229,
            260.19
          ],
          [
            0.490708,
            43.511458,
            260.97
          ],
          [
            0.490649,
            43.511599,
            261.26
          ],
          [
            0.490476,
            43.51185,
            261.13
          ],
          [
            0.49024,
            43.51234,
            259.33
          ],
          [
            0.490234,
            43.512532,
            258.78
          ],
          [
            0.490281,
            43.512731,
            258.37
          ],
          [
            0.490371,
            43.512954,
            258.21
          ],
          [
            0.490618,
            43.513442,
            259.0
          ],
          [
            0.490707,
            43.513653,
            259.51
          ],
          [
            0.490758,
            43.513838,
            260.12
          ],
          [
            0.49077,
            43.514021,
            261.22
          ],
          [
            0.490748,
            43.514093,
            261.79
          ],
          [
            0.490636,
            43.514166,
            261.74
          ],
          [
            0.489951,
            43.514385,
            261.13
          ],
          [
            0.489241,
            43.514558,
            258.8
          ],
          [
            0.487889,
            43.514769,
            254.06
          ],
          [
            0.487515,
            43.514847,
            254.16
          ],
          [
            0.487355,
            43.514938,
            254.25
          ],
          [
            0.487228,
            43.51516,
            254.5
          ],
          [
            0.485138,
            43.515552,
            259.13
          ],
          [
            0.484351,
            43.515664,
            262.35
          ],
          [
            0.483967,
            43.515799,
            263.28
          ],
          [
            0.48349,
            43.516006,
            263.62
          ],
          [
            0.483062,
            43.516239,
            263.73
          ],
          [
            0.483096,
            43.517914,
            262.35
          ],
          [
            0.483198,
            43.518362,
            262.53
          ],
          [
            0.483405,
            43.51857,
            262.52
          ],
          [
            0.483621,
            43.518896,
            263.32
          ],
          [
            0.483625,
            43.519092,
            264.72
          ],
          [
            0.483626,
            43.519158,
            265.33
          ],
          [
            0.483505,
            43.519504,
            268.25
          ],
          [
            0.483148,
            43.520194,
            267.86
          ],
          [
            0.482858,
            43.520695,
            264.04
          ],
          [
            0.482705,
            43.520981,
            261.79
          ],
          [
            0.482668,
            43.521153,
            260.77
          ],
          [
            0.482665,
            43.521225,
            260.41
          ],
          [
            0.482676,
            43.521302,
            260.06
          ],
          [
            0.482747,
            43.521478,
            259.37
          ],
          [
            0.483495,
            43.522615,
            257.65
          ],
          [
            0.483673,
            43.522927,
            258.55
          ],
          [
            0.483748,
            43.523017,
            259.04
          ],
          [
            0.483852,
            43.523119,
            259.8
          ],
          [
            0.484225,
            43.523422,
            263.38
          ],
          [
            0.484872,
            43.523844,
            270.21
          ],
          [
            0.485382,
            43.52415,
            273.8
          ],
          [
            0.482726,
            43.525558,
            262.54
          ],
          [
            0.482493,
            43.525671,
            260.8
          ],
          [
            0.482107,
            43.525836,
            258.08
          ],
          [
            0.481883,
            43.52591,
            256.83
          ],
          [
            0.481562,
            43.525993,
            255.46
          ],
          [
            0.480661,
            43.526203,
            253.24
          ],
          [
            0.479583,
            43.526432,
            252.12
          ],
          [
            0.479298,
            43.526573,
            251.93
          ],
          [
            0.477378,
            43.528031,
            240.66
          ],
          [
            0.476884,
            43.528381,
            236.12
          ],
          [
            0.476466,
            43.528642,
            232.89
          ],
          [
            0.476181,
            43.528778,
            231.38
          ],
          [
            0.475929,
            43.528867,
            230.36
          ],
          [
            0.47549,
            43.528933,
            229.11
          ],
          [
            0.474698,
            43.528963,
            227.73
          ],
          [
            0.473934,
            43.52905,
            225.35
          ],
          [
            0.473499,
            43.529155,
            223.27
          ],
          [
            0.472952,
            43.529478,
            219.13
          ],
          [
            0.471455,
            43.530423,
            211.23
          ],
          [
            0.469814,
            43.531069,
            204.27
          ],
          [
            0.469664,
            43.531228,
            203.23
          ],
          [
            0.469594,
            43.531636,
            200.94
          ],
          [
            0.469428,
            43.532045,
            198.2
          ],
          [
            0.469199,
            43.532278,
            196.12
          ],
          [
            0.468814,
            43.5326,
            192.67
          ],
          [
            0.468667,
            43.532673,
            191.74
          ],
          [
            0.468564,
            43.532705,
            191.14
          ],
          [
            0.468497,
            43.53276,
            190.75
          ],
          [
            0.468424,
            43.532848,
            189.87
          ],
          [
            0.468474,
            43.533049,
            188.46
          ],
          [
            0.468806,
            43.534048,
            180.41
          ],
          [
            0.468904,
            43.534551,
            177.45
          ],
          [
            0.469,
            43.535405,
            174.29
          ],
          [
            0.469007,
            43.536098,
            173.01
          ],
          [
            0.468946,
            43.536688,
            171.58
          ],
          [
            0.46881,
            43.537455,
            169.46
          ],
          [
            0.468567,
            43.538201,
            167.0
          ],
          [
            0.468459,
            43.538997,
            164.85
          ],
          [
            0.468419,
            43.53913,
            164.04
          ],
          [
            0.468317,
            43.539194,
            164.01
          ],
          [
            0.468189,
            43.539253,
            163.76
          ],
          [
            0.46803,
            43.539293,
            163.39
          ],
          [
            0.46786,
            43.539326,
            163.39
          ],
          [
            0.465707,
            43.539521,
            165.15
          ],
          [
            0.464504,
            43.539893,
            162.83
          ],
          [
            0.464009,
            43.539977,
            161.52
          ],
          [
            0.461607,
            43.540296,
            156.35
          ],
          [
            0.461427,
            43.540366,
            156.17
          ],
          [
            0.46126,
            43.540473,
            155.96
          ],
          [
            0.460101,
            43.541979,
            156.87
          ],
          [
            0.460579,
            43.542116,
            158.67
          ],
          [
            0.460927,
            43.542173,
            159.81
          ],
          [
            0.46137,
            43.542204,
            161.24
          ],
          [
            0.461767,
            43.542189,
            162.36
          ],
          [
            0.461808,
            43.542344,
            163.22
          ],
          [
            0.461894,
            43.542499,
            164.45
          ],
          [
            0.461788,
            43.542656,
            164.9
          ],
          [
            0.461766,
            43.54308,
            166.59
          ],
          [
            0.461028,
            43.545055,
            171.97
          ],
          [
            0.459742,
            43.547122,
            183.44
          ],
          [
            0.459616,
            43.54738,
            183.95
          ],
          [
            0.459596,
            43.547724,
            184.29
          ],
          [
            0.459671,
            43.547883,
            184.27
          ],
          [
            0.459833,
            43.547994,
            182.92
          ],
          [
            0.459718,
            43.548101,
            182.39
          ],
          [
            0.459434,
            43.548225,
            181.59
          ],
          [
            0.459074,
            43.548346,
            180.05
          ],
          [
            0.458645,
            43.548466,
            178.21
          ],
          [
            0.458281,
            43.548536,
            176.41
          ],
          [
            0.457943,
            43.548591,
            174.66
          ],
          [
            0.457664,
            43.548676,
            173.03
          ],
          [
            0.457345,
            43.548846,
            170.14
          ],
          [
            0.456766,
            43.549075,
            168.53
          ],
          [
            0.456487,
            43.549278,
            167.14
          ],
          [
            0.456348,
            43.549686,
            163.74
          ],
          [
            0.456262,
            43.549888,
            161.56
          ],
          [
            0.456144,
            43.550055,
            159.4
          ],
          [
            0.455672,
            43.550246,
            154.04
          ],
          [
            0.455682,
            43.550327,
            153.5
          ],
          [
            0.455881,
            43.550619,
            154.04
          ],
          [
            0.455897,
            43.550732,
            154.58
          ],
          [
            0.455827,
            43.550798,
            154.98
          ],
          [
            0.45565,
            43.550829,
            155.65
          ],
          [
            0.4555,
            43.550895,
            156.24
          ],
          [
            0.455382,
            43.551031,
            157.08
          ],
          [
            0.455108,
            43.552015,
            160.66
          ],
          [
            0.455001,
            43.552205,
            160.1
          ],
          [
            0.454996,
            43.552458,
            158.69
          ],
          [
            0.455062,
            43.553149,
            154.37
          ],
          [
            0.455003,
            43.553265,
            153.98
          ],
          [
            0.454665,
            43.553705,
            153.48
          ],
          [
            0.454542,
            43.554105,
            153.53
          ],
          [
            0.454395,
            43.554434,
            153.39
          ],
          [
            0.45396,
            43.555573,
            157.52
          ],
          [
            0.453837,
            43.555787,
            158.5
          ],
          [
            0.453644,
            43.55588,
            158.59
          ],
          [
            0.453414,
            43.55617,
            157.13
          ],
          [
            0.453017,
            43.55661,
            156.51
          ],
          [
            0.452843,
            43.556888,
            155.57
          ],
          [
            0.452802,
            43.557076,
            154.13
          ],
          [
            0.452845,
            43.557187,
            153.2
          ],
          [
            0.452274,
            43.557426,
            150.39
          ],
          [
            0.45212,
            43.557707,
            152.1
          ],
          [
            0.451968,
            43.557924,
            153.12
          ],
          [
            0.451826,
            43.558044,
            151.85
          ],
          [
            0.451429,
            43.558575,
            152.46
          ],
          [
            0.450855,
            43.559125,
            152.36
          ],
          [
            0.450399,
            43.559434,
            152.44
          ],
          [
            0.449506,
            43.560128,
            153.99
          ],
          [
            0.448999,
            43.560468,
            154.93
          ],
          [
            0.448763,
            43.560697,
            155.47
          ],
          [
            0.448272,
            43.561624,
            155.57
          ],
          [
            0.448012,
            43.561972,
            155.82
          ],
          [
            0.447738,
            43.562373,
            158.54
          ],
          [
            0.447325,
            43.562851,
            156.68
          ],
          [
            0.446923,
            43.563237,
            155.72
          ],
          [
            0.446424,
            43.563477,
            156.03
          ],
          [
            0.446097,
            43.563673,
            156.36
          ],
          [
            0.445794,
            43.563955,
            156.94
          ],
          [
            0.445432,
            43.56418,
            157.24
          ],
          [
            0.445145,
            43.564411,
            156.7
          ],
          [
            0.445024,
            43.564639,
            155.86
          ],
          [
            0.444678,
            43.565564,
            148.3
          ],
          [
            0.444555,
            43.565744,
            147.59
          ],
          [
            0.44448,
            43.565881,
            147.29
          ],
          [
            0.44424,
            43.566585,
            148.07
          ],
          [
            0.443978,
            43.566606,
            147.71
          ],
          [
            0.443433,
            43.566684,
            148.71
          ],
          [
            0.44299,
            43.566825,
            149.19
          ],
          [
            0.442602,
            43.567001,
            149.17
          ],
          [
            0.441647,
            43.567663,
            146.29
          ],
          [
            0.441101,
            43.568093,
            147.02
          ],
          [
            0.440524,
            43.568568,
            149.26
          ],
          [
            0.440098,
            43.56898,
            151.28
          ],
          [
            0.439885,
            43.569218,
            152.26
          ],
          [
            0.439707,
            43.569542,
            153.0
          ],
          [
            0.439576,
            43.569816,
            153.11
          ],
          [
            0.439424,
            43.570268,
            153.22
          ],
          [
            0.439206,
            43.570617,
            152.67
          ],
          [
            0.438989,
            43.570938,
            151.59
          ],
          [
            0.438311,
            43.571791,
            148.62
          ],
          [
            0.438141,
            43.572196,
            146.82
          ],
          [
            0.438047,
            43.572485,
            147.45
          ],
          [
            0.438028,
            43.57259,
            148.0
          ],
          [
            0.438043,
            43.572688,
            148.75
          ],
          [
            0.438079,
            43.572766,
            149.76
          ],
          [
            0.438163,
            43.572863,
            151.49
          ],
          [
            0.438232,
            43.57298,
            152.65
          ],
          [
            0.438257,
            43.573083,
            153.41
          ],
          [
            0.438239,
            43.573519,
            153.99
          ],
          [
            0.438211,
            43.573614,
            153.78
          ],
          [
            0.438159,
            43.573686,
            153.56
          ],
          [
            0.436682,
            43.57493,
            147.87
          ],
          [
            0.436309,
            43.575285,
            147.19
          ],
          [
            0.435718,
            43.57593,
            145.49
          ],
          [
            0.434574,
            43.576981,
            152.52
          ],
          [
            0.434519,
            43.577107,
            151.92
          ],
          [
            0.434503,
            43.577227,
            151.36
          ],
          [
            0.434558,
            43.577503,
            151.16
          ],
          [
            0.434551,
            43.577627,
            150.87
          ],
          [
            0.434511,
            43.577708,
            150.65
          ],
          [
            0.434423,
            43.577779,
            150.57
          ],
          [
            0.434026,
            43.577992,
            153.17
          ],
          [
            0.433393,
            43.578213,
            153.74
          ],
          [
            0.432549,
            43.578602,
            153.26
          ],
          [
            0.43241,
            43.578655,
            152.99
          ],
          [
            0.432247,
            43.578676,
            152.67
          ],
          [
            0.431817,
            43.578674,
            151.87
          ],
          [
            0.431637,
            43.578691,
            151.53
          ],
          [
            0.431463,
            43.578752,
            150.98
          ],
          [
            0.431014,
            43.578972,
            149.61
          ],
          [
            0.430555,
            43.579238,
            148.37
          ],
          [
            0.430025,
            43.579595,
            145.09
          ],
          [
            0.429878,
            43.579723,
            144.4
          ],
          [
            0.429451,
            43.580183,
            143.5
          ],
          [
            0.428741,
            43.580872,
            141.81
          ],
          [
            0.428648,
            43.580972,
            141.3
          ],
          [
            0.428524,
            43.580949,
            140.59
          ],
          [
            0.427291,
            43.581058,
            138.02
          ],
          [
            0.42708,
            43.581051,
            137.73
          ],
          [
            0.426853,
            43.581006,
            137.62
          ],
          [
            0.426344,
            43.580839,
            137.29
          ],
          [
            0.426024,
            43.5807,
            137.72
          ],
          [
            0.424902,
            43.580124,
            138.02
          ],
          [
            0.424711,
            43.580061,
            138.02
          ],
          [
            0.424485,
            43.580022,
            138.05
          ],
          [
            0.424283,
            43.580018,
            138.2
          ],
          [
            0.424081,
            43.580041,
            138.88
          ],
          [
            0.423926,
            43.580078,
            139.14
          ],
          [
            0.42294,
            43.580402,
            139.0
          ],
          [
            0.422421,
            43.580545,
            139.0
          ],
          [
            0.422038,
            43.580637,
            139.0
          ],
          [
            0.421769,
            43.580663,
            139.0
          ],
          [
            0.420833,
            43.580716,
            139.0
          ],
          [
            0.420695,
            43.580731,
            139.0
          ],
          [
            0.420236,
            43.580814,
            139.0
          ],
          [
            0.419691,
            43.580933,
            139.0
          ],
          [
            0.419598,
            43.580935,
            139.0
          ],
          [
            0.419399,
            43.581252,
            139.0
          ],
          [
            0.419265,
            43.581527,
            139.0
          ],
          [
            0.419235,
            43.581619,
            139.0
          ],
          [
            0.419075,
            43.581583,
            139.0
          ],
          [
            0.419016,
            43.581589,
            139.0
          ],
          [
            0.418969,
            43.581619,
            139.0
          ],
          [
            0.418791,
            43.581478,
            139.09
          ],
          [
            0.418229,
            43.581176,
            140.0
          ],
          [
            0.414737,
            43.583608,
            136.88
          ],
          [
            0.414145,
            43.583989,
            136.14
          ],
          [
            0.414004,
            43.584095,
            135.95
          ],
          [
            0.413927,
            43.584175,
            135.82
          ],
          [
            0.413425,
            43.58482,
            135.0
          ],
          [
            0.413065,
            43.584749,
            134.0
          ],
          [
            0.412319,
            43.584623,
            134.98
          ],
          [
            0.412218,
            43.584627,
            135.0
          ],
          [
            0.412065,
            43.584753,
            134.79
          ],
          [
            0.411885,
            43.584981,
            134.49
          ],
          [
            0.411708,
            43.585332,
            134.41
          ],
          [
            0.411481,
            43.58586,
            134.67
          ],
          [
            0.411049,
            43.585755,
            135.09
          ],
          [
            0.410867,
            43.585697,
            135.84
          ],
          [
            0.410704,
            43.585615,
            136.23
          ],
          [
            0.410565,
            43.585512,
            136.63
          ],
          [
            0.410493,
            43.585431,
            136.83
          ],
          [
            0.410313,
            43.585489,
            136.47
          ],
          [
            0.410281,
            43.585512,
            136.48
          ],
          [
            0.410239,
            43.585559,
            136.37
          ],
          [
            0.41013,
            43.58585,
            136.48
          ],
          [
            0.409964,
            43.586369,
            137.05
          ],
          [
            0.409797,
            43.587147,
            136.57
          ],
          [
            0.40975,
            43.587292,
            136.73
          ],
          [
            0.409668,
            43.58741,
            136.98
          ],
          [
            0.409536,
            43.58752,
            137.43
          ],
          [
            0.409115,
            43.587727,
            137.89
          ],
          [
            0.408968,
            43.587816,
            137.99
          ],
          [
            0.40883,
            43.587968,
            138.0
          ],
          [
            0.408771,
            43.58812,
            137.93
          ],
          [
            0.408581,
            43.589244,
            136.75
          ],
          [
            0.408562,
            43.589493,
            136.47
          ],
          [
            0.40865,
            43.59008,
            135.94
          ],
          [
            0.40865,
            43.590294,
            135.7
          ],
          [
            0.408611,
            43.590491,
            135.52
          ],
          [
            0.408509,
            43.590732,
            135.68
          ],
          [
            0.40818,
            43.591116,
            137.46
          ],
          [
            0.407913,
            43.591347,
            138.99
          ],
          [
            0.407768,
            43.591428,
            140.65
          ],
          [
            0.407494,
            43.591558,
            142.29
          ],
          [
            0.407422,
            43.59166,
            143.16
          ],
          [
            0.407355,
            43.591808,
            144.3
          ],
          [
            0.405946,
            43.595815,
            143.92
          ],
          [
            0.405828,
            43.59603,
            143.22
          ],
          [
            0.405567,
            43.596434,
            142.1
          ],
          [
            0.405469,
            43.596661,
            141.67
          ],
          [
            0.405419,
            43.596823,
            141.49
          ],
          [
            0.405342,
            43.597317,
            141.63
          ],
          [
            0.405268,
            43.597608,
            141.81
          ],
          [
            0.40513,
            43.598047,
            142.09
          ],
          [
            0.405001,
            43.598335,
            141.54
          ],
          [
            0.404842,
            43.598594,
            141.06
          ],
          [
            0.404675,
            43.598809,
            140.48
          ],
          [
            0.404376,
            43.599111,
            140.0
          ],
          [
            0.404043,
            43.599404,
            139.43
          ],
          [
            0.403933,
            43.599516,
            139.36
          ],
          [
            0.403801,
            43.599718,
            139.32
          ],
          [
            0.403689,
            43.599861,
            139.64
          ],
          [
            0.403459,
            43.600101,
            140.23
          ],
          [
            0.40323,
            43.600311,
            140.47
          ],
          [
            0.403025,
            43.60048,
            140.34
          ],
          [
            0.402893,
            43.600554,
            140.32
          ],
          [
            0.402307,
            43.600803,
            139.88
          ],
          [
            0.402161,
            43.600894,
            139.74
          ],
          [
            0.402072,
            43.600978,
            139.95
          ],
          [
            0.401996,
            43.601088,
            140.0
          ],
          [
            0.400765,
            43.603268,
            136.94
          ],
          [
            0.400391,
            43.603964,
            136.64
          ],
          [
            0.400265,
            43.604515,
            135.88
          ],
          [
            0.400195,
            43.604729,
            135.52
          ],
          [
            0.399733,
            43.605815,
            135.06
          ],
          [
            0.399644,
            43.606088,
            135.09
          ],
          [
            0.399522,
            43.60673,
            134.94
          ],
          [
            0.399459,
            43.606965,
            134.68
          ],
          [
            0.399191,
            43.607436,
            134.1
          ],
          [
            0.399149,
            43.607541,
            134.64
          ],
          [
            0.398985,
            43.608367,
            133.1
          ],
          [
            0.398895,
            43.608614,
            132.69
          ],
          [
            0.398586,
            43.609195,
            131.99
          ],
          [
            0.398339,
            43.60976,
            131.34
          ],
          [
            0.397998,
            43.609684,
            135.2
          ],
          [
            0.39812,
            43.609775,
            134.63
          ],
          [
            0.39815,
            43.609846,
            134.47
          ],
          [
            0.398151,
            43.609909,
            134.36
          ],
          [
            0.398029,
            43.610507,
            134.07
          ],
          [
            0.398002,
            43.610595,
            134.1
          ],
          [
            0.397824,
            43.610912,
            135.03
          ],
          [
            0.397788,
            43.610996,
            134.58
          ],
          [
            0.397733,
            43.611077,
            134.49
          ],
          [
            0.39746,
            43.611347,
            133.73
          ],
          [
            0.397298,
            43.611448,
            133.19
          ],
          [
            0.397172,
            43.611501,
            132.78
          ],
          [
            0.396898,
            43.611552,
            130.72
          ],
          [
            0.396799,
            43.611632,
            129.2
          ],
          [
            0.396522,
            43.61166,
            128.87
          ],
          [
            0.396449,
            43.611681,
            128.57
          ],
          [
            0.396206,
            43.611789,
            130.47
          ],
          [
            0.396227,
            43.611848,
            130.59
          ],
          [
            0.396184,
            43.61201,
            131.57
          ],
          [
            0.395713,
            43.612768,
            135.69
          ],
          [
            0.395658,
            43.612968,
            136.5
          ],
          [
            0.395611,
            43.613058,
            136.86
          ],
          [
            0.39506,
            43.613686,
            138.92
          ],
          [
            0.394973,
            43.613853,
            139.15
          ],
          [
            0.394916,
            43.614023,
            139.27
          ],
          [
            0.394888,
            43.614224,
            139.24
          ],
          [
            0.394905,
            43.614449,
            139.01
          ],
          [
            0.394986,
            43.615115,
            136.67
          ],
          [
            0.395054,
            43.615343,
            135.27
          ],
          [
            0.396328,
            43.618157,
            127.0
          ],
          [
            0.396638,
            43.618832,
            127.0
          ],
          [
            0.396703,
            43.618907,
            127.0
          ],
          [
            0.396806,
            43.618967,
            127.0
          ],
          [
            0.39696,
            43.61902,
            127.0
          ],
          [
            0.397019,
            43.619072,
            127.0
          ],
          [
            0.397058,
            43.619146,
            127.0
          ],
          [
            0.397042,
            43.619262,
            127.0
          ],
          [
            0.396868,
            43.619873,
            127.0
          ],
          [
            0.396833,
            43.620131,
            127.0
          ],
          [
            0.396784,
            43.620883,
            126.8
          ],
          [
            0.39675,
            43.621019,
            126.69
          ],
          [
            0.396247,
            43.622002,
            126.02
          ],
          [
            0.39615,
            43.622144,
            125.99
          ],
          [
            0.396025,
            43.622291,
            125.98
          ],
          [
            0.395718,
            43.622575,
            125.98
          ],
          [
            0.395623,
            43.622683,
            125.98
          ],
          [
            0.395548,
            43.622836,
            125.97
          ],
          [
            0.395518,
            43.623004,
            125.98
          ],
          [
            0.39547,
            43.623505,
            125.79
          ],
          [
            0.395473,
            43.623702,
            125.79
          ],
          [
            0.395493,
            43.623921,
            125.85
          ],
          [
            0.395626,
            43.624795,
            126.05
          ],
          [
            0.395604,
            43.624926,
            126.11
          ],
          [
            0.395547,
            43.625072,
            126.21
          ],
          [
            0.395156,
            43.625836,
            127.36
          ],
          [
            0.395116,
            43.625974,
            127.66
          ],
          [
            0.39511,
            43.626203,
            127.82
          ],
          [
            0.395164,
            43.626658,
            127.5
          ],
          [
            0.395439,
            43.627359,
            126.14
          ],
          [
            0.395453,
            43.627526,
            125.89
          ],
          [
            0.395434,
            43.627677,
            125.67
          ],
          [
            0.395387,
            43.627831,
            125.52
          ],
          [
            0.395193,
            43.628119,
            125.33
          ],
          [
            0.394907,
            43.628458,
            125.83
          ],
          [
            0.39466,
            43.628885,
            126.12
          ],
          [
            0.394577,
            43.629064,
            126.25
          ],
          [
            0.394519,
            43.629268,
            126.42
          ],
          [
            0.394377,
            43.629987,
            127.39
          ],
          [
            0.394331,
            43.630178,
            128.0
          ],
          [
            0.394338,
            43.631196,
            126.86
          ],
          [
            0.394235,
            43.631436,
            126.94
          ],
          [
            0.393659,
            43.632415,
            127.34
          ],
          [
            0.393634,
            43.632499,
            127.33
          ],
          [
            0.393684,
            43.633433,
            129.97
          ],
          [
            0.393889,
            43.634225,
            130.29
          ],
          [
            0.393904,
            43.634656,
            130.49
          ],
          [
            0.393873,
            43.634843,
            130.25
          ],
          [
            0.392757,
            43.638371,
            128.94
          ],
          [
            0.392706,
            43.638578,
            128.88
          ],
          [
            0.392647,
            43.639794,
            128.09
          ],
          [
            0.392693,
            43.639958,
            127.77
          ],
          [
            0.392769,
            43.640138,
            127.35
          ],
          [
            0.39402,
            43.642821,
            124.15
          ],
          [
            0.393934,
            43.642933,
            124.57
          ],
          [
            0.393804,
            43.643301,
            123.41
          ],
          [
            0.39361,
            43.643788,
            123.55
          ],
          [
            0.39359,
            43.643914,
            123.99
          ],
          [
            0.393618,
            43.644027,
            124.37
          ],
          [
            0.393917,
            43.644686,
            126.7
          ],
          [
            0.394018,
            43.644806,
            126.96
          ],
          [
            0.394116,
            43.644894,
            127.28
          ],
          [
            0.394365,
            43.645007,
            127.86
          ],
          [
            0.394459,
            43.645091,
            127.74
          ],
          [
            0.39456,
            43.645314,
            127.03
          ],
          [
            0.395118,
            43.647055,
            126.08
          ],
          [
            0.395312,
            43.647844,
            127.07
          ],
          [
            0.395407,
            43.647968,
            125.85
          ],
          [
            0.395533,
            43.648168,
            125.28
          ],
          [
            0.395908,
            43.648631,
            127.53
          ],
          [
            0.396165,
            43.649036,
            127.01
          ],
          [
            0.396267,
            43.649241,
            126.25
          ],
          [
            0.396747,
            43.650756,
            126.07
          ],
          [
            0.396853,
            43.650964,
            125.93
          ],
          [
            0.397132,
            43.651391,
            125.42
          ],
          [
            0.397289,
            43.651744,
            124.3
          ],
          [
            0.39757,
            43.652323,
            124.15
          ],
          [
            0.397715,
            43.65255,
            124.4
          ],
          [
            0.398887,
            43.654096,
            128.57
          ],
          [
            0.398979,
            43.654274,
            129.29
          ],
          [
            0.399025,
            43.654461,
            130.06
          ],
          [
            0.399079,
            43.655064,
            132.51
          ],
          [
            0.399126,
            43.655425,
            132.58
          ],
          [
            0.399146,
            43.656372,
            132.52
          ],
          [
            0.399111,
            43.656612,
            131.87
          ],
          [
            0.399075,
            43.656743,
            130.68
          ],
          [
            0.39889,
            43.657271,
            125.37
          ],
          [
            0.398816,
            43.657387,
            125.01
          ],
          [
            0.398535,
            43.657762,
            124.5
          ],
          [
            0.398499,
            43.657839,
            124.99
          ],
          [
            0.398474,
            43.657986,
            124.92
          ],
          [
            0.398486,
            43.658344,
            124.54
          ],
          [
            0.398513,
            43.658443,
            124.46
          ],
          [
            0.39857,
            43.658559,
            124.36
          ],
          [
            0.398984,
            43.659115,
            123.93
          ],
          [
            0.39894,
            43.659228,
            123.47
          ],
          [
            0.398881,
            43.659323,
            123.19
          ],
          [
            0.398331,
            43.659842,
            124.05
          ],
          [
            0.397877,
            43.66035,
            124.92
          ],
          [
            0.397798,
            43.660468,
            125.06
          ],
          [
            0.397719,
            43.660753,
            125.35
          ],
          [
            0.397399,
            43.661437,
            125.93
          ],
          [
            0.397337,
            43.661626,
            126.0
          ],
          [
            0.397175,
            43.661789,
            125.92
          ],
          [
            0.396672,
            43.662338,
            125.0
          ],
          [
            0.396156,
            43.662909,
            124.72
          ],
          [
            0.396055,
            43.663036,
            124.75
          ],
          [
            0.39597,
            43.663167,
            124.95
          ],
          [
            0.395727,
            43.66366,
            125.0
          ],
          [
            0.395674,
            43.663645,
            125.0
          ],
          [
            0.395459,
            43.664055,
            124.35
          ],
          [
            0.395373,
            43.664156,
            124.26
          ],
          [
            0.395221,
            43.664257,
            124.09
          ],
          [
            0.39509,
            43.664306,
            124.03
          ],
          [
            0.394993,
            43.664327,
            124.02
          ],
          [
            0.394754,
            43.664348,
            124.0
          ],
          [
            0.394753,
            43.664398,
            124.0
          ],
          [
            0.394682,
            43.664402,
            124.0
          ],
          [
            0.394788,
            43.664991,
            123.22
          ],
          [
            0.394966,
            43.665881,
            121.96
          ],
          [
            0.394991,
            43.666054,
            121.57
          ],
          [
            0.394985,
            43.666336,
            121.0
          ],
          [
            0.394726,
            43.66625,
            122.0
          ],
          [
            0.394631,
            43.666381,
            121.74
          ],
          [
            0.394593,
            43.666476,
            121.83
          ],
          [
            0.394504,
            43.666619,
            122.0
          ],
          [
            0.394401,
            43.666742,
            121.96
          ],
          [
            0.394596,
            43.666842,
            121.0
          ],
          [
            0.394609,
            43.666897,
            120.99
          ],
          [
            0.394626,
            43.666925,
            120.96
          ],
          [
            0.394778,
            43.66702,
            120.72
          ],
          [
            0.394806,
            43.667059,
            120.58
          ],
          [
            0.394813,
            43.667213,
            120.72
          ],
          [
            0.394744,
            43.667544,
            121.0
          ],
          [
            0.394636,
            43.667625,
            121.0
          ],
          [
            0.394425,
            43.667727,
            121.0
          ],
          [
            0.394323,
            43.667689,
            121.01
          ],
          [
            0.393432,
            43.667419,
            122.0
          ],
          [
            0.393306,
            43.667409,
            122.04
          ],
          [
            0.39318,
            43.667411,
            122.25
          ],
          [
            0.393054,
            43.667423,
            122.77
          ],
          [
            0.392985,
            43.667522,
            123.0
          ],
          [
            0.392584,
            43.667604,
            123.47
          ],
          [
            0.387555,
            43.668858,
            134.03
          ],
          [
            0.386995,
            43.669014,
            134.39
          ],
          [
            0.384421,
            43.669811,
            138.0
          ],
          [
            0.384119,
            43.669883,
            138.0
          ],
          [
            0.383883,
            43.669901,
            138.0
          ],
          [
            0.38373,
            43.669903,
            138.0
          ],
          [
            0.380995,
            43.669867,
            147.08
          ],
          [
            0.380632,
            43.669848,
            149.68
          ],
          [
            0.380011,
            43.66975,
            154.66
          ],
          [
            0.379691,
            43.669738,
            157.19
          ],
          [
            0.378785,
            43.669846,
            163.45
          ],
          [
            0.3788,
            43.669914,
            163.06
          ],
          [
            0.378826,
            43.669926,
            162.85
          ],
          [
            0.379518,
            43.669833,
            159.34
          ],
          [
            0.379612,
            43.669831,
            159.03
          ],
          [
            0.379655,
            43.669849,
            158.83
          ],
          [
            0.379675,
            43.669875,
            158.67
          ],
          [
            0.379685,
            43.669918,
            158.43
          ],
          [
            0.37968,
            43.669976,
            158.14
          ],
          [
            0.379597,
            43.67035,
            156.55
          ],
          [
            0.379475,
            43.670719,
            155.66
          ],
          [
            0.379355,
            43.670938,
            155.16
          ],
          [
            0.379184,
            43.671131,
            154.63
          ],
          [
            0.379141,
            43.671201,
            154.45
          ],
          [
            0.378831,
            43.672091,
            151.31
          ],
          [
            0.378537,
            43.672762,
            148.03
          ],
          [
            0.378552,
            43.672825,
            147.72
          ],
          [
            0.378582,
            43.672855,
            147.55
          ],
          [
            0.378616,
            43.672874,
            147.41
          ],
          [
            0.37901,
            43.673004,
            146.12
          ],
          [
            0.379252,
            43.673049,
            145.49
          ],
          [
            0.380111,
            43.673247,
            143.88
          ],
          [
            0.380599,
            43.673417,
            143.17
          ],
          [
            0.380721,
            43.673487,
            142.93
          ],
          [
            0.380792,
            43.673553,
            142.7
          ],
          [
            0.380505,
            43.67412,
            139.22
          ],
          [
            0.380456,
            43.674291,
            138.25
          ],
          [
            0.380464,
            43.674415,
            137.65
          ],
          [
            0.380604,
            43.674613,
            137.0
          ],
          [
            0.380601,
            43.674711,
            137.0
          ],
          [
            0.380656,
            43.674878,
            137.22
          ],
          [
            0.380703,
            43.674988,
            137.43
          ],
          [
            0.380788,
            43.67514,
            137.8
          ],
          [
            0.38084,
            43.675166,
            137.88
          ],
          [
            0.380876,
            43.675219,
            137.97
          ],
          [
            0.380917,
            43.675458,
            138.39
          ],
          [
            0.380919,
            43.675572,
            138.61
          ],
          [
            0.380893,
            43.675703,
            138.88
          ],
          [
            0.380576,
            43.676882,
            140.31
          ],
          [
            0.381387,
            43.677134,
            139.0
          ],
          [
            0.380978,
            43.677917,
            138.77
          ],
          [
            0.380951,
            43.678045,
            138.71
          ],
          [
            0.380399,
            43.679079,
            138.52
          ],
          [
            0.38027,
            43.679287,
            139.06
          ],
          [
            0.379853,
            43.680057,
            139.92
          ],
          [
            0.379778,
            43.680334,
            140.38
          ],
          [
            0.379527,
            43.681995,
            142.29
          ],
          [
            0.379516,
            43.682365,
            142.43
          ],
          [
            0.379522,
            43.682604,
            142.41
          ],
          [
            0.37935,
            43.683636,
            141.45
          ],
          [
            0.379356,
            43.683689,
            141.41
          ],
          [
            0.378886,
            43.683674,
            142.88
          ],
          [
            0.378545,
            43.683653,
            143.57
          ],
          [
            0.378838,
            43.684656,
            143.23
          ],
          [
            0.37907,
            43.685271,
            142.76
          ],
          [
            0.379005,
            43.685331,
            142.74
          ],
          [
            0.379003,
            43.685362,
            142.73
          ],
          [
            0.379034,
            43.685557,
            142.69
          ],
          [
            0.379616,
            43.687155,
            139.87
          ],
          [
            0.379819,
            43.687448,
            139.55
          ],
          [
            0.379841,
            43.687556,
            139.5
          ],
          [
            0.379578,
            43.68833,
            140.0
          ],
          [
            0.379488,
            43.688368,
            140.0
          ],
          [
            0.379412,
            43.688421,
            140.0
          ],
          [
            0.379365,
            43.688502,
            139.99
          ],
          [
            0.379338,
            43.688573,
            139.91
          ],
          [
            0.379316,
            43.688698,
            139.69
          ],
          [
            0.379325,
            43.689346,
            138.31
          ],
          [
            0.379313,
            43.689455,
            138.08
          ],
          [
            0.379245,
            43.689588,
            138.06
          ],
          [
            0.37887,
            43.690048,
            138.86
          ],
          [
            0.378103,
            43.691105,
            142.0
          ],
          [
            0.376406,
            43.693124,
            152.0
          ],
          [
            0.376259,
            43.693262,
            152.85
          ],
          [
            0.375897,
            43.693524,
            155.4
          ],
          [
            0.375448,
            43.693801,
            158.79
          ],
          [
            0.374612,
            43.694218,
            162.74
          ],
          [
            0.374337,
            43.694332,
            163.81
          ],
          [
            0.374057,
            43.694428,
            164.71
          ],
          [
            0.37382,
            43.694481,
            165.0
          ],
          [
            0.37348,
            43.694524,
            164.25
          ],
          [
            0.372772,
            43.694545,
            160.01
          ],
          [
            0.372626,
            43.694565,
            159.16
          ],
          [
            0.372513,
            43.694611,
            158.39
          ],
          [
            0.37211,
            43.694807,
            155.56
          ],
          [
            0.37192,
            43.694869,
            154.39
          ],
          [
            0.371618,
            43.694948,
            152.79
          ],
          [
            0.371391,
            43.694986,
            151.76
          ],
          [
            0.371161,
            43.694991,
            150.87
          ],
          [
            0.370919,
            43.694978,
            150.05
          ],
          [
            0.370638,
            43.694949,
            149.22
          ],
          [
            0.370031,
            43.694813,
            147.78
          ],
          [
            0.369883,
            43.694813,
            147.46
          ],
          [
            0.369717,
            43.69485,
            147.04
          ],
          [
            0.369303,
            43.695017,
            145.49
          ],
          [
            0.369131,
            43.695071,
            144.77
          ],
          [
            0.368924,
            43.695088,
            143.93
          ],
          [
            0.368451,
            43.695083,
            141.82
          ],
          [
            0.368289,
            43.695057,
            140.99
          ],
          [
            0.367928,
            43.694942,
            139.56
          ],
          [
            0.367785,
            43.694936,
            139.04
          ],
          [
            0.367709,
            43.694967,
            138.57
          ],
          [
            0.366489,
            43.696075,
            144.89
          ],
          [
            0.365607,
            43.696991,
            149.78
          ],
          [
            0.365548,
            43.697117,
            150.34
          ],
          [
            0.365497,
            43.69739,
            151.62
          ],
          [
            0.365507,
            43.69765,
            152.82
          ],
          [
            0.365639,
            43.6979,
            154.6
          ],
          [
            0.365676,
            43.698022,
            155.94
          ],
          [
            0.364445,
            43.698185,
            160.7
          ],
          [
            0.364488,
            43.698727,
            157.3
          ],
          [
            0.364483,
            43.698808,
            156.85
          ],
          [
            0.364459,
            43.698863,
            156.58
          ],
          [
            0.364413,
            43.698918,
            156.28
          ],
          [
            0.362616,
            43.700623,
            158.49
          ],
          [
            0.360915,
            43.702206,
            176.67
          ],
          [
            0.360761,
            43.702339,
            178.48
          ],
          [
            0.354754,
            43.702285,
            195.13
          ],
          [
            0.351477,
            43.702214,
            200.87
          ],
          [
            0.350813,
            43.702221,
            201.71
          ],
          [
            0.350663,
            43.702236,
            201.67
          ],
          [
            0.350552,
            43.702269,
            201.2
          ],
          [
            0.350478,
            43.702312,
            200.84
          ],
          [
            0.350421,
            43.702368,
            200.4
          ],
          [
            0.350393,
            43.702412,
            200.05
          ],
          [
            0.3502,
            43.7031,
            194.57
          ],
          [
            0.350147,
            43.703196,
            193.77
          ],
          [
            0.350052,
            43.703285,
            192.93
          ],
          [
            0.349916,
            43.703356,
            192.13
          ],
          [
            0.349703,
            43.703393,
            191.41
          ],
          [
            0.349503,
            43.703412,
            190.16
          ],
          [
            0.34942,
            43.703972,
            195.39
          ],
          [
            0.34936,
            43.704088,
            195.89
          ],
          [
            0.349006,
            43.704451,
            197.91
          ],
          [
            0.348953,
            43.70454,
            198.22
          ],
          [
            0.348444,
            43.70599,
            205.06
          ],
          [
            0.348373,
            43.706145,
            206.15
          ],
          [
            0.348265,
            43.706283,
            207.0
          ],
          [
            0.34795,
            43.70667,
            206.93
          ],
          [
            0.34744,
            43.707197,
            205.19
          ],
          [
            0.347191,
            43.707431,
            204.21
          ],
          [
            0.346757,
            43.707803,
            203.55
          ],
          [
            0.346691,
            43.707899,
            203.47
          ],
          [
            0.346675,
            43.707984,
            203.37
          ],
          [
            0.346691,
            43.708061,
            203.37
          ],
          [
            0.346759,
            43.70816,
            203.62
          ],
          [
            0.347052,
            43.708435,
            204.98
          ],
          [
            0.347292,
            43.708618,
            206.31
          ],
          [
            0.3475,
            43.708795,
            207.83
          ],
          [
            0.347657,
            43.709013,
            208.71
          ],
          [
            0.347837,
            43.70937,
            207.11
          ],
          [
            0.347981,
            43.709606,
            206.81
          ],
          [
            0.348079,
            43.709685,
            206.87
          ],
          [
            0.348197,
            43.709737,
            207.13
          ],
          [
            0.348327,
            43.709761,
            207.33
          ],
          [
            0.349307,
            43.709779,
            208.77
          ],
          [
            0.349476,
            43.709799,
            209.19
          ],
          [
            0.349698,
            43.70986,
            209.89
          ],
          [
            0.349878,
            43.709935,
            210.58
          ],
          [
            0.350464,
            43.710217,
            213.16
          ],
          [
            0.350704,
            43.71031,
            214.04
          ],
          [
            0.350897,
            43.710402,
            214.64
          ],
          [
            0.351415,
            43.710736,
            214.67
          ],
          [
            0.351531,
            43.710832,
            214.57
          ],
          [
            0.351596,
            43.71093,
            214.35
          ],
          [
            0.351624,
            43.711031,
            213.91
          ],
          [
            0.35168,
            43.711438,
            210.5
          ],
          [
            0.351681,
            43.711611,
            210.16
          ],
          [
            0.351644,
            43.711865,
            209.46
          ],
          [
            0.35158,
            43.712111,
            207.93
          ],
          [
            0.351482,
            43.712313,
            206.68
          ],
          [
            0.351295,
            43.712634,
            203.44
          ],
          [
            0.351129,
            43.712795,
            203.24
          ],
          [
            0.350844,
            43.713019,
            204.24
          ],
          [
            0.350653,
            43.713133,
            205.41
          ],
          [
            0.350278,
            43.713323,
            207.31
          ],
          [
            0.349827,
            43.713519,
            209.2
          ],
          [
            0.349489,
            43.713628,
            210.21
          ],
          [
            0.348453,
            43.713931,
            211.98
          ],
          [
            0.347828,
            43.714137,
            213.18
          ],
          [
            0.347371,
            43.714276,
            213.24
          ],
          [
            0.34715,
            43.714359,
            213.25
          ],
          [
            0.347008,
            43.714449,
            213.14
          ],
          [
            0.346917,
            43.714559,
            214.05
          ],
          [
            0.346737,
            43.714925,
            214.81
          ],
          [
            0.34639,
            43.715468,
            211.43
          ],
          [
            0.346355,
            43.715594,
            210.92
          ],
          [
            0.346308,
            43.715869,
            210.23
          ],
          [
            0.346266,
            43.71598,
            210.1
          ],
          [
            0.346126,
            43.716223,
            210.11
          ],
          [
            0.345931,
            43.716432,
            210.68
          ],
          [
            0.345585,
            43.716721,
            212.78
          ],
          [
            0.345455,
            43.716875,
            214.01
          ],
          [
            0.345385,
            43.717019,
            215.14
          ],
          [
            0.345355,
            43.717164,
            216.31
          ],
          [
            0.345357,
            43.717319,
            217.79
          ],
          [
            0.345399,
            43.717781,
            221.7
          ],
          [
            0.345372,
            43.7179,
            221.99
          ],
          [
            0.345089,
            43.717848,
            222.8
          ],
          [
            0.344763,
            43.71783,
            223.35
          ],
          [
            0.34427,
            43.717817,
            223.33
          ],
          [
            0.343085,
            43.717843,
            221.88
          ],
          [
            0.342973,
            43.717914,
            223.02
          ],
          [
            0.342934,
            43.718385,
            219.09
          ],
          [
            0.34286,
            43.71883,
            214.29
          ],
          [
            0.342804,
            43.71897,
            213.04
          ],
          [
            0.342684,
            43.719324,
            210.48
          ],
          [
            0.342629,
            43.719438,
            209.85
          ],
          [
            0.342525,
            43.719558,
            209.22
          ],
          [
            0.342231,
            43.719782,
            207.87
          ],
          [
            0.341484,
            43.720228,
            204.55
          ],
          [
            0.341241,
            43.720319,
            203.79
          ],
          [
            0.341072,
            43.720408,
            203.32
          ],
          [
            0.340932,
            43.720507,
            202.93
          ],
          [
            0.340265,
            43.721434,
            199.34
          ],
          [
            0.339863,
            43.722063,
            193.31
          ],
          [
            0.339407,
            43.722855,
            184.43
          ],
          [
            0.339206,
            43.723124,
            181.29
          ],
          [
            0.339141,
            43.723228,
            179.94
          ],
          [
            0.339125,
            43.723321,
            178.21
          ],
          [
            0.339157,
            43.723393,
            176.68
          ],
          [
            0.339259,
            43.723593,
            173.87
          ],
          [
            0.339417,
            43.723781,
            171.05
          ],
          [
            0.339425,
            43.723999,
            168.75
          ],
          [
            0.339405,
            43.724331,
            166.14
          ],
          [
            0.339354,
            43.724429,
            165.6
          ],
          [
            0.339069,
            43.724708,
            165.17
          ],
          [
            0.338959,
            43.724867,
            165.71
          ],
          [
            0.338865,
            43.725202,
            167.88
          ],
          [
            0.338795,
            43.72564,
            171.86
          ],
          [
            0.338744,
            43.725733,
            172.85
          ],
          [
            0.338457,
            43.725857,
            175.09
          ],
          [
            0.338209,
            43.725917,
            176.88
          ],
          [
            0.338259,
            43.725953,
            176.06
          ],
          [
            0.338268,
            43.725971,
            175.8
          ],
          [
            0.338271,
            43.726012,
            175.32
          ],
          [
            0.338255,
            43.72606,
            174.83
          ],
          [
            0.338054,
            43.726326,
            172.22
          ],
          [
            0.33761,
            43.727026,
            167.55
          ],
          [
            0.337561,
            43.727111,
            167.41
          ],
          [
            0.337492,
            43.72728,
            167.54
          ],
          [
            0.337371,
            43.727419,
            168.14
          ],
          [
            0.337132,
            43.727669,
            170.47
          ],
          [
            0.337089,
            43.727733,
            171.22
          ],
          [
            0.336894,
            43.728425,
            179.99
          ],
          [
            0.336856,
            43.728458,
            180.57
          ],
          [
            0.336623,
            43.728497,
            182.81
          ],
          [
            0.336574,
            43.728522,
            183.31
          ],
          [
            0.33655,
            43.728609,
            184.22
          ],
          [
            0.336553,
            43.728873,
            186.45
          ],
          [
            0.336572,
            43.728929,
            186.77
          ],
          [
            0.337432,
            43.730136,
            196.34
          ],
          [
            0.337163,
            43.730277,
            197.48
          ],
          [
            0.336688,
            43.730492,
            200.33
          ],
          [
            0.336447,
            43.730584,
            201.58
          ],
          [
            0.336004,
            43.730769,
            203.46
          ],
          [
            0.334521,
            43.731434,
            203.5
          ],
          [
            0.333278,
            43.732008,
            200.7
          ],
          [
            0.332893,
            43.732579,
            199.9
          ],
          [
            0.332822,
            43.732705,
            199.87
          ],
          [
            0.332755,
            43.732858,
            200.09
          ],
          [
            0.33272,
            43.732985,
            200.59
          ],
          [
            0.3327,
            43.733131,
            201.59
          ],
          [
            0.332728,
            43.733526,
            205.12
          ],
          [
            0.332684,
            43.733636,
            205.79
          ],
          [
            0.332566,
            43.7338,
            206.62
          ],
          [
            0.332456,
            43.733918,
            207.02
          ],
          [
            0.332328,
            43.734033,
            207.26
          ],
          [
            0.331275,
            43.734837,
            209.2
          ],
          [
            0.330693,
            43.735336,
            211.49
          ],
          [
            0.329964,
            43.73603,
            217.92
          ],
          [
            0.32991,
            43.73615,
            218.79
          ],
          [
            0.329906,
            43.736224,
            219.23
          ],
          [
            0.329928,
            43.736286,
            219.58
          ],
          [
            0.329967,
            43.736342,
            219.83
          ],
          [
            0.329656,
            43.736253,
            220.72
          ],
          [
            0.329075,
            43.736582,
            221.46
          ],
          [
            0.328384,
            43.736943,
            220.82
          ],
          [
            0.327952,
            43.737138,
            220.1
          ],
          [
            0.327657,
            43.737264,
            219.46
          ],
          [
            0.327172,
            43.737414,
            218.25
          ],
          [
            0.326437,
            43.737627,
            215.32
          ],
          [
            0.326497,
            43.737771,
            214.37
          ],
          [
            0.32681,
            43.738169,
            212.51
          ],
          [
            0.326833,
            43.738221,
            212.24
          ],
          [
            0.326833,
            43.738282,
            211.95
          ],
          [
            0.326792,
            43.738338,
            211.65
          ],
          [
            0.326122,
            43.73881,
            208.15
          ],
          [
            0.326017,
            43.738961,
            206.9
          ],
          [
            0.325947,
            43.739041,
            206.06
          ],
          [
            0.325556,
            43.739268,
            202.77
          ],
          [
            0.325465,
            43.739286,
            202.16
          ],
          [
            0.325414,
            43.739283,
            201.81
          ],
          [
            0.325368,
            43.739264,
            201.2
          ],
          [
            0.325372,
            43.739434,
            201.22
          ],
          [
            0.325432,
            43.739596,
            200.22
          ],
          [
            0.325591,
            43.739791,
            197.7
          ],
          [
            0.325522,
            43.739886,
            196.31
          ],
          [
            0.325499,
            43.739956,
            195.51
          ],
          [
            0.325502,
            43.740006,
            194.91
          ],
          [
            0.325701,
            43.740273,
            190.79
          ],
          [
            0.325744,
            43.74036,
            189.47
          ],
          [
            0.325737,
            43.740419,
            188.61
          ],
          [
            0.325682,
            43.740636,
            185.45
          ],
          [
            0.325642,
            43.740717,
            184.18
          ],
          [
            0.32537,
            43.740977,
            179.25
          ],
          [
            0.325222,
            43.741049,
            177.36
          ],
          [
            0.325049,
            43.741248,
            174.01
          ],
          [
            0.324976,
            43.741313,
            172.82
          ],
          [
            0.324877,
            43.741354,
            171.64
          ],
          [
            0.324434,
            43.741494,
            166.59
          ],
          [
            0.324349,
            43.741554,
            165.39
          ],
          [
            0.32431,
            43.741639,
            164.19
          ],
          [
            0.324167,
            43.742297,
            155.75
          ],
          [
            0.323364,
            43.742439,
            152.88
          ],
          [
            0.323205,
            43.742488,
            152.47
          ],
          [
            0.323093,
            43.742538,
            152.38
          ],
          [
            0.323005,
            43.742593,
            152.49
          ],
          [
            0.321417,
            43.74376,
            158.27
          ],
          [
            0.3193,
            43.745315,
            145.29
          ],
          [
            0.317765,
            43.746427,
            141.31
          ],
          [
            0.317652,
            43.746515,
            140.8
          ],
          [
            0.317541,
            43.746617,
            140.19
          ],
          [
            0.317475,
            43.746724,
            139.68
          ],
          [
            0.317444,
            43.746832,
            139.16
          ],
          [
            0.317445,
            43.746925,
            138.68
          ],
          [
            0.317479,
            43.747041,
            138.03
          ],
          [
            0.317582,
            43.747297,
            136.37
          ],
          [
            0.317209,
            43.747462,
            136.23
          ],
          [
            0.316092,
            43.748021,
            134.19
          ],
          [
            0.315715,
            43.748244,
            133.75
          ],
          [
            0.314682,
            43.748971,
            131.03
          ],
          [
            0.312767,
            43.75038,
            132.75
          ],
          [
            0.312735,
            43.750396,
            132.78
          ],
          [
            0.312508,
            43.750408,
            132.95
          ],
          [
            0.312429,
            43.750426,
            133.01
          ],
          [
            0.312367,
            43.750464,
            133.08
          ],
          [
            0.312264,
            43.750582,
            133.25
          ],
          [
            0.312056,
            43.750868,
            133.69
          ],
          [
            0.311846,
            43.751194,
            134.12
          ],
          [
            0.311206,
            43.752025,
            133.72
          ],
          [
            0.310805,
            43.752503,
            131.96
          ],
          [
            0.310631,
            43.752675,
            130.86
          ],
          [
            0.310484,
            43.752791,
            130.46
          ],
          [
            0.310348,
            43.752919,
            129.82
          ],
          [
            0.310227,
            43.753002,
            129.21
          ],
          [
            0.309934,
            43.753176,
            127.75
          ],
          [
            0.309597,
            43.753363,
            125.74
          ],
          [
            0.309114,
            43.753595,
            123.87
          ],
          [
            0.308739,
            43.753754,
            122.9
          ],
          [
            0.308509,
            43.753871,
            122.16
          ],
          [
            0.308473,
            43.753912,
            121.82
          ],
          [
            0.30846,
            43.75396,
            121.53
          ],
          [
            0.308665,
            43.754583,
            114.92
          ],
          [
            0.30808,
            43.754692,
            114.54
          ],
          [
            0.307232,
            43.754902,
            114.05
          ],
          [
            0.306926,
            43.754998,
            113.56
          ],
          [
            0.306625,
            43.755104,
            112.81
          ],
          [
            0.305512,
            43.755535,
            110.67
          ],
          [
            0.30518,
            43.75564,
            110.91
          ],
          [
            0.304792,
            43.75573,
            111.03
          ],
          [
            0.304605,
            43.75576,
            111.07
          ],
          [
            0.304188,
            43.755792,
            111.64
          ],
          [
            0.304085,
            43.756198,
            111.93
          ],
          [
            0.303607,
            43.756049,
            110.84
          ],
          [
            0.30356,
            43.756398,
            111.0
          ],
          [
            0.303122,
            43.756364,
            111.3
          ],
          [
            0.302743,
            43.756396,
            111.92
          ],
          [
            0.302705,
            43.756432,
            112.17
          ],
          [
            0.302738,
            43.756733,
            113.59
          ],
          [
            0.302785,
            43.756935,
            113.76
          ],
          [
            0.302813,
            43.757209,
            112.87
          ],
          [
            0.302461,
            43.757201,
            116.48
          ],
          [
            0.302519,
            43.757931,
            117.14
          ],
          [
            0.302547,
            43.758318,
            118.96
          ],
          [
            0.30256,
            43.758415,
            118.97
          ],
          [
            0.302562,
            43.759133,
            120.6
          ],
          [
            0.302012,
            43.759172,
            122.0
          ],
          [
            0.301731,
            43.759172,
            121.98
          ],
          [
            0.301704,
            43.759451,
            121.0
          ],
          [
            0.301549,
            43.759464,
            120.53
          ],
          [
            0.301313,
            43.759521,
            118.86
          ],
          [
            0.301208,
            43.759498,
            117.82
          ],
          [
            0.301201,
            43.759539,
            117.36
          ],
          [
            0.301175,
            43.759565,
            116.9
          ],
          [
            0.300986,
            43.759476,
            117.0
          ],
          [
            0.300887,
            43.759581,
            116.67
          ],
          [
            0.300707,
            43.759915,
            115.82
          ],
          [
            0.300393,
            43.760717,
            118.0
          ],
          [
            0.300107,
            43.761498,
            121.17
          ],
          [
            0.299849,
            43.761469,
            121.91
          ],
          [
            0.29969,
            43.761472,
            122.18
          ],
          [
            0.298997,
            43.761515,
            123.62
          ],
          [
            0.298825,
            43.761562,
            124.21
          ],
          [
            0.298106,
            43.761625,
            126.63
          ],
          [
            0.297594,
            43.761702,
            127.78
          ],
          [
            0.297167,
            43.761846,
            128.95
          ],
          [
            0.297032,
            43.76191,
            129.36
          ],
          [
            0.296765,
            43.762072,
            131.11
          ],
          [
            0.295276,
            43.763174,
            141.6
          ],
          [
            0.29478,
            43.763693,
            143.53
          ],
          [
            0.294627,
            43.763836,
            143.43
          ],
          [
            0.294372,
            43.763978,
            142.75
          ],
          [
            0.29404,
            43.764137,
            142.16
          ],
          [
            0.293045,
            43.764574,
            141.13
          ],
          [
            0.292822,
            43.764687,
            141.0
          ],
          [
            0.292237,
            43.765077,
            143.99
          ],
          [
            0.291832,
            43.765306,
            145.89
          ],
          [
            0.291114,
            43.765675,
            143.11
          ],
          [
            0.290693,
            43.76592,
            141.59
          ],
          [
            0.290261,
            43.766203,
            139.53
          ],
          [
            0.288754,
            43.767441,
            132.41
          ],
          [
            0.288039,
            43.768075,
            134.23
          ],
          [
            0.287312,
            43.768676,
            139.35
          ],
          [
            0.286896,
            43.769002,
            140.82
          ],
          [
            0.286566,
            43.769276,
            141.69
          ],
          [
            0.286165,
            43.769526,
            142.81
          ],
          [
            0.285898,
            43.769657,
            143.52
          ],
          [
            0.28504,
            43.770006,
            146.21
          ],
          [
            0.283453,
            43.770753,
            152.09
          ],
          [
            0.282685,
            43.771029,
            151.03
          ],
          [
            0.282374,
            43.771173,
            148.36
          ],
          [
            0.281465,
            43.771662,
            143.82
          ],
          [
            0.280559,
            43.772167,
            140.65
          ],
          [
            0.280068,
            43.772473,
            139.85
          ],
          [
            0.279533,
            43.772824,
            140.73
          ],
          [
            0.279083,
            43.773097,
            143.53
          ],
          [
            0.278818,
            43.773228,
            144.08
          ],
          [
            0.278349,
            43.773416,
            144.98
          ],
          [
            0.277629,
            43.773642,
            145.0
          ],
          [
            0.277434,
            43.773741,
            144.01
          ],
          [
            0.277386,
            43.773799,
            144.04
          ],
          [
            0.277346,
            43.77387,
            143.95
          ],
          [
            0.277334,
            43.773962,
            143.6
          ],
          [
            0.277343,
            43.77406,
            143.34
          ],
          [
            0.277509,
            43.774682,
            142.4
          ],
          [
            0.277504,
            43.774778,
            142.39
          ],
          [
            0.277472,
            43.774857,
            142.41
          ],
          [
            0.277406,
            43.774943,
            142.46
          ],
          [
            0.276614,
            43.775422,
            143.85
          ],
          [
            0.276426,
            43.775549,
            144.44
          ],
          [
            0.276163,
            43.775792,
            145.49
          ],
          [
            0.275786,
            43.776229,
            147.82
          ],
          [
            0.275661,
            43.776358,
            148.68
          ],
          [
            0.275523,
            43.776472,
            149.58
          ],
          [
            0.27538,
            43.776577,
            150.53
          ],
          [
            0.273878,
            43.777443,
            162.79
          ],
          [
            0.27225,
            43.77854,
            181.14
          ],
          [
            0.272022,
            43.77872,
            181.74
          ],
          [
            0.271865,
            43.778815,
            182.04
          ],
          [
            0.271759,
            43.778857,
            181.87
          ],
          [
            0.271271,
            43.77902,
            179.21
          ],
          [
            0.271122,
            43.779079,
            178.7
          ],
          [
            0.271059,
            43.779117,
            178.4
          ],
          [
            0.269893,
            43.779981,
            173.63
          ],
          [
            0.269509,
            43.780224,
            171.45
          ],
          [
            0.269006,
            43.780369,
            168.2
          ],
          [
            0.267399,
            43.780779,
            152.82
          ],
          [
            0.26624,
            43.780994,
            141.54
          ],
          [
            0.264023,
            43.781273,
            129.16
          ],
          [
            0.263885,
            43.781282,
            128.43
          ],
          [
            0.263456,
            43.781228,
            125.74
          ],
          [
            0.263339,
            43.78124,
            125.17
          ],
          [
            0.263245,
            43.781269,
            125.03
          ],
          [
            0.263147,
            43.78139,
            124.68
          ],
          [
            0.263003,
            43.781611,
            123.89
          ],
          [
            0.262926,
            43.781682,
            123.53
          ],
          [
            0.262862,
            43.781718,
            123.22
          ],
          [
            0.262785,
            43.781734,
            122.84
          ],
          [
            0.262669,
            43.781737,
            122.17
          ],
          [
            0.26249,
            43.782323,
            122.26
          ],
          [
            0.26243,
            43.782439,
            122.3
          ],
          [
            0.262354,
            43.782545,
            122.42
          ],
          [
            0.26221,
            43.78268,
            122.5
          ],
          [
            0.262076,
            43.782752,
            122.67
          ],
          [
            0.261939,
            43.782791,
            122.36
          ],
          [
            0.261722,
            43.782835,
            121.46
          ],
          [
            0.260159,
            43.782985,
            121.94
          ],
          [
            0.26001,
            43.783013,
            121.9
          ],
          [
            0.259856,
            43.783055,
            121.75
          ],
          [
            0.25689,
            43.782997,
            127.23
          ],
          [
            0.254927,
            43.782997,
            140.75
          ],
          [
            0.253459,
            43.783096,
            145.27
          ],
          [
            0.253238,
            43.783131,
            145.66
          ],
          [
            0.253072,
            43.783173,
            145.75
          ],
          [
            0.25272,
            43.783319,
            146.0
          ],
          [
            0.252357,
            43.783454,
            146.0
          ],
          [
            0.252065,
            43.783549,
            146.01
          ],
          [
            0.251615,
            43.783674,
            146.03
          ],
          [
            0.250584,
            43.783906,
            146.58
          ],
          [
            0.248822,
            43.78436,
            150.65
          ],
          [
            0.247603,
            43.784627,
            152.97
          ],
          [
            0.247229,
            43.784701,
            154.11
          ],
          [
            0.246967,
            43.784734,
            154.82
          ],
          [
            0.24594,
            43.784829,
            157.6
          ],
          [
            0.24477,
            43.784929,
            160.41
          ],
          [
            0.244208,
            43.78497,
            161.48
          ],
          [
            0.244037,
            43.78497,
            161.73
          ],
          [
            0.243806,
            43.784945,
            162.15
          ],
          [
            0.242536,
            43.784731,
            168.69
          ],
          [
            0.242372,
            43.784744,
            169.61
          ],
          [
            0.241349,
            43.784939,
            172.48
          ],
          [
            0.240715,
            43.784934,
            173.47
          ],
          [
            0.23983,
            43.784907,
            175.6
          ],
          [
            0.238503,
            43.784833,
            178.48
          ],
          [
            0.238233,
            43.784801,
            178.97
          ],
          [
            0.237372,
            43.784606,
            180.17
          ],
          [
            0.237369,
            43.784725,
            179.77
          ],
          [
            0.23747,
            43.785293,
            175.14
          ],
          [
            0.237495,
            43.785655,
            172.9
          ],
          [
            0.237496,
            43.785988,
            172.01
          ],
          [
            0.237475,
            43.786094,
            171.98
          ],
          [
            0.237429,
            43.786185,
            172.04
          ],
          [
            0.237319,
            43.786279,
            172.2
          ],
          [
            0.236907,
            43.786511,
            172.89
          ],
          [
            0.236702,
            43.786661,
            173.29
          ],
          [
            0.236131,
            43.787189,
            173.44
          ],
          [
            0.236048,
            43.787312,
            173.34
          ],
          [
            0.235981,
            43.787481,
            173.27
          ],
          [
            0.23583,
            43.788557,
            174.0
          ],
          [
            0.235804,
            43.788674,
            174.0
          ],
          [
            0.235192,
            43.790059,
            164.44
          ],
          [
            0.23489,
            43.790702,
            158.32
          ],
          [
            0.234822,
            43.790878,
            156.51
          ],
          [
            0.234771,
            43.791076,
            154.46
          ],
          [
            0.234639,
            43.791897,
            145.71
          ],
          [
            0.234608,
            43.792035,
            145.0
          ],
          [
            0.234523,
            43.792132,
            144.85
          ],
          [
            0.234404,
            43.792228,
            144.87
          ],
          [
            0.233893,
            43.792477,
            145.0
          ],
          [
            0.233465,
            43.792656,
            145.74
          ],
          [
            0.23326,
            43.79279,
            146.94
          ],
          [
            0.233108,
            43.792907,
            148.33
          ],
          [
            0.232816,
            43.793166,
            151.3
          ],
          [
            0.232345,
            43.793614,
            156.54
          ],
          [
            0.231978,
            43.794058,
            159.26
          ],
          [
            0.231883,
            43.794137,
            159.25
          ],
          [
            0.231589,
            43.794358,
            158.67
          ],
          [
            0.23087,
            43.794923,
            159.0
          ],
          [
            0.230416,
            43.795244,
            160.17
          ],
          [
            0.230256,
            43.795315,
            160.64
          ],
          [
            0.230028,
            43.795389,
            161.36
          ],
          [
            0.22973,
            43.795434,
            162.23
          ],
          [
            0.229408,
            43.795451,
            163.0
          ],
          [
            0.229121,
            43.795449,
            163.88
          ],
          [
            0.228436,
            43.795417,
            166.86
          ],
          [
            0.227411,
            43.795334,
            169.3
          ],
          [
            0.22694,
            43.795285,
            169.19
          ],
          [
            0.226836,
            43.795538,
            169.61
          ],
          [
            0.226775,
            43.795605,
            169.77
          ],
          [
            0.226693,
            43.795647,
            169.95
          ],
          [
            0.226604,
            43.795667,
            170.12
          ],
          [
            0.226172,
            43.795671,
            170.94
          ],
          [
            0.226074,
            43.795682,
            171.19
          ],
          [
            0.225981,
            43.795712,
            171.44
          ],
          [
            0.225885,
            43.795771,
            171.88
          ],
          [
            0.225832,
            43.795831,
            172.21
          ],
          [
            0.22609,
            43.797807,
            175.65
          ],
          [
            0.22614,
            43.797947,
            176.06
          ],
          [
            0.226258,
            43.798115,
            175.53
          ],
          [
            0.226154,
            43.798153,
            176.13
          ],
          [
            0.226119,
            43.798208,
            176.33
          ],
          [
            0.226151,
            43.798418,
            176.98
          ],
          [
            0.226266,
            43.798646,
            176.92
          ],
          [
            0.226333,
            43.798728,
            176.66
          ],
          [
            0.226472,
            43.798748,
            176.38
          ],
          [
            0.226699,
            43.79874,
            175.64
          ],
          [
            0.226781,
            43.798872,
            176.35
          ],
          [
            0.226804,
            43.798969,
            176.67
          ],
          [
            0.226789,
            43.79913,
            177.4
          ],
          [
            0.226661,
            43.799583,
            180.43
          ],
          [
            0.227448,
            43.799703,
            181.16
          ],
          [
            0.227326,
            43.800129,
            183.0
          ],
          [
            0.227205,
            43.800553,
            183.0
          ],
          [
            0.227112,
            43.800875,
            181.16
          ],
          [
            0.227173,
            43.801101,
            180.13
          ],
          [
            0.227278,
            43.801372,
            178.5
          ],
          [
            0.22765,
            43.802141,
            180.58
          ],
          [
            0.22833,
            43.803588,
            179.04
          ],
          [
            0.228402,
            43.803829,
            178.97
          ],
          [
            0.228416,
            43.803976,
            178.72
          ],
          [
            0.228408,
            43.804247,
            177.97
          ],
          [
            0.228004,
            43.807881,
            176.0
          ],
          [
            0.227985,
            43.808144,
            176.18
          ],
          [
            0.227943,
            43.808478,
            176.48
          ],
          [
            0.227834,
            43.808935,
            177.49
          ],
          [
            0.227752,
            43.809096,
            178.15
          ],
          [
            0.227335,
            43.809781,
            178.94
          ],
          [
            0.225984,
            43.811565,
            172.11
          ],
          [
            0.225759,
            43.811878,
            170.99
          ],
          [
            0.225622,
            43.812123,
            170.09
          ],
          [
            0.225547,
            43.812402,
            169.09
          ],
          [
            0.225442,
            43.813128,
            166.71
          ],
          [
            0.225393,
            43.813349,
            166.27
          ],
          [
            0.225346,
            43.813496,
            165.99
          ],
          [
            0.225248,
            43.813665,
            165.68
          ],
          [
            0.225143,
            43.813798,
            165.5
          ],
          [
            0.225015,
            43.813928,
            165.38
          ],
          [
            0.224844,
            43.814061,
            165.34
          ],
          [
            0.224661,
            43.814168,
            165.4
          ],
          [
            0.223766,
            43.814516,
            166.7
          ],
          [
            0.223522,
            43.81463,
            167.22
          ],
          [
            0.223187,
            43.814827,
            167.49
          ],
          [
            0.221364,
            43.816087,
            163.97
          ],
          [
            0.220968,
            43.816397,
            163.49
          ],
          [
            0.220664,
            43.816688,
            163.41
          ],
          [
            0.220277,
            43.817139,
            164.09
          ],
          [
            0.219442,
            43.818427,
            166.4
          ],
          [
            0.219142,
            43.818992,
            166.83
          ],
          [
            0.218463,
            43.820368,
            167.9
          ],
          [
            0.218396,
            43.820555,
            167.9
          ],
          [
            0.218377,
            43.82068,
            168.0
          ],
          [
            0.218053,
            43.821027,
            168.32
          ],
          [
            0.217504,
            43.821728,
            170.56
          ],
          [
            0.217287,
            43.822106,
            169.19
          ],
          [
            0.21709,
            43.822413,
            167.9
          ],
          [
            0.21696,
            43.822574,
            167.22
          ],
          [
            0.216767,
            43.82275,
            166.43
          ],
          [
            0.216072,
            43.823257,
            164.3
          ],
          [
            0.215628,
            43.823631,
            162.86
          ],
          [
            0.21546,
            43.823726,
            162.62
          ],
          [
            0.215262,
            43.823793,
            162.64
          ],
          [
            0.214687,
            43.823947,
            163.74
          ],
          [
            0.213521,
            43.824288,
            162.88
          ],
          [
            0.213122,
            43.824362,
            162.26
          ],
          [
            0.212781,
            43.824439,
            162.11
          ],
          [
            0.212454,
            43.824535,
            161.88
          ],
          [
            0.212108,
            43.82465,
            161.72
          ],
          [
            0.211786,
            43.824794,
            161.56
          ],
          [
            0.211535,
            43.824938,
            161.48
          ],
          [
            0.211181,
            43.825158,
            161.4
          ],
          [
            0.210912,
            43.825353,
            162.02
          ],
          [
            0.209766,
            43.826362,
            165.8
          ],
          [
            0.209408,
            43.826649,
            167.14
          ],
          [
            0.207996,
            43.82757,
            168.05
          ],
          [
            0.206861,
            43.828335,
            167.24
          ],
          [
            0.205396,
            43.829481,
            163.18
          ],
          [
            0.205239,
            43.82961,
            162.4
          ],
          [
            0.204159,
            43.830549,
            158.32
          ],
          [
            0.202327,
            43.832262,
            156.0
          ],
          [
            0.202058,
            43.832454,
            156.0
          ],
          [
            0.201875,
            43.832563,
            156.37
          ],
          [
            0.200897,
            43.833065,
            157.0
          ],
          [
            0.199595,
            43.833677,
            154.77
          ],
          [
            0.199294,
            43.833832,
            153.98
          ],
          [
            0.199043,
            43.833998,
            153.62
          ],
          [
            0.19889,
            43.834124,
            153.61
          ],
          [
            0.198093,
            43.834914,
            154.28
          ],
          [
            0.197907,
            43.83506,
            155.11
          ],
          [
            0.197299,
            43.835484,
            157.72
          ],
          [
            0.197132,
            43.835629,
            158.63
          ],
          [
            0.196971,
            43.835795,
            159.1
          ],
          [
            0.196855,
            43.835968,
            159.19
          ],
          [
            0.196798,
            43.836131,
            159.42
          ],
          [
            0.196712,
            43.836532,
            159.03
          ],
          [
            0.196649,
            43.83667,
            159.54
          ],
          [
            0.196548,
            43.836808,
            159.13
          ],
          [
            0.196319,
            43.837026,
            157.75
          ],
          [
            0.195106,
            43.837896,
            153.27
          ],
          [
            0.194997,
            43.838023,
            152.75
          ],
          [
            0.194927,
            43.838161,
            152.35
          ],
          [
            0.194856,
            43.838429,
            152.1
          ],
          [
            0.194619,
            43.839443,
            153.63
          ],
          [
            0.194465,
            43.839904,
            156.37
          ],
          [
            0.194319,
            43.840183,
            157.31
          ],
          [
            0.193936,
            43.840856,
            162.05
          ],
          [
            0.193793,
            43.84106,
            163.67
          ],
          [
            0.193426,
            43.841472,
            167.16
          ],
          [
            0.193004,
            43.842079,
            170.14
          ],
          [
            0.192427,
            43.842947,
            171.78
          ],
          [
            0.192359,
            43.843071,
            171.38
          ],
          [
            0.191849,
            43.844294,
            169.33
          ],
          [
            0.19133,
            43.845227,
            169.18
          ],
          [
            0.191109,
            43.84553,
            168.12
          ],
          [
            0.190863,
            43.845848,
            167.77
          ],
          [
            0.189429,
            43.847496,
            164.65
          ],
          [
            0.189056,
            43.847913,
            163.34
          ],
          [
            0.188684,
            43.848273,
            162.0
          ],
          [
            0.184991,
            43.851697,
            157.46
          ],
          [
            0.184383,
            43.852248,
            157.24
          ],
          [
            0.184161,
            43.852391,
            157.23
          ],
          [
            0.183737,
            43.852583,
            157.22
          ],
          [
            0.182889,
            43.852942,
            156.46
          ],
          [
            0.182594,
            43.853098,
            155.77
          ],
          [
            0.18233,
            43.853273,
            154.89
          ],
          [
            0.182179,
            43.853403,
            154.24
          ],
          [
            0.182007,
            43.853581,
            153.43
          ],
          [
            0.181867,
            43.853789,
            152.66
          ],
          [
            0.181486,
            43.854727,
            151.38
          ],
          [
            0.181369,
            43.854984,
            151.6
          ],
          [
            0.181208,
            43.855252,
            151.88
          ],
          [
            0.180837,
            43.855806,
            152.33
          ],
          [
            0.180062,
            43.856917,
            155.67
          ],
          [
            0.179671,
            43.857341,
            157.11
          ],
          [
            0.179423,
            43.85759,
            157.32
          ],
          [
            0.179234,
            43.857945,
            157.7
          ],
          [
            0.179202,
            43.85808,
            157.83
          ],
          [
            0.179181,
            43.858228,
            157.82
          ],
          [
            0.17918,
            43.858531,
            158.85
          ],
          [
            0.179129,
            43.859139,
            159.92
          ],
          [
            0.178947,
            43.859764,
            159.85
          ],
          [
            0.178664,
            43.860267,
            160.41
          ],
          [
            0.178285,
            43.860774,
            162.75
          ],
          [
            0.178106,
            43.860946,
            163.17
          ],
          [
            0.177847,
            43.861078,
            163.7
          ],
          [
            0.177437,
            43.861234,
            163.83
          ],
          [
            0.177206,
            43.861376,
            163.29
          ],
          [
            0.176738,
            43.861689,
            163.05
          ],
          [
            0.176451,
            43.861951,
            163.0
          ],
          [
            0.176221,
            43.862299,
            163.0
          ],
          [
            0.176031,
            43.862669,
            162.95
          ],
          [
            0.175843,
            43.863207,
            162.53
          ],
          [
            0.175784,
            43.863563,
            162.74
          ],
          [
            0.175835,
            43.863966,
            163.0
          ],
          [
            0.175806,
            43.864085,
            163.0
          ],
          [
            0.175703,
            43.864239,
            164.0
          ],
          [
            0.175494,
            43.864421,
            164.0
          ],
          [
            0.175346,
            43.864526,
            164.0
          ],
          [
            0.174927,
            43.864731,
            164.02
          ],
          [
            0.174634,
            43.864829,
            164.16
          ],
          [
            0.174336,
            43.864879,
            164.3
          ],
          [
            0.173283,
            43.865015,
            164.94
          ],
          [
            0.173104,
            43.865061,
            165.09
          ],
          [
            0.172867,
            43.865183,
            165.37
          ],
          [
            0.172692,
            43.865347,
            165.68
          ],
          [
            0.171782,
            43.866422,
            168.04
          ],
          [
            0.169738,
            43.86881,
            173.28
          ],
          [
            0.16959,
            43.869026,
            174.02
          ],
          [
            0.169546,
            43.869123,
            174.49
          ],
          [
            0.16957,
            43.869346,
            174.68
          ],
          [
            0.169691,
            43.870023,
            173.29
          ],
          [
            0.169737,
            43.870134,
            173.03
          ],
          [
            0.16979,
            43.870217,
            172.82
          ],
          [
            0.169949,
            43.870403,
            172.07
          ],
          [
            0.170052,
            43.870615,
            171.7
          ],
          [
            0.170362,
            43.871546,
            171.53
          ],
          [
            0.170914,
            43.873396,
            164.04
          ],
          [
            0.170969,
            43.873623,
            163.25
          ],
          [
            0.17124,
            43.875138,
            161.94
          ],
          [
            0.17133,
            43.875458,
            161.3
          ],
          [
            0.17134,
            43.875609,
            161.19
          ],
          [
            0.171322,
            43.875741,
            161.1
          ],
          [
            0.170862,
            43.877385,
            156.9
          ],
          [
            0.170788,
            43.877529,
            156.33
          ],
          [
            0.170775,
            43.877783,
            155.32
          ],
          [
            0.170764,
            43.877826,
            155.17
          ],
          [
            0.170627,
            43.878026,
            155.26
          ],
          [
            0.170583,
            43.878264,
            155.22
          ],
          [
            0.170293,
            43.878405,
            156.0
          ],
          [
            0.170252,
            43.878579,
            156.81
          ],
          [
            0.170379,
            43.878945,
            156.89
          ],
          [
            0.170394,
            43.879032,
            156.75
          ],
          [
            0.170393,
            43.879066,
            156.62
          ],
          [
            0.170347,
            43.879192,
            156.59
          ],
          [
            0.170508,
            43.879486,
            154.81
          ],
          [
            0.170595,
            43.879543,
            154.03
          ],
          [
            0.170508,
            43.879656,
            153.7
          ],
          [
            0.170238,
            43.879909,
            152.37
          ],
          [
            0.169794,
            43.880198,
            152.27
          ],
          [
            0.169084,
            43.880533,
            151.05
          ],
          [
            0.168567,
            43.880729,
            150.39
          ],
          [
            0.167498,
            43.881051,
            148.89
          ],
          [
            0.167182,
            43.88119,
            148.58
          ],
          [
            0.166854,
            43.881392,
            148.32
          ],
          [
            0.16635,
            43.881875,
            148.38
          ],
          [
            0.165894,
            43.882283,
            148.97
          ],
          [
            0.165513,
            43.882532,
            149.53
          ],
          [
            0.165085,
            43.882792,
            149.98
          ],
          [
            0.164987,
            43.882888,
            150.0
          ],
          [
            0.164942,
            43.883019,
            149.3
          ],
          [
            0.164886,
            43.883456,
            149.29
          ],
          [
            0.164623,
            43.884225,
            149.08
          ],
          [
            0.164419,
            43.885083,
            151.89
          ],
          [
            0.164327,
            43.885411,
            153.19
          ],
          [
            0.164255,
            43.88556,
            153.76
          ],
          [
            0.16406,
            43.885783,
            154.71
          ],
          [
            0.163884,
            43.885877,
            155.11
          ],
          [
            0.162918,
            43.886054,
            156.4
          ],
          [
            0.162047,
            43.886235,
            157.57
          ],
          [
            0.161928,
            43.886266,
            157.38
          ],
          [
            0.161845,
            43.88631,
            157.01
          ],
          [
            0.161773,
            43.886432,
            157.26
          ],
          [
            0.161762,
            43.886539,
            157.47
          ],
          [
            0.161765,
            43.887149,
            158.49
          ],
          [
            0.160104,
            43.887215,
            155.7
          ],
          [
            0.159899,
            43.887251,
            154.89
          ],
          [
            0.159766,
            43.887338,
            154.08
          ],
          [
            0.158849,
            43.888231,
            144.84
          ],
          [
            0.158573,
            43.888513,
            142.4
          ],
          [
            0.158282,
            43.888667,
            140.66
          ],
          [
            0.158105,
            43.888727,
            139.73
          ],
          [
            0.157368,
            43.888908,
            136.23
          ],
          [
            0.157089,
            43.88904,
            134.75
          ],
          [
            0.156348,
            43.889466,
            130.96
          ],
          [
            0.156071,
            43.889647,
            129.52
          ],
          [
            0.155468,
            43.890312,
            125.9
          ],
          [
            0.155186,
            43.890551,
            124.79
          ],
          [
            0.154647,
            43.891089,
            123.08
          ],
          [
            0.154381,
            43.891384,
            122.4
          ],
          [
            0.15422,
            43.891494,
            122.04
          ],
          [
            0.154018,
            43.89157,
            121.99
          ],
          [
            0.152344,
            43.890872,
            119.53
          ],
          [
            0.151636,
            43.890584,
            122.37
          ],
          [
            0.15003,
            43.891232,
            121.52
          ],
          [
            0.149795,
            43.891812,
            120.51
          ],
          [
            0.149737,
            43.892144,
            120.16
          ],
          [
            0.149356,
            43.892381,
            120.17
          ],
          [
            0.148865,
            43.892634,
            121.41
          ],
          [
            0.148453,
            43.892769,
            123.07
          ],
          [
            0.148283,
            43.892797,
            123.84
          ],
          [
            0.146449,
            43.892772,
            129.86
          ],
          [
            0.14603,
            43.892803,
            129.95
          ],
          [
            0.144829,
            43.893062,
            130.95
          ],
          [
            0.143581,
            43.893396,
            132.39
          ],
          [
            0.143321,
            43.893448,
            132.73
          ],
          [
            0.14305,
            43.893491,
            133.14
          ],
          [
            0.141742,
            43.893543,
            135.92
          ],
          [
            0.141151,
            43.895439,
            134.28
          ],
          [
            0.141003,
            43.895713,
            134.2
          ],
          [
            0.140649,
            43.896006,
            134.52
          ],
          [
            0.139713,
            43.896656,
            134.59
          ],
          [
            0.138379,
            43.897521,
            131.01
          ],
          [
            0.138234,
            43.897661,
            129.7
          ],
          [
            0.138164,
            43.897793,
            128.78
          ],
          [
            0.138096,
            43.897952,
            127.55
          ],
          [
            0.137911,
            43.898609,
            123.18
          ],
          [
            0.137757,
            43.899206,
            125.56
          ],
          [
            0.137543,
            43.89926,
            125.21
          ],
          [
            0.13752,
            43.899288,
            125.52
          ],
          [
            0.137524,
            43.899333,
            126.16
          ],
          [
            0.137688,
            43.899481,
            127.82
          ],
          [
            0.137483,
            43.900277,
            132.58
          ],
          [
            0.137442,
            43.900491,
            133.88
          ],
          [
            0.137458,
            43.900685,
            134.47
          ],
          [
            0.137598,
            43.901291,
            135.8
          ],
          [
            0.137738,
            43.901688,
            136.19
          ],
          [
            0.137813,
            43.901829,
            136.49
          ],
          [
            0.13876,
            43.902951,
            137.0
          ],
          [
            0.139335,
            43.903723,
            136.9
          ],
          [
            0.139675,
            43.904211,
            136.91
          ],
          [
            0.140122,
            43.905018,
            136.21
          ],
          [
            0.140276,
            43.905198,
            135.2
          ],
          [
            0.14046,
            43.905307,
            134.11
          ],
          [
            0.140856,
            43.90543,
            132.19
          ],
          [
            0.141563,
            43.905559,
            128.27
          ],
          [
            0.141833,
            43.905634,
            127.11
          ],
          [
            0.142007,
            43.905721,
            126.56
          ],
          [
            0.142106,
            43.905833,
            126.32
          ],
          [
            0.142198,
            43.90603,
            126.36
          ],
          [
            0.142206,
            43.906203,
            126.73
          ],
          [
            0.142129,
            43.906515,
            128.21
          ],
          [
            0.141972,
            43.907073,
            131.53
          ],
          [
            0.141835,
            43.907402,
            132.29
          ],
          [
            0.141099,
            43.908583,
            135.09
          ],
          [
            0.141043,
            43.908709,
            135.0
          ],
          [
            0.141045,
            43.908847,
            134.93
          ],
          [
            0.141138,
            43.909203,
            134.0
          ],
          [
            0.141172,
            43.909394,
            134.03
          ],
          [
            0.141179,
            43.909584,
            134.08
          ],
          [
            0.14114,
            43.909992,
            133.88
          ],
          [
            0.140958,
            43.911291,
            132.29
          ],
          [
            0.140954,
            43.911878,
            128.94
          ],
          [
            0.140896,
            43.912056,
            127.62
          ],
          [
            0.140819,
            43.912147,
            127.3
          ],
          [
            0.140739,
            43.912217,
            128.31
          ],
          [
            0.140572,
            43.912333,
            129.94
          ],
          [
            0.14033,
            43.912443,
            131.78
          ],
          [
            0.140147,
            43.912509,
            132.89
          ],
          [
            0.139886,
            43.91253,
            133.17
          ],
          [
            0.139339,
            43.912616,
            134.06
          ],
          [
            0.138942,
            43.912738,
            134.57
          ],
          [
            0.13722,
            43.913602,
            137.25
          ],
          [
            0.136101,
            43.914135,
            139.65
          ],
          [
            0.135836,
            43.914299,
            140.17
          ],
          [
            0.135647,
            43.914489,
            140.62
          ],
          [
            0.135481,
            43.914768,
            141.15
          ],
          [
            0.13468,
            43.916667,
            144.45
          ],
          [
            0.134398,
            43.917505,
            142.93
          ],
          [
            0.134252,
            43.917733,
            142.52
          ],
          [
            0.133751,
            43.918297,
            141.7
          ],
          [
            0.133456,
            43.918581,
            142.08
          ],
          [
            0.133194,
            43.918856,
            140.81
          ],
          [
            0.132972,
            43.919064,
            137.91
          ],
          [
            0.132465,
            43.919386,
            133.56
          ],
          [
            0.132284,
            43.919547,
            132.09
          ],
          [
            0.132104,
            43.919722,
            131.02
          ],
          [
            0.131951,
            43.919904,
            130.56
          ],
          [
            0.131908,
            43.920061,
            130.53
          ],
          [
            0.13191,
            43.920231,
            130.65
          ],
          [
            0.132091,
            43.920831,
            132.49
          ],
          [
            0.132095,
            43.92117,
            133.87
          ],
          [
            0.131986,
            43.921672,
            136.2
          ],
          [
            0.131915,
            43.921823,
            137.09
          ],
          [
            0.131823,
            43.921967,
            138.28
          ],
          [
            0.131655,
            43.922139,
            139.75
          ],
          [
            0.131074,
            43.922576,
            142.43
          ],
          [
            0.130062,
            43.923509,
            147.95
          ],
          [
            0.128917,
            43.924307,
            149.0
          ],
          [
            0.128364,
            43.924672,
            149.32
          ],
          [
            0.12817,
            43.924746,
            149.25
          ],
          [
            0.127951,
            43.924805,
            149.26
          ],
          [
            0.127677,
            43.924805,
            149.88
          ],
          [
            0.127505,
            43.924825,
            150.0
          ],
          [
            0.127332,
            43.924925,
            150.05
          ],
          [
            0.127226,
            43.925066,
            150.51
          ],
          [
            0.127061,
            43.925209,
            150.89
          ],
          [
            0.126331,
            43.926054,
            151.51
          ],
          [
            0.125304,
            43.927186,
            150.58
          ],
          [
            0.124115,
            43.928538,
            140.1
          ],
          [
            0.123925,
            43.928875,
            138.18
          ],
          [
            0.122988,
            43.931514,
            145.57
          ],
          [
            0.122886,
            43.931711,
            146.49
          ],
          [
            0.122756,
            43.931906,
            147.42
          ],
          [
            0.122556,
            43.932109,
            148.4
          ],
          [
            0.122324,
            43.932283,
            149.35
          ],
          [
            0.122095,
            43.932424,
            150.48
          ],
          [
            0.121778,
            43.932565,
            151.31
          ],
          [
            0.121396,
            43.932703,
            152.0
          ],
          [
            0.119023,
            43.933421,
            155.0
          ],
          [
            0.117969,
            43.933753,
            157.0
          ],
          [
            0.114034,
            43.934948,
            149.92
          ],
          [
            0.11337,
            43.93515,
            147.49
          ],
          [
            0.112956,
            43.935199,
            145.87
          ],
          [
            0.112654,
            43.935178,
            144.95
          ],
          [
            0.112483,
            43.935144,
            144.34
          ],
          [
            0.112306,
            43.935091,
            143.68
          ],
          [
            0.111513,
            43.934701,
            140.36
          ],
          [
            0.109913,
            43.934008,
            133.55
          ],
          [
            0.109637,
            43.933898,
            131.78
          ],
          [
            0.109403,
            43.933821,
            129.41
          ],
          [
            0.109211,
            43.933779,
            127.73
          ],
          [
            0.109022,
            43.933756,
            126.78
          ],
          [
            0.108783,
            43.933746,
            126.45
          ],
          [
            0.108635,
            43.933752,
            125.71
          ],
          [
            0.107941,
            43.933861,
            126.6
          ],
          [
            0.107436,
            43.933929,
            128.83
          ],
          [
            0.106309,
            43.93399,
            132.1
          ],
          [
            0.10548,
            43.934015,
            133.54
          ],
          [
            0.105233,
            43.934046,
            133.91
          ],
          [
            0.105031,
            43.934094,
            134.22
          ],
          [
            0.104745,
            43.934177,
            134.85
          ],
          [
            0.104589,
            43.934241,
            134.64
          ],
          [
            0.104188,
            43.934481,
            135.83
          ],
          [
            0.103226,
            43.935133,
            140.42
          ],
          [
            0.102911,
            43.935473,
            142.92
          ],
          [
            0.102755,
            43.935687,
            144.67
          ],
          [
            0.102585,
            43.935943,
            147.01
          ],
          [
            0.102521,
            43.936139,
            148.69
          ],
          [
            0.102459,
            43.936623,
            153.31
          ],
          [
            0.10239,
            43.936855,
            154.65
          ],
          [
            0.102138,
            43.937449,
            157.27
          ],
          [
            0.101981,
            43.93795,
            157.05
          ],
          [
            0.101884,
            43.938299,
            156.19
          ],
          [
            0.101825,
            43.938416,
            156.05
          ],
          [
            0.101699,
            43.938615,
            155.78
          ],
          [
            0.101523,
            43.938793,
            155.74
          ],
          [
            0.101204,
            43.939027,
            155.62
          ],
          [
            0.101034,
            43.939132,
            155.64
          ],
          [
            0.100364,
            43.939583,
            156.14
          ],
          [
            0.099408,
            43.940167,
            158.01
          ],
          [
            0.099198,
            43.940318,
            158.51
          ],
          [
            0.099067,
            43.940469,
            158.7
          ],
          [
            0.099036,
            43.940625,
            160.55
          ],
          [
            0.098984,
            43.941109,
            162.75
          ],
          [
            0.098942,
            43.941264,
            162.77
          ],
          [
            0.098873,
            43.941419,
            163.43
          ],
          [
            0.098785,
            43.941573,
            163.89
          ],
          [
            0.0984,
            43.942094,
            164.7
          ],
          [
            0.098241,
            43.942271,
            164.14
          ],
          [
            0.098159,
            43.94233,
            164.0
          ],
          [
            0.098094,
            43.942361,
            164.0
          ],
          [
            0.097956,
            43.942399,
            163.88
          ],
          [
            0.09754,
            43.942469,
            162.97
          ],
          [
            0.097466,
            43.942466,
            162.68
          ],
          [
            0.097442,
            43.942573,
            162.49
          ],
          [
            0.097382,
            43.942689,
            162.27
          ],
          [
            0.097237,
            43.942845,
            162.04
          ],
          [
            0.097091,
            43.942974,
            161.82
          ],
          [
            0.09692,
            43.9431,
            161.62
          ],
          [
            0.095203,
            43.944004,
            161.22
          ],
          [
            0.095163,
            43.944038,
            161.27
          ],
          [
            0.095153,
            43.944109,
            161.36
          ],
          [
            0.095235,
            43.944305,
            161.81
          ],
          [
            0.09377,
            43.944648,
            161.0
          ],
          [
            0.09378,
            43.944691,
            161.0
          ],
          [
            0.09375,
            43.944748,
            160.89
          ],
          [
            0.093536,
            43.944931,
            160.22
          ],
          [
            0.092401,
            43.94622,
            160.93
          ],
          [
            0.092201,
            43.94639,
            161.51
          ],
          [
            0.091871,
            43.946592,
            162.57
          ],
          [
            0.091417,
            43.946768,
            162.0
          ],
          [
            0.090316,
            43.947151,
            159.04
          ],
          [
            0.089388,
            43.947459,
            157.0
          ],
          [
            0.089175,
            43.94755,
            156.52
          ],
          [
            0.088863,
            43.947656,
            155.68
          ],
          [
            0.088396,
            43.947797,
            154.94
          ],
          [
            0.088276,
            43.947838,
            154.2
          ],
          [
            0.08813,
            43.947909,
            154.0
          ],
          [
            0.087679,
            43.948061,
            153.0
          ],
          [
            0.087265,
            43.948187,
            153.0
          ],
          [
            0.087013,
            43.948298,
            152.85
          ],
          [
            0.086692,
            43.948408,
            152.15
          ],
          [
            0.086522,
            43.948447,
            151.81
          ],
          [
            0.085508,
            43.948786,
            149.29
          ],
          [
            0.085447,
            43.948823,
            149.32
          ],
          [
            0.085005,
            43.948986,
            150.78
          ],
          [
            0.084696,
            43.949119,
            149.92
          ],
          [
            0.084865,
            43.94934,
            148.01
          ],
          [
            0.084873,
            43.949366,
            147.54
          ],
          [
            0.08488,
            43.94943,
            146.54
          ],
          [
            0.084861,
            43.94946,
            146.25
          ],
          [
            0.084826,
            43.949487,
            146.03
          ],
          [
            0.084428,
            43.949704,
            143.83
          ],
          [
            0.084224,
            43.949773,
            142.95
          ],
          [
            0.083448,
            43.949991,
            142.67
          ],
          [
            0.083118,
            43.9501,
            140.52
          ],
          [
            0.082571,
            43.950221,
            135.64
          ],
          [
            0.082001,
            43.95028,
            128.87
          ],
          [
            0.081562,
            43.950267,
            124.41
          ],
          [
            0.081488,
            43.950253,
            123.66
          ],
          [
            0.081474,
            43.950398,
            122.95
          ],
          [
            0.081503,
            43.951168,
            121.17
          ],
          [
            0.081474,
            43.951656,
            120.05
          ],
          [
            0.081288,
            43.952214,
            118.87
          ],
          [
            0.081105,
            43.952521,
            118.5
          ],
          [
            0.080506,
            43.953238,
            118.74
          ],
          [
            0.080173,
            43.953663,
            118.38
          ],
          [
            0.079921,
            43.95408,
            117.35
          ],
          [
            0.079554,
            43.955065,
            115.36
          ],
          [
            0.079315,
            43.955496,
            114.58
          ],
          [
            0.07905,
            43.955891,
            113.81
          ],
          [
            0.078414,
            43.956492,
            113.05
          ],
          [
            0.077906,
            43.957092,
            112.36
          ],
          [
            0.077584,
            43.957587,
            111.51
          ],
          [
            0.077514,
            43.957954,
            110.78
          ],
          [
            0.077443,
            43.959082,
            107.31
          ],
          [
            0.077387,
            43.959376,
            106.3
          ],
          [
            0.077189,
            43.959972,
            105.43
          ],
          [
            0.077076,
            43.96021,
            105.28
          ],
          [
            0.076918,
            43.960451,
            105.31
          ],
          [
            0.076727,
            43.960656,
            105.35
          ],
          [
            0.076529,
            43.960826,
            105.21
          ],
          [
            0.074648,
            43.961888,
            103.31
          ],
          [
            0.073769,
            43.962434,
            101.77
          ],
          [
            0.073343,
            43.962848,
            100.44
          ],
          [
            0.072779,
            43.963544,
            99.05
          ],
          [
            0.072095,
            43.964544,
            97.26
          ],
          [
            0.07114,
            43.965842,
            94.95
          ],
          [
            0.07068,
            43.966296,
            95.17
          ],
          [
            0.070034,
            43.966843,
            94.07
          ],
          [
            0.068686,
            43.967909,
            92.72
          ],
          [
            0.067957,
            43.968504,
            93.38
          ],
          [
            0.067571,
            43.968867,
            93.7
          ],
          [
            0.067293,
            43.96927,
            93.76
          ],
          [
            0.0672,
            43.96943,
            93.87
          ],
          [
            0.067225,
            43.969556,
            94.07
          ],
          [
            0.067493,
            43.969846,
            95.99
          ],
          [
            0.068171,
            43.970948,
            103.12
          ],
          [
            0.068535,
            43.97104,
            104.7
          ],
          [
            0.068492,
            43.973085,
            96.03
          ],
          [
            0.068496,
            43.973385,
            94.54
          ],
          [
            0.068634,
            43.973813,
            92.56
          ],
          [
            0.068866,
            43.97426,
            90.96
          ],
          [
            0.068904,
            43.97447,
            90.47
          ],
          [
            0.068869,
            43.974606,
            90.23
          ],
          [
            0.068737,
            43.974767,
            89.97
          ],
          [
            0.068635,
            43.974848,
            89.03
          ],
          [
            0.067693,
            43.975481,
            91.61
          ],
          [
            0.067553,
            43.975558,
            91.71
          ],
          [
            0.067414,
            43.975597,
            91.75
          ],
          [
            0.06728,
            43.975603,
            91.8
          ],
          [
            0.067123,
            43.975563,
            91.9
          ],
          [
            0.066888,
            43.975491,
            92.11
          ],
          [
            0.066731,
            43.97546,
            92.04
          ],
          [
            0.066586,
            43.975468,
            91.93
          ],
          [
            0.06643,
            43.975511,
            91.75
          ],
          [
            0.065931,
            43.975738,
            92.97
          ],
          [
            0.065699,
            43.975823,
            93.38
          ],
          [
            0.065392,
            43.975908,
            93.63
          ],
          [
            0.064651,
            43.97608,
            94.04
          ],
          [
            0.064415,
            43.976144,
            94.04
          ],
          [
            0.064036,
            43.976278,
            93.94
          ],
          [
            0.063808,
            43.976343,
            93.9
          ],
          [
            0.063582,
            43.976355,
            93.91
          ],
          [
            0.063223,
            43.976347,
            93.77
          ],
          [
            0.063053,
            43.97639,
            93.78
          ],
          [
            0.06295,
            43.976459,
            93.99
          ],
          [
            0.062905,
            43.976554,
            94.2
          ],
          [
            0.062698,
            43.976568,
            94.86
          ],
          [
            0.062392,
            43.976624,
            96.09
          ],
          [
            0.061811,
            43.976707,
            99.81
          ],
          [
            0.061192,
            43.976756,
            103.08
          ],
          [
            0.061122,
            43.976771,
            103.55
          ],
          [
            0.061055,
            43.976811,
            104.56
          ],
          [
            0.06047,
            43.976752,
            105.04
          ],
          [
            0.059593,
            43.976609,
            105.25
          ],
          [
            0.058451,
            43.976316,
            104.22
          ],
          [
            0.056793,
            43.975941,
            106.77
          ],
          [
            0.056157,
            43.975817,
            107.82
          ],
          [
            0.055853,
            43.975797,
            107.99
          ],
          [
            0.05542,
            43.975789,
            108.2
          ],
          [
            0.054319,
            43.975811,
            109.44
          ],
          [
            0.053145,
            43.975882,
            110.56
          ],
          [
            0.051781,
            43.975991,
            110.37
          ],
          [
            0.049287,
            43.976149,
            114.68
          ],
          [
            0.0485,
            43.976154,
            113.77
          ],
          [
            0.048017,
            43.976138,
            113.77
          ],
          [
            0.047518,
            43.97608,
            114.74
          ],
          [
            0.046902,
            43.975976,
            116.95
          ],
          [
            0.046631,
            43.975906,
            116.62
          ],
          [
            0.045667,
            43.975709,
            117.38
          ],
          [
            0.045171,
            43.97558,
            117.74
          ],
          [
            0.044449,
            43.975412,
            118.46
          ],
          [
            0.043628,
            43.97531,
            119.87
          ],
          [
            0.04236,
            43.975379,
            119.51
          ],
          [
            0.04148,
            43.975487,
            115.59
          ],
          [
            0.038924,
            43.975777,
            123.4
          ],
          [
            0.038484,
            43.975835,
            123.56
          ],
          [
            0.037618,
            43.976014,
            123.77
          ],
          [
            0.037146,
            43.976154,
            124.3
          ],
          [
            0.036247,
            43.976455,
            125.65
          ],
          [
            0.032607,
            43.977828,
            129.11
          ],
          [
            0.031543,
            43.978155,
            129.92
          ],
          [
            0.030886,
            43.978325,
            131.01
          ],
          [
            0.028063,
            43.978985,
            133.75
          ],
          [
            0.027865,
            43.978689,
            131.86
          ],
          [
            0.027735,
            43.978585,
            130.47
          ],
          [
            0.027258,
            43.97838,
            125.86
          ],
          [
            0.026693,
            43.97876,
            128.27
          ],
          [
            0.025765,
            43.979246,
            130.72
          ],
          [
            0.025467,
            43.979364,
            131.41
          ],
          [
            0.023893,
            43.979714,
            134.32
          ],
          [
            0.023422,
            43.979835,
            134.72
          ],
          [
            0.02231,
            43.980176,
            135.03
          ],
          [
            0.021873,
            43.980283,
            134.97
          ],
          [
            0.020908,
            43.980495,
            134.55
          ],
          [
            0.020385,
            43.980622,
            134.48
          ],
          [
            0.019883,
            43.98078,
            135.8
          ],
          [
            0.017203,
            43.981808,
            141.63
          ],
          [
            0.01649,
            43.982035,
            143.44
          ],
          [
            0.015982,
            43.982156,
            143.0
          ],
          [
            0.015551,
            43.982236,
            142.38
          ],
          [
            0.015024,
            43.982293,
            141.42
          ],
          [
            0.014829,
            43.982321,
            141.17
          ],
          [
            0.01467,
            43.982358,
            141.04
          ],
          [
            0.014583,
            43.982427,
            140.99
          ],
          [
            0.014056,
            43.983008,
            141.69
          ],
          [
            0.013947,
            43.983097,
            141.96
          ],
          [
            0.013788,
            43.983172,
            142.29
          ],
          [
            0.01354,
            43.983253,
            142.76
          ],
          [
            0.011658,
            43.983739,
            145.84
          ],
          [
            0.010157,
            43.983948,
            146.27
          ],
          [
            0.009912,
            43.984005,
            146.57
          ],
          [
            0.009926,
            43.98405,
            146.77
          ],
          [
            0.010462,
            43.984574,
            149.0
          ],
          [
            0.010241,
            43.984689,
            149.4
          ],
          [
            0.010189,
            43.984731,
            149.51
          ],
          [
            0.010117,
            43.984939,
            149.92
          ],
          [
            0.010075,
            43.985109,
            150.0
          ],
          [
            0.010075,
            43.985205,
            150.0
          ],
          [
            0.010094,
            43.985322,
            150.0
          ],
          [
            0.010161,
            43.98546,
            150.0
          ],
          [
            0.009591,
            43.985668,
            150.0
          ],
          [
            0.009601,
            43.985697,
            149.96
          ],
          [
            0.009596,
            43.985726,
            149.83
          ],
          [
            0.009558,
            43.985765,
            149.76
          ],
          [
            0.009494,
            43.98578,
            149.87
          ],
          [
            0.009704,
            43.986645,
            150.58
          ],
          [
            0.009747,
            43.986761,
            150.43
          ],
          [
            0.009846,
            43.987215,
            150.82
          ],
          [
            0.010112,
            43.988181,
            150.21
          ],
          [
            0.009095,
            43.988396,
            151.0
          ],
          [
            0.008815,
            43.988428,
            151.01
          ],
          [
            0.008923,
            43.989011,
            151.97
          ],
          [
            0.009099,
            43.98986,
            152.0
          ],
          [
            0.009107,
            43.989987,
            152.0
          ],
          [
            0.009097,
            43.990101,
            152.0
          ],
          [
            0.00905,
            43.990214,
            152.0
          ],
          [
            0.008987,
            43.990325,
            152.0
          ],
          [
            0.008887,
            43.99039,
            152.0
          ],
          [
            0.008773,
            43.990445,
            152.0
          ],
          [
            0.008662,
            43.990488,
            152.01
          ],
          [
            0.008544,
            43.990516,
            152.01
          ],
          [
            0.007397,
            43.990616,
            152.0
          ],
          [
            0.007123,
            43.990665,
            152.0
          ],
          [
            0.006942,
            43.990755,
            152.0
          ],
          [
            0.006659,
            43.990916,
            152.0
          ],
          [
            0.006097,
            43.991158,
            152.05
          ],
          [
            0.005928,
            43.991175,
            152.18
          ],
          [
            0.00559,
            43.991229,
            152.46
          ],
          [
            0.005338,
            43.99131,
            152.57
          ],
          [
            0.005161,
            43.991399,
            152.64
          ],
          [
            0.00493,
            43.991546,
            152.54
          ],
          [
            0.004822,
            43.991592,
            152.03
          ],
          [
            0.004493,
            43.991773,
            152.0
          ],
          [
            0.004376,
            43.991874,
            152.0
          ],
          [
            0.003716,
            43.992207,
            152.0
          ],
          [
            0.003569,
            43.992311,
            152.0
          ],
          [
            0.002449,
            43.992765,
            152.1
          ],
          [
            0.001796,
            43.992976,
            152.15
          ],
          [
            0.000216,
            43.993533,
            152.0
          ],
          [
            -0.001124,
            43.994096,
            152.91
          ],
          [
            -0.002537,
            43.994762,
            153.21
          ],
          [
            -0.002865,
            43.994937,
            152.97
          ],
          [
            -0.003597,
            43.995379,
            152.24
          ],
          [
            -0.008189,
            43.998211,
            151.0
          ],
          [
            -0.014691,
            44.00225,
            150.0
          ],
          [
            -0.014613,
            44.002128,
            150.0
          ],
          [
            -0.014757,
            44.002146,
            150.0
          ],
          [
            -0.014847,
            44.002146,
            150.0
          ],
          [
            -0.015061,
            44.002165,
            150.0
          ],
          [
            -0.015192,
            44.002205,
            150.0
          ],
          [
            -0.015466,
            44.002342,
            150.0
          ],
          [
            -0.01556,
            44.00241,
            150.0
          ],
          [
            -0.015637,
            44.002678,
            149.99
          ],
          [
            -0.015688,
            44.002742,
            149.98
          ],
          [
            -0.016748,
            44.003413,
            149.43
          ],
          [
            -0.016836,
            44.003481,
            149.38
          ],
          [
            -0.01697,
            44.003483,
            149.35
          ],
          [
            -0.017196,
            44.003417,
            149.35
          ],
          [
            -0.017479,
            44.003385,
            149.38
          ],
          [
            -0.017637,
            44.003438,
            149.41
          ],
          [
            -0.01798,
            44.00363,
            149.87
          ],
          [
            -0.018112,
            44.003683,
            149.76
          ],
          [
            -0.018635,
            44.003861,
            149.24
          ],
          [
            -0.01877,
            44.003934,
            149.18
          ],
          [
            -0.019096,
            44.004161,
            149.06
          ],
          [
            -0.019391,
            44.004352,
            149.0
          ],
          [
            -0.020123,
            44.004716,
            149.0
          ],
          [
            -0.020341,
            44.004766,
            149.0
          ],
          [
            -0.020587,
            44.004786,
            149.0
          ],
          [
            -0.020784,
            44.004844,
            149.0
          ],
          [
            -0.021624,
            44.005136,
            149.0
          ],
          [
            -0.021887,
            44.005208,
            149.0
          ],
          [
            -0.023276,
            44.005682,
            149.0
          ],
          [
            -0.023831,
            44.005933,
            148.91
          ],
          [
            -0.024898,
            44.006317,
            148.09
          ],
          [
            -0.024561,
            44.006991,
            148.0
          ],
          [
            -0.024395,
            44.007711,
            149.0
          ],
          [
            -0.024846,
            44.007822,
            149.0
          ],
          [
            -0.025672,
            44.008137,
            149.0
          ],
          [
            -0.027266,
            44.008893,
            149.0
          ],
          [
            -0.02756,
            44.009001,
            149.0
          ],
          [
            -0.028882,
            44.009409,
            149.0
          ],
          [
            -0.029763,
            44.009673,
            148.64
          ],
          [
            -0.031138,
            44.010031,
            148.07
          ],
          [
            -0.031804,
            44.010179,
            148.0
          ],
          [
            -0.03222,
            44.010245,
            148.0
          ],
          [
            -0.032624,
            44.010294,
            148.0
          ],
          [
            -0.032852,
            44.010335,
            148.0
          ],
          [
            -0.033136,
            44.010415,
            148.0
          ],
          [
            -0.033341,
            44.010496,
            148.0
          ],
          [
            -0.03351,
            44.010533,
            148.0
          ],
          [
            -0.033623,
            44.01054,
            148.0
          ],
          [
            -0.033722,
            44.010521,
            148.0
          ],
          [
            -0.033817,
            44.010481,
            148.0
          ],
          [
            -0.033908,
            44.010486,
            148.0
          ],
          [
            -0.03422,
            44.010581,
            147.84
          ],
          [
            -0.034607,
            44.010664,
            147.73
          ],
          [
            -0.034669,
            44.01074,
            147.63
          ],
          [
            -0.034702,
            44.010798,
            147.58
          ],
          [
            -0.034967,
            44.010968,
            147.39
          ],
          [
            -0.035093,
            44.011081,
            147.31
          ],
          [
            -0.035743,
            44.011562,
            147.0
          ],
          [
            -0.036014,
            44.011651,
            147.0
          ],
          [
            -0.036356,
            44.011749,
            147.0
          ],
          [
            -0.036554,
            44.011853,
            147.0
          ],
          [
            -0.036864,
            44.011995,
            147.0
          ],
          [
            -0.037324,
            44.012155,
            147.0
          ],
          [
            -0.037618,
            44.012368,
            147.0
          ],
          [
            -0.037709,
            44.012471,
            147.0
          ],
          [
            -0.037905,
            44.012762,
            146.99
          ],
          [
            -0.038838,
            44.013663,
            146.39
          ],
          [
            -0.039868,
            44.01429,
            146.43
          ],
          [
            -0.040108,
            44.014407,
            146.47
          ],
          [
            -0.040829,
            44.014725,
            146.0
          ],
          [
            -0.04102,
            44.014732,
            145.94
          ],
          [
            -0.042005,
            44.014809,
            144.84
          ],
          [
            -0.041897,
            44.015186,
            144.21
          ],
          [
            -0.040609,
            44.018288,
            144.89
          ],
          [
            -0.040563,
            44.018329,
            145.4
          ],
          [
            -0.043042,
            44.019835,
            146.0
          ],
          [
            -0.048825,
            44.023311,
            146.0
          ],
          [
            -0.053058,
            44.025868,
            146.0
          ],
          [
            -0.074278,
            44.038643,
            145.0
          ],
          [
            -0.086461,
            44.045971,
            142.0
          ],
          [
            -0.087593,
            44.046643,
            141.0
          ],
          [
            -0.095491,
            44.051406,
            138.0
          ],
          [
            -0.117904,
            44.064856,
            126.0
          ],
          [
            -0.119215,
            44.065663,
            126.0
          ],
          [
            -0.127764,
            44.071017,
            122.0
          ],
          [
            -0.13078,
            44.072925,
            120.65
          ],
          [
            -0.136798,
            44.076708,
            114.15
          ],
          [
            -0.154718,
            44.087982,
            113.0
          ],
          [
            -0.156041,
            44.0888,
            113.0
          ],
          [
            -0.156909,
            44.089337,
            113.0
          ],
          [
            -0.157954,
            44.090011,
            113.0
          ],
          [
            -0.167642,
            44.096082,
            113.0
          ],
          [
            -0.172664,
            44.099242,
            117.45
          ],
          [
            -0.191266,
            44.110923,
            118.09
          ],
          [
            -0.19423,
            44.112759,
            118.14
          ],
          [
            -0.197475,
            44.114825,
            115.98
          ],
          [
            -0.198234,
            44.115288,
            115.64
          ],
          [
            -0.199534,
            44.116029,
            114.79
          ],
          [
            -0.201021,
            44.116822,
            113.5
          ],
          [
            -0.202535,
            44.117555,
            112.56
          ],
          [
            -0.204094,
            44.118279,
            111.0
          ],
          [
            -0.206179,
            44.119144,
            108.64
          ],
          [
            -0.208397,
            44.11995,
            110.05
          ],
          [
            -0.209962,
            44.12046,
            110.88
          ],
          [
            -0.212471,
            44.121215,
            111.43
          ],
          [
            -0.213962,
            44.1216,
            110.63
          ],
          [
            -0.21577,
            44.122409,
            109.25
          ],
          [
            -0.216972,
            44.123322,
            110.43
          ],
          [
            -0.217728,
            44.124458,
            111.75
          ],
          [
            -0.218152,
            44.125967,
            112.98
          ],
          [
            -0.218267,
            44.126561,
            114.99
          ],
          [
            -0.218285,
            44.126808,
            114.81
          ],
          [
            -0.218295,
            44.127401,
            114.68
          ],
          [
            -0.2183,
            44.128628,
            114.84
          ],
          [
            -0.218198,
            44.128717,
            114.87
          ],
          [
            -0.218246,
            44.128997,
            114.94
          ],
          [
            -0.218285,
            44.129643,
            115.0
          ],
          [
            -0.218239,
            44.129698,
            115.0
          ],
          [
            -0.217873,
            44.130022,
            115.0
          ],
          [
            -0.217836,
            44.130094,
            115.0
          ],
          [
            -0.217609,
            44.131722,
            114.29
          ],
          [
            -0.217643,
            44.131932,
            114.45
          ],
          [
            -0.217766,
            44.132016,
            114.86
          ],
          [
            -0.217957,
            44.132169,
            115.0
          ],
          [
            -0.218052,
            44.132301,
            115.0
          ],
          [
            -0.218089,
            44.132508,
            115.0
          ],
          [
            -0.218069,
            44.133464,
            115.0
          ],
          [
            -0.217878,
            44.137244,
            116.1
          ],
          [
            -0.217915,
            44.138009,
            116.82
          ],
          [
            -0.218103,
            44.13948,
            117.99
          ],
          [
            -0.218591,
            44.140962,
            119.31
          ],
          [
            -0.218945,
            44.141816,
            120.06
          ],
          [
            -0.219439,
            44.142655,
            120.73
          ],
          [
            -0.220511,
            44.144133,
            121.0
          ],
          [
            -0.228639,
            44.154798,
            124.44
          ],
          [
            -0.232788,
            44.160184,
            126.79
          ],
          [
            -0.235638,
            44.163923,
            128.0
          ],
          [
            -0.237712,
            44.16667,
            129.48
          ],
          [
            -0.24933,
            44.181804,
            134.61
          ],
          [
            -0.250214,
            44.182931,
            134.75
          ],
          [
            -0.25156,
            44.184754,
            135.0
          ],
          [
            -0.25555,
            44.189959,
            135.0
          ],
          [
            -0.257176,
            44.192109,
            135.0
          ],
          [
            -0.258872,
            44.194232,
            135.0
          ],
          [
            -0.258932,
            44.194406,
            135.0
          ],
          [
            -0.257976,
            44.197358,
            135.0
          ],
          [
            -0.255465,
            44.206035,
            133.0
          ],
          [
            -0.25509,
            44.207402,
            132.42
          ],
          [
            -0.255045,
            44.207538,
            132.31
          ],
          [
            -0.255005,
            44.207626,
            132.21
          ],
          [
            -0.254897,
            44.207767,
            132.14
          ],
          [
            -0.254545,
            44.208051,
            132.0
          ],
          [
            -0.253498,
            44.208813,
            132.04
          ],
          [
            -0.253425,
            44.208888,
            132.05
          ],
          [
            -0.253389,
            44.208954,
            132.07
          ],
          [
            -0.253384,
            44.209022,
            132.11
          ],
          [
            -0.253434,
            44.209155,
            132.5
          ],
          [
            -0.253546,
            44.209219,
            132.86
          ],
          [
            -0.254347,
            44.209401,
            132.32
          ],
          [
            -0.254576,
            44.209628,
            131.94
          ],
          [
            -0.254545,
            44.2099,
            131.61
          ],
          [
            -0.253936,
            44.212553,
            130.47
          ],
          [
            -0.253477,
            44.214412,
            129.81
          ],
          [
            -0.25335,
            44.214543,
            129.25
          ],
          [
            -0.252971,
            44.216028,
            129.02
          ],
          [
            -0.25252,
            44.216204,
            128.98
          ],
          [
            -0.252251,
            44.216521,
            128.9
          ],
          [
            -0.252251,
            44.216668,
            128.6
          ],
          [
            -0.253065,
            44.216742,
            133.22
          ],
          [
            -0.253365,
            44.216778,
            131.2
          ],
          [
            -0.254329,
            44.216925,
            128.29
          ],
          [
            -0.2543,
            44.217405,
            128.07
          ],
          [
            -0.253872,
            44.217655,
            127.97
          ],
          [
            -0.253485,
            44.217694,
            127.85
          ],
          [
            -0.25256,
            44.221004,
            126.52
          ],
          [
            -0.256,
            44.22496,
            125.12
          ],
          [
            -0.256117,
            44.227988,
            124.0
          ],
          [
            -0.256262,
            44.228079,
            124.0
          ],
          [
            -0.257922,
            44.229703,
            124.0
          ],
          [
            -0.25789,
            44.230464,
            123.22
          ],
          [
            -0.257858,
            44.230848,
            123.04
          ],
          [
            -0.257717,
            44.232247,
            122.47
          ],
          [
            -0.257395,
            44.235745,
            121.48
          ],
          [
            -0.25709,
            44.239385,
            120.0
          ],
          [
            -0.257036,
            44.240203,
            119.52
          ],
          [
            -0.256887,
            44.24179,
            118.75
          ],
          [
            -0.256742,
            44.243143,
            118.11
          ],
          [
            -0.256715,
            44.243696,
            117.85
          ],
          [
            -0.256528,
            44.245564,
            116.89
          ],
          [
            -0.256367,
            44.247005,
            116.07
          ],
          [
            -0.256335,
            44.247635,
            115.82
          ],
          [
            -0.256093,
            44.250813,
            114.04
          ],
          [
            -0.255905,
            44.253072,
            113.03
          ],
          [
            -0.255798,
            44.254068,
            112.82
          ],
          [
            -0.255702,
            44.255351,
            112.54
          ],
          [
            -0.255578,
            44.256396,
            112.01
          ],
          [
            -0.255487,
            44.257898,
            111.46
          ],
          [
            -0.255315,
            44.259835,
            110.96
          ],
          [
            -0.255181,
            44.261483,
            110.0
          ],
          [
            -0.254924,
            44.263976,
            108.78
          ],
          [
            -0.254559,
            44.268344,
            106.11
          ],
          [
            -0.254543,
            44.268763,
            105.23
          ],
          [
            -0.254559,
            44.270057,
            106.26
          ],
          [
            -0.254591,
            44.270821,
            106.0
          ],
          [
            -0.254645,
            44.271421,
            105.95
          ],
          [
            -0.254779,
            44.2723,
            105.28
          ],
          [
            -0.255256,
            44.275915,
            103.89
          ],
          [
            -0.255804,
            44.279604,
            102.0
          ],
          [
            -0.255916,
            44.280591,
            101.76
          ],
          [
            -0.256044,
            44.281295,
            101.24
          ],
          [
            -0.256261,
            44.282905,
            100.3
          ],
          [
            -0.256599,
            44.28524,
            98.91
          ],
          [
            -0.256624,
            44.28546,
            98.64
          ],
          [
            -0.256796,
            44.286552,
            97.79
          ],
          [
            -0.256859,
            44.28704,
            98.13
          ],
          [
            -0.256837,
            44.28716,
            98.64
          ],
          [
            -0.256805,
            44.287195,
            98.76
          ],
          [
            -0.256711,
            44.287246,
            98.53
          ],
          [
            -0.256698,
            44.287273,
            98.55
          ],
          [
            -0.256702,
            44.287307,
            98.67
          ],
          [
            -0.256768,
            44.287396,
            98.91
          ],
          [
            -0.256878,
            44.28761,
            98.64
          ],
          [
            -0.256894,
            44.287671,
            98.56
          ],
          [
            -0.256925,
            44.288381,
            98.28
          ],
          [
            -0.256897,
            44.288867,
            98.21
          ],
          [
            -0.256823,
            44.289803,
            98.02
          ],
          [
            -0.256734,
            44.290402,
            97.94
          ],
          [
            -0.256636,
            44.290879,
            97.56
          ],
          [
            -0.256419,
            44.291799,
            97.86
          ],
          [
            -0.256367,
            44.291982,
            98.0
          ],
          [
            -0.256106,
            44.29268,
            98.0
          ],
          [
            -0.255817,
            44.293735,
            97.87
          ],
          [
            -0.255463,
            44.295088,
            97.43
          ],
          [
            -0.255384,
            44.295461,
            97.48
          ],
          [
            -0.255338,
            44.295895,
            97.5
          ],
          [
            -0.25523,
            44.296298,
            97.65
          ],
          [
            -0.255173,
            44.296348,
            97.79
          ],
          [
            -0.255073,
            44.296372,
            97.99
          ],
          [
            -0.255136,
            44.296517,
            97.37
          ],
          [
            -0.255142,
            44.296686,
            97.36
          ],
          [
            -0.25504,
            44.297093,
            97.13
          ],
          [
            -0.254715,
            44.298279,
            96.88
          ],
          [
            -0.254625,
            44.298734,
            96.73
          ],
          [
            -0.254638,
            44.298829,
            96.89
          ],
          [
            -0.254664,
            44.298906,
            97.0
          ],
          [
            -0.254597,
            44.298947,
            97.0
          ],
          [
            -0.254567,
            44.299001,
            96.96
          ],
          [
            -0.254151,
            44.300483,
            96.39
          ],
          [
            -0.254006,
            44.301051,
            95.98
          ],
          [
            -0.253556,
            44.302718,
            95.37
          ],
          [
            -0.253373,
            44.303497,
            94.88
          ],
          [
            -0.252861,
            44.305544,
            94.51
          ],
          [
            -0.252518,
            44.305998,
            94.13
          ],
          [
            -0.252497,
            44.306041,
            94.12
          ],
          [
            -0.252501,
            44.306138,
            94.1
          ],
          [
            -0.252492,
            44.306183,
            94.09
          ],
          [
            -0.251877,
            44.307314,
            94.03
          ],
          [
            -0.251895,
            44.307358,
            94.21
          ],
          [
            -0.252287,
            44.307508,
            94.14
          ],
          [
            -0.252314,
            44.307537,
            94.04
          ],
          [
            -0.252332,
            44.307579,
            94.0
          ],
          [
            -0.252225,
            44.307866,
            94.0
          ],
          [
            -0.252048,
            44.30871,
            93.49
          ],
          [
            -0.251845,
            44.3098,
            93.0
          ],
          [
            -0.251651,
            44.311025,
            92.21
          ],
          [
            -0.251555,
            44.31252,
            90.2
          ],
          [
            -0.25134,
            44.315508,
            92.48
          ],
          [
            -0.251271,
            44.316157,
            92.18
          ],
          [
            -0.251131,
            44.318022,
            92.0
          ],
          [
            -0.251061,
            44.31925,
            92.0
          ],
          [
            -0.250573,
            44.325414,
            92.0
          ],
          [
            -0.25053,
            44.325802,
            92.0
          ],
          [
            -0.250294,
            44.328925,
            90.9
          ],
          [
            -0.250198,
            44.330568,
            91.19
          ],
          [
            -0.250107,
            44.331178,
            91.46
          ],
          [
            -0.249989,
            44.332175,
            91.45
          ],
          [
            -0.249768,
            44.33579,
            89.0
          ],
          [
            -0.248957,
            44.346132,
            78.79
          ],
          [
            -0.248749,
            44.348512,
            76.55
          ],
          [
            -0.248685,
            44.349413,
            76.01
          ],
          [
            -0.248551,
            44.350468,
            75.15
          ],
          [
            -0.248315,
            44.351718,
            74.6
          ],
          [
            -0.248073,
            44.352797,
            74.01
          ],
          [
            -0.247827,
            44.353567,
            73.96
          ],
          [
            -0.247499,
            44.354523,
            73.3
          ],
          [
            -0.247043,
            44.355616,
            73.0
          ],
          [
            -0.246566,
            44.356632,
            72.18
          ],
          [
            -0.245992,
            44.357737,
            71.83
          ],
          [
            -0.245375,
            44.358757,
            70.96
          ],
          [
            -0.244796,
            44.359597,
            70.58
          ],
          [
            -0.24427,
            44.360314,
            70.68
          ],
          [
            -0.24267,
            44.362295,
            69.23
          ],
          [
            -0.242323,
            44.362677,
            68.72
          ],
          [
            -0.241452,
            44.363602,
            69.0
          ],
          [
            -0.241456,
            44.363633,
            68.98
          ],
          [
            -0.241632,
            44.363965,
            68.53
          ],
          [
            -0.241625,
            44.363976,
            68.57
          ],
          [
            -0.24147,
            44.364028,
            68.93
          ],
          [
            -0.241447,
            44.364027,
            68.89
          ],
          [
            -0.241425,
            44.364011,
            68.82
          ],
          [
            -0.241329,
            44.363837,
            68.3
          ],
          [
            -0.241308,
            44.363829,
            68.24
          ],
          [
            -0.241279,
            44.363831,
            68.17
          ],
          [
            -0.241161,
            44.36399,
            68.07
          ],
          [
            -0.241028,
            44.364136,
            68.01
          ],
          [
            -0.240967,
            44.364185,
            68.0
          ],
          [
            -0.240872,
            44.364238,
            68.0
          ],
          [
            -0.240746,
            44.364291,
            68.0
          ],
          [
            -0.238326,
            44.366878,
            67.71
          ],
          [
            -0.237484,
            44.367835,
            66.68
          ],
          [
            -0.236022,
            44.369379,
            62.81
          ],
          [
            -0.23526,
            44.370169,
            64.12
          ],
          [
            -0.232635,
            44.372981,
            72.72
          ],
          [
            -0.231885,
            44.373772,
            76.1
          ],
          [
            -0.231726,
            44.374017,
            77.35
          ],
          [
            -0.231695,
            44.374188,
            78.23
          ],
          [
            -0.23171,
            44.374309,
            78.87
          ],
          [
            -0.23177,
            44.374438,
            79.61
          ],
          [
            -0.231895,
            44.374585,
            80.52
          ],
          [
            -0.23208,
            44.374712,
            81.44
          ],
          [
            -0.232198,
            44.374823,
            82.26
          ],
          [
            -0.23222,
            44.374918,
            82.8
          ],
          [
            -0.232181,
            44.374993,
            83.02
          ],
          [
            -0.2321,
            44.37507,
            83.4
          ],
          [
            -0.231662,
            44.375234,
            82.47
          ],
          [
            -0.230673,
            44.375567,
            81.66
          ],
          [
            -0.230494,
            44.375648,
            81.22
          ],
          [
            -0.230343,
            44.375743,
            80.7
          ],
          [
            -0.230227,
            44.375864,
            79.98
          ],
          [
            -0.230153,
            44.376005,
            80.0
          ],
          [
            -0.229963,
            44.376377,
            78.02
          ],
          [
            -0.229837,
            44.376673,
            77.1
          ],
          [
            -0.229598,
            44.377434,
            77.5
          ],
          [
            -0.229531,
            44.378234,
            78.66
          ],
          [
            -0.229534,
            44.379183,
            80.23
          ],
          [
            -0.229518,
            44.380381,
            81.68
          ],
          [
            -0.229553,
            44.380879,
            82.05
          ],
          [
            -0.229596,
            44.38129,
            82.57
          ],
          [
            -0.229703,
            44.381817,
            83.76
          ],
          [
            -0.229846,
            44.382262,
            85.17
          ],
          [
            -0.230262,
            44.383135,
            86.75
          ],
          [
            -0.230618,
            44.383747,
            87.59
          ],
          [
            -0.231454,
            44.384617,
            89.79
          ],
          [
            -0.232723,
            44.38581,
            91.57
          ],
          [
            -0.233302,
            44.386542,
            91.91
          ],
          [
            -0.233523,
            44.386888,
            92.24
          ],
          [
            -0.233708,
            44.387286,
            93.03
          ],
          [
            -0.234062,
            44.388286,
            95.18
          ],
          [
            -0.234172,
            44.389069,
            96.84
          ],
          [
            -0.234165,
            44.389615,
            98.52
          ],
          [
            -0.23413,
            44.39004,
            100.02
          ],
          [
            -0.234052,
            44.390456,
            101.55
          ],
          [
            -0.233909,
            44.390935,
            102.91
          ],
          [
            -0.23376,
            44.39128,
            103.61
          ],
          [
            -0.233577,
            44.391639,
            103.5
          ],
          [
            -0.233411,
            44.391934,
            103.51
          ],
          [
            -0.233131,
            44.392313,
            101.98
          ],
          [
            -0.232525,
            44.393049,
            99.8
          ],
          [
            -0.232141,
            44.393469,
            100.47
          ],
          [
            -0.231739,
            44.394005,
            102.8
          ],
          [
            -0.231371,
            44.394393,
            104.66
          ],
          [
            -0.231073,
            44.394759,
            105.62
          ],
          [
            -0.22974,
            44.396328,
            108.17
          ],
          [
            -0.229483,
            44.396652,
            108.77
          ],
          [
            -0.228579,
            44.397978,
            110.22
          ],
          [
            -0.228264,
            44.398503,
            111.05
          ],
          [
            -0.227613,
            44.399878,
            114.3
          ],
          [
            -0.226943,
            44.401454,
            116.4
          ],
          [
            -0.226545,
            44.402557,
            117.39
          ],
          [
            -0.226303,
            44.403193,
            118.26
          ],
          [
            -0.22566,
            44.405276,
            122.54
          ],
          [
            -0.225474,
            44.405693,
            123.1
          ],
          [
            -0.225165,
            44.406202,
            123.93
          ],
          [
            -0.225093,
            44.406253,
            124.05
          ],
          [
            -0.225032,
            44.406281,
            124.13
          ],
          [
            -0.224916,
            44.406317,
            124.25
          ],
          [
            -0.224884,
            44.406344,
            124.31
          ],
          [
            -0.224872,
            44.406367,
            124.36
          ],
          [
            -0.224875,
            44.406394,
            124.44
          ],
          [
            -0.22514,
            44.406531,
            124.21
          ],
          [
            -0.22516,
            44.406551,
            124.21
          ],
          [
            -0.225162,
            44.406574,
            124.21
          ],
          [
            -0.224797,
            44.40759,
            124.71
          ],
          [
            -0.22455,
            44.408236,
            124.84
          ],
          [
            -0.22433,
            44.408953,
            124.97
          ],
          [
            -0.223881,
            44.410083,
            125.0
          ],
          [
            -0.223661,
            44.410743,
            125.0
          ],
          [
            -0.223317,
            44.411599,
            124.63
          ],
          [
            -0.223089,
            44.4123,
            123.72
          ],
          [
            -0.222877,
            44.412827,
            123.06
          ],
          [
            -0.222715,
            44.413298,
            122.45
          ],
          [
            -0.222575,
            44.413773,
            121.71
          ],
          [
            -0.222442,
            44.414136,
            121.03
          ],
          [
            -0.222024,
            44.415168,
            119.1
          ],
          [
            -0.221782,
            44.416002,
            117.22
          ],
          [
            -0.221473,
            44.417316,
            113.35
          ],
          [
            -0.221222,
            44.418272,
            111.89
          ],
          [
            -0.221051,
            44.419172,
            110.45
          ],
          [
            -0.221015,
            44.419576,
            111.0
          ],
          [
            -0.220877,
            44.419755,
            111.0
          ],
          [
            -0.220797,
            44.419827,
            111.0
          ],
          [
            -0.22189,
            44.420517,
            110.27
          ],
          [
            -0.222959,
            44.42122,
            109.83
          ],
          [
            -0.223885,
            44.421843,
            108.9
          ],
          [
            -0.223767,
            44.421938,
            107.86
          ],
          [
            -0.22373,
            44.422011,
            107.27
          ],
          [
            -0.223748,
            44.422102,
            106.65
          ],
          [
            -0.223959,
            44.422314,
            104.93
          ],
          [
            -0.224199,
            44.422512,
            103.26
          ],
          [
            -0.224312,
            44.422587,
            102.66
          ],
          [
            -0.224439,
            44.42262,
            102.36
          ],
          [
            -0.224165,
            44.422902,
            100.06
          ],
          [
            -0.225708,
            44.423482,
            105.21
          ],
          [
            -0.225829,
            44.42354,
            105.67
          ],
          [
            -0.225941,
            44.423624,
            106.15
          ],
          [
            -0.226086,
            44.423825,
            106.89
          ],
          [
            -0.226333,
            44.424055,
            107.39
          ],
          [
            -0.226604,
            44.424335,
            107.33
          ],
          [
            -0.226977,
            44.424668,
            106.55
          ],
          [
            -0.227328,
            44.425011,
            105.63
          ],
          [
            -0.228585,
            44.426313,
            102.43
          ],
          [
            -0.229554,
            44.42735,
            97.82
          ],
          [
            -0.230091,
            44.427858,
            94.14
          ],
          [
            -0.230206,
            44.427986,
            92.95
          ],
          [
            -0.230257,
            44.428147,
            91.68
          ],
          [
            -0.230246,
            44.428264,
            90.43
          ],
          [
            -0.230017,
            44.42845,
            87.4
          ],
          [
            -0.229982,
            44.428562,
            85.98
          ],
          [
            -0.230191,
            44.428514,
            86.14
          ],
          [
            -0.23033,
            44.428517,
            86.0
          ],
          [
            -0.23039,
            44.428456,
            86.05
          ],
          [
            -0.230603,
            44.428333,
            86.56
          ],
          [
            -0.231098,
            44.428096,
            87.1
          ],
          [
            -0.231367,
            44.428037,
            86.87
          ],
          [
            -0.231416,
            44.428031,
            86.68
          ],
          [
            -0.231533,
            44.428038,
            86.32
          ],
          [
            -0.231653,
            44.428069,
            86.14
          ],
          [
            -0.231778,
            44.428122,
            85.98
          ],
          [
            -0.232572,
            44.428629,
            86.58
          ],
          [
            -0.232708,
            44.428693,
            87.98
          ],
          [
            -0.232645,
            44.428849,
            88.0
          ],
          [
            -0.232641,
            44.428936,
            88.03
          ],
          [
            -0.232647,
            44.428996,
            88.17
          ],
          [
            -0.232673,
            44.429041,
            88.21
          ],
          [
            -0.23277,
            44.429299,
            88.01
          ],
          [
            -0.23289,
            44.429427,
            88.02
          ],
          [
            -0.233222,
            44.429674,
            88.62
          ],
          [
            -0.234011,
            44.430197,
            90.7
          ],
          [
            -0.235757,
            44.431241,
            96.94
          ],
          [
            -0.236214,
            44.431524,
            98.44
          ],
          [
            -0.23663,
            44.431812,
            99.75
          ],
          [
            -0.236986,
            44.432092,
            100.77
          ],
          [
            -0.237285,
            44.432358,
            101.58
          ],
          [
            -0.237577,
            44.432649,
            102.35
          ],
          [
            -0.237789,
            44.432888,
            102.91
          ],
          [
            -0.237963,
            44.433102,
            103.43
          ],
          [
            -0.238205,
            44.433447,
            104.0
          ],
          [
            -0.238471,
            44.433825,
            104.5
          ],
          [
            -0.238617,
            44.434097,
            104.72
          ],
          [
            -0.238803,
            44.434513,
            105.12
          ],
          [
            -0.238898,
            44.434777,
            105.36
          ],
          [
            -0.239061,
            44.435338,
            106.0
          ],
          [
            -0.239106,
            44.435445,
            106.01
          ],
          [
            -0.239182,
            44.435547,
            106.55
          ],
          [
            -0.239264,
            44.435578,
            106.8
          ],
          [
            -0.239327,
            44.435627,
            106.88
          ],
          [
            -0.239363,
            44.435688,
            107.0
          ],
          [
            -0.239675,
            44.435769,
            107.0
          ],
          [
            -0.239777,
            44.435825,
            107.0
          ],
          [
            -0.239886,
            44.435919,
            107.0
          ],
          [
            -0.240182,
            44.436074,
            108.0
          ],
          [
            -0.240374,
            44.436146,
            108.08
          ],
          [
            -0.240969,
            44.436332,
            108.97
          ],
          [
            -0.241919,
            44.436716,
            110.36
          ],
          [
            -0.242251,
            44.436891,
            110.91
          ],
          [
            -0.242874,
            44.437257,
            112.44
          ],
          [
            -0.243319,
            44.437475,
            113.61
          ],
          [
            -0.243655,
            44.437578,
            114.36
          ],
          [
            -0.24392,
            44.437686,
            115.01
          ],
          [
            -0.245754,
            44.438797,
            118.51
          ],
          [
            -0.247369,
            44.439605,
            120.83
          ],
          [
            -0.247914,
            44.439828,
            121.29
          ],
          [
            -0.249086,
            44.439178,
            122.0
          ],
          [
            -0.250204,
            44.439756,
            122.07
          ],
          [
            -0.252804,
            44.439824,
            122.81
          ],
          [
            -0.25472,
            44.440574,
            122.45
          ],
          [
            -0.254909,
            44.440637,
            122.83
          ],
          [
            -0.255054,
            44.440673,
            123.13
          ],
          [
            -0.2553,
            44.440706,
            123.75
          ],
          [
            -0.255904,
            44.440705,
            125.61
          ],
          [
            -0.256126,
            44.440723,
            126.48
          ],
          [
            -0.256349,
            44.440767,
            127.18
          ],
          [
            -0.25657,
            44.440839,
            128.01
          ],
          [
            -0.257119,
            44.441096,
            124.87
          ],
          [
            -0.257892,
            44.441473,
            124.2
          ],
          [
            -0.258273,
            44.441648,
            123.47
          ],
          [
            -0.258474,
            44.441723,
            123.06
          ],
          [
            -0.258686,
            44.441789,
            122.59
          ],
          [
            -0.259087,
            44.441894,
            121.84
          ],
          [
            -0.262441,
            44.442467,
            120.04
          ],
          [
            -0.263457,
            44.442626,
            119.81
          ],
          [
            -0.264476,
            44.44285,
            119.11
          ],
          [
            -0.265842,
            44.443187,
            118.99
          ],
          [
            -0.266282,
            44.443368,
            118.89
          ],
          [
            -0.266612,
            44.443479,
            118.78
          ],
          [
            -0.266943,
            44.443571,
            118.23
          ],
          [
            -0.268977,
            44.443976,
            117.55
          ],
          [
            -0.272419,
            44.444711,
            116.0
          ],
          [
            -0.272287,
            44.445872,
            115.6
          ],
          [
            -0.271735,
            44.448298,
            113.64
          ],
          [
            -0.271487,
            44.448999,
            113.0
          ],
          [
            -0.271584,
            44.449173,
            113.0
          ],
          [
            -0.271697,
            44.449416,
            113.0
          ],
          [
            -0.271675,
            44.449494,
            113.0
          ],
          [
            -0.277471,
            44.451931,
            111.0
          ],
          [
            -0.281162,
            44.453501,
            110.45
          ],
          [
            -0.281694,
            44.453736,
            110.75
          ],
          [
            -0.282255,
            44.453996,
            111.0
          ],
          [
            -0.282558,
            44.454146,
            111.0
          ],
          [
            -0.283679,
            44.454748,
            111.0
          ],
          [
            -0.284204,
            44.455049,
            111.0
          ],
          [
            -0.28467,
            44.455341,
            111.0
          ],
          [
            -0.285375,
            44.455799,
            110.86
          ],
          [
            -0.286033,
            44.456255,
            110.45
          ],
          [
            -0.286723,
            44.456771,
            109.82
          ],
          [
            -0.286962,
            44.456962,
            109.57
          ],
          [
            -0.287667,
            44.457558,
            109.03
          ],
          [
            -0.288415,
            44.458241,
            108.25
          ],
          [
            -0.289042,
            44.45889,
            106.91
          ],
          [
            -0.289498,
            44.459405,
            106.22
          ],
          [
            -0.289832,
            44.459807,
            105.89
          ],
          [
            -0.290919,
            44.461178,
            103.86
          ],
          [
            -0.291126,
            44.461456,
            103.42
          ],
          [
            -0.291851,
            44.462363,
            103.88
          ],
          [
            -0.291925,
            44.462406,
            103.71
          ],
          [
            -0.291997,
            44.462407,
            103.31
          ],
          [
            -0.29206,
            44.462569,
            103.97
          ],
          [
            -0.292322,
            44.46302,
            103.9
          ],
          [
            -0.29259,
            44.46342,
            103.46
          ],
          [
            -0.293286,
            44.464294,
            103.22
          ],
          [
            -0.294393,
            44.465727,
            103.83
          ],
          [
            -0.295362,
            44.466885,
            104.01
          ],
          [
            -0.296386,
            44.468221,
            104.11
          ],
          [
            -0.298483,
            44.47089,
            104.0
          ],
          [
            -0.298578,
            44.470806,
            104.0
          ],
          [
            -0.298985,
            44.471398,
            104.0
          ],
          [
            -0.29961,
            44.472427,
            103.26
          ],
          [
            -0.299536,
            44.472463,
            103.25
          ],
          [
            -0.299467,
            44.472526,
            103.1
          ],
          [
            -0.299604,
            44.472877,
            103.03
          ],
          [
            -0.299768,
            44.473487,
            102.67
          ],
          [
            -0.301224,
            44.493259,
            99.93
          ],
          [
            -0.301269,
            44.49412,
            98.81
          ],
          [
            -0.301253,
            44.494914,
            97.46
          ],
          [
            -0.301156,
            44.495782,
            95.8
          ],
          [
            -0.301044,
            44.496611,
            94.29
          ],
          [
            -0.300793,
            44.497727,
            93.66
          ],
          [
            -0.3005,
            44.4987,
            92.07
          ],
          [
            -0.300289,
            44.499317,
            90.92
          ],
          [
            -0.299841,
            44.500244,
            89.23
          ],
          [
            -0.294857,
            44.509405,
            76.0
          ],
          [
            -0.295159,
            44.509525,
            76.0
          ],
          [
            -0.296049,
            44.509912,
            77.56
          ],
          [
            -0.296285,
            44.510046,
            77.9
          ],
          [
            -0.296443,
            44.510177,
            78.22
          ],
          [
            -0.296553,
            44.510313,
            78.35
          ],
          [
            -0.296617,
            44.510448,
            78.54
          ],
          [
            -0.296675,
            44.510618,
            78.39
          ],
          [
            -0.297103,
            44.513065,
            71.39
          ],
          [
            -0.297579,
            44.515751,
            81.0
          ],
          [
            -0.297924,
            44.517642,
            81.3
          ],
          [
            -0.298063,
            44.518511,
            80.61
          ],
          [
            -0.29813,
            44.51877,
            80.4
          ],
          [
            -0.298243,
            44.518981,
            80.26
          ],
          [
            -0.298393,
            44.519203,
            80.2
          ],
          [
            -0.298559,
            44.519368,
            80.29
          ],
          [
            -0.298785,
            44.519543,
            80.47
          ],
          [
            -0.299047,
            44.519678,
            80.73
          ],
          [
            -0.299274,
            44.519782,
            81.0
          ],
          [
            -0.299534,
            44.519886,
            81.0
          ],
          [
            -0.299372,
            44.520027,
            81.0
          ],
          [
            -0.298928,
            44.520464,
            80.68
          ],
          [
            -0.29882,
            44.520631,
            80.57
          ],
          [
            -0.298787,
            44.520808,
            80.47
          ],
          [
            -0.298816,
            44.521049,
            80.32
          ],
          [
            -0.298795,
            44.521186,
            80.25
          ],
          [
            -0.298318,
            44.522188,
            80.61
          ],
          [
            -0.298191,
            44.522407,
            80.75
          ],
          [
            -0.297762,
            44.522833,
            81.0
          ],
          [
            -0.297646,
            44.522984,
            81.0
          ],
          [
            -0.29709,
            44.523833,
            80.0
          ],
          [
            -0.296826,
            44.524279,
            79.69
          ],
          [
            -0.29671,
            44.524521,
            79.5
          ],
          [
            -0.296485,
            44.525175,
            79.05
          ],
          [
            -0.29638,
            44.525387,
            78.91
          ],
          [
            -0.296255,
            44.525523,
            78.77
          ],
          [
            -0.295662,
            44.526016,
            77.9
          ],
          [
            -0.296361,
            44.526431,
            77.96
          ],
          [
            -0.297357,
            44.52705,
            77.98
          ],
          [
            -0.298784,
            44.52783,
            78.0
          ],
          [
            -0.299641,
            44.528208,
            77.0
          ],
          [
            -0.300483,
            44.528737,
            75.68
          ],
          [
            -0.300643,
            44.528793,
            75.25
          ],
          [
            -0.301301,
            44.529281,
            73.44
          ],
          [
            -0.301515,
            44.529459,
            72.82
          ],
          [
            -0.300864,
            44.53037,
            68.39
          ],
          [
            -0.300191,
            44.531268,
            66.0
          ],
          [
            -0.299837,
            44.531776,
            64.92
          ],
          [
            -0.299161,
            44.533186,
            61.75
          ],
          [
            -0.298276,
            44.534228,
            68.08
          ],
          [
            -0.297507,
            44.535114,
            69.83
          ],
          [
            -0.29737,
            44.535361,
            69.92
          ],
          [
            -0.297276,
            44.535403,
            69.79
          ],
          [
            -0.297285,
            44.535486,
            69.8
          ],
          [
            -0.297205,
            44.535672,
            69.14
          ],
          [
            -0.297174,
            44.535715,
            69.04
          ],
          [
            -0.297108,
            44.535738,
            69.0
          ],
          [
            -0.297049,
            44.535821,
            68.84
          ],
          [
            -0.296958,
            44.535871,
            68.27
          ],
          [
            -0.296946,
            44.535954,
            68.05
          ],
          [
            -0.296826,
            44.536211,
            67.75
          ],
          [
            -0.297148,
            44.536425,
            66.32
          ],
          [
            -0.297297,
            44.536501,
            65.5
          ],
          [
            -0.297808,
            44.5367,
            61.55
          ],
          [
            -0.297878,
            44.536745,
            61.18
          ],
          [
            -0.297934,
            44.5368,
            60.85
          ],
          [
            -0.298009,
            44.536912,
            60.18
          ],
          [
            -0.298051,
            44.537028,
            59.2
          ],
          [
            -0.298046,
            44.537073,
            58.86
          ],
          [
            -0.297953,
            44.537616,
            56.2
          ],
          [
            -0.297872,
            44.538177,
            52.11
          ],
          [
            -0.297837,
            44.538272,
            51.8
          ],
          [
            -0.297772,
            44.538369,
            51.14
          ],
          [
            -0.297122,
            44.538933,
            47.55
          ],
          [
            -0.296793,
            44.539298,
            46.0
          ],
          [
            -0.296076,
            44.540144,
            44.0
          ],
          [
            -0.295793,
            44.540513,
            43.0
          ],
          [
            -0.295422,
            44.540956,
            42.02
          ],
          [
            -0.295287,
            44.541213,
            41.61
          ],
          [
            -0.295065,
            44.541795,
            41.0
          ],
          [
            -0.295052,
            44.541938,
            41.0
          ],
          [
            -0.295098,
            44.542113,
            40.61
          ],
          [
            -0.295217,
            44.542229,
            40.0
          ],
          [
            -0.295266,
            44.542338,
            40.0
          ],
          [
            -0.295287,
            44.542529,
            40.0
          ],
          [
            -0.29518,
            44.543284,
            39.9
          ],
          [
            -0.295129,
            44.543759,
            39.55
          ],
          [
            -0.295145,
            44.543953,
            39.36
          ],
          [
            -0.295281,
            44.544472,
            38.6
          ],
          [
            -0.2953,
            44.544666,
            38.4
          ],
          [
            -0.295282,
            44.544873,
            38.18
          ],
          [
            -0.295234,
            44.545053,
            37.93
          ],
          [
            -0.295079,
            44.545468,
            37.45
          ],
          [
            -0.295018,
            44.54568,
            37.12
          ],
          [
            -0.294999,
            44.545874,
            37.0
          ],
          [
            -0.294997,
            44.546186,
            36.46
          ],
          [
            -0.295052,
            44.546382,
            36.11
          ],
          [
            -0.295149,
            44.546584,
            35.86
          ],
          [
            -0.295446,
            44.547066,
            35.02
          ],
          [
            -0.295532,
            44.547254,
            34.67
          ],
          [
            -0.29557,
            44.547425,
            34.16
          ],
          [
            -0.295556,
            44.547621,
            34.05
          ],
          [
            -0.295497,
            44.547817,
            33.82
          ],
          [
            -0.294499,
            44.549965,
            32.6
          ],
          [
            -0.294424,
            44.550222,
            32.39
          ],
          [
            -0.294388,
            44.550461,
            32.03
          ],
          [
            -0.294371,
            44.550798,
            32.0
          ],
          [
            -0.294339,
            44.552249,
            32.46
          ],
          [
            -0.294314,
            44.552394,
            32.53
          ],
          [
            -0.294257,
            44.552512,
            32.56
          ],
          [
            -0.294154,
            44.552668,
            32.38
          ],
          [
            -0.293915,
            44.552916,
            32.44
          ],
          [
            -0.294001,
            44.553153,
            33.0
          ],
          [
            -0.29412,
            44.55336,
            32.47
          ],
          [
            -0.29448,
            44.553704,
            32.61
          ],
          [
            -0.294572,
            44.553828,
            32.51
          ],
          [
            -0.295116,
            44.555474,
            31.98
          ],
          [
            -0.295065,
            44.558577,
            31.06
          ],
          [
            -0.294701,
            44.560609,
            27.0
          ],
          [
            -0.294683,
            44.560786,
            28.19
          ],
          [
            -0.294411,
            44.562283,
            25.98
          ],
          [
            -0.294442,
            44.56265,
            25.53
          ],
          [
            -0.294661,
            44.563773,
            22.87
          ],
          [
            -0.294644,
            44.564138,
            21.77
          ],
          [
            -0.294841,
            44.564612,
            20.07
          ],
          [
            -0.295827,
            44.566173,
            16.05
          ],
          [
            -0.295908,
            44.56641,
            15.51
          ],
          [
            -0.296268,
            44.568365,
            13.0
          ],
          [
            -0.29627,
            44.568572,
            13.0
          ],
          [
            -0.296122,
            44.569186,
            13.78
          ],
          [
            -0.296091,
            44.569412,
            14.16
          ],
          [
            -0.296102,
            44.569525,
            14.36
          ],
          [
            -0.296146,
            44.56963,
            14.56
          ],
          [
            -0.296237,
            44.569782,
            14.85
          ],
          [
            -0.296606,
            44.570262,
            15.26
          ],
          [
            -0.296804,
            44.57045,
            15.19
          ],
          [
            -0.297023,
            44.570637,
            14.95
          ],
          [
            -0.297924,
            44.571386,
            14.0
          ],
          [
            -0.29756,
            44.571594,
            14.0
          ],
          [
            -0.297508,
            44.571641,
            14.51
          ],
          [
            -0.296972,
            44.571802,
            13.0
          ],
          [
            -0.297092,
            44.57183,
            13.03
          ],
          [
            -0.29733,
            44.572086,
            13.17
          ],
          [
            -0.297495,
            44.572153,
            13.3
          ],
          [
            -0.297644,
            44.572188,
            13.37
          ],
          [
            -0.298079,
            44.572744,
            13.68
          ],
          [
            -0.298335,
            44.573124,
            13.73
          ],
          [
            -0.298815,
            44.573758,
            13.8
          ],
          [
            -0.299292,
            44.574464,
            13.94
          ],
          [
            -0.299393,
            44.574571,
            13.96
          ],
          [
            -0.299935,
            44.575322,
            14.18
          ],
          [
            -0.300282,
            44.575844,
            14.25
          ],
          [
            -0.300395,
            44.576029,
            14.44
          ],
          [
            -0.300205,
            44.576122,
            13.47
          ],
          [
            -0.300166,
            44.57615,
            13.24
          ],
          [
            -0.300141,
            44.57622,
            13.03
          ],
          [
            -0.300167,
            44.576301,
            13.08
          ],
          [
            -0.301262,
            44.577865,
            13.71
          ],
          [
            -0.301586,
            44.578281,
            14.3
          ],
          [
            -0.301799,
            44.578532,
            14.43
          ],
          [
            -0.300496,
            44.5792,
            12.0
          ],
          [
            -0.298486,
            44.580431,
            11.0
          ],
          [
            -0.297585,
            44.581659,
            11.0
          ],
          [
            -0.297559,
            44.581748,
            11.0
          ],
          [
            -0.297206,
            44.582456,
            11.0
          ],
          [
            -0.296581,
            44.583333,
            11.29
          ],
          [
            -0.294812,
            44.584513,
            12.0
          ],
          [
            -0.295092,
            44.584761,
            11.72
          ],
          [
            -0.294528,
            44.585191,
            11.62
          ],
          [
            -0.294342,
            44.58551,
            10.64
          ],
          [
            -0.293908,
            44.585732,
            8.93
          ],
          [
            -0.293429,
            44.585975,
            6.68
          ],
          [
            -0.293537,
            44.586095,
            7.28
          ],
          [
            -0.293705,
            44.586539,
            7.52
          ],
          [
            -0.293848,
            44.587137,
            7.63
          ],
          [
            -0.293755,
            44.587585,
            7.6
          ],
          [
            -0.293786,
            44.587752,
            7.62
          ],
          [
            -0.293876,
            44.587987,
            7.69
          ],
          [
            -0.294061,
            44.588352,
            7.8
          ],
          [
            -0.29438,
            44.58881,
            8.19
          ],
          [
            -0.294419,
            44.588884,
            7.98
          ],
          [
            -0.294525,
            44.589085,
            7.6
          ],
          [
            -0.294655,
            44.589376,
            7.01
          ],
          [
            -0.294723,
            44.589425,
            7.21
          ],
          [
            -0.295325,
            44.590189,
            7.95
          ],
          [
            -0.295449,
            44.590442,
            8.06
          ],
          [
            -0.296002,
            44.591062,
            7.82
          ],
          [
            -0.296102,
            44.59129,
            7.72
          ],
          [
            -0.296369,
            44.591565,
            7.59
          ],
          [
            -0.296595,
            44.591934,
            7.72
          ],
          [
            -0.296812,
            44.592218,
            7.85
          ],
          [
            -0.296867,
            44.592389,
            7.93
          ],
          [
            -0.297028,
            44.592528,
            8.01
          ],
          [
            -0.297331,
            44.592831,
            7.96
          ],
          [
            -0.297414,
            44.593113,
            7.87
          ],
          [
            -0.297379,
            44.593371,
            7.78
          ],
          [
            -0.297607,
            44.593815,
            7.44
          ],
          [
            -0.297739,
            44.594304,
            7.63
          ],
          [
            -0.297846,
            44.594428,
            7.58
          ],
          [
            -0.298012,
            44.594403,
            7.51
          ],
          [
            -0.298067,
            44.594557,
            7.45
          ],
          [
            -0.297944,
            44.59468,
            7.4
          ],
          [
            -0.297929,
            44.59482,
            7.38
          ],
          [
            -0.298222,
            44.595513,
            6.7
          ],
          [
            -0.298227,
            44.595638,
            6.57
          ],
          [
            -0.298282,
            44.59582,
            6.4
          ],
          [
            -0.298211,
            44.596062,
            6.2
          ],
          [
            -0.2984,
            44.596445,
            5.99
          ],
          [
            -0.298521,
            44.596794,
            5.97
          ],
          [
            -0.298625,
            44.597017,
            6.04
          ],
          [
            -0.298833,
            44.597413,
            6.13
          ],
          [
            -0.298913,
            44.597515,
            6.11
          ],
          [
            -0.299053,
            44.597762,
            6.06
          ],
          [
            -0.299161,
            44.598053,
            6.16
          ],
          [
            -0.299328,
            44.59841,
            6.17
          ],
          [
            -0.299426,
            44.598655,
            6.11
          ],
          [
            -0.300009,
            44.599457,
            5.28
          ],
          [
            -0.300168,
            44.599619,
            5.36
          ],
          [
            -0.300279,
            44.599658,
            5.84
          ],
          [
            -0.30034,
            44.599651,
            6.01
          ],
          [
            -0.300399,
            44.599613,
            6.26
          ],
          [
            -0.300673,
            44.599473,
            7.4
          ],
          [
            -0.30073,
            44.599452,
            7.64
          ],
          [
            -0.300909,
            44.59944,
            8.0
          ],
          [
            -0.300706,
            44.59957,
            8.06
          ],
          [
            -0.300697,
            44.599654,
            8.22
          ],
          [
            -0.300715,
            44.599696,
            8.26
          ],
          [
            -0.300791,
            44.599798,
            8.3
          ],
          [
            -0.301152,
            44.600212,
            7.82
          ],
          [
            -0.30137,
            44.600493,
            7.12
          ],
          [
            -0.301474,
            44.600583,
            6.7
          ],
          [
            -0.301804,
            44.600745,
            3.07
          ],
          [
            -0.302088,
            44.600909,
            7.09
          ],
          [
            -0.302112,
            44.600934,
            7.22
          ],
          [
            -0.302059,
            44.600951,
            7.07
          ],
          [
            -0.301988,
            44.601012,
            6.77
          ],
          [
            -0.301975,
            44.601038,
            6.79
          ],
          [
            -0.30197,
            44.601086,
            6.84
          ],
          [
            -0.301983,
            44.601127,
            6.87
          ],
          [
            -0.302034,
            44.60117,
            6.91
          ],
          [
            -0.302132,
            44.601283,
            6.98
          ],
          [
            -0.302846,
            44.601977,
            7.3
          ],
          [
            -0.303212,
            44.602375,
            7.1
          ],
          [
            -0.303315,
            44.602435,
            7.11
          ],
          [
            -0.303374,
            44.602457,
            7.08
          ],
          [
            -0.303368,
            44.602505,
            6.98
          ],
          [
            -0.303382,
            44.602532,
            6.99
          ],
          [
            -0.303425,
            44.602569,
            6.98
          ],
          [
            -0.303473,
            44.602591,
            7.01
          ],
          [
            -0.30353,
            44.602599,
            6.98
          ],
          [
            -0.303572,
            44.602735,
            6.96
          ],
          [
            -0.303672,
            44.602867,
            6.82
          ],
          [
            -0.303952,
            44.603379,
            6.55
          ],
          [
            -0.304038,
            44.603498,
            6.55
          ],
          [
            -0.304132,
            44.603584,
            6.58
          ],
          [
            -0.304203,
            44.603674,
            6.68
          ],
          [
            -0.304364,
            44.603959,
            7.09
          ],
          [
            -0.304442,
            44.604062,
            7.24
          ],
          [
            -0.304642,
            44.604253,
            7.48
          ],
          [
            -0.304665,
            44.604301,
            7.52
          ],
          [
            -0.304767,
            44.604664,
            7.82
          ],
          [
            -0.30484,
            44.605009,
            7.91
          ],
          [
            -0.304953,
            44.605419,
            7.92
          ],
          [
            -0.305172,
            44.606345,
            8.11
          ],
          [
            -0.305286,
            44.607221,
            8.52
          ],
          [
            -0.305272,
            44.607935,
            8.37
          ],
          [
            -0.30525,
            44.608452,
            8.11
          ],
          [
            -0.305228,
            44.608642,
            8.05
          ],
          [
            -0.30518,
            44.608813,
            8.02
          ],
          [
            -0.305046,
            44.609191,
            8.0
          ],
          [
            -0.304803,
            44.609777,
            7.84
          ],
          [
            -0.304684,
            44.610092,
            7.83
          ],
          [
            -0.304575,
            44.610439,
            7.88
          ],
          [
            -0.30438,
            44.610917,
            8.39
          ],
          [
            -0.3044,
            44.610995,
            8.59
          ],
          [
            -0.304535,
            44.610883,
            8.26
          ],
          [
            -0.304593,
            44.610863,
            8.16
          ],
          [
            -0.304753,
            44.610832,
            7.92
          ],
          [
            -0.304859,
            44.610827,
            7.65
          ],
          [
            -0.304726,
            44.610918,
            7.71
          ],
          [
            -0.304621,
            44.611013,
            7.59
          ],
          [
            -0.304577,
            44.611065,
            7.63
          ],
          [
            -0.304497,
            44.61122,
            7.73
          ],
          [
            -0.304448,
            44.61136,
            7.76
          ],
          [
            -0.304289,
            44.611968,
            7.92
          ],
          [
            -0.304237,
            44.612311,
            8.0
          ],
          [
            -0.304247,
            44.612416,
            8.0
          ],
          [
            -0.304195,
            44.612975,
            8.0
          ],
          [
            -0.304155,
            44.613212,
            8.0
          ],
          [
            -0.304106,
            44.613651,
            8.0
          ],
          [
            -0.304101,
            44.613983,
            8.0
          ],
          [
            -0.304078,
            44.614317,
            8.0
          ],
          [
            -0.304031,
            44.614683,
            8.0
          ],
          [
            -0.304045,
            44.61499,
            7.99
          ],
          [
            -0.304087,
            44.615303,
            7.96
          ],
          [
            -0.304177,
            44.615587,
            7.88
          ],
          [
            -0.304297,
            44.615861,
            7.77
          ],
          [
            -0.305194,
            44.617374,
            7.74
          ],
          [
            -0.30532,
            44.617568,
            7.84
          ],
          [
            -0.305638,
            44.617923,
            7.95
          ],
          [
            -0.306326,
            44.61853,
            8.0
          ],
          [
            -0.306511,
            44.618777,
            8.0
          ],
          [
            -0.306691,
            44.619152,
            8.0
          ],
          [
            -0.307154,
            44.619996,
            7.96
          ],
          [
            -0.307468,
            44.620409,
            7.92
          ],
          [
            -0.307625,
            44.620599,
            7.9
          ],
          [
            -0.308018,
            44.62104,
            7.92
          ],
          [
            -0.308534,
            44.621584,
            7.9
          ],
          [
            -0.309129,
            44.622351,
            7.94
          ],
          [
            -0.309301,
            44.622513,
            7.96
          ],
          [
            -0.309796,
            44.622883,
            7.75
          ],
          [
            -0.310102,
            44.623075,
            7.6
          ],
          [
            -0.310345,
            44.623246,
            7.47
          ],
          [
            -0.310554,
            44.623381,
            7.41
          ],
          [
            -0.31097,
            44.623682,
            7.5
          ],
          [
            -0.311171,
            44.623876,
            7.58
          ],
          [
            -0.311353,
            44.624088,
            7.61
          ],
          [
            -0.31167,
            44.624384,
            7.52
          ],
          [
            -0.31187,
            44.624559,
            7.4
          ],
          [
            -0.312056,
            44.62469,
            7.29
          ],
          [
            -0.312346,
            44.624875,
            7.12
          ],
          [
            -0.31258,
            44.625011,
            7.02
          ],
          [
            -0.312747,
            44.625137,
            7.0
          ],
          [
            -0.313213,
            44.625386,
            7.0
          ],
          [
            -0.314681,
            44.626105,
            6.99
          ],
          [
            -0.315492,
            44.626481,
            6.97
          ],
          [
            -0.316092,
            44.626769,
            6.89
          ],
          [
            -0.316627,
            44.626973,
            6.92
          ],
          [
            -0.317383,
            44.627293,
            6.79
          ],
          [
            -0.319355,
            44.628028,
            6.81
          ],
          [
            -0.319564,
            44.62811,
            6.79
          ],
          [
            -0.319907,
            44.628261,
            6.8
          ],
          [
            -0.320208,
            44.628368,
            6.81
          ],
          [
            -0.320557,
            44.628451,
            6.82
          ],
          [
            -0.321445,
            44.628682,
            6.92
          ],
          [
            -0.322101,
            44.628926,
            6.82
          ],
          [
            -0.322373,
            44.628987,
            6.8
          ],
          [
            -0.3233,
            44.629276,
            6.8
          ],
          [
            -0.323648,
            44.629403,
            6.78
          ],
          [
            -0.324047,
            44.629596,
            6.72
          ],
          [
            -0.324614,
            44.629888,
            6.62
          ],
          [
            -0.325125,
            44.630322,
            6.55
          ],
          [
            -0.325302,
            44.63045,
            6.47
          ],
          [
            -0.325545,
            44.630588,
            6.41
          ],
          [
            -0.326379,
            44.631008,
            6.28
          ],
          [
            -0.326908,
            44.631216,
            6.31
          ],
          [
            -0.327177,
            44.631334,
            6.22
          ],
          [
            -0.327382,
            44.631437,
            6.14
          ],
          [
            -0.327459,
            44.631504,
            6.1
          ],
          [
            -0.327515,
            44.631574,
            6.08
          ],
          [
            -0.327629,
            44.631658,
            6.03
          ],
          [
            -0.327736,
            44.631711,
            5.99
          ],
          [
            -0.328187,
            44.631887,
            5.79
          ],
          [
            -0.328811,
            44.632209,
            5.55
          ],
          [
            -0.329045,
            44.632353,
            5.08
          ],
          [
            -0.329069,
            44.632391,
            5.11
          ],
          [
            -0.329044,
            44.632457,
            5.16
          ],
          [
            -0.328865,
            44.63265,
            5.97
          ],
          [
            -0.328873,
            44.632671,
            6.05
          ],
          [
            -0.328897,
            44.632687,
            6.15
          ],
          [
            -0.329024,
            44.632673,
            6.73
          ],
          [
            -0.329105,
            44.632679,
            7.21
          ],
          [
            -0.329166,
            44.632702,
            7.73
          ],
          [
            -0.328919,
            44.632808,
            7.23
          ],
          [
            -0.328587,
            44.632908,
            7.09
          ],
          [
            -0.326886,
            44.63333,
            8.06
          ],
          [
            -0.326604,
            44.633416,
            8.6
          ],
          [
            -0.32645,
            44.633479,
            8.91
          ],
          [
            -0.326175,
            44.633645,
            9.68
          ],
          [
            -0.325919,
            44.633848,
            10.01
          ],
          [
            -0.323922,
            44.63593,
            8.66
          ],
          [
            -0.32387,
            44.635979,
            10.22
          ],
          [
            -0.323793,
            44.636032,
            10.27
          ],
          [
            -0.32369,
            44.636089,
            10.17
          ],
          [
            -0.323513,
            44.636163,
            9.85
          ],
          [
            -0.321497,
            44.636885,
            8.0
          ],
          [
            -0.32173,
            44.637292,
            8.0
          ],
          [
            -0.321703,
            44.637303,
            8.0
          ],
          [
            -0.321708,
            44.637332,
            8.0
          ],
          [
            -0.322115,
            44.638006,
            8.04
          ],
          [
            -0.3223,
            44.638263,
            8.0
          ],
          [
            -0.322365,
            44.638384,
            7.94
          ],
          [
            -0.322359,
            44.638423,
            7.93
          ],
          [
            -0.322338,
            44.638448,
            7.91
          ],
          [
            -0.322206,
            44.638519,
            8.0
          ],
          [
            -0.322198,
            44.638572,
            8.0
          ],
          [
            -0.322121,
            44.638619,
            7.76
          ],
          [
            -0.3221,
            44.638654,
            7.6
          ],
          [
            -0.322104,
            44.638707,
            7.27
          ],
          [
            -0.322195,
            44.638899,
            5.21
          ],
          [
            -0.322226,
            44.639078,
            8.58
          ],
          [
            -0.322314,
            44.639376,
            9.61
          ],
          [
            -0.32239,
            44.639541,
            10.43
          ],
          [
            -0.323249,
            44.640659,
            13.53
          ],
          [
            -0.323692,
            44.641183,
            14.92
          ],
          [
            -0.324144,
            44.64168,
            15.77
          ],
          [
            -0.324179,
            44.641769,
            15.9
          ],
          [
            -0.32419,
            44.641859,
            16.0
          ],
          [
            -0.324274,
            44.6419,
            15.67
          ],
          [
            -0.324312,
            44.641931,
            15.48
          ],
          [
            -0.324362,
            44.642016,
            15.11
          ],
          [
            -0.324428,
            44.642068,
            14.04
          ],
          [
            -0.324731,
            44.642374,
            12.8
          ],
          [
            -0.324795,
            44.642426,
            12.43
          ],
          [
            -0.324998,
            44.642562,
            11.97
          ],
          [
            -0.325223,
            44.642699,
            12.89
          ],
          [
            -0.325385,
            44.642847,
            13.68
          ],
          [
            -0.325444,
            44.642924,
            14.03
          ],
          [
            -0.325555,
            44.643151,
            15.24
          ],
          [
            -0.325654,
            44.643304,
            15.28
          ],
          [
            -0.325758,
            44.64342,
            15.13
          ],
          [
            -0.32674,
            44.644364,
            15.04
          ],
          [
            -0.327023,
            44.644614,
            15.71
          ],
          [
            -0.327705,
            44.645182,
            16.53
          ],
          [
            -0.327761,
            44.645222,
            16.53
          ],
          [
            -0.328027,
            44.64529,
            15.95
          ],
          [
            -0.328197,
            44.645367,
            15.61
          ],
          [
            -0.32834,
            44.645454,
            15.64
          ],
          [
            -0.328454,
            44.645569,
            15.42
          ],
          [
            -0.328868,
            44.645927,
            15.67
          ],
          [
            -0.329226,
            44.646191,
            14.55
          ],
          [
            -0.329556,
            44.646471,
            14.65
          ],
          [
            -0.329975,
            44.646783,
            15.09
          ],
          [
            -0.330221,
            44.646956,
            14.95
          ],
          [
            -0.330573,
            44.647168,
            14.68
          ],
          [
            -0.330898,
            44.647393,
            10.41
          ],
          [
            -0.330989,
            44.647447,
            12.37
          ],
          [
            -0.331119,
            44.647544,
            14.33
          ],
          [
            -0.331257,
            44.647683,
            15.13
          ],
          [
            -0.331649,
            44.648026,
            15.35
          ],
          [
            -0.331998,
            44.648304,
            14.33
          ],
          [
            -0.332111,
            44.648356,
            13.72
          ],
          [
            -0.332299,
            44.648422,
            12.39
          ],
          [
            -0.33237,
            44.648395,
            11.47
          ],
          [
            -0.33244,
            44.648402,
            10.76
          ],
          [
            -0.332563,
            44.648427,
            9.99
          ],
          [
            -0.332659,
            44.648477,
            9.53
          ],
          [
            -0.333372,
            44.648978,
            7.4
          ],
          [
            -0.333666,
            44.64917,
            6.84
          ],
          [
            -0.333918,
            44.64936,
            6.66
          ],
          [
            -0.333943,
            44.649437,
            7.22
          ],
          [
            -0.334041,
            44.649541,
            7.53
          ],
          [
            -0.334136,
            44.649662,
            7.75
          ],
          [
            -0.334271,
            44.649791,
            7.79
          ],
          [
            -0.334776,
            44.650193,
            8.14
          ],
          [
            -0.334922,
            44.65032,
            8.23
          ],
          [
            -0.335045,
            44.65046,
            8.54
          ],
          [
            -0.335912,
            44.651125,
            7.95
          ],
          [
            -0.336062,
            44.651186,
            7.49
          ],
          [
            -0.336265,
            44.651316,
            7.53
          ],
          [
            -0.336586,
            44.651543,
            7.35
          ],
          [
            -0.337023,
            44.651761,
            7.38
          ],
          [
            -0.337443,
            44.652015,
            7.34
          ],
          [
            -0.337839,
            44.652198,
            7.49
          ],
          [
            -0.338211,
            44.652398,
            7.66
          ],
          [
            -0.338474,
            44.652563,
            7.55
          ],
          [
            -0.338823,
            44.652757,
            7.6
          ],
          [
            -0.33899,
            44.652833,
            7.48
          ],
          [
            -0.339424,
            44.652988,
            6.79
          ],
          [
            -0.339591,
            44.653095,
            9.02
          ],
          [
            -0.339726,
            44.653221,
            9.14
          ],
          [
            -0.340452,
            44.653687,
            9.15
          ],
          [
            -0.340886,
            44.653955,
            9.33
          ],
          [
            -0.341272,
            44.654153,
            9.47
          ],
          [
            -0.341409,
            44.654247,
            9.65
          ],
          [
            -0.341586,
            44.654424,
            9.98
          ],
          [
            -0.341639,
            44.654673,
            10.45
          ],
          [
            -0.341691,
            44.654774,
            10.78
          ],
          [
            -0.341822,
            44.654921,
            11.5
          ],
          [
            -0.342155,
            44.655423,
            14.98
          ],
          [
            -0.342173,
            44.655457,
            15.01
          ],
          [
            -0.342173,
            44.655532,
            15.29
          ],
          [
            -0.342332,
            44.655564,
            15.06
          ],
          [
            -0.342428,
            44.6556,
            15.02
          ],
          [
            -0.342642,
            44.655661,
            14.58
          ],
          [
            -0.342901,
            44.655778,
            13.94
          ],
          [
            -0.343001,
            44.655842,
            13.81
          ],
          [
            -0.343444,
            44.656186,
            12.95
          ],
          [
            -0.343833,
            44.656462,
            13.04
          ],
          [
            -0.344222,
            44.656735,
            13.01
          ],
          [
            -0.344605,
            44.657023,
            14.19
          ],
          [
            -0.344866,
            44.657272,
            15.89
          ],
          [
            -0.344994,
            44.657382,
            16.05
          ],
          [
            -0.346094,
            44.658149,
            13.68
          ],
          [
            -0.346917,
            44.658706,
            15.89
          ],
          [
            -0.347227,
            44.658904,
            16.49
          ],
          [
            -0.347559,
            44.659163,
            16.97
          ],
          [
            -0.347802,
            44.659307,
            16.93
          ],
          [
            -0.347996,
            44.659403,
            16.77
          ],
          [
            -0.348327,
            44.659543,
            16.28
          ],
          [
            -0.3485,
            44.659627,
            16.97
          ],
          [
            -0.348709,
            44.659759,
            17.41
          ],
          [
            -0.348827,
            44.659861,
            17.54
          ],
          [
            -0.350172,
            44.661364,
            19.12
          ],
          [
            -0.350594,
            44.66178,
            18.74
          ],
          [
            -0.350349,
            44.661932,
            20.0
          ],
          [
            -0.350603,
            44.662179,
            19.1
          ],
          [
            -0.350727,
            44.662309,
            19.76
          ],
          [
            -0.351039,
            44.662675,
            20.5
          ],
          [
            -0.351499,
            44.663073,
            20.37
          ],
          [
            -0.352351,
            44.663897,
            21.08
          ],
          [
            -0.35254,
            44.664025,
            21.0
          ],
          [
            -0.352643,
            44.664098,
            20.85
          ],
          [
            -0.352653,
            44.664151,
            20.66
          ],
          [
            -0.352625,
            44.664289,
            20.0
          ],
          [
            -0.352578,
            44.664442,
            20.0
          ],
          [
            -0.352629,
            44.664509,
            20.0
          ],
          [
            -0.352736,
            44.664783,
            20.11
          ],
          [
            -0.352785,
            44.66484,
            20.62
          ],
          [
            -0.352998,
            44.665446,
            20.96
          ],
          [
            -0.353051,
            44.665707,
            20.82
          ],
          [
            -0.353139,
            44.665872,
            20.75
          ],
          [
            -0.353486,
            44.666333,
            20.0
          ],
          [
            -0.35353,
            44.666344,
            20.0
          ],
          [
            -0.353843,
            44.666284,
            19.9
          ],
          [
            -0.35393,
            44.666316,
            19.6
          ],
          [
            -0.354082,
            44.666541,
            19.24
          ],
          [
            -0.354436,
            44.667167,
            16.61
          ],
          [
            -0.35462,
            44.667688,
            12.99
          ],
          [
            -0.354681,
            44.668008,
            10.83
          ],
          [
            -0.354699,
            44.668387,
            9.15
          ],
          [
            -0.354797,
            44.668661,
            8.47
          ],
          [
            -0.354952,
            44.668938,
            8.09
          ],
          [
            -0.355058,
            44.669275,
            7.73
          ],
          [
            -0.355106,
            44.669493,
            7.39
          ],
          [
            -0.355193,
            44.669741,
            7.19
          ],
          [
            -0.355839,
            44.67118,
            7.11
          ],
          [
            -0.355912,
            44.671397,
            7.18
          ],
          [
            -0.356019,
            44.671639,
            7.36
          ],
          [
            -0.356251,
            44.672032,
            7.97
          ],
          [
            -0.356432,
            44.672262,
            8.29
          ],
          [
            -0.356625,
            44.672476,
            8.5
          ],
          [
            -0.357017,
            44.673094,
            8.58
          ],
          [
            -0.35744,
            44.673693,
            8.55
          ],
          [
            -0.357511,
            44.673775,
            8.46
          ],
          [
            -0.358501,
            44.674583,
            7.55
          ],
          [
            -0.358924,
            44.674877,
            7.62
          ],
          [
            -0.359316,
            44.675124,
            7.84
          ],
          [
            -0.359627,
            44.675275,
            8.11
          ],
          [
            -0.360318,
            44.675545,
            8.28
          ],
          [
            -0.361622,
            44.676271,
            6.66
          ],
          [
            -0.361733,
            44.676382,
            6.81
          ],
          [
            -0.361985,
            44.676572,
            5.89
          ],
          [
            -0.362589,
            44.677152,
            5.47
          ],
          [
            -0.36385,
            44.678579,
            5.0
          ],
          [
            -0.363933,
            44.678724,
            5.16
          ],
          [
            -0.364525,
            44.679602,
            6.0
          ],
          [
            -0.365192,
            44.680442,
            5.94
          ],
          [
            -0.365462,
            44.680841,
            6.0
          ],
          [
            -0.364927,
            44.681017,
            7.0
          ],
          [
            -0.365027,
            44.681123,
            6.92
          ],
          [
            -0.365247,
            44.68149,
            6.91
          ],
          [
            -0.365639,
            44.68238,
            7.0
          ],
          [
            -0.365237,
            44.682501,
            7.14
          ],
          [
            -0.36453,
            44.682783,
            9.33
          ],
          [
            -0.364682,
            44.683057,
            9.29
          ],
          [
            -0.364804,
            44.683306,
            9.42
          ],
          [
            -0.364851,
            44.683447,
            9.45
          ],
          [
            -0.364868,
            44.683564,
            9.44
          ],
          [
            -0.364883,
            44.683726,
            9.45
          ],
          [
            -0.364865,
            44.684024,
            9.45
          ],
          [
            -0.364834,
            44.684208,
            9.38
          ],
          [
            -0.364731,
            44.684668,
            9.27
          ],
          [
            -0.364769,
            44.685041,
            8.27
          ],
          [
            -0.36483,
            44.685215,
            8.06
          ],
          [
            -0.364929,
            44.685433,
            8.0
          ],
          [
            -0.365066,
            44.685697,
            8.0
          ],
          [
            -0.365319,
            44.686127,
            8.61
          ],
          [
            -0.365531,
            44.686388,
            8.32
          ],
          [
            -0.365676,
            44.686508,
            8.26
          ],
          [
            -0.36587,
            44.686633,
            8.76
          ],
          [
            -0.366331,
            44.686888,
            9.12
          ],
          [
            -0.366456,
            44.686978,
            9.38
          ],
          [
            -0.367154,
            44.687384,
            9.34
          ],
          [
            -0.367295,
            44.687438,
            9.37
          ],
          [
            -0.367993,
            44.687875,
            9.96
          ],
          [
            -0.368439,
            44.688185,
            10.33
          ],
          [
            -0.369227,
            44.688782,
            9.7
          ],
          [
            -0.369882,
            44.689334,
            9.0
          ],
          [
            -0.370439,
            44.68981,
            8.68
          ],
          [
            -0.371067,
            44.690412,
            8.4
          ],
          [
            -0.37132,
            44.690824,
            9.16
          ],
          [
            -0.371665,
            44.691338,
            10.15
          ],
          [
            -0.371723,
            44.691522,
            10.52
          ],
          [
            -0.371812,
            44.691667,
            10.65
          ],
          [
            -0.372004,
            44.691876,
            10.79
          ],
          [
            -0.372078,
            44.691972,
            10.75
          ],
          [
            -0.372979,
            44.692802,
            11.48
          ],
          [
            -0.373653,
            44.693321,
            10.0
          ],
          [
            -0.374513,
            44.693845,
            10.74
          ],
          [
            -0.374613,
            44.693957,
            10.93
          ],
          [
            -0.374659,
            44.694062,
            10.88
          ],
          [
            -0.374702,
            44.694267,
            11.09
          ],
          [
            -0.374732,
            44.69441,
            11.24
          ],
          [
            -0.374831,
            44.694545,
            11.26
          ],
          [
            -0.37503,
            44.69471,
            11.79
          ],
          [
            -0.375225,
            44.694811,
            11.55
          ],
          [
            -0.375511,
            44.694888,
            11.39
          ],
          [
            -0.375601,
            44.694899,
            11.2
          ],
          [
            -0.375694,
            44.694895,
            10.9
          ],
          [
            -0.375893,
            44.694833,
            10.0
          ],
          [
            -0.375983,
            44.694881,
            10.21
          ],
          [
            -0.376876,
            44.695449,
            11.86
          ],
          [
            -0.37807,
            44.696095,
            11.01
          ],
          [
            -0.378572,
            44.6964,
            10.98
          ],
          [
            -0.378855,
            44.696523,
            11.16
          ],
          [
            -0.378996,
            44.696599,
            11.13
          ],
          [
            -0.379127,
            44.69655,
            10.61
          ],
          [
            -0.379211,
            44.69674,
            10.86
          ],
          [
            -0.379253,
            44.696802,
            11.11
          ],
          [
            -0.379319,
            44.69687,
            11.45
          ],
          [
            -0.379751,
            44.697269,
            13.02
          ],
          [
            -0.38017,
            44.697621,
            13.6
          ],
          [
            -0.380234,
            44.697697,
            14.69
          ],
          [
            -0.380315,
            44.697774,
            15.79
          ],
          [
            -0.380478,
            44.697862,
            16.86
          ],
          [
            -0.380965,
            44.698091,
            18.61
          ],
          [
            -0.381153,
            44.698187,
            19.18
          ],
          [
            -0.381268,
            44.698226,
            19.39
          ],
          [
            -0.381989,
            44.698421,
            19.87
          ],
          [
            -0.382249,
            44.698506,
            20.23
          ],
          [
            -0.382614,
            44.698753,
            20.72
          ],
          [
            -0.382682,
            44.698845,
            21.27
          ],
          [
            -0.382717,
            44.698923,
            22.13
          ],
          [
            -0.382722,
            44.699045,
            22.58
          ],
          [
            -0.383023,
            44.698975,
            14.69
          ],
          [
            -0.383162,
            44.698955,
            12.98
          ],
          [
            -0.383226,
            44.698932,
            12.35
          ],
          [
            -0.383466,
            44.698872,
            11.79
          ],
          [
            -0.383618,
            44.698804,
            11.34
          ],
          [
            -0.384037,
            44.698511,
            9.91
          ],
          [
            -0.384425,
            44.698737,
            9.16
          ],
          [
            -0.384742,
            44.698884,
            8.79
          ],
          [
            -0.38505,
            44.698985,
            8.23
          ],
          [
            -0.385629,
            44.699116,
            7.66
          ],
          [
            -0.386694,
            44.699315,
            6.58
          ],
          [
            -0.387207,
            44.699445,
            6.32
          ],
          [
            -0.388163,
            44.699799,
            6.09
          ],
          [
            -0.389641,
            44.700424,
            6.55
          ],
          [
            -0.390138,
            44.700644,
            7.17
          ],
          [
            -0.390391,
            44.700794,
            6.93
          ],
          [
            -0.390877,
            44.701119,
            5.77
          ],
          [
            -0.391079,
            44.701227,
            5.69
          ],
          [
            -0.391261,
            44.701307,
            5.7
          ],
          [
            -0.391778,
            44.701502,
            5.55
          ],
          [
            -0.392088,
            44.701651,
            5.43
          ],
          [
            -0.392247,
            44.701744,
            5.65
          ],
          [
            -0.392412,
            44.701709,
            5.17
          ],
          [
            -0.392861,
            44.701716,
            4.75
          ],
          [
            -0.393461,
            44.701831,
            4.26
          ],
          [
            -0.393826,
            44.701852,
            4.04
          ],
          [
            -0.393947,
            44.702126,
            3.91
          ],
          [
            -0.394253,
            44.702572,
            3.96
          ],
          [
            -0.394447,
            44.702904,
            3.93
          ],
          [
            -0.39464,
            44.703015,
            4.03
          ],
          [
            -0.394912,
            44.703226,
            4.21
          ],
          [
            -0.395276,
            44.703424,
            4.3
          ],
          [
            -0.395741,
            44.703726,
            4.67
          ],
          [
            -0.395987,
            44.703821,
            4.58
          ],
          [
            -0.396134,
            44.703898,
            4.68
          ],
          [
            -0.396193,
            44.703965,
            5.06
          ],
          [
            -0.396284,
            44.704014,
            5.5
          ],
          [
            -0.3964,
            44.704041,
            5.21
          ],
          [
            -0.396522,
            44.704044,
            4.18
          ],
          [
            -0.396675,
            44.704113,
            4.22
          ],
          [
            -0.396776,
            44.704142,
            4.16
          ],
          [
            -0.396892,
            44.704197,
            3.97
          ],
          [
            -0.397947,
            44.704634,
            3.21
          ],
          [
            -0.398124,
            44.704727,
            3.18
          ],
          [
            -0.398477,
            44.704872,
            3.1
          ],
          [
            -0.398633,
            44.704954,
            3.08
          ],
          [
            -0.399942,
            44.705492,
            3.3
          ],
          [
            -0.400092,
            44.705599,
            3.26
          ],
          [
            -0.401528,
            44.706143,
            2.85
          ],
          [
            -0.401839,
            44.706249,
            2.7
          ],
          [
            -0.401917,
            44.706242,
            2.26
          ],
          [
            -0.40297,
            44.706641,
            2.7
          ],
          [
            -0.402996,
            44.706665,
            2.82
          ],
          [
            -0.402998,
            44.706694,
            2.97
          ],
          [
            -0.402982,
            44.70673,
            3.23
          ],
          [
            -0.402901,
            44.706833,
            4.24
          ],
          [
            -0.402846,
            44.706839,
            4.56
          ],
          [
            -0.402822,
            44.70686,
            4.74
          ],
          [
            -0.403158,
            44.707051,
            2.99
          ],
          [
            -0.403044,
            44.707106,
            2.13
          ],
          [
            -0.402588,
            44.707516,
            2.79
          ],
          [
            -0.402502,
            44.707609,
            2.55
          ],
          [
            -0.402453,
            44.707686,
            2.84
          ],
          [
            -0.402446,
            44.707729,
            3.09
          ],
          [
            -0.402465,
            44.707958,
            3.73
          ],
          [
            -0.4025,
            44.708078,
            3.59
          ],
          [
            -0.402511,
            44.708179,
            3.62
          ],
          [
            -0.402537,
            44.708284,
            3.71
          ],
          [
            -0.40253,
            44.708342,
            3.76
          ],
          [
            -0.402554,
            44.708428,
            4.4
          ],
          [
            -0.40251,
            44.708559,
            3.92
          ],
          [
            -0.402514,
            44.708593,
            4.19
          ],
          [
            -0.402526,
            44.708613,
            4.5
          ],
          [
            -0.402374,
            44.708694,
            3.71
          ],
          [
            -0.401892,
            44.709017,
            3.75
          ],
          [
            -0.40178,
            44.709068,
            3.54
          ],
          [
            -0.401612,
            44.709122,
            3.86
          ],
          [
            -0.401526,
            44.709174,
            4.03
          ],
          [
            -0.401469,
            44.70922,
            4.35
          ],
          [
            -0.401089,
            44.709469,
            3.76
          ],
          [
            -0.400911,
            44.709598,
            3.7
          ],
          [
            -0.400903,
            44.709623,
            3.8
          ],
          [
            -0.400922,
            44.709662,
            4.1
          ],
          [
            -0.400759,
            44.709753,
            3.84
          ],
          [
            -0.400633,
            44.709856,
            3.73
          ],
          [
            -0.400231,
            44.710391,
            3.76
          ],
          [
            -0.400083,
            44.710544,
            3.85
          ],
          [
            -0.400024,
            44.710576,
            3.99
          ],
          [
            -0.399824,
            44.710723,
            4.12
          ],
          [
            -0.399644,
            44.71083,
            4.04
          ],
          [
            -0.399984,
            44.711286,
            7.19
          ],
          [
            -0.400124,
            44.711621,
            10.0
          ],
          [
            -0.400168,
            44.71169,
            10.91
          ],
          [
            -0.400231,
            44.711755,
            11.35
          ],
          [
            -0.400214,
            44.711784,
            11.89
          ],
          [
            -0.400241,
            44.711883,
            13.09
          ],
          [
            -0.400302,
            44.712015,
            15.15
          ],
          [
            -0.400362,
            44.712094,
            15.89
          ],
          [
            -0.400183,
            44.712457,
            29.18
          ],
          [
            -0.400223,
            44.712534,
            30.28
          ],
          [
            -0.400227,
            44.71261,
            31.29
          ],
          [
            -0.400273,
            44.712656,
            31.85
          ],
          [
            -0.400353,
            44.712773,
            32.84
          ],
          [
            -0.400352,
            44.712815,
            33.23
          ],
          [
            -0.4003,
            44.712815,
            33.62
          ],
          [
            -0.400185,
            44.712844,
            34.64
          ],
          [
            -0.400027,
            44.712959,
            36.2
          ],
          [
            -0.399966,
            44.713044,
            37.07
          ],
          [
            -0.399925,
            44.713125,
            37.83
          ],
          [
            -0.399915,
            44.713295,
            38.84
          ],
          [
            -0.39987,
            44.713455,
            40.09
          ],
          [
            -0.399897,
            44.713554,
            40.75
          ],
          [
            -0.400051,
            44.713896,
            42.66
          ],
          [
            -0.400064,
            44.71398,
            43.07
          ],
          [
            -0.400048,
            44.714235,
            44.46
          ],
          [
            -0.400054,
            44.7143,
            45.0
          ],
          [
            -0.400084,
            44.714362,
            45.58
          ],
          [
            -0.400368,
            44.714712,
            48.25
          ],
          [
            -0.400545,
            44.715033,
            50.22
          ],
          [
            -0.400661,
            44.715191,
            51.46
          ],
          [
            -0.400902,
            44.715412,
            53.07
          ],
          [
            -0.401141,
            44.715613,
            54.16
          ],
          [
            -0.401917,
            44.716094,
            55.95
          ],
          [
            -0.40215,
            44.71627,
            56.34
          ],
          [
            -0.402378,
            44.716488,
            56.93
          ],
          [
            -0.402516,
            44.716669,
            57.44
          ],
          [
            -0.402623,
            44.716866,
            58.03
          ],
          [
            -0.402875,
            44.717546,
            60.21
          ],
          [
            -0.403108,
            44.718035,
            62.82
          ],
          [
            -0.403232,
            44.718268,
            64.41
          ],
          [
            -0.403391,
            44.71845,
            65.43
          ],
          [
            -0.403941,
            44.718932,
            68.88
          ],
          [
            -0.404265,
            44.719141,
            70.41
          ],
          [
            -0.404969,
            44.719541,
            74.19
          ],
          [
            -0.40526,
            44.719731,
            76.2
          ],
          [
            -0.405631,
            44.72006,
            78.75
          ],
          [
            -0.405717,
            44.7202,
            79.15
          ],
          [
            -0.405747,
            44.720468,
            80.02
          ],
          [
            -0.405744,
            44.720711,
            80.99
          ],
          [
            -0.405726,
            44.720872,
            81.01
          ],
          [
            -0.40569,
            44.721017,
            81.16
          ],
          [
            -0.405655,
            44.721082,
            81.56
          ],
          [
            -0.405479,
            44.721225,
            81.86
          ],
          [
            -0.405259,
            44.721491,
            82.15
          ],
          [
            -0.405099,
            44.721844,
            82.8
          ],
          [
            -0.404829,
            44.722509,
            82.58
          ],
          [
            -0.40473,
            44.722993,
            83.44
          ],
          [
            -0.40455,
            44.723396,
            84.42
          ],
          [
            -0.403795,
            44.724847,
            87.87
          ],
          [
            -0.403614,
            44.725097,
            88.79
          ],
          [
            -0.403408,
            44.725262,
            89.13
          ],
          [
            -0.402753,
            44.725632,
            91.0
          ],
          [
            -0.402294,
            44.725907,
            91.86
          ],
          [
            -0.402102,
            44.726064,
            91.95
          ],
          [
            -0.401866,
            44.726287,
            90.88
          ],
          [
            -0.401741,
            44.726341,
            90.4
          ],
          [
            -0.40193,
            44.726847,
            89.88
          ],
          [
            -0.402291,
            44.727381,
            90.74
          ],
          [
            -0.403531,
            44.729009,
            91.0
          ],
          [
            -0.40387,
            44.729436,
            90.04
          ],
          [
            -0.404169,
            44.729872,
            89.15
          ],
          [
            -0.404449,
            44.730333,
            88.0
          ],
          [
            -0.404716,
            44.730673,
            87.18
          ],
          [
            -0.405263,
            44.731239,
            86.47
          ],
          [
            -0.405569,
            44.731644,
            86.1
          ],
          [
            -0.406874,
            44.733589,
            84.03
          ],
          [
            -0.407157,
            44.733888,
            83.84
          ],
          [
            -0.407651,
            44.734179,
            83.74
          ],
          [
            -0.408098,
            44.734414,
            84.09
          ],
          [
            -0.408812,
            44.73476,
            85.0
          ],
          [
            -0.409052,
            44.73485,
            85.27
          ],
          [
            -0.4093,
            44.734921,
            85.69
          ],
          [
            -0.409522,
            44.734967,
            86.02
          ],
          [
            -0.410727,
            44.735105,
            87.99
          ],
          [
            -0.411953,
            44.735227,
            90.21
          ],
          [
            -0.412081,
            44.735251,
            90.32
          ],
          [
            -0.412213,
            44.735321,
            90.4
          ],
          [
            -0.412328,
            44.735434,
            90.44
          ],
          [
            -0.41293,
            44.736481,
            88.95
          ],
          [
            -0.413207,
            44.736985,
            88.41
          ],
          [
            -0.413141,
            44.737022,
            88.11
          ],
          [
            -0.413108,
            44.737079,
            88.06
          ],
          [
            -0.413685,
            44.73811,
            87.46
          ],
          [
            -0.413742,
            44.738145,
            87.55
          ],
          [
            -0.413802,
            44.73815,
            87.78
          ],
          [
            -0.413871,
            44.738144,
            87.95
          ],
          [
            -0.414657,
            44.739551,
            87.83
          ],
          [
            -0.416113,
            44.74212,
            89.82
          ],
          [
            -0.416323,
            44.742407,
            90.0
          ],
          [
            -0.416697,
            44.742804,
            90.3
          ],
          [
            -0.417279,
            44.743365,
            90.95
          ],
          [
            -0.417588,
            44.743774,
            90.61
          ],
          [
            -0.418079,
            44.744821,
            88.11
          ],
          [
            -0.418478,
            44.745788,
            85.16
          ],
          [
            -0.418645,
            44.746047,
            84.04
          ],
          [
            -0.418916,
            44.7463,
            82.64
          ],
          [
            -0.420307,
            44.74741,
            78.27
          ],
          [
            -0.420743,
            44.747607,
            79.65
          ],
          [
            -0.419882,
            44.747855,
            80.96
          ],
          [
            -0.419127,
            44.748055,
            81.94
          ],
          [
            -0.418903,
            44.748096,
            82.25
          ],
          [
            -0.418549,
            44.748145,
            82.74
          ],
          [
            -0.417541,
            44.748246,
            84.4
          ],
          [
            -0.417538,
            44.748452,
            84.57
          ],
          [
            -0.417549,
            44.748635,
            84.77
          ],
          [
            -0.417576,
            44.748843,
            84.85
          ],
          [
            -0.4176,
            44.748934,
            84.86
          ],
          [
            -0.417766,
            44.749384,
            84.81
          ],
          [
            -0.417984,
            44.750087,
            84.35
          ],
          [
            -0.418034,
            44.750182,
            84.28
          ],
          [
            -0.418093,
            44.750266,
            84.22
          ],
          [
            -0.418203,
            44.750377,
            84.11
          ],
          [
            -0.418976,
            44.75106,
            83.0
          ],
          [
            -0.419183,
            44.751216,
            82.59
          ],
          [
            -0.419384,
            44.751385,
            82.3
          ],
          [
            -0.419695,
            44.751745,
            82.06
          ],
          [
            -0.419848,
            44.751812,
            82.23
          ],
          [
            -0.419975,
            44.751846,
            82.76
          ],
          [
            -0.420544,
            44.751877,
            83.01
          ],
          [
            -0.420701,
            44.751909,
            83.1
          ],
          [
            -0.420763,
            44.751936,
            83.15
          ],
          [
            -0.420868,
            44.752009,
            83.28
          ],
          [
            -0.421209,
            44.752428,
            83.83
          ],
          [
            -0.421256,
            44.752469,
            83.9
          ],
          [
            -0.421395,
            44.752559,
            84.09
          ],
          [
            -0.422383,
            44.753044,
            84.85
          ],
          [
            -0.423214,
            44.753383,
            84.96
          ],
          [
            -0.423687,
            44.753557,
            84.99
          ],
          [
            -0.427327,
            44.754796,
            83.0
          ],
          [
            -0.427082,
            44.75514,
            83.0
          ],
          [
            -0.426518,
            44.756382,
            83.0
          ],
          [
            -0.426242,
            44.756958,
            82.93
          ],
          [
            -0.424495,
            44.759332,
            82.16
          ],
          [
            -0.423568,
            44.761069,
            82.36
          ],
          [
            -0.422023,
            44.763336,
            82.57
          ],
          [
            -0.421354,
            44.765243,
            83.03
          ],
          [
            -0.421405,
            44.766962,
            85.12
          ],
          [
            -0.42162,
            44.768187,
            87.74
          ],
          [
            -0.421714,
            44.768498,
            87.92
          ],
          [
            -0.421808,
            44.768639,
            87.6
          ],
          [
            -0.421853,
            44.76875,
            87.36
          ],
          [
            -0.421843,
            44.768838,
            87.18
          ],
          [
            -0.42179,
            44.768952,
            87.0
          ],
          [
            -0.421754,
            44.769005,
            87.0
          ],
          [
            -0.421922,
            44.769067,
            87.0
          ],
          [
            -0.421885,
            44.769149,
            86.8
          ],
          [
            -0.421713,
            44.771085,
            83.37
          ],
          [
            -0.421725,
            44.771378,
            83.35
          ],
          [
            -0.422036,
            44.772659,
            84.83
          ],
          [
            -0.422114,
            44.772917,
            85.19
          ],
          [
            -0.422209,
            44.77304,
            85.9
          ],
          [
            -0.422346,
            44.773194,
            86.31
          ],
          [
            -0.422801,
            44.773988,
            88.09
          ],
          [
            -0.422903,
            44.774192,
            88.29
          ],
          [
            -0.42294,
            44.774361,
            88.37
          ],
          [
            -0.42306,
            44.775182,
            87.53
          ],
          [
            -0.423148,
            44.775544,
            86.7
          ],
          [
            -0.423222,
            44.775697,
            86.28
          ],
          [
            -0.423981,
            44.777033,
            82.26
          ],
          [
            -0.42415,
            44.777264,
            81.98
          ],
          [
            -0.424257,
            44.777357,
            81.94
          ],
          [
            -0.424515,
            44.777461,
            82.0
          ],
          [
            -0.426352,
            44.777821,
            83.0
          ],
          [
            -0.426572,
            44.777882,
            82.96
          ],
          [
            -0.427206,
            44.778094,
            82.94
          ],
          [
            -0.427664,
            44.778289,
            82.73
          ],
          [
            -0.428404,
            44.778646,
            82.11
          ],
          [
            -0.428778,
            44.778791,
            81.71
          ],
          [
            -0.429069,
            44.778886,
            81.43
          ],
          [
            -0.430227,
            44.779146,
            80.17
          ],
          [
            -0.430455,
            44.779223,
            79.87
          ],
          [
            -0.431423,
            44.779885,
            78.51
          ],
          [
            -0.433432,
            44.781343,
            74.0
          ],
          [
            -0.439974,
            44.786288,
            70.0
          ],
          [
            -0.439176,
            44.787076,
            68.73
          ],
          [
            -0.438768,
            44.787424,
            69.0
          ],
          [
            -0.438367,
            44.78786,
            70.07
          ],
          [
            -0.438148,
            44.788189,
            70.99
          ],
          [
            -0.438816,
            44.789917,
            73.71
          ],
          [
            -0.438846,
            44.7899,
            73.52
          ],
          [
            -0.438883,
            44.789893,
            73.31
          ],
          [
            -0.438964,
            44.789895,
            72.86
          ],
          [
            -0.440313,
            44.789855,
            71.0
          ],
          [
            -0.440347,
            44.790332,
            68.76
          ],
          [
            -0.440394,
            44.790702,
            67.38
          ],
          [
            -0.440653,
            44.791127,
            65.99
          ],
          [
            -0.441007,
            44.791606,
            64.9
          ],
          [
            -0.441235,
            44.792021,
            64.15
          ],
          [
            -0.441348,
            44.792308,
            63.93
          ],
          [
            -0.441299,
            44.792686,
            64.11
          ],
          [
            -0.441603,
            44.793153,
            65.11
          ],
          [
            -0.441878,
            44.793523,
            66.27
          ],
          [
            -0.4421,
            44.79391,
            67.94
          ],
          [
            -0.442161,
            44.79406,
            68.68
          ],
          [
            -0.442195,
            44.794287,
            69.84
          ],
          [
            -0.442252,
            44.794535,
            71.19
          ],
          [
            -0.442818,
            44.794929,
            73.7
          ],
          [
            -0.443101,
            44.79529,
            74.36
          ],
          [
            -0.443113,
            44.795371,
            74.33
          ],
          [
            -0.443038,
            44.795473,
            73.78
          ],
          [
            -0.442901,
            44.795748,
            72.89
          ],
          [
            -0.442658,
            44.796093,
            71.8
          ],
          [
            -0.441655,
            44.797411,
            60.3
          ],
          [
            -0.441302,
            44.797759,
            57.0
          ],
          [
            -0.441233,
            44.797856,
            56.97
          ],
          [
            -0.441217,
            44.797981,
            56.74
          ],
          [
            -0.441247,
            44.798122,
            56.38
          ],
          [
            -0.441516,
            44.798628,
            54.5
          ],
          [
            -0.441572,
            44.798952,
            52.95
          ],
          [
            -0.441559,
            44.799884,
            46.97
          ],
          [
            -0.441579,
            44.800153,
            44.99
          ],
          [
            -0.441769,
            44.800868,
            37.74
          ],
          [
            -0.441903,
            44.801448,
            31.85
          ],
          [
            -0.44188,
            44.801615,
            30.15
          ],
          [
            -0.441747,
            44.802163,
            24.52
          ],
          [
            -0.441551,
            44.802646,
            22.0
          ],
          [
            -0.441527,
            44.802739,
            21.8
          ],
          [
            -0.441506,
            44.802945,
            21.0
          ],
          [
            -0.441484,
            44.803615,
            20.47
          ],
          [
            -0.441451,
            44.803938,
            20.47
          ],
          [
            -0.441382,
            44.804191,
            20.59
          ],
          [
            -0.441288,
            44.804376,
            20.79
          ],
          [
            -0.441164,
            44.804551,
            20.99
          ],
          [
            -0.440899,
            44.804859,
            21.23
          ],
          [
            -0.44158,
            44.805087,
            24.03
          ],
          [
            -0.441758,
            44.805182,
            25.77
          ],
          [
            -0.441837,
            44.805259,
            26.73
          ],
          [
            -0.441885,
            44.805338,
            27.53
          ],
          [
            -0.441899,
            44.805437,
            28.3
          ],
          [
            -0.441885,
            44.805544,
            29.13
          ],
          [
            -0.441817,
            44.80569,
            30.27
          ],
          [
            -0.44172,
            44.805817,
            31.28
          ],
          [
            -0.441551,
            44.805987,
            32.7
          ],
          [
            -0.441156,
            44.806327,
            34.94
          ],
          [
            -0.441119,
            44.80642,
            35.81
          ],
          [
            -0.441143,
            44.806514,
            37.04
          ],
          [
            -0.441188,
            44.806552,
            37.48
          ],
          [
            -0.441302,
            44.806608,
            38.49
          ],
          [
            -0.441468,
            44.806643,
            39.33
          ],
          [
            -0.441649,
            44.806646,
            40.41
          ],
          [
            -0.441854,
            44.806604,
            41.55
          ],
          [
            -0.441963,
            44.806543,
            42.19
          ],
          [
            -0.442276,
            44.806266,
            44.93
          ],
          [
            -0.442376,
            44.806201,
            45.69
          ],
          [
            -0.442483,
            44.806183,
            46.31
          ],
          [
            -0.442546,
            44.80618,
            46.66
          ],
          [
            -0.442612,
            44.80619,
            47.02
          ],
          [
            -0.442669,
            44.80621,
            47.37
          ],
          [
            -0.442794,
            44.80629,
            48.27
          ],
          [
            -0.443799,
            44.80725,
            55.69
          ],
          [
            -0.443981,
            44.807447,
            56.72
          ],
          [
            -0.444032,
            44.807542,
            57.15
          ],
          [
            -0.444053,
            44.807636,
            57.55
          ],
          [
            -0.44406,
            44.807735,
            57.96
          ],
          [
            -0.443725,
            44.809481,
            65.47
          ],
          [
            -0.443721,
            44.809595,
            66.0
          ],
          [
            -0.443734,
            44.8097,
            66.24
          ],
          [
            -0.443758,
            44.809782,
            66.87
          ],
          [
            -0.443838,
            44.809953,
            67.91
          ],
          [
            -0.444319,
            44.810732,
            72.48
          ],
          [
            -0.444424,
            44.810861,
            73.3
          ],
          [
            -0.444553,
            44.81098,
            74.18
          ],
          [
            -0.445437,
            44.811505,
            79.06
          ],
          [
            -0.44554,
            44.811589,
            79.73
          ],
          [
            -0.445644,
            44.811703,
            80.65
          ],
          [
            -0.445698,
            44.811782,
            81.0
          ],
          [
            -0.445981,
            44.812253,
            81.75
          ],
          [
            -0.446152,
            44.812478,
            82.0
          ],
          [
            -0.446374,
            44.812686,
            82.0
          ],
          [
            -0.44654,
            44.812863,
            82.06
          ],
          [
            -0.44657,
            44.812972,
            82.32
          ],
          [
            -0.446572,
            44.813105,
            82.39
          ],
          [
            -0.446531,
            44.813391,
            82.0
          ],
          [
            -0.446531,
            44.813535,
            81.48
          ],
          [
            -0.446547,
            44.813597,
            81.2
          ],
          [
            -0.446603,
            44.813667,
            81.16
          ],
          [
            -0.446716,
            44.813739,
            81.13
          ],
          [
            -0.44712,
            44.813931,
            81.02
          ],
          [
            -0.447391,
            44.814081,
            80.6
          ],
          [
            -0.447561,
            44.814188,
            80.2
          ],
          [
            -0.447696,
            44.814303,
            80.0
          ],
          [
            -0.447779,
            44.814474,
            79.78
          ],
          [
            -0.447875,
            44.814481,
            79.84
          ],
          [
            -0.447975,
            44.814547,
            79.48
          ],
          [
            -0.447995,
            44.814663,
            79.17
          ],
          [
            -0.448033,
            44.81553,
            78.12
          ],
          [
            -0.448023,
            44.815741,
            78.05
          ],
          [
            -0.447985,
            44.816089,
            78.1
          ],
          [
            -0.448033,
            44.816478,
            78.55
          ],
          [
            -0.448024,
            44.816585,
            78.72
          ],
          [
            -0.44784,
            44.817039,
            79.83
          ],
          [
            -0.447747,
            44.817119,
            80.08
          ],
          [
            -0.447607,
            44.817174,
            80.29
          ],
          [
            -0.447496,
            44.817755,
            81.19
          ],
          [
            -0.447425,
            44.817985,
            82.01
          ],
          [
            -0.44736,
            44.818149,
            82.58
          ],
          [
            -0.447319,
            44.818224,
            83.07
          ],
          [
            -0.447265,
            44.81828,
            83.23
          ],
          [
            -0.447296,
            44.818311,
            83.46
          ],
          [
            -0.447331,
            44.818391,
            83.81
          ],
          [
            -0.447373,
            44.818662,
            84.94
          ],
          [
            -0.447486,
            44.819024,
            85.76
          ],
          [
            -0.447513,
            44.819336,
            86.14
          ],
          [
            -0.447497,
            44.819556,
            86.74
          ],
          [
            -0.447448,
            44.819902,
            86.6
          ],
          [
            -0.447382,
            44.820031,
            86.11
          ],
          [
            -0.447357,
            44.820144,
            86.01
          ],
          [
            -0.447346,
            44.820272,
            85.14
          ],
          [
            -0.447352,
            44.8205,
            82.94
          ],
          [
            -0.447389,
            44.820694,
            81.18
          ],
          [
            -0.447616,
            44.82098,
            78.68
          ],
          [
            -0.447866,
            44.821249,
            77.08
          ],
          [
            -0.448513,
            44.821989,
            78.0
          ],
          [
            -0.44829,
            44.822087,
            78.91
          ],
          [
            -0.4482,
            44.822655,
            81.07
          ],
          [
            -0.44803,
            44.822851,
            81.9
          ],
          [
            -0.447934,
            44.823413,
            83.67
          ],
          [
            -0.447993,
            44.823627,
            84.14
          ],
          [
            -0.447889,
            44.824376,
            85.0
          ],
          [
            -0.448795,
            44.82462,
            85.0
          ],
          [
            -0.448062,
            44.82613,
            83.0
          ],
          [
            -0.447931,
            44.826453,
            83.0
          ],
          [
            -0.447909,
            44.826581,
            83.0
          ],
          [
            -0.447925,
            44.826698,
            83.0
          ],
          [
            -0.448034,
            44.827135,
            82.98
          ],
          [
            -0.448238,
            44.82738,
            83.08
          ],
          [
            -0.448329,
            44.827409,
            83.57
          ],
          [
            -0.448404,
            44.827456,
            83.85
          ],
          [
            -0.448457,
            44.827517,
            84.0
          ],
          [
            -0.448483,
            44.827585,
            84.0
          ],
          [
            -0.44848,
            44.827658,
            84.0
          ],
          [
            -0.448446,
            44.827727,
            84.01
          ],
          [
            -0.448385,
            44.827786,
            83.97
          ],
          [
            -0.448303,
            44.827829,
            83.91
          ],
          [
            -0.44832,
            44.827974,
            84.15
          ],
          [
            -0.448428,
            44.828264,
            85.0
          ],
          [
            -0.448688,
            44.828752,
            85.0
          ],
          [
            -0.44874,
            44.828931,
            85.03
          ],
          [
            -0.448787,
            44.829388,
            85.17
          ],
          [
            -0.448792,
            44.829859,
            85.22
          ],
          [
            -0.448739,
            44.830041,
            85.0
          ],
          [
            -0.448573,
            44.830469,
            84.77
          ],
          [
            -0.448562,
            44.831404,
            83.82
          ],
          [
            -0.448584,
            44.832302,
            83.08
          ],
          [
            -0.449254,
            44.832325,
            84.98
          ],
          [
            -0.449495,
            44.83234,
            85.5
          ],
          [
            -0.449455,
            44.833309,
            83.87
          ],
          [
            -0.449455,
            44.833788,
            82.42
          ],
          [
            -0.449616,
            44.834975,
            79.01
          ],
          [
            -0.449648,
            44.835653,
            77.87
          ],
          [
            -0.449756,
            44.83709,
            81.65
          ],
          [
            -0.449777,
            44.837243,
            82.12
          ],
          [
            -0.449831,
            44.837319,
            82.35
          ],
          [
            -0.450017,
            44.837465,
            82.85
          ],
          [
            -0.450564,
            44.838059,
            84.0
          ],
          [
            -0.450757,
            44.838424,
            83.71
          ],
          [
            -0.45101,
            44.839344,
            80.0
          ],
          [
            -0.451045,
            44.83936,
            80.0
          ],
          [
            -0.451067,
            44.839383,
            80.0
          ],
          [
            -0.451105,
            44.839448,
            79.94
          ],
          [
            -0.451149,
            44.839594,
            79.71
          ],
          [
            -0.451224,
            44.839924,
            79.0
          ],
          [
            -0.451293,
            44.840166,
            79.32
          ],
          [
            -0.451378,
            44.840619,
            81.0
          ],
          [
            -0.451342,
            44.840697,
            81.01
          ],
          [
            -0.451402,
            44.840816,
            81.39
          ],
          [
            -0.451472,
            44.840861,
            81.53
          ],
          [
            -0.451584,
            44.840888,
            81.56
          ],
          [
            -0.451776,
            44.840899,
            81.47
          ],
          [
            -0.453217,
            44.840938,
            82.46
          ],
          [
            -0.453578,
            44.840955,
            82.97
          ],
          [
            -0.453905,
            44.840991,
            83.35
          ],
          [
            -0.454258,
            44.841043,
            83.59
          ],
          [
            -0.454645,
            44.841109,
            83.58
          ],
          [
            -0.454714,
            44.841127,
            83.54
          ],
          [
            -0.45477,
            44.841154,
            83.49
          ],
          [
            -0.454792,
            44.84118,
            83.46
          ],
          [
            -0.454807,
            44.841218,
            83.4
          ],
          [
            -0.454807,
            44.841295,
            83.28
          ],
          [
            -0.454662,
            44.841571,
            82.69
          ],
          [
            -0.454347,
            44.842085,
            81.19
          ],
          [
            -0.454115,
            44.842427,
            80.14
          ],
          [
            -0.454074,
            44.842528,
            79.96
          ],
          [
            -0.454091,
            44.842602,
            79.86
          ],
          [
            -0.454187,
            44.842697,
            79.16
          ],
          [
            -0.454749,
            44.843033,
            77.07
          ],
          [
            -0.454575,
            44.843228,
            77.77
          ],
          [
            -0.454462,
            44.843497,
            77.33
          ],
          [
            -0.454352,
            44.843808,
            76.03
          ],
          [
            -0.454223,
            44.844444,
            72.65
          ],
          [
            -0.454331,
            44.844675,
            71.13
          ],
          [
            -0.454473,
            44.844848,
            70.29
          ],
          [
            -0.454629,
            44.844948,
            70.0
          ],
          [
            -0.454616,
            44.845048,
            70.01
          ],
          [
            -0.454527,
            44.845224,
            71.14
          ],
          [
            -0.454356,
            44.84527,
            71.79
          ],
          [
            -0.454389,
            44.845853,
            75.18
          ],
          [
            -0.454503,
            44.847242,
            83.61
          ],
          [
            -0.454547,
            44.847495,
            83.7
          ],
          [
            -0.45467,
            44.847732,
            82.89
          ],
          [
            -0.454643,
            44.848661,
            78.97
          ],
          [
            -0.45448,
            44.84886,
            77.9
          ],
          [
            -0.454494,
            44.849088,
            76.96
          ],
          [
            -0.454441,
            44.849864,
            74.06
          ],
          [
            -0.454195,
            44.849905,
            73.42
          ],
          [
            -0.454152,
            44.85005,
            72.95
          ],
          [
            -0.454054,
            44.850556,
            71.32
          ],
          [
            -0.454,
            44.850745,
            71.31
          ],
          [
            -0.454135,
            44.85075,
            71.0
          ],
          [
            -0.453988,
            44.851058,
            73.0
          ],
          [
            -0.452954,
            44.85123,
            74.85
          ],
          [
            -0.452248,
            44.85131,
            75.76
          ],
          [
            -0.452141,
            44.851371,
            75.99
          ],
          [
            -0.45219,
            44.851688,
            76.89
          ],
          [
            -0.452291,
            44.852177,
            78.68
          ],
          [
            -0.452358,
            44.852626,
            81.16
          ],
          [
            -0.451846,
            44.852677,
            83.52
          ],
          [
            -0.451943,
            44.853096,
            85.0
          ],
          [
            -0.4519,
            44.853507,
            86.29
          ],
          [
            -0.451921,
            44.853667,
            86.67
          ],
          [
            -0.452178,
            44.853976,
            87.0
          ],
          [
            -0.452545,
            44.854382,
            87.95
          ],
          [
            -0.453404,
            44.855265,
            88.71
          ],
          [
            -0.453446,
            44.855322,
            88.5
          ],
          [
            -0.45368,
            44.855717,
            87.85
          ],
          [
            -0.453765,
            44.85628,
            86.09
          ],
          [
            -0.453713,
            44.856481,
            85.23
          ],
          [
            -0.453508,
            44.856759,
            83.74
          ],
          [
            -0.453411,
            44.856934,
            82.69
          ],
          [
            -0.453391,
            44.85712,
            81.65
          ],
          [
            -0.454174,
            44.858435,
            75.95
          ],
          [
            -0.454346,
            44.858496,
            75.67
          ],
          [
            -0.454946,
            44.858599,
            74.87
          ],
          [
            -0.455321,
            44.858751,
            74.31
          ],
          [
            -0.455493,
            44.858881,
            74.0
          ],
          [
            -0.455547,
            44.859042,
            74.11
          ],
          [
            -0.455536,
            44.860014,
            77.11
          ],
          [
            -0.455514,
            44.860458,
            79.03
          ],
          [
            -0.454988,
            44.861494,
            84.9
          ],
          [
            -0.454933,
            44.861714,
            86.0
          ],
          [
            -0.4551,
            44.861688,
            86.47
          ],
          [
            -0.455108,
            44.861752,
            87.0
          ],
          [
            -0.456185,
            44.861606,
            85.0
          ],
          [
            -0.456649,
            44.861557,
            83.91
          ],
          [
            -0.457077,
            44.861552,
            82.7
          ],
          [
            -0.45811,
            44.861525,
            79.63
          ],
          [
            -0.458357,
            44.861626,
            79.41
          ],
          [
            -0.459364,
            44.863491,
            87.96
          ],
          [
            -0.459469,
            44.864592,
            86.06
          ],
          [
            -0.459582,
            44.864687,
            85.97
          ],
          [
            -0.462166,
            44.865037,
            81.0
          ],
          [
            -0.462152,
            44.865121,
            80.35
          ],
          [
            -0.462191,
            44.865228,
            79.39
          ],
          [
            -0.462327,
            44.865354,
            78.49
          ],
          [
            -0.46337,
            44.865874,
            75.0
          ],
          [
            -0.464069,
            44.86624,
            73.16
          ],
          [
            -0.464368,
            44.866398,
            73.0
          ],
          [
            -0.466583,
            44.867661,
            74.16
          ],
          [
            -0.467674,
            44.868219,
            75.0
          ],
          [
            -0.467833,
            44.868241,
            75.0
          ],
          [
            -0.467834,
            44.868272,
            75.03
          ],
          [
            -0.467872,
            44.868325,
            75.24
          ],
          [
            -0.467946,
            44.868355,
            75.55
          ],
          [
            -0.468102,
            44.868464,
            75.12
          ],
          [
            -0.468225,
            44.868484,
            75.06
          ],
          [
            -0.468339,
            44.868545,
            75.69
          ],
          [
            -0.46845,
            44.868589,
            76.0
          ],
          [
            -0.468661,
            44.868647,
            76.69
          ],
          [
            -0.468804,
            44.868704,
            77.02
          ],
          [
            -0.468859,
            44.868711,
            77.08
          ],
          [
            -0.468853,
            44.868779,
            77.54
          ],
          [
            -0.468918,
            44.869011,
            76.97
          ],
          [
            -0.469167,
            44.869623,
            78.0
          ],
          [
            -0.469415,
            44.869595,
            77.8
          ],
          [
            -0.469529,
            44.869555,
            77.22
          ],
          [
            -0.469603,
            44.869512,
            77.0
          ],
          [
            -0.469823,
            44.869333,
            76.69
          ],
          [
            -0.469944,
            44.86928,
            76.48
          ],
          [
            -0.470073,
            44.869239,
            76.37
          ],
          [
            -0.470222,
            44.869236,
            76.31
          ],
          [
            -0.470381,
            44.869257,
            76.29
          ],
          [
            -0.470637,
            44.869346,
            76.18
          ],
          [
            -0.471732,
            44.869877,
            76.0
          ],
          [
            -0.472167,
            44.870095,
            75.38
          ],
          [
            -0.472305,
            44.87015,
            75.0
          ],
          [
            -0.474121,
            44.870791,
            74.47
          ],
          [
            -0.474792,
            44.871104,
            75.13
          ],
          [
            -0.47555,
            44.871428,
            75.19
          ],
          [
            -0.476153,
            44.871584,
            75.64
          ],
          [
            -0.476327,
            44.87162,
            75.79
          ],
          [
            -0.476807,
            44.871671,
            75.61
          ],
          [
            -0.476874,
            44.871685,
            75.51
          ],
          [
            -0.477382,
            44.87173,
            75.0
          ],
          [
            -0.477357,
            44.871809,
            74.81
          ],
          [
            -0.477144,
            44.872177,
            74.2
          ],
          [
            -0.477069,
            44.872362,
            74.01
          ],
          [
            -0.477048,
            44.872446,
            73.94
          ],
          [
            -0.476969,
            44.873414,
            73.0
          ],
          [
            -0.476968,
            44.873985,
            72.98
          ],
          [
            -0.477098,
            44.876328,
            71.94
          ],
          [
            -0.477137,
            44.877239,
            71.48
          ],
          [
            -0.477086,
            44.878131,
            68.93
          ],
          [
            -0.476826,
            44.878688,
            65.41
          ],
          [
            -0.476417,
            44.879301,
            61.69
          ],
          [
            -0.476281,
            44.879717,
            60.07
          ],
          [
            -0.476133,
            44.880095,
            59.32
          ],
          [
            -0.475748,
            44.880788,
            58.42
          ],
          [
            -0.476797,
            44.882371,
            52.0
          ],
          [
            -0.477089,
            44.88242,
            51.54
          ],
          [
            -0.477019,
            44.882473,
            51.55
          ],
          [
            -0.476677,
            44.883284,
            50.28
          ],
          [
            -0.476502,
            44.883643,
            50.08
          ],
          [
            -0.476186,
            44.884149,
            50.36
          ],
          [
            -0.476055,
            44.884684,
            50.53
          ],
          [
            -0.47586,
            44.884927,
            50.44
          ],
          [
            -0.475522,
            44.88512,
            49.69
          ],
          [
            -0.475351,
            44.885158,
            49.05
          ],
          [
            -0.475296,
            44.885154,
            49.0
          ],
          [
            -0.475273,
            44.885188,
            48.8
          ],
          [
            -0.473435,
            44.886116,
            38.5
          ],
          [
            -0.473075,
            44.886329,
            36.78
          ],
          [
            -0.472824,
            44.886564,
            35.44
          ],
          [
            -0.472803,
            44.886618,
            35.12
          ],
          [
            -0.472837,
            44.886694,
            34.99
          ],
          [
            -0.472911,
            44.886762,
            34.9
          ],
          [
            -0.473145,
            44.886879,
            34.7
          ],
          [
            -0.473299,
            44.886989,
            34.56
          ],
          [
            -0.473351,
            44.887111,
            34.08
          ],
          [
            -0.473231,
            44.887131,
            33.82
          ],
          [
            -0.473078,
            44.887187,
            33.31
          ],
          [
            -0.472579,
            44.887602,
            31.18
          ],
          [
            -0.472385,
            44.887708,
            31.0
          ],
          [
            -0.472355,
            44.887776,
            31.06
          ],
          [
            -0.471976,
            44.888131,
            32.95
          ],
          [
            -0.472897,
            44.888674,
            32.61
          ],
          [
            -0.473234,
            44.888961,
            32.17
          ],
          [
            -0.473401,
            44.889048,
            31.94
          ],
          [
            -0.473892,
            44.889376,
            30.94
          ],
          [
            -0.474332,
            44.889635,
            29.99
          ],
          [
            -0.474657,
            44.890023,
            29.77
          ],
          [
            -0.474872,
            44.890713,
            29.62
          ],
          [
            -0.474978,
            44.890968,
            29.46
          ],
          [
            -0.47508,
            44.891251,
            28.13
          ],
          [
            -0.475117,
            44.891604,
            27.57
          ],
          [
            -0.475202,
            44.891884,
            27.19
          ],
          [
            -0.475328,
            44.892208,
            26.99
          ],
          [
            -0.47551,
            44.892514,
            26.89
          ],
          [
            -0.475576,
            44.892694,
            26.89
          ],
          [
            -0.475568,
            44.892753,
            26.91
          ],
          [
            -0.475529,
            44.892864,
            26.95
          ],
          [
            -0.475459,
            44.892974,
            26.98
          ],
          [
            -0.475175,
            44.893269,
            27.02
          ],
          [
            -0.475103,
            44.893405,
            27.02
          ],
          [
            -0.475036,
            44.893749,
            26.99
          ],
          [
            -0.474917,
            44.894141,
            26.96
          ],
          [
            -0.474909,
            44.894232,
            26.92
          ],
          [
            -0.474917,
            44.894325,
            26.81
          ],
          [
            -0.475054,
            44.894841,
            26.21
          ],
          [
            -0.475123,
            44.894947,
            26.17
          ],
          [
            -0.4752,
            44.895033,
            26.12
          ],
          [
            -0.47556,
            44.895308,
            26.0
          ],
          [
            -0.475703,
            44.895448,
            25.97
          ],
          [
            -0.476059,
            44.895878,
            25.68
          ],
          [
            -0.476223,
            44.896223,
            25.39
          ],
          [
            -0.476371,
            44.896571,
            25.0
          ],
          [
            -0.476434,
            44.896692,
            24.86
          ],
          [
            -0.476537,
            44.896814,
            24.71
          ],
          [
            -0.477089,
            44.897284,
            24.14
          ],
          [
            -0.477433,
            44.897729,
            23.84
          ],
          [
            -0.476399,
            44.898266,
            25.69
          ],
          [
            -0.477277,
            44.899874,
            27.0
          ],
          [
            -0.477369,
            44.89999,
            26.95
          ],
          [
            -0.47745,
            44.90006,
            26.93
          ],
          [
            -0.477566,
            44.900135,
            26.93
          ],
          [
            -0.477689,
            44.900198,
            26.91
          ],
          [
            -0.477967,
            44.900313,
            26.95
          ],
          [
            -0.478073,
            44.900377,
            27.0
          ],
          [
            -0.478217,
            44.9004,
            26.96
          ],
          [
            -0.478391,
            44.900452,
            26.98
          ],
          [
            -0.478533,
            44.900506,
            26.98
          ],
          [
            -0.478646,
            44.900559,
            26.92
          ],
          [
            -0.478715,
            44.900603,
            26.87
          ],
          [
            -0.479413,
            44.901147,
            26.27
          ],
          [
            -0.480206,
            44.901726,
            25.75
          ],
          [
            -0.480312,
            44.90179,
            25.69
          ],
          [
            -0.480989,
            44.902319,
            24.93
          ],
          [
            -0.481034,
            44.902358,
            24.87
          ],
          [
            -0.481152,
            44.902529,
            24.64
          ],
          [
            -0.481214,
            44.90259,
            24.53
          ],
          [
            -0.481582,
            44.903031,
            23.28
          ],
          [
            -0.481744,
            44.903178,
            23.04
          ],
          [
            -0.482305,
            44.903527,
            22.0
          ],
          [
            -0.48248,
            44.903625,
            21.81
          ],
          [
            -0.482626,
            44.903734,
            21.15
          ],
          [
            -0.482714,
            44.903841,
            20.81
          ],
          [
            -0.482722,
            44.903903,
            20.56
          ],
          [
            -0.482713,
            44.903982,
            20.48
          ],
          [
            -0.482696,
            44.904015,
            20.57
          ],
          [
            -0.482695,
            44.904049,
            20.62
          ],
          [
            -0.482708,
            44.904079,
            20.67
          ],
          [
            -0.482733,
            44.904105,
            20.71
          ],
          [
            -0.482806,
            44.904134,
            20.73
          ],
          [
            -0.482937,
            44.904252,
            20.32
          ],
          [
            -0.483881,
            44.905799,
            18.99
          ],
          [
            -0.484116,
            44.906106,
            18.01
          ],
          [
            -0.484481,
            44.906556,
            17.2
          ],
          [
            -0.484976,
            44.907206,
            17.0
          ],
          [
            -0.485237,
            44.907438,
            17.0
          ],
          [
            -0.48557,
            44.907663,
            17.0
          ],
          [
            -0.485592,
            44.907724,
            17.0
          ],
          [
            -0.485583,
            44.907789,
            17.0
          ],
          [
            -0.485392,
            44.908314,
            16.09
          ],
          [
            -0.485353,
            44.908468,
            16.0
          ],
          [
            -0.485025,
            44.909408,
            16.0
          ],
          [
            -0.48485,
            44.909885,
            15.94
          ],
          [
            -0.484322,
            44.911227,
            15.0
          ],
          [
            -0.483275,
            44.914021,
            14.6
          ],
          [
            -0.483179,
            44.914429,
            14.29
          ],
          [
            -0.48311,
            44.915052,
            14.91
          ],
          [
            -0.483086,
            44.915112,
            15.01
          ],
          [
            -0.483049,
            44.91517,
            15.14
          ],
          [
            -0.482943,
            44.915243,
            15.4
          ],
          [
            -0.48287,
            44.91526,
            15.6
          ],
          [
            -0.482789,
            44.915265,
            15.87
          ],
          [
            -0.482699,
            44.915291,
            16.38
          ],
          [
            -0.482653,
            44.915339,
            16.99
          ],
          [
            -0.482633,
            44.915403,
            17.33
          ],
          [
            -0.48266,
            44.915481,
            16.65
          ],
          [
            -0.482612,
            44.915501,
            17.03
          ],
          [
            -0.482576,
            44.915529,
            17.22
          ],
          [
            -0.482554,
            44.915565,
            17.16
          ],
          [
            -0.482548,
            44.915603,
            17.23
          ],
          [
            -0.48256,
            44.915641,
            17.06
          ],
          [
            -0.482588,
            44.915674,
            16.63
          ],
          [
            -0.48249,
            44.915868,
            17.58
          ],
          [
            -0.481783,
            44.916981,
            23.08
          ],
          [
            -0.480627,
            44.918837,
            23.04
          ],
          [
            -0.480577,
            44.918938,
            23.0
          ],
          [
            -0.480615,
            44.918967,
            23.0
          ],
          [
            -0.48064,
            44.919002,
            23.0
          ],
          [
            -0.48065,
            44.919041,
            23.0
          ],
          [
            -0.480644,
            44.91908,
            23.0
          ],
          [
            -0.480626,
            44.919111,
            23.0
          ],
          [
            -0.480559,
            44.91916,
            23.0
          ],
          [
            -0.480509,
            44.919175,
            23.0
          ],
          [
            -0.480453,
            44.91918,
            23.0
          ],
          [
            -0.480399,
            44.919173,
            23.0
          ],
          [
            -0.480355,
            44.919275,
            23.07
          ],
          [
            -0.47916,
            44.921253,
            26.0
          ],
          [
            -0.478794,
            44.921875,
            26.0
          ],
          [
            -0.477347,
            44.924271,
            24.32
          ],
          [
            -0.476817,
            44.925121,
            24.0
          ],
          [
            -0.476736,
            44.92511,
            24.0
          ],
          [
            -0.476655,
            44.925121,
            24.0
          ],
          [
            -0.476586,
            44.925154,
            24.0
          ],
          [
            -0.47654,
            44.925203,
            24.0
          ],
          [
            -0.476523,
            44.92526,
            24.0
          ],
          [
            -0.47654,
            44.925318,
            24.0
          ],
          [
            -0.476586,
            44.925367,
            24.0
          ],
          [
            -0.476655,
            44.925399,
            24.0
          ],
          [
            -0.476044,
            44.926411,
            22.28
          ],
          [
            -0.475192,
            44.927795,
            18.0
          ],
          [
            -0.474113,
            44.929589,
            24.0
          ],
          [
            -0.473992,
            44.929959,
            24.04
          ],
          [
            -0.473786,
            44.931212,
            22.94
          ],
          [
            -0.473662,
            44.932131,
            21.04
          ],
          [
            -0.473544,
            44.932712,
            19.47
          ],
          [
            -0.473506,
            44.932804,
            19.01
          ],
          [
            -0.473331,
            44.933013,
            19.0
          ],
          [
            -0.473309,
            44.933094,
            19.0
          ],
          [
            -0.47331,
            44.933136,
            19.0
          ],
          [
            -0.473229,
            44.933239,
            19.49
          ],
          [
            -0.473115,
            44.933315,
            19.79
          ],
          [
            -0.472967,
            44.933398,
            20.27
          ],
          [
            -0.472898,
            44.933448,
            20.49
          ],
          [
            -0.472767,
            44.933582,
            21.0
          ],
          [
            -0.472773,
            44.933655,
            20.79
          ],
          [
            -0.472875,
            44.934044,
            17.63
          ],
          [
            -0.472878,
            44.934078,
            17.33
          ],
          [
            -0.472857,
            44.934169,
            16.39
          ],
          [
            -0.472875,
            44.934337,
            15.16
          ],
          [
            -0.472888,
            44.934634,
            14.27
          ],
          [
            -0.472807,
            44.93575,
            10.0
          ],
          [
            -0.472702,
            44.93688,
            7.03
          ],
          [
            -0.472605,
            44.937708,
            6.37
          ],
          [
            -0.472599,
            44.938145,
            6.25
          ],
          [
            -0.47262,
            44.938256,
            6.17
          ],
          [
            -0.47265,
            44.938319,
            6.05
          ],
          [
            -0.472708,
            44.938349,
            6.03
          ],
          [
            -0.472789,
            44.938358,
            6.0
          ],
          [
            -0.472867,
            44.938465,
            6.0
          ],
          [
            -0.472828,
            44.938526,
            6.0
          ],
          [
            -0.472821,
            44.938593,
            6.0
          ],
          [
            -0.472763,
            44.93869,
            6.0
          ],
          [
            -0.472679,
            44.93875,
            5.92
          ],
          [
            -0.472603,
            44.938779,
            5.84
          ],
          [
            -0.472589,
            44.938791,
            5.82
          ],
          [
            -0.472421,
            44.939111,
            5.77
          ],
          [
            -0.472438,
            44.939142,
            5.73
          ],
          [
            -0.472256,
            44.939462,
            5.42
          ],
          [
            -0.472203,
            44.939471,
            5.41
          ],
          [
            -0.472173,
            44.939498,
            5.4
          ],
          [
            -0.472033,
            44.939777,
            5.18
          ],
          [
            -0.471852,
            44.940104,
            5.21
          ],
          [
            -0.471753,
            44.940139,
            5.0
          ],
          [
            -0.468877,
            44.944792,
            4.0
          ],
          [
            -0.468645,
            44.945357,
            4.0
          ],
          [
            -0.467766,
            44.949366,
            4.0
          ],
          [
            -0.467351,
            44.951203,
            3.94
          ],
          [
            -0.467334,
            44.95133,
            3.91
          ],
          [
            -0.467335,
            44.951455,
            3.87
          ],
          [
            -0.467356,
            44.951549,
            3.8
          ],
          [
            -0.467436,
            44.951782,
            4.0
          ],
          [
            -0.467446,
            44.951926,
            3.89
          ],
          [
            -0.467534,
            44.952189,
            3.4
          ],
          [
            -0.467634,
            44.952216,
            3.63
          ],
          [
            -0.467785,
            44.952576,
            3.99
          ],
          [
            -0.467786,
            44.952628,
            4.0
          ],
          [
            -0.467905,
            44.952601,
            4.0
          ],
          [
            -0.467994,
            44.952571,
            4.0
          ],
          [
            -0.468203,
            44.952909,
            3.21
          ],
          [
            -0.468484,
            44.95347,
            3.14
          ],
          [
            -0.468798,
            44.953838,
            3.18
          ],
          [
            -0.4688,
            44.954019,
            3.65
          ],
          [
            -0.468855,
            44.954075,
            3.86
          ],
          [
            -0.468953,
            44.954281,
            3.67
          ],
          [
            -0.469024,
            44.954464,
            3.47
          ],
          [
            -0.469104,
            44.954615,
            3.39
          ],
          [
            -0.469254,
            44.955187,
            3.46
          ],
          [
            -0.469273,
            44.955396,
            4.0
          ],
          [
            -0.469276,
            44.95558,
            4.0
          ],
          [
            -0.469257,
            44.955715,
            4.0
          ],
          [
            -0.469263,
            44.955764,
            4.0
          ],
          [
            -0.46925,
            44.955869,
            4.0
          ],
          [
            -0.469185,
            44.955942,
            4.0
          ],
          [
            -0.469101,
            44.955986,
            4.0
          ],
          [
            -0.468867,
            44.955986,
            4.0
          ],
          [
            -0.468866,
            44.956027,
            4.03
          ],
          [
            -0.468782,
            44.95611,
            4.39
          ],
          [
            -0.468705,
            44.956169,
            4.57
          ],
          [
            -0.468607,
            44.956215,
            4.82
          ],
          [
            -0.46857,
            44.95624,
            4.84
          ],
          [
            -0.468453,
            44.956234,
            5.0
          ],
          [
            -0.468384,
            44.956268,
            5.0
          ],
          [
            -0.468396,
            44.956297,
            5.01
          ],
          [
            -0.468546,
            44.957459,
            7.64
          ],
          [
            -0.468494,
            44.957851,
            8.68
          ],
          [
            -0.468411,
            44.958077,
            9.29
          ],
          [
            -0.46833,
            44.958233,
            9.78
          ],
          [
            -0.468215,
            44.958407,
            10.34
          ],
          [
            -0.468083,
            44.958563,
            10.79
          ],
          [
            -0.467796,
            44.958827,
            11.52
          ],
          [
            -0.467563,
            44.958997,
            12.08
          ],
          [
            -0.467335,
            44.959121,
            12.1
          ],
          [
            -0.46718,
            44.959195,
            12.44
          ],
          [
            -0.464568,
            44.960391,
            11.93
          ],
          [
            -0.464466,
            44.960421,
            11.91
          ],
          [
            -0.458782,
            44.963068,
            10.8
          ],
          [
            -0.458704,
            44.963083,
            10.79
          ],
          [
            -0.458548,
            44.963153,
            10.76
          ],
          [
            -0.458506,
            44.963195,
            10.75
          ],
          [
            -0.456216,
            44.96427,
            10.3
          ],
          [
            -0.45604,
            44.964377,
            10.26
          ],
          [
            -0.455904,
            44.964478,
            12.49
          ],
          [
            -0.455695,
            44.964653,
            12.8
          ],
          [
            -0.455504,
            44.964832,
            12.29
          ],
          [
            -0.455334,
            44.965019,
            11.93
          ],
          [
            -0.455196,
            44.9652,
            11.41
          ],
          [
            -0.455063,
            44.965457,
            10.58
          ],
          [
            -0.454943,
            44.965773,
            9.65
          ],
          [
            -0.454869,
            44.966109,
            8.75
          ],
          [
            -0.454835,
            44.966382,
            8.05
          ],
          [
            -0.454832,
            44.966628,
            7.66
          ],
          [
            -0.454792,
            44.966715,
            7.75
          ],
          [
            -0.454711,
            44.966812,
            7.55
          ],
          [
            -0.454899,
            44.966932,
            8.43
          ],
          [
            -0.45492,
            44.967081,
            8.92
          ],
          [
            -0.454962,
            44.967601,
            11.67
          ],
          [
            -0.454952,
            44.967883,
            13.43
          ],
          [
            -0.454927,
            44.968172,
            15.11
          ],
          [
            -0.454877,
            44.968466,
            16.89
          ],
          [
            -0.454804,
            44.968748,
            18.56
          ],
          [
            -0.454619,
            44.969218,
            21.5
          ],
          [
            -0.454255,
            44.969987,
            25.7
          ],
          [
            -0.453819,
            44.970821,
            28.29
          ],
          [
            -0.453393,
            44.971558,
            30.0
          ],
          [
            -0.4535,
            44.971644,
            30.0
          ],
          [
            -0.453925,
            44.971864,
            29.87
          ],
          [
            -0.453853,
            44.971999,
            29.97
          ],
          [
            -0.453767,
            44.972219,
            30.25
          ],
          [
            -0.453606,
            44.972906,
            30.99
          ],
          [
            -0.453359,
            44.973707,
            32.21
          ],
          [
            -0.453261,
            44.973961,
            33.0
          ],
          [
            -0.453554,
            44.974084,
            32.63
          ],
          [
            -0.453875,
            44.974191,
            31.74
          ],
          [
            -0.453906,
            44.974416,
            30.49
          ],
          [
            -0.453901,
            44.974735,
            28.44
          ],
          [
            -0.453858,
            44.975213,
            24.45
          ],
          [
            -0.453831,
            44.975672,
            20.98
          ],
          [
            -0.453798,
            44.976003,
            18.83
          ],
          [
            -0.453753,
            44.976097,
            18.58
          ],
          [
            -0.453618,
            44.976158,
            18.19
          ],
          [
            -0.453435,
            44.976173,
            16.94
          ],
          [
            -0.453204,
            44.976139,
            16.79
          ],
          [
            -0.452565,
            44.976109,
            18.04
          ],
          [
            -0.45219,
            44.976128,
            19.65
          ],
          [
            -0.451895,
            44.976121,
            20.97
          ],
          [
            -0.451524,
            44.978997,
            10.13
          ],
          [
            -0.450972,
            44.983042,
            8.96
          ],
          [
            -0.45093,
            44.98349,
            9.74
          ],
          [
            -0.450908,
            44.983607,
            10.0
          ],
          [
            -0.450854,
            44.983823,
            10.32
          ],
          [
            -0.450745,
            44.984628,
            12.0
          ],
          [
            -0.45067,
            44.985048,
            13.34
          ],
          [
            -0.450615,
            44.985264,
            13.82
          ],
          [
            -0.450469,
            44.985661,
            14.75
          ],
          [
            -0.449951,
            44.986909,
            17.91
          ],
          [
            -0.449898,
            44.987015,
            17.89
          ],
          [
            -0.449826,
            44.987078,
            18.08
          ],
          [
            -0.449642,
            44.987366,
            19.0
          ],
          [
            -0.449733,
            44.987401,
            19.0
          ],
          [
            -0.449725,
            44.987427,
            19.0
          ],
          [
            -0.44983,
            44.987466,
            19.0
          ],
          [
            -0.449833,
            44.987502,
            19.0
          ],
          [
            -0.449852,
            44.987549,
            19.14
          ],
          [
            -0.449896,
            44.9876,
            19.37
          ],
          [
            -0.450008,
            44.987683,
            19.66
          ],
          [
            -0.449933,
            44.987748,
            19.99
          ],
          [
            -0.449904,
            44.987828,
            20.0
          ],
          [
            -0.44983,
            44.98782,
            20.0
          ],
          [
            -0.449749,
            44.987829,
            20.0
          ],
          [
            -0.4497,
            44.987851,
            20.0
          ],
          [
            -0.449644,
            44.987963,
            20.0
          ],
          [
            -0.449603,
            44.987956,
            20.0
          ],
          [
            -0.449466,
            44.988284,
            20.79
          ],
          [
            -0.449236,
            44.988794,
            21.92
          ],
          [
            -0.449161,
            44.988934,
            22.0
          ],
          [
            -0.44879,
            44.989781,
            24.0
          ],
          [
            -0.448882,
            44.9898,
            24.0
          ],
          [
            -0.449132,
            44.989811,
            24.04
          ],
          [
            -0.449736,
            44.989785,
            24.29
          ],
          [
            -0.449753,
            44.989912,
            24.98
          ],
          [
            -0.449749,
            44.9911,
            27.28
          ],
          [
            -0.449865,
            44.991305,
            28.0
          ],
          [
            -0.449321,
            44.99139,
            28.57
          ],
          [
            -0.449388,
            44.992107,
            30.59
          ],
          [
            -0.449506,
            44.992567,
            30.77
          ],
          [
            -0.449214,
            44.992651,
            31.39
          ],
          [
            -0.449135,
            44.992693,
            31.75
          ],
          [
            -0.449097,
            44.992725,
            31.97
          ],
          [
            -0.449308,
            44.992784,
            32.0
          ],
          [
            -0.449284,
            44.992838,
            32.05
          ],
          [
            -0.449267,
            44.993116,
            33.26
          ],
          [
            -0.449347,
            44.993292,
            34.16
          ],
          [
            -0.449426,
            44.99342,
            34.83
          ],
          [
            -0.449583,
            44.993589,
            35.86
          ],
          [
            -0.449672,
            44.993728,
            36.58
          ],
          [
            -0.449748,
            44.993941,
            37.54
          ],
          [
            -0.449833,
            44.994139,
            39.62
          ],
          [
            -0.449543,
            44.994204,
            40.7
          ],
          [
            -0.449112,
            44.994315,
            41.15
          ],
          [
            -0.448969,
            44.994323,
            40.9
          ],
          [
            -0.44903,
            44.994806,
            43.17
          ],
          [
            -0.449019,
            44.995021,
            43.78
          ],
          [
            -0.448999,
            44.99516,
            44.3
          ],
          [
            -0.448954,
            44.995286,
            44.91
          ],
          [
            -0.448757,
            44.995707,
            47.15
          ],
          [
            -0.448571,
            44.996163,
            49.82
          ],
          [
            -0.448463,
            44.997278,
            54.35
          ],
          [
            -0.448384,
            44.997692,
            55.35
          ],
          [
            -0.448274,
            44.998116,
            56.5
          ],
          [
            -0.447647,
            44.999648,
            54.59
          ],
          [
            -0.447565,
            44.999758,
            54.17
          ],
          [
            -0.447677,
            44.999836,
            54.74
          ],
          [
            -0.447749,
            44.999899,
            55.0
          ],
          [
            -0.449335,
            45.001558,
            57.0
          ],
          [
            -0.449558,
            45.001826,
            57.0
          ],
          [
            -0.449601,
            45.001861,
            57.0
          ],
          [
            -0.449568,
            45.001914,
            56.86
          ],
          [
            -0.449665,
            45.002105,
            56.08
          ],
          [
            -0.450263,
            45.003083,
            53.0
          ],
          [
            -0.451115,
            45.004584,
            49.19
          ],
          [
            -0.451558,
            45.005352,
            46.85
          ],
          [
            -0.451736,
            45.005686,
            45.84
          ],
          [
            -0.4518,
            45.005708,
            45.67
          ],
          [
            -0.451864,
            45.005773,
            45.33
          ],
          [
            -0.451797,
            45.005846,
            45.13
          ],
          [
            -0.45187,
            45.005879,
            45.0
          ],
          [
            -0.45247,
            45.007032,
            41.82
          ],
          [
            -0.453361,
            45.008443,
            40.0
          ],
          [
            -0.453458,
            45.008739,
            39.97
          ],
          [
            -0.453758,
            45.009232,
            41.07
          ],
          [
            -0.45398,
            45.009386,
            41.68
          ],
          [
            -0.454087,
            45.009667,
            42.5
          ],
          [
            -0.454227,
            45.010167,
            43.99
          ],
          [
            -0.454101,
            45.010339,
            44.31
          ],
          [
            -0.45416,
            45.010631,
            44.56
          ],
          [
            -0.454203,
            45.01095,
            44.79
          ],
          [
            -0.454595,
            45.012103,
            45.59
          ],
          [
            -0.454804,
            45.012914,
            45.43
          ],
          [
            -0.454954,
            45.013275,
            45.31
          ],
          [
            -0.455416,
            45.01357,
            46.0
          ],
          [
            -0.455029,
            45.013753,
            45.31
          ],
          [
            -0.455611,
            45.013926,
            46.66
          ],
          [
            -0.455845,
            45.014029,
            46.5
          ],
          [
            -0.456027,
            45.014139,
            46.26
          ],
          [
            -0.456792,
            45.014742,
            43.42
          ],
          [
            -0.456847,
            45.014715,
            43.64
          ],
          [
            -0.459515,
            45.016848,
            41.33
          ],
          [
            -0.460382,
            45.017532,
            41.98
          ],
          [
            -0.460421,
            45.017629,
            42.0
          ],
          [
            -0.460584,
            45.01772,
            42.0
          ],
          [
            -0.461154,
            45.017978,
            42.0
          ],
          [
            -0.461443,
            45.018091,
            42.0
          ],
          [
            -0.461577,
            45.018129,
            42.0
          ],
          [
            -0.461707,
            45.018157,
            41.92
          ],
          [
            -0.462618,
            45.018216,
            40.01
          ],
          [
            -0.463533,
            45.018387,
            38.15
          ],
          [
            -0.463796,
            45.018459,
            38.0
          ],
          [
            -0.464114,
            45.018638,
            37.52
          ],
          [
            -0.464733,
            45.019011,
            36.1
          ],
          [
            -0.464913,
            45.019082,
            36.28
          ],
          [
            -0.465238,
            45.019182,
            36.34
          ],
          [
            -0.465403,
            45.019243,
            36.49
          ],
          [
            -0.465527,
            45.0193,
            36.65
          ],
          [
            -0.465613,
            45.019401,
            36.94
          ],
          [
            -0.465881,
            45.019832,
            38.41
          ],
          [
            -0.46629,
            45.020387,
            39.73
          ],
          [
            -0.466641,
            45.020805,
            40.0
          ],
          [
            -0.466674,
            45.020861,
            40.0
          ],
          [
            -0.466671,
            45.020932,
            40.44
          ],
          [
            -0.466619,
            45.02104,
            40.61
          ],
          [
            -0.466523,
            45.021146,
            40.7
          ],
          [
            -0.466261,
            45.021319,
            40.82
          ],
          [
            -0.466079,
            45.021485,
            40.89
          ],
          [
            -0.465924,
            45.021684,
            40.94
          ],
          [
            -0.465789,
            45.021913,
            40.93
          ],
          [
            -0.465721,
            45.022073,
            40.81
          ],
          [
            -0.465701,
            45.022261,
            40.66
          ],
          [
            -0.465715,
            45.022412,
            40.48
          ],
          [
            -0.465764,
            45.022627,
            40.16
          ],
          [
            -0.465826,
            45.022799,
            39.89
          ],
          [
            -0.465891,
            45.023084,
            39.46
          ],
          [
            -0.465959,
            45.023179,
            39.3
          ],
          [
            -0.466069,
            45.023271,
            39.17
          ],
          [
            -0.46635,
            45.023418,
            38.89
          ],
          [
            -0.466486,
            45.023518,
            38.75
          ],
          [
            -0.46655,
            45.023654,
            38.63
          ],
          [
            -0.466578,
            45.023772,
            38.54
          ],
          [
            -0.466521,
            45.023973,
            38.39
          ],
          [
            -0.466419,
            45.024129,
            38.26
          ],
          [
            -0.465863,
            45.024678,
            37.99
          ],
          [
            -0.465815,
            45.024754,
            38.0
          ],
          [
            -0.465788,
            45.024831,
            38.0
          ],
          [
            -0.465773,
            45.024938,
            38.0
          ],
          [
            -0.465791,
            45.025018,
            38.0
          ],
          [
            -0.465845,
            45.025093,
            38.0
          ],
          [
            -0.465919,
            45.025174,
            38.0
          ],
          [
            -0.466256,
            45.02543,
            38.0
          ],
          [
            -0.466308,
            45.025491,
            38.0
          ],
          [
            -0.466339,
            45.025552,
            38.0
          ],
          [
            -0.466334,
            45.025619,
            38.0
          ],
          [
            -0.46627,
            45.025712,
            38.0
          ],
          [
            -0.465345,
            45.026575,
            37.97
          ],
          [
            -0.465214,
            45.026726,
            37.97
          ],
          [
            -0.46517,
            45.026832,
            37.97
          ],
          [
            -0.465134,
            45.026975,
            37.97
          ],
          [
            -0.465131,
            45.027142,
            37.97
          ],
          [
            -0.46518,
            45.027332,
            37.96
          ],
          [
            -0.46525,
            45.027487,
            38.0
          ],
          [
            -0.465441,
            45.027792,
            38.0
          ],
          [
            -0.465984,
            45.028501,
            37.42
          ],
          [
            -0.466156,
            45.028701,
            37.21
          ],
          [
            -0.466303,
            45.028912,
            36.9
          ],
          [
            -0.466429,
            45.029139,
            36.46
          ],
          [
            -0.466716,
            45.029856,
            35.06
          ],
          [
            -0.467115,
            45.031021,
            31.32
          ],
          [
            -0.467382,
            45.031846,
            30.63
          ],
          [
            -0.467513,
            45.032114,
            30.78
          ],
          [
            -0.467687,
            45.032359,
            30.96
          ],
          [
            -0.46904,
            45.033776,
            31.8
          ],
          [
            -0.469171,
            45.033898,
            31.62
          ],
          [
            -0.469226,
            45.03391,
            31.73
          ],
          [
            -0.469278,
            45.033932,
            31.74
          ],
          [
            -0.470009,
            45.034324,
            31.24
          ],
          [
            -0.470533,
            45.034571,
            30.79
          ],
          [
            -0.470745,
            45.034702,
            30.23
          ],
          [
            -0.470658,
            45.034779,
            30.0
          ],
          [
            -0.470598,
            45.035016,
            28.78
          ],
          [
            -0.470551,
            45.035134,
            28.04
          ],
          [
            -0.469894,
            45.036051,
            22.93
          ],
          [
            -0.469801,
            45.036253,
            21.89
          ],
          [
            -0.469765,
            45.036386,
            21.22
          ],
          [
            -0.469757,
            45.03679,
            19.34
          ],
          [
            -0.469723,
            45.037076,
            18.11
          ],
          [
            -0.46935,
            45.038511,
            14.0
          ],
          [
            -0.469272,
            45.038678,
            14.0
          ],
          [
            -0.46918,
            45.038765,
            14.0
          ],
          [
            -0.469062,
            45.038812,
            14.0
          ],
          [
            -0.468909,
            45.03884,
            14.0
          ],
          [
            -0.468229,
            45.038779,
            14.0
          ],
          [
            -0.468072,
            45.038821,
            14.0
          ],
          [
            -0.467991,
            45.038916,
            14.0
          ],
          [
            -0.467668,
            45.039952,
            13.81
          ],
          [
            -0.467709,
            45.040539,
            13.25
          ],
          [
            -0.467749,
            45.040758,
            13.0
          ],
          [
            -0.467831,
            45.04141,
            12.97
          ],
          [
            -0.467853,
            45.041505,
            12.88
          ],
          [
            -0.467889,
            45.041937,
            13.1
          ],
          [
            -0.467859,
            45.042118,
            13.48
          ],
          [
            -0.46778,
            45.042394,
            13.96
          ],
          [
            -0.4673,
            45.043715,
            14.19
          ],
          [
            -0.467209,
            45.043934,
            13.99
          ],
          [
            -0.467135,
            45.043997,
            13.94
          ],
          [
            -0.467212,
            45.044089,
            14.0
          ],
          [
            -0.467196,
            45.04416,
            13.61
          ],
          [
            -0.467194,
            45.045102,
            10.9
          ],
          [
            -0.467181,
            45.045451,
            9.77
          ],
          [
            -0.467129,
            45.045648,
            9.64
          ],
          [
            -0.467056,
            45.045826,
            9.74
          ],
          [
            -0.466388,
            45.046737,
            11.88
          ],
          [
            -0.466373,
            45.046775,
            11.97
          ],
          [
            -0.466409,
            45.046838,
            11.99
          ],
          [
            -0.466872,
            45.047043,
            11.81
          ],
          [
            -0.467021,
            45.047144,
            11.67
          ],
          [
            -0.467032,
            45.047212,
            11.62
          ],
          [
            -0.466983,
            45.04733,
            11.47
          ],
          [
            -0.46701,
            45.047364,
            11.39
          ],
          [
            -0.467162,
            45.047424,
            11.06
          ],
          [
            -0.467361,
            45.047485,
            11.05
          ],
          [
            -0.467574,
            45.047498,
            11.44
          ],
          [
            -0.467735,
            45.047519,
            11.42
          ],
          [
            -0.468594,
            45.047771,
            10.84
          ],
          [
            -0.468899,
            45.04785,
            10.24
          ],
          [
            -0.469306,
            45.047929,
            9.08
          ],
          [
            -0.469966,
            45.048038,
            7.36
          ],
          [
            -0.470122,
            45.04808,
            6.84
          ],
          [
            -0.470233,
            45.048608,
            6.0
          ],
          [
            -0.470411,
            45.048473,
            6.0
          ],
          [
            -0.470714,
            45.04841,
            6.46
          ],
          [
            -0.470754,
            45.04839,
            6.6
          ],
          [
            -0.471031,
            45.048738,
            6.15
          ],
          [
            -0.471332,
            45.049086,
            6.0
          ],
          [
            -0.47158,
            45.049335,
            6.0
          ],
          [
            -0.472334,
            45.050216,
            8.07
          ],
          [
            -0.474892,
            45.053281,
            12.99
          ],
          [
            -0.476237,
            45.054891,
            7.01
          ],
          [
            -0.481841,
            45.061484,
            7.0
          ],
          [
            -0.483521,
            45.063474,
            13.12
          ],
          [
            -0.483592,
            45.063529,
            13.58
          ],
          [
            -0.483838,
            45.063808,
            14.0
          ],
          [
            -0.484521,
            45.064631,
            14.97
          ],
          [
            -0.484795,
            45.064926,
            15.0
          ],
          [
            -0.48524,
            45.065458,
            15.0
          ],
          [
            -0.485413,
            45.065648,
            15.01
          ],
          [
            -0.485727,
            45.06604,
            15.38
          ],
          [
            -0.48594,
            45.066337,
            15.74
          ],
          [
            -0.486225,
            45.066661,
            16.31
          ],
          [
            -0.486443,
            45.066884,
            16.69
          ],
          [
            -0.486707,
            45.067109,
            17.09
          ],
          [
            -0.488874,
            45.068831,
            18.11
          ],
          [
            -0.488929,
            45.068896,
            18.12
          ],
          [
            -0.489974,
            45.069739,
            19.0
          ],
          [
            -0.492835,
            45.072007,
            24.0
          ],
          [
            -0.495411,
            45.074069,
            30.0
          ],
          [
            -0.495588,
            45.074173,
            30.44
          ],
          [
            -0.495755,
            45.0743,
            31.0
          ],
          [
            -0.496265,
            45.074704,
            31.84
          ],
          [
            -0.496441,
            45.074885,
            32.0
          ],
          [
            -0.497334,
            45.075573,
            33.0
          ],
          [
            -0.497593,
            45.075736,
            33.92
          ],
          [
            -0.497682,
            45.075776,
            34.0
          ],
          [
            -0.497748,
            45.075767,
            34.0
          ],
          [
            -0.497815,
            45.075775,
            34.0
          ],
          [
            -0.497874,
            45.075797,
            34.15
          ],
          [
            -0.497921,
            45.075831,
            34.3
          ],
          [
            -0.497949,
            45.075874,
            34.67
          ],
          [
            -0.497955,
            45.075938,
            35.0
          ],
          [
            -0.497996,
            45.076037,
            34.95
          ],
          [
            -0.498056,
            45.076117,
            34.97
          ],
          [
            -0.499092,
            45.07692,
            36.79
          ],
          [
            -0.499652,
            45.077391,
            38.0
          ],
          [
            -0.499731,
            45.077447,
            38.0
          ],
          [
            -0.499966,
            45.077658,
            38.87
          ],
          [
            -0.50035,
            45.077978,
            40.13
          ],
          [
            -0.50081,
            45.078338,
            41.73
          ],
          [
            -0.501341,
            45.078772,
            43.91
          ],
          [
            -0.501832,
            45.07916,
            45.45
          ],
          [
            -0.50242,
            45.079587,
            46.82
          ],
          [
            -0.502625,
            45.079767,
            47.23
          ],
          [
            -0.502803,
            45.079942,
            47.92
          ],
          [
            -0.503645,
            45.08061,
            48.47
          ],
          [
            -0.504207,
            45.08101,
            48.34
          ],
          [
            -0.504715,
            45.08131,
            47.57
          ],
          [
            -0.506789,
            45.082491,
            44.51
          ],
          [
            -0.506733,
            45.082535,
            44.53
          ],
          [
            -0.506647,
            45.083755,
            47.94
          ],
          [
            -0.506658,
            45.084028,
            48.3
          ],
          [
            -0.506583,
            45.084445,
            48.87
          ],
          [
            -0.506561,
            45.08477,
            49.31
          ],
          [
            -0.506561,
            45.085074,
            49.94
          ],
          [
            -0.506868,
            45.085309,
            49.23
          ],
          [
            -0.507032,
            45.08538,
            49.15
          ],
          [
            -0.507257,
            45.085437,
            49.07
          ],
          [
            -0.507735,
            45.085527,
            48.89
          ],
          [
            -0.508305,
            45.085677,
            48.76
          ],
          [
            -0.508697,
            45.08579,
            48.02
          ],
          [
            -0.50874,
            45.085892,
            47.59
          ],
          [
            -0.508616,
            45.086869,
            44.0
          ],
          [
            -0.509636,
            45.087025,
            44.0
          ],
          [
            -0.509342,
            45.089008,
            42.15
          ],
          [
            -0.509406,
            45.089038,
            42.04
          ],
          [
            -0.509455,
            45.089086,
            42.02
          ],
          [
            -0.509571,
            45.089249,
            41.81
          ],
          [
            -0.509648,
            45.089298,
            41.69
          ],
          [
            -0.509711,
            45.089324,
            41.61
          ],
          [
            -0.510885,
            45.089526,
            40.21
          ],
          [
            -0.510974,
            45.089545,
            40.1
          ],
          [
            -0.511019,
            45.08957,
            40.02
          ],
          [
            -0.511108,
            45.089988,
            39.41
          ],
          [
            -0.511111,
            45.090042,
            39.38
          ],
          [
            -0.511134,
            45.0901,
            39.22
          ],
          [
            -0.511206,
            45.090134,
            39.11
          ],
          [
            -0.511968,
            45.090212,
            38.87
          ],
          [
            -0.512128,
            45.090246,
            38.47
          ],
          [
            -0.511959,
            45.090588,
            38.56
          ],
          [
            -0.511878,
            45.090969,
            38.75
          ],
          [
            -0.511849,
            45.091163,
            38.48
          ],
          [
            -0.511972,
            45.091238,
            38.12
          ],
          [
            -0.512213,
            45.091302,
            37.88
          ],
          [
            -0.512761,
            45.091538,
            36.83
          ],
          [
            -0.513214,
            45.091697,
            35.87
          ],
          [
            -0.513579,
            45.091793,
            35.09
          ],
          [
            -0.513868,
            45.091838,
            34.5
          ],
          [
            -0.514684,
            45.091908,
            32.95
          ],
          [
            -0.515274,
            45.091988,
            32.0
          ],
          [
            -0.516274,
            45.092192,
            31.69
          ],
          [
            -0.517004,
            45.092373,
            31.01
          ],
          [
            -0.517746,
            45.092536,
            30.0
          ],
          [
            -0.517706,
            45.092722,
            30.0
          ],
          [
            -0.517683,
            45.092768,
            30.0
          ],
          [
            -0.517634,
            45.092922,
            30.09
          ],
          [
            -0.517526,
            45.093353,
            30.91
          ],
          [
            -0.517516,
            45.093891,
            31.0
          ],
          [
            -0.517541,
            45.094004,
            31.0
          ],
          [
            -0.517597,
            45.094576,
            27.51
          ],
          [
            -0.517583,
            45.095124,
            23.61
          ],
          [
            -0.517548,
            45.095497,
            22.09
          ],
          [
            -0.517478,
            45.095867,
            21.36
          ],
          [
            -0.517429,
            45.096253,
            20.92
          ],
          [
            -0.51742,
            45.096437,
            21.0
          ],
          [
            -0.517452,
            45.096527,
            20.4
          ],
          [
            -0.517518,
            45.096597,
            20.09
          ],
          [
            -0.517677,
            45.096684,
            20.0
          ],
          [
            -0.517903,
            45.096761,
            20.0
          ],
          [
            -0.518121,
            45.096885,
            20.44
          ],
          [
            -0.518184,
            45.096973,
            20.72
          ],
          [
            -0.51821,
            45.097042,
            20.9
          ],
          [
            -0.518202,
            45.097518,
            20.98
          ],
          [
            -0.518162,
            45.097711,
            21.35
          ],
          [
            -0.518084,
            45.097851,
            21.57
          ],
          [
            -0.517891,
            45.098101,
            22.01
          ],
          [
            -0.517462,
            45.098518,
            23.05
          ],
          [
            -0.517396,
            45.098631,
            23.12
          ],
          [
            -0.517378,
            45.098733,
            23.24
          ],
          [
            -0.517389,
            45.098855,
            23.59
          ],
          [
            -0.517443,
            45.099058,
            24.56
          ],
          [
            -0.517461,
            45.099098,
            24.87
          ],
          [
            -0.517553,
            45.099382,
            25.69
          ],
          [
            -0.517648,
            45.09946,
            25.94
          ],
          [
            -0.517829,
            45.099546,
            26.34
          ],
          [
            -0.517923,
            45.099646,
            26.61
          ],
          [
            -0.518037,
            45.099921,
            27.88
          ],
          [
            -0.518034,
            45.100014,
            27.94
          ],
          [
            -0.517996,
            45.100093,
            27.96
          ],
          [
            -0.51783,
            45.100263,
            28.04
          ],
          [
            -0.517806,
            45.100348,
            28.17
          ],
          [
            -0.517866,
            45.100506,
            28.89
          ],
          [
            -0.517934,
            45.100578,
            29.14
          ],
          [
            -0.518127,
            45.100646,
            29.51
          ],
          [
            -0.522,
            45.10135,
            35.34
          ],
          [
            -0.52215,
            45.101418,
            35.47
          ],
          [
            -0.522204,
            45.101517,
            35.53
          ],
          [
            -0.522247,
            45.102327,
            34.73
          ],
          [
            -0.522247,
            45.102584,
            34.76
          ],
          [
            -0.522332,
            45.102925,
            35.15
          ],
          [
            -0.522858,
            45.103789,
            36.18
          ],
          [
            -0.523073,
            45.104039,
            36.39
          ],
          [
            -0.523341,
            45.104235,
            36.61
          ],
          [
            -0.523545,
            45.104349,
            36.79
          ],
          [
            -0.523244,
            45.105015,
            33.12
          ],
          [
            -0.522644,
            45.106128,
            29.65
          ],
          [
            -0.522611,
            45.106416,
            29.7
          ],
          [
            -0.522794,
            45.107431,
            32.51
          ],
          [
            -0.522794,
            45.107537,
            32.82
          ],
          [
            -0.523416,
            45.107711,
            32.96
          ],
          [
            -0.523968,
            45.107937,
            33.0
          ],
          [
            -0.524038,
            45.1079,
            33.0
          ],
          [
            -0.524253,
            45.108052,
            33.36
          ],
          [
            -0.524843,
            45.108241,
            34.06
          ],
          [
            -0.525219,
            45.10837,
            34.46
          ],
          [
            -0.525873,
            45.108552,
            35.22
          ],
          [
            -0.526485,
            45.108703,
            35.97
          ],
          [
            -0.526828,
            45.108748,
            36.47
          ],
          [
            -0.527139,
            45.108801,
            36.95
          ],
          [
            -0.527321,
            45.108801,
            37.25
          ],
          [
            -0.527461,
            45.108824,
            38.0
          ],
          [
            -0.527525,
            45.108915,
            38.51
          ],
          [
            -0.527579,
            45.109089,
            38.69
          ],
          [
            -0.527708,
            45.109142,
            38.77
          ],
          [
            -0.527901,
            45.109203,
            38.81
          ],
          [
            -0.528083,
            45.109332,
            38.8
          ],
          [
            -0.528062,
            45.109445,
            38.78
          ],
          [
            -0.527139,
            45.110422,
            38.42
          ],
          [
            -0.527075,
            45.110513,
            38.53
          ],
          [
            -0.527085,
            45.110596,
            38.66
          ],
          [
            -0.52716,
            45.110657,
            38.8
          ],
          [
            -0.528866,
            45.111391,
            43.72
          ],
          [
            -0.52907,
            45.111467,
            44.27
          ],
          [
            -0.529253,
            45.111505,
            44.69
          ],
          [
            -0.529446,
            45.111497,
            45.11
          ],
          [
            -0.529703,
            45.111497,
            45.66
          ],
          [
            -0.529864,
            45.111505,
            46.0
          ],
          [
            -0.529982,
            45.111535,
            46.27
          ],
          [
            -0.530347,
            45.111679,
            46.95
          ],
          [
            -0.530486,
            45.111717,
            47.14
          ],
          [
            -0.530615,
            45.111649,
            47.33
          ],
          [
            -0.530905,
            45.111429,
            47.93
          ],
          [
            -0.531023,
            45.111376,
            48.14
          ],
          [
            -0.531162,
            45.111361,
            48.34
          ],
          [
            -0.531302,
            45.111399,
            48.46
          ],
          [
            -0.532868,
            45.112163,
            53.45
          ],
          [
            -0.533262,
            45.112263,
            54.68
          ],
          [
            -0.533526,
            45.112341,
            55.81
          ],
          [
            -0.533628,
            45.112322,
            55.92
          ],
          [
            -0.533769,
            45.112381,
            56.23
          ],
          [
            -0.533871,
            45.112532,
            56.73
          ],
          [
            -0.534359,
            45.112744,
            58.06
          ],
          [
            -0.534559,
            45.112813,
            58.81
          ],
          [
            -0.534465,
            45.113016,
            58.4
          ],
          [
            -0.5342,
            45.113518,
            57.86
          ],
          [
            -0.536034,
            45.113573,
            62.84
          ],
          [
            -0.536683,
            45.113605,
            64.76
          ],
          [
            -0.536734,
            45.113628,
            64.93
          ],
          [
            -0.536763,
            45.113669,
            65.11
          ],
          [
            -0.536758,
            45.113766,
            65.48
          ],
          [
            -0.536603,
            45.114545,
            67.86
          ],
          [
            -0.537453,
            45.114874,
            69.69
          ],
          [
            -0.53799,
            45.115063,
            70.48
          ],
          [
            -0.53843,
            45.115569,
            70.97
          ],
          [
            -0.538518,
            45.115639,
            70.98
          ],
          [
            -0.538752,
            45.115732,
            70.99
          ],
          [
            -0.539643,
            45.116013,
            71.0
          ],
          [
            -0.539389,
            45.117471,
            72.8
          ],
          [
            -0.539232,
            45.117948,
            73.26
          ],
          [
            -0.538623,
            45.11958,
            76.17
          ],
          [
            -0.538372,
            45.120325,
            77.0
          ],
          [
            -0.538312,
            45.120652,
            77.13
          ],
          [
            -0.538294,
            45.121081,
            77.19
          ],
          [
            -0.53833,
            45.121438,
            77.11
          ],
          [
            -0.538441,
            45.121896,
            76.9
          ],
          [
            -0.538626,
            45.122521,
            77.0
          ],
          [
            -0.539417,
            45.122542,
            78.22
          ],
          [
            -0.540018,
            45.122623,
            79.2
          ],
          [
            -0.540582,
            45.122711,
            79.71
          ],
          [
            -0.541503,
            45.122741,
            79.23
          ],
          [
            -0.541369,
            45.124892,
            69.63
          ],
          [
            -0.541308,
            45.125232,
            67.35
          ],
          [
            -0.541276,
            45.125873,
            64.59
          ],
          [
            -0.54122,
            45.126353,
            64.0
          ],
          [
            -0.543848,
            45.127899,
            69.05
          ],
          [
            -0.543988,
            45.127944,
            69.31
          ],
          [
            -0.544074,
            45.127982,
            69.39
          ],
          [
            -0.546573,
            45.128671,
            62.52
          ],
          [
            -0.546619,
            45.128749,
            62.84
          ],
          [
            -0.546445,
            45.128883,
            62.95
          ],
          [
            -0.545908,
            45.129731,
            59.07
          ],
          [
            -0.545887,
            45.129859,
            58.05
          ],
          [
            -0.545983,
            45.130033,
            56.44
          ],
          [
            -0.546327,
            45.130556,
            50.95
          ],
          [
            -0.545554,
            45.134204,
            44.28
          ],
          [
            -0.545501,
            45.134423,
            44.29
          ],
          [
            -0.545511,
            45.134703,
            44.02
          ],
          [
            -0.545581,
            45.135482,
            44.0
          ],
          [
            -0.545302,
            45.135439,
            43.9
          ],
          [
            -0.545052,
            45.135413,
            43.91
          ],
          [
            -0.544828,
            45.135409,
            43.94
          ],
          [
            -0.544605,
            45.135423,
            43.94
          ],
          [
            -0.544226,
            45.136215,
            43.45
          ],
          [
            -0.544152,
            45.136462,
            43.6
          ],
          [
            -0.544112,
            45.13737,
            45.0
          ],
          [
            -0.543894,
            45.137972,
            45.53
          ],
          [
            -0.543596,
            45.138459,
            45.18
          ],
          [
            -0.54322,
            45.13919,
            44.94
          ],
          [
            -0.542784,
            45.139926,
            44.45
          ],
          [
            -0.542681,
            45.139987,
            44.04
          ],
          [
            -0.542662,
            45.140401,
            44.77
          ],
          [
            -0.54262,
            45.140429,
            44.76
          ],
          [
            -0.542101,
            45.14043,
            45.0
          ],
          [
            -0.5421,
            45.140397,
            45.0
          ],
          [
            -0.541682,
            45.140383,
            45.14
          ]
        ]
      }
    },
    {
      "type": "Feature",
      "properties": {
        "source": "Boucle_de_Saint-Lizier.gpx",
        "type": "route"
      },
      "geometry": {
        "type": "LineString",
        "coordinates": [
          [
            1.717563,
            44.156877
          ],
          [
            1.717563,
            44.156699
          ],
          [
            1.717043,
            44.156043
          ],
          [
            1.716552,
            44.155543
          ],
          [
            1.702712,
            44.148151
          ],
          [
            1.701949,
            44.148582
          ],
          [
            1.702033,
            44.148737
          ],
          [
            1.701545,
            44.148964
          ],
          [
            1.6939,
            44.146025
          ],
          [
            1.692765,
            44.146571
          ],
          [
            1.682117,
            44.142025
          ],
          [
            1.662895,
            44.139985
          ],
          [
            1.652041,
            44.140108
          ],
          [
            1.651336,
            44.138346
          ],
          [
            1.645934,
            44.125088
          ],
          [
            1.633162,
            44.10969
          ],
          [
            1.632915,
            44.104801
          ],
          [
            1.631007,
            44.103261
          ],
          [
            1.629031,
            44.100206
          ],
          [
            1.618843,
            44.082194
          ],
          [
            1.619856,
            44.080309
          ],
          [
            1.61833,
            44.079071
          ],
          [
            1.618696,
            44.078919
          ],
          [
            1.618065,
            44.078202
          ],
          [
            1.618124,
            44.078189
          ],
          [
            1.617483,
            44.077143
          ],
          [
            1.616751,
            44.077326
          ],
          [
            1.616529,
            44.076396
          ],
          [
            1.616985,
            44.075481
          ],
          [
            1.616963,
            44.075465
          ],
          [
            1.61711,
            44.075343
          ],
          [
            1.617517,
            44.074747
          ],
          [
            1.617386,
            44.074678
          ],
          [
            1.6153,
            44.072565
          ],
          [
            1.61501,
            44.072594
          ],
          [
            1.614775,
            44.071907
          ],
          [
            1.608697,
            44.073614
          ],
          [
            1.599041,
            44.052229
          ],
          [
            1.569014,
            44.033139
          ],
          [
            1.568952,
            44.032757
          ],
          [
            1.570369,
            44.030588
          ],
          [
            1.565053,
            44.016286
          ],
          [
            1.565792,
            44.014587
          ],
          [
            1.566199,
            44.013625
          ],
          [
            1.566451,
            44.011669
          ],
          [
            1.566409,
            44.011634
          ],
          [
            1.568351,
            44.006342
          ],
          [
            1.565122,
            44.005947
          ],
          [
            1.562727,
            44.001689
          ],
          [
            1.562183,
            44.001344
          ],
          [
            1.563562,
            43.995882
          ],
          [
            1.563854,
            43.992902
          ],
          [
            1.561639,
            43.976746
          ],
          [
            1.558989,
            43.97517
          ],
          [
            1.554297,
            43.966129
          ],
          [
            1.547345,
            43.965697
          ],
          [
            1.546147,
            43.961064
          ],
          [
            1.54299,
            43.960973
          ],
          [
            1.548717,
            43.95533
          ],
          [
            1.530018,
            43.951358
          ],
          [
            1.52945,
            43.947071
          ],
          [
            1.536205,
            43.933945
          ],
          [
            1.533847,
            43.923971
          ],
          [
            1.524382,
            43.919982
          ],
          [
            1.515235,
            43.908291
          ],
          [
            1.514768,
            43.90891
          ],
          [
            1.512307,
            43.907304
          ],
          [
            1.50281,
            43.904759
          ],
          [
            1.499918,
            43.900652
          ],
          [
            1.499058,
            43.900794
          ],
          [
            1.497744,
            43.899082
          ],
          [
            1.494839,
            43.894443
          ],
          [
            1.492424,
            43.890416
          ],
          [
            1.488362,
            43.887039
          ],
          [
            1.491374,
            43.883287
          ],
          [
            1.499084,
            43.872013
          ],
          [
            1.500422,
            43.868497
          ],
          [
            1.500762,
            43.867989
          ],
          [
            1.497999,
            43.866959
          ],
          [
            1.498443,
            43.86574
          ],
          [
            1.500515,
            43.860672
          ],
          [
            1.501134,
            43.859087
          ],
          [
            1.501155,
            43.858505
          ],
          [
            1.501078,
            43.858406
          ],
          [
            1.513072,
            43.840797
          ],
          [
            1.512882,
            43.840621
          ],
          [
            1.5114,
            43.838856
          ],
          [
            1.511287,
            43.838927
          ],
          [
            1.509655,
            43.832979
          ],
          [
            1.509454,
            43.829044
          ],
          [
            1.508869,
            43.827922
          ],
          [
            1.508901,
            43.827829
          ],
          [
            1.505378,
            43.826533
          ],
          [
            1.502611,
            43.813195
          ],
          [
            1.501515,
            43.79981
          ],
          [
            1.499131,
            43.795993
          ],
          [
            1.493496,
            43.789288
          ],
          [
            1.480319,
            43.779341
          ],
          [
            1.480137,
            43.779198
          ],
          [
            1.480052,
            43.778078
          ],
          [
            1.479142,
            43.776837
          ],
          [
            1.479005,
            43.773708
          ],
          [
            1.478719,
            43.773669
          ],
          [
            1.47685,
            43.771398
          ],
          [
            1.473892,
            43.769911
          ],
          [
            1.469204,
            43.759958
          ],
          [
            1.466761,
            43.757786
          ],
          [
            1.467217,
            43.756394
          ],
          [
            1.466906,
            43.756101
          ],
          [
            1.460743,
            43.752392
          ],
          [
            1.456897,
            43.745327
          ],
          [
            1.453097,
            43.737252
          ],
          [
            1.452173,
            43.736575
          ],
          [
            1.452232,
            43.736548
          ],
          [
            1.452906,
            43.731274
          ],
          [
            1.45227,
            43.729112
          ],
          [
            1.452785,
            43.727908
          ],
          [
            1.452625,
            43.727844
          ],
          [
            1.452538,
            43.727475
          ],
          [
            1.451451,
            43.725117
          ],
          [
            1.450396,
            43.721619
          ],
          [
            1.447819,
            43.717771
          ],
          [
            1.447694,
            43.717579
          ],
          [
            1.442041,
            43.713348
          ],
          [
            1.441675,
            43.713301
          ],
          [
            1.43582,
            43.711349
          ],
          [
            1.434545,
            43.701691
          ],
          [
            1.432293,
            43.699575
          ],
          [
            1.432205,
            43.699406
          ],
          [
            1.4286,
            43.692965
          ],
          [
            1.428622,
            43.692939
          ],
          [
            1.428586,
            43.692927
          ],
          [
            1.42842,
            43.692818
          ],
          [
            1.428438,
            43.692792
          ],
          [
            1.428253,
            43.692734
          ],
          [
            1.427733,
            43.692313
          ],
          [
            1.427632,
            43.69233
          ],
          [
            1.426765,
            43.691411
          ],
          [
            1.426507,
            43.691295
          ],
          [
            1.425598,
            43.690797
          ],
          [
            1.423652,
            43.688516
          ],
          [
            1.421695,
            43.685784
          ],
          [
            1.421426,
            43.685152
          ],
          [
            1.420894,
            43.682846
          ],
          [
            1.420527,
            43.682654
          ],
          [
            1.420955,
            43.682043
          ],
          [
            1.420936,
            43.682034
          ],
          [
            1.422765,
            43.678601
          ],
          [
            1.422926,
            43.678627
          ],
          [
            1.423173,
            43.678157
          ],
          [
            1.424607,
            43.675662
          ],
          [
            1.426814,
            43.672042
          ],
          [
            1.42691,
            43.671936
          ],
          [
            1.426824,
            43.671906
          ],
          [
            1.427496,
            43.670825
          ],
          [
            1.419467,
            43.66753
          ],
          [
            1.419498,
            43.667493
          ],
          [
            1.41932,
            43.667395
          ],
          [
            1.419354,
            43.667321
          ],
          [
            1.422011,
            43.662102
          ],
          [
            1.421501,
            43.662027
          ],
          [
            1.421874,
            43.660974
          ],
          [
            1.420679,
            43.660655
          ],
          [
            1.420681,
            43.660225
          ],
          [
            1.42052,
            43.660152
          ],
          [
            1.420688,
            43.65971
          ],
          [
            1.420765,
            43.659447
          ],
          [
            1.419134,
            43.658883
          ],
          [
            1.419829,
            43.658033
          ],
          [
            1.420194,
            43.657721
          ],
          [
            1.420127,
            43.657692
          ],
          [
            1.420584,
            43.65698
          ],
          [
            1.420629,
            43.656925
          ],
          [
            1.419394,
            43.656619
          ],
          [
            1.419618,
            43.656355
          ],
          [
            1.419711,
            43.656386
          ],
          [
            1.42287,
            43.646754
          ],
          [
            1.423483,
            43.646696
          ],
          [
            1.423263,
            43.645817
          ],
          [
            1.423024,
            43.645019
          ],
          [
            1.42173,
            43.635416
          ],
          [
            1.418636,
            43.612195
          ],
          [
            1.418616,
            43.611475
          ],
          [
            1.41866,
            43.611503
          ],
          [
            1.418846,
            43.611433
          ],
          [
            1.418825,
            43.61126
          ],
          [
            1.418843,
            43.611235
          ],
          [
            1.418809,
            43.610881
          ],
          [
            1.418793,
            43.610856
          ],
          [
            1.418822,
            43.610827
          ],
          [
            1.418234,
            43.610473
          ],
          [
            1.41851,
            43.610433
          ],
          [
            1.41845,
            43.610379
          ],
          [
            1.415134,
            43.609777
          ],
          [
            1.413443,
            43.609317
          ],
          [
            1.413518,
            43.609195
          ],
          [
            1.413673,
            43.608978
          ],
          [
            1.41321,
            43.609234
          ],
          [
            1.410878,
            43.608225
          ],
          [
            1.41091,
            43.608202
          ],
          [
            1.409415,
            43.607522
          ],
          [
            1.409649,
            43.607446
          ],
          [
            1.408326,
            43.606606
          ],
          [
            1.407029,
            43.603826
          ],
          [
            1.406901,
            43.60376
          ],
          [
            1.406934,
            43.603745
          ],
          [
            1.406703,
            43.603478
          ],
          [
            1.406208,
            43.603702
          ],
          [
            1.405507,
            43.603141
          ],
          [
            1.405488,
            43.603017
          ],
          [
            1.404591,
            43.602296
          ],
          [
            1.404562,
            43.602297
          ],
          [
            1.404212,
            43.601974
          ],
          [
            1.404127,
            43.601978
          ],
          [
            1.403784,
            43.601457
          ],
          [
            1.403504,
            43.601422
          ],
          [
            1.403579,
            43.598318
          ],
          [
            1.403619,
            43.598216
          ],
          [
            1.403707,
            43.598216
          ],
          [
            1.402475,
            43.596053
          ],
          [
            1.401688,
            43.594475
          ],
          [
            1.401687,
            43.593924
          ],
          [
            1.401742,
            43.59392
          ],
          [
            1.401707,
            43.592898
          ],
          [
            1.40164,
            43.592588
          ],
          [
            1.401628,
            43.592418
          ],
          [
            1.398507,
            43.59194
          ],
          [
            1.398166,
            43.591357
          ],
          [
            1.394618,
            43.587739
          ],
          [
            1.394561,
            43.585976
          ],
          [
            1.394616,
            43.585976
          ],
          [
            1.394669,
            43.586014
          ],
          [
            1.394703,
            43.584794
          ],
          [
            1.394633,
            43.584794
          ],
          [
            1.394419,
            43.584319
          ],
          [
            1.394669,
            43.584211
          ],
          [
            1.39477,
            43.58158
          ],
          [
            1.394641,
            43.581456
          ],
          [
            1.394674,
            43.581409
          ],
          [
            1.392858,
            43.580577
          ],
          [
            1.392751,
            43.579754
          ],
          [
            1.39292,
            43.579371
          ],
          [
            1.392804,
            43.579417
          ],
          [
            1.392573,
            43.579204
          ],
          [
            1.392572,
            43.579028
          ],
          [
            1.392537,
            43.579015
          ],
          [
            1.390598,
            43.578156
          ],
          [
            1.386064,
            43.574828
          ],
          [
            1.385939,
            43.574773
          ],
          [
            1.382957,
            43.572637
          ],
          [
            1.382272,
            43.572454
          ],
          [
            1.380998,
            43.572589
          ],
          [
            1.380421,
            43.571818
          ],
          [
            1.376995,
            43.57104
          ],
          [
            1.37689,
            43.570866
          ],
          [
            1.37661,
            43.570561
          ],
          [
            1.375118,
            43.570357
          ],
          [
            1.375536,
            43.570199
          ],
          [
            1.373718,
            43.568997
          ],
          [
            1.37354,
            43.568842
          ],
          [
            1.372739,
            43.568444
          ],
          [
            1.371036,
            43.56799
          ],
          [
            1.370919,
            43.567846
          ],
          [
            1.370553,
            43.568011
          ],
          [
            1.370388,
            43.567949
          ],
          [
            1.369027,
            43.568566
          ],
          [
            1.368224,
            43.567774
          ],
          [
            1.365695,
            43.568464
          ],
          [
            1.365584,
            43.568532
          ],
          [
            1.365133,
            43.568199
          ],
          [
            1.360485,
            43.560209
          ],
          [
            1.360569,
            43.560189
          ],
          [
            1.360484,
            43.560009
          ],
          [
            1.360574,
            43.559985
          ],
          [
            1.357298,
            43.554051
          ],
          [
            1.357327,
            43.554041
          ],
          [
            1.355782,
            43.552798
          ],
          [
            1.350721,
            43.546947
          ],
          [
            1.350899,
            43.546286
          ],
          [
            1.350935,
            43.54605
          ],
          [
            1.350636,
            43.546024
          ],
          [
            1.35061,
            43.545508
          ],
          [
            1.346523,
            43.544595
          ],
          [
            1.346534,
            43.544534
          ],
          [
            1.346363,
            43.544482
          ],
          [
            1.34594,
            43.544331
          ],
          [
            1.346013,
            43.544207
          ],
          [
            1.345838,
            43.544188
          ],
          [
            1.345238,
            43.543124
          ],
          [
            1.344823,
            43.542659
          ],
          [
            1.344781,
            43.542338
          ],
          [
            1.344673,
            43.542237
          ],
          [
            1.344636,
            43.542256
          ],
          [
            1.344526,
            43.542249
          ],
          [
            1.344401,
            43.542113
          ],
          [
            1.344307,
            43.542175
          ],
          [
            1.341359,
            43.540502
          ],
          [
            1.341257,
            43.54049
          ],
          [
            1.340707,
            43.540092
          ],
          [
            1.33965,
            43.539035
          ],
          [
            1.338724,
            43.538313
          ],
          [
            1.338131,
            43.538495
          ],
          [
            1.337274,
            43.537602
          ],
          [
            1.336422,
            43.537994
          ],
          [
            1.335479,
            43.536952
          ],
          [
            1.328591,
            43.530413
          ],
          [
            1.328129,
            43.530052
          ],
          [
            1.328095,
            43.530066
          ],
          [
            1.327556,
            43.529587
          ],
          [
            1.327587,
            43.529573
          ],
          [
            1.323126,
            43.524866
          ],
          [
            1.320186,
            43.520051
          ],
          [
            1.31989,
            43.519125
          ],
          [
            1.319562,
            43.51878
          ],
          [
            1.317142,
            43.51623
          ],
          [
            1.317256,
            43.516121
          ],
          [
            1.316934,
            43.5157
          ],
          [
            1.317304,
            43.515103
          ],
          [
            1.317055,
            43.514638
          ],
          [
            1.307998,
            43.500534
          ],
          [
            1.310114,
            43.499296
          ],
          [
            1.308597,
            43.496771
          ],
          [
            1.309969,
            43.496382
          ],
          [
            1.309818,
            43.496205
          ],
          [
            1.310197,
            43.495973
          ],
          [
            1.308974,
            43.494045
          ],
          [
            1.308164,
            43.492346
          ],
          [
            1.308232,
            43.492316
          ],
          [
            1.308039,
            43.490294
          ],
          [
            1.310837,
            43.489441
          ],
          [
            1.3028,
            43.471599
          ],
          [
            1.302665,
            43.471204
          ],
          [
            1.29958,
            43.464756
          ],
          [
            1.299346,
            43.46428
          ],
          [
            1.298692,
            43.463632
          ],
          [
            1.293574,
            43.458852
          ],
          [
            1.293434,
            43.458681
          ],
          [
            1.293248,
            43.458314
          ],
          [
            1.292494,
            43.443436
          ],
          [
            1.292508,
            43.443218
          ],
          [
            1.291996,
            43.442602
          ],
          [
            1.291854,
            43.442116
          ],
          [
            1.291704,
            43.44125
          ],
          [
            1.289843,
            43.437007
          ],
          [
            1.290144,
            43.436279
          ],
          [
            1.282811,
            43.424337
          ],
          [
            1.281908,
            43.421166
          ],
          [
            1.281777,
            43.421074
          ],
          [
            1.272391,
            43.408668
          ],
          [
            1.270084,
            43.40484
          ],
          [
            1.269872,
            43.402387
          ],
          [
            1.27089,
            43.400494
          ],
          [
            1.270142,
            43.399759
          ],
          [
            1.269811,
            43.399102
          ],
          [
            1.25832,
            43.386279
          ],
          [
            1.256127,
            43.38118
          ],
          [
            1.237747,
            43.361636
          ],
          [
            1.236374,
            43.356266
          ],
          [
            1.236463,
            43.356239
          ],
          [
            1.236352,
            43.356034
          ],
          [
            1.236376,
            43.356028
          ],
          [
            1.236242,
            43.355685
          ],
          [
            1.236712,
            43.353447
          ],
          [
            1.236809,
            43.353322
          ],
          [
            1.236666,
            43.352839
          ],
          [
            1.227248,
            43.344777
          ],
          [
            1.227202,
            43.344546
          ],
          [
            1.22478,
            43.34319
          ],
          [
            1.215811,
            43.336743
          ],
          [
            1.215308,
            43.337219
          ],
          [
            1.211092,
            43.3334
          ],
          [
            1.203102,
            43.325144
          ],
          [
            1.192841,
            43.316738
          ],
          [
            1.181634,
            43.309439
          ],
          [
            1.168201,
            43.301892
          ],
          [
            1.167951,
            43.302007
          ],
          [
            1.16324,
            43.29962
          ],
          [
            1.163118,
            43.2995
          ],
          [
            1.162946,
            43.299351
          ],
          [
            1.160569,
            43.297734
          ],
          [
            1.147544,
            43.289058
          ],
          [
            1.147017,
            43.288732
          ],
          [
            1.139882,
            43.273069
          ],
          [
            1.140364,
            43.272552
          ],
          [
            1.141218,
            43.270311
          ],
          [
            1.127932,
            43.256075
          ],
          [
            1.126389,
            43.256997
          ],
          [
            1.122591,
            43.253911
          ],
          [
            1.121009,
            43.254692
          ],
          [
            1.119273,
            43.25216
          ],
          [
            1.099522,
            43.238606
          ],
          [
            1.100175,
            43.234601
          ],
          [
            1.097074,
            43.231486
          ],
          [
            1.097194,
            43.229262
          ],
          [
            1.097236,
            43.229169
          ],
          [
            1.088914,
            43.210891
          ],
          [
            1.090028,
            43.208568
          ],
          [
            1.08975,
            43.208387
          ],
          [
            1.088058,
            43.206629
          ],
          [
            1.087809,
            43.206572
          ],
          [
            1.08782,
            43.206506
          ],
          [
            1.08638,
            43.205546
          ],
          [
            1.086414,
            43.205251
          ],
          [
            1.085594,
            43.20426
          ],
          [
            1.088467,
            43.203853
          ],
          [
            1.088509,
            43.203825
          ],
          [
            1.087423,
            43.1998
          ],
          [
            1.087196,
            43.199137
          ],
          [
            1.087323,
            43.199131
          ],
          [
            1.086098,
            43.198108
          ],
          [
            1.085152,
            43.194003
          ],
          [
            1.084736,
            43.180918
          ],
          [
            1.083559,
            43.176063
          ],
          [
            1.08558,
            43.167998
          ],
          [
            1.086853,
            43.168053
          ],
          [
            1.091194,
            43.166471
          ],
          [
            1.094685,
            43.164426
          ],
          [
            1.111028,
            43.137389
          ],
          [
            1.120136,
            43.136568
          ],
          [
            1.117853,
            43.123955
          ],
          [
            1.113738,
            43.122088
          ],
          [
            1.109529,
            43.116554
          ],
          [
            1.109391,
            43.116147
          ],
          [
            1.106873,
            43.11273
          ],
          [
            1.110644,
            43.104445
          ],
          [
            1.11343,
            43.098851
          ],
          [
            1.113693,
            43.095943
          ],
          [
            1.113763,
            43.095928
          ],
          [
            1.121124,
            43.090802
          ],
          [
            1.11986,
            43.089768
          ],
          [
            1.107671,
            43.067185
          ],
          [
            1.106791,
            43.06785
          ],
          [
            1.104017,
            43.064945
          ],
          [
            1.101041,
            43.066383
          ],
          [
            1.099177,
            43.066487
          ],
          [
            1.095721,
            43.061861
          ],
          [
            1.091232,
            43.039158
          ],
          [
            1.091988,
            43.038823
          ],
          [
            1.091928,
            43.037537
          ],
          [
            1.085074,
            43.033571
          ],
          [
            1.087159,
            43.032013
          ],
          [
            1.086986,
            43.030691
          ],
          [
            1.087976,
            43.030516
          ],
          [
            1.087283,
            43.029201
          ],
          [
            1.123001,
            43.009746
          ],
          [
            1.128394,
            43.006213
          ],
          [
            1.128104,
            43.006042
          ],
          [
            1.128226,
            43.005931
          ],
          [
            1.127449,
            43.004877
          ],
          [
            1.128226,
            43.004439
          ],
          [
            1.128149,
            43.004388
          ],
          [
            1.128183,
            43.004369
          ],
          [
            1.126832,
            43.003793
          ],
          [
            1.12833,
            43.001652
          ],
          [
            1.128442,
            43.001576
          ],
          [
            1.128442,
            43.001576
          ],
          [
            1.126832,
            43.003793
          ],
          [
            1.128183,
            43.004369
          ],
          [
            1.128149,
            43.004388
          ],
          [
            1.128226,
            43.004439
          ],
          [
            1.127449,
            43.004877
          ],
          [
            1.128226,
            43.005931
          ],
          [
            1.128104,
            43.006042
          ],
          [
            1.128394,
            43.006213
          ],
          [
            1.123001,
            43.009746
          ],
          [
            1.063943,
            43.038387
          ],
          [
            1.058297,
            43.037137
          ],
          [
            1.036691,
            43.033234
          ],
          [
            1.016923,
            43.031595
          ],
          [
            1.016204,
            43.031666
          ],
          [
            1.016039,
            43.030978
          ],
          [
            1.004623,
            43.0328
          ],
          [
            1.003881,
            43.032885
          ],
          [
            0.958939,
            43.077587
          ],
          [
            0.952569,
            43.084306
          ],
          [
            0.95226,
            43.084235
          ],
          [
            0.951295,
            43.087263
          ],
          [
            0.951175,
            43.087239
          ],
          [
            0.950706,
            43.0886
          ],
          [
            0.950811,
            43.088585
          ],
          [
            0.95052,
            43.089533
          ],
          [
            0.950079,
            43.090929
          ],
          [
            0.94989,
            43.090948
          ],
          [
            0.949872,
            43.091657
          ],
          [
            0.948793,
            43.094595
          ],
          [
            0.947537,
            43.098055
          ],
          [
            0.951029,
            43.099626
          ],
          [
            0.949944,
            43.101635
          ],
          [
            0.945221,
            43.102429
          ],
          [
            0.938375,
            43.108375
          ],
          [
            0.934963,
            43.112062
          ],
          [
            0.934043,
            43.112571
          ],
          [
            0.931725,
            43.113701
          ],
          [
            0.923669,
            43.113102
          ],
          [
            0.912035,
            43.120877
          ],
          [
            0.912505,
            43.121218
          ],
          [
            0.913389,
            43.121588
          ],
          [
            0.913122,
            43.122169
          ],
          [
            0.914606,
            43.123241
          ],
          [
            0.915026,
            43.123774
          ],
          [
            0.915376,
            43.129865
          ],
          [
            0.915326,
            43.129853
          ],
          [
            0.913791,
            43.131663
          ],
          [
            0.913455,
            43.135818
          ],
          [
            0.911294,
            43.136813
          ],
          [
            0.897043,
            43.138812
          ],
          [
            0.896338,
            43.139124
          ],
          [
            0.889885,
            43.141303
          ],
          [
            0.876979,
            43.141442
          ],
          [
            0.876502,
            43.141649
          ],
          [
            0.87485,
            43.142444
          ],
          [
            0.859422,
            43.148505
          ],
          [
            0.853266,
            43.149743
          ],
          [
            0.84417,
            43.155618
          ],
          [
            0.841675,
            43.156771
          ],
          [
            0.833714,
            43.165484
          ],
          [
            0.821971,
            43.188765
          ],
          [
            0.821231,
            43.190796
          ],
          [
            0.82087,
            43.191032
          ],
          [
            0.820231,
            43.191084
          ],
          [
            0.819843,
            43.19128
          ],
          [
            0.820109,
            43.19141
          ],
          [
            0.82051,
            43.191841
          ],
          [
            0.819757,
            43.191972
          ],
          [
            0.819323,
            43.192479
          ],
          [
            0.819257,
            43.192465
          ],
          [
            0.804476,
            43.209181
          ],
          [
            0.801487,
            43.210776
          ],
          [
            0.785068,
            43.224683
          ],
          [
            0.788761,
            43.226788
          ],
          [
            0.788671,
            43.227817
          ],
          [
            0.785096,
            43.228892
          ],
          [
            0.78374,
            43.230269
          ],
          [
            0.78501,
            43.233978
          ],
          [
            0.778457,
            43.240322
          ],
          [
            0.77964,
            43.240853
          ],
          [
            0.754123,
            43.270159
          ],
          [
            0.753422,
            43.269388
          ],
          [
            0.751627,
            43.271561
          ],
          [
            0.738023,
            43.276244
          ],
          [
            0.734249,
            43.274994
          ],
          [
            0.702335,
            43.291259
          ],
          [
            0.701817,
            43.290243
          ],
          [
            0.691952,
            43.29257
          ],
          [
            0.689061,
            43.296548
          ],
          [
            0.689694,
            43.296318
          ],
          [
            0.691284,
            43.317157
          ],
          [
            0.692367,
            43.317071
          ],
          [
            0.696354,
            43.324503
          ],
          [
            0.681268,
            43.331826
          ],
          [
            0.681863,
            43.332313
          ],
          [
            0.680989,
            43.332827
          ],
          [
            0.682279,
            43.334485
          ],
          [
            0.682399,
            43.33459
          ],
          [
            0.682949,
            43.33616
          ],
          [
            0.676191,
            43.339111
          ],
          [
            0.676635,
            43.338761
          ],
          [
            0.667768,
            43.339628
          ],
          [
            0.64516,
            43.344558
          ],
          [
            0.639489,
            43.350635
          ],
          [
            0.632665,
            43.356474
          ],
          [
            0.631557,
            43.357815
          ],
          [
            0.630878,
            43.360456
          ],
          [
            0.614976,
            43.373505
          ],
          [
            0.61593,
            43.375412
          ],
          [
            0.599987,
            43.381479
          ],
          [
            0.601854,
            43.384333
          ],
          [
            0.601953,
            43.38431
          ],
          [
            0.603638,
            43.387629
          ],
          [
            0.601071,
            43.388171
          ],
          [
            0.602741,
            43.390589
          ],
          [
            0.603426,
            43.391959
          ],
          [
            0.585736,
            43.411003
          ],
          [
            0.588099,
            43.428824
          ],
          [
            0.581331,
            43.429448
          ],
          [
            0.581367,
            43.429536
          ],
          [
            0.58069,
            43.429615
          ],
          [
            0.580461,
            43.429522
          ],
          [
            0.579221,
            43.430863
          ],
          [
            0.579371,
            43.43144
          ],
          [
            0.577969,
            43.431693
          ],
          [
            0.577692,
            43.431896
          ],
          [
            0.57304,
            43.433803
          ],
          [
            0.570697,
            43.437987
          ],
          [
            0.56286,
            43.443829
          ],
          [
            0.555965,
            43.448096
          ],
          [
            0.540451,
            43.456637
          ],
          [
            0.541703,
            43.458998
          ],
          [
            0.536315,
            43.466271
          ],
          [
            0.536233,
            43.46624
          ],
          [
            0.529101,
            43.471701
          ],
          [
            0.529581,
            43.472438
          ],
          [
            0.523153,
            43.472912
          ],
          [
            0.525701,
            43.486327
          ],
          [
            0.499987,
            43.494907
          ],
          [
            0.497541,
            43.49543
          ],
          [
            0.497289,
            43.496874
          ],
          [
            0.495767,
            43.496899
          ],
          [
            0.494182,
            43.49728
          ],
          [
            0.494364,
            43.503303
          ],
          [
            0.49396,
            43.504047
          ],
          [
            0.490748,
            43.514093
          ],
          [
            0.483062,
            43.516239
          ],
          [
            0.483625,
            43.519092
          ],
          [
            0.485382,
            43.52415
          ],
          [
            0.468424,
            43.532848
          ],
          [
            0.468419,
            43.53913
          ],
          [
            0.460101,
            43.541979
          ],
          [
            0.461767,
            43.542189
          ],
          [
            0.461894,
            43.542499
          ],
          [
            0.459833,
            43.547994
          ],
          [
            0.452845,
            43.557187
          ],
          [
            0.452274,
            43.557426
          ],
          [
            0.44424,
            43.566585
          ],
          [
            0.438311,
            43.571791
          ],
          [
            0.428648,
            43.580972
          ],
          [
            0.419598,
            43.580935
          ],
          [
            0.419235,
            43.581619
          ],
          [
            0.418969,
            43.581619
          ],
          [
            0.418229,
            43.581176
          ],
          [
            0.413425,
            43.58482
          ],
          [
            0.411481,
            43.58586
          ],
          [
            0.410493,
            43.585431
          ],
          [
            0.398339,
            43.60976
          ],
          [
            0.397998,
            43.609684
          ],
          [
            0.396799,
            43.611632
          ],
          [
            0.396206,
            43.611789
          ],
          [
            0.39402,
            43.642821
          ],
          [
            0.398984,
            43.659115
          ],
          [
            0.397337,
            43.661626
          ],
          [
            0.395727,
            43.66366
          ],
          [
            0.395674,
            43.663645
          ],
          [
            0.394754,
            43.664348
          ],
          [
            0.394753,
            43.664398
          ],
          [
            0.394682,
            43.664402
          ],
          [
            0.394985,
            43.666336
          ],
          [
            0.394726,
            43.66625
          ],
          [
            0.394631,
            43.666381
          ],
          [
            0.394401,
            43.666742
          ],
          [
            0.394596,
            43.666842
          ],
          [
            0.394744,
            43.667544
          ],
          [
            0.394425,
            43.667727
          ],
          [
            0.393432,
            43.667419
          ],
          [
            0.393054,
            43.667423
          ],
          [
            0.392985,
            43.667522
          ],
          [
            0.378785,
            43.669846
          ],
          [
            0.380792,
            43.673553
          ],
          [
            0.380576,
            43.676882
          ],
          [
            0.381387,
            43.677134
          ],
          [
            0.38027,
            43.679287
          ],
          [
            0.379356,
            43.683689
          ],
          [
            0.378545,
            43.683653
          ],
          [
            0.379578,
            43.68833
          ],
          [
            0.367785,
            43.694936
          ],
          [
            0.365676,
            43.698022
          ],
          [
            0.364445,
            43.698185
          ],
          [
            0.360761,
            43.702339
          ],
          [
            0.350478,
            43.702312
          ],
          [
            0.349503,
            43.703412
          ],
          [
            0.348265,
            43.706283
          ],
          [
            0.346917,
            43.714559
          ],
          [
            0.345372,
            43.7179
          ],
          [
            0.343085,
            43.717843
          ],
          [
            0.342973,
            43.717914
          ],
          [
            0.339157,
            43.723393
          ],
          [
            0.338209,
            43.725917
          ],
          [
            0.337432,
            43.730136
          ],
          [
            0.329967,
            43.736342
          ],
          [
            0.329656,
            43.736253
          ],
          [
            0.326437,
            43.737627
          ],
          [
            0.325368,
            43.739264
          ],
          [
            0.324167,
            43.742297
          ],
          [
            0.317582,
            43.747297
          ],
          [
            0.308665,
            43.754583
          ],
          [
            0.304188,
            43.755792
          ],
          [
            0.304085,
            43.756198
          ],
          [
            0.303607,
            43.756049
          ],
          [
            0.30356,
            43.756398
          ],
          [
            0.302813,
            43.757209
          ],
          [
            0.302461,
            43.757201
          ],
          [
            0.302519,
            43.757931
          ],
          [
            0.302547,
            43.758318
          ],
          [
            0.302562,
            43.759133
          ],
          [
            0.301731,
            43.759172
          ],
          [
            0.301704,
            43.759451
          ],
          [
            0.301208,
            43.759498
          ],
          [
            0.301175,
            43.759565
          ],
          [
            0.300986,
            43.759476
          ],
          [
            0.300107,
            43.761498
          ],
          [
            0.277629,
            43.773642
          ],
          [
            0.269893,
            43.779981
          ],
          [
            0.262669,
            43.781737
          ],
          [
            0.259856,
            43.783055
          ],
          [
            0.237372,
            43.784606
          ],
          [
            0.22694,
            43.795285
          ],
          [
            0.225832,
            43.795831
          ],
          [
            0.226258,
            43.798115
          ],
          [
            0.226154,
            43.798153
          ],
          [
            0.226699,
            43.79874
          ],
          [
            0.226661,
            43.799583
          ],
          [
            0.227448,
            43.799703
          ],
          [
            0.227326,
            43.800129
          ],
          [
            0.227205,
            43.800553
          ],
          [
            0.218377,
            43.82068
          ],
          [
            0.170788,
            43.877529
          ],
          [
            0.170583,
            43.878264
          ],
          [
            0.170595,
            43.879543
          ],
          [
            0.161765,
            43.887149
          ],
          [
            0.154018,
            43.89157
          ],
          [
            0.151636,
            43.890584
          ],
          [
            0.146449,
            43.892772
          ],
          [
            0.141742,
            43.893543
          ],
          [
            0.137757,
            43.899206
          ],
          [
            0.13752,
            43.899288
          ],
          [
            0.137688,
            43.899481
          ],
          [
            0.127951,
            43.924805
          ],
          [
            0.127226,
            43.925066
          ],
          [
            0.097466,
            43.942466
          ],
          [
            0.095235,
            43.944305
          ],
          [
            0.09377,
            43.944648
          ],
          [
            0.084696,
            43.949119
          ],
          [
            0.084873,
            43.949366
          ],
          [
            0.082001,
            43.95028
          ],
          [
            0.081488,
            43.950253
          ],
          [
            0.07068,
            43.966296
          ],
          [
            0.068535,
            43.97104
          ],
          [
            0.062905,
            43.976554
          ],
          [
            0.062392,
            43.976624
          ],
          [
            0.028063,
            43.978985
          ],
          [
            0.027258,
            43.97838
          ],
          [
            0.009912,
            43.984005
          ],
          [
            0.009926,
            43.98405
          ],
          [
            0.010462,
            43.984574
          ],
          [
            0.010161,
            43.98546
          ],
          [
            0.009591,
            43.985668
          ],
          [
            0.009704,
            43.986645
          ],
          [
            0.010112,
            43.988181
          ],
          [
            0.008815,
            43.988428
          ],
          [
            0.008987,
            43.990325
          ],
          [
            0.007123,
            43.990665
          ],
          [
            0.004822,
            43.991592
          ],
          [
            0.004493,
            43.991773
          ],
          [
            0.003569,
            43.992311
          ],
          [
            0.000216,
            43.993533
          ],
          [
            -0.008189,
            43.998211
          ],
          [
            -0.014691,
            44.00225
          ],
          [
            -0.014613,
            44.002128
          ],
          [
            -0.024898,
            44.006317
          ],
          [
            -0.024395,
            44.007711
          ],
          [
            -0.033623,
            44.01054
          ],
          [
            -0.033817,
            44.010481
          ],
          [
            -0.033908,
            44.010486
          ],
          [
            -0.040829,
            44.014725
          ],
          [
            -0.042005,
            44.014809
          ],
          [
            -0.040563,
            44.018329
          ],
          [
            -0.156041,
            44.0888
          ],
          [
            -0.167642,
            44.096082
          ],
          [
            -0.218267,
            44.126561
          ],
          [
            -0.218285,
            44.129643
          ],
          [
            -0.217643,
            44.131932
          ],
          [
            -0.235638,
            44.163923
          ],
          [
            -0.257976,
            44.197358
          ],
          [
            -0.253434,
            44.209155
          ],
          [
            -0.252251,
            44.216668
          ],
          [
            -0.254329,
            44.216925
          ],
          [
            -0.256117,
            44.227988
          ],
          [
            -0.257922,
            44.229703
          ],
          [
            -0.256624,
            44.28546
          ],
          [
            -0.2321,
            44.37507
          ],
          [
            -0.230153,
            44.376005
          ],
          [
            -0.220797,
            44.419827
          ],
          [
            -0.223885,
            44.421843
          ],
          [
            -0.224439,
            44.42262
          ],
          [
            -0.224165,
            44.422902
          ],
          [
            -0.229982,
            44.428562
          ],
          [
            -0.23033,
            44.428517
          ],
          [
            -0.232708,
            44.428693
          ],
          [
            -0.232641,
            44.428936
          ],
          [
            -0.234011,
            44.430197
          ],
          [
            -0.238205,
            44.433447
          ],
          [
            -0.239182,
            44.435547
          ],
          [
            -0.247914,
            44.439828
          ],
          [
            -0.249086,
            44.439178
          ],
          [
            -0.262441,
            44.442467
          ],
          [
            -0.272419,
            44.444711
          ],
          [
            -0.271675,
            44.449494
          ],
          [
            -0.291997,
            44.462407
          ],
          [
            -0.298483,
            44.47089
          ],
          [
            -0.298578,
            44.470806
          ],
          [
            -0.29961,
            44.472427
          ],
          [
            -0.299467,
            44.472526
          ],
          [
            -0.294857,
            44.509405
          ],
          [
            -0.299534,
            44.519886
          ],
          [
            -0.295662,
            44.526016
          ],
          [
            -0.298784,
            44.52783
          ],
          [
            -0.299641,
            44.528208
          ],
          [
            -0.301515,
            44.529459
          ],
          [
            -0.297276,
            44.535403
          ],
          [
            -0.296958,
            44.535871
          ],
          [
            -0.293915,
            44.552916
          ],
          [
            -0.297924,
            44.571386
          ],
          [
            -0.296972,
            44.571802
          ],
          [
            -0.300395,
            44.576029
          ],
          [
            -0.300141,
            44.57622
          ],
          [
            -0.301799,
            44.578532
          ],
          [
            -0.300496,
            44.5792
          ],
          [
            -0.294812,
            44.584513
          ],
          [
            -0.295092,
            44.584761
          ],
          [
            -0.293908,
            44.585732
          ],
          [
            -0.293429,
            44.585975
          ],
          [
            -0.294419,
            44.588884
          ],
          [
            -0.294655,
            44.589376
          ],
          [
            -0.300909,
            44.59944
          ],
          [
            -0.302112,
            44.600934
          ],
          [
            -0.303374,
            44.602457
          ],
          [
            -0.30353,
            44.602599
          ],
          [
            -0.3044,
            44.610995
          ],
          [
            -0.304859,
            44.610827
          ],
          [
            -0.304247,
            44.612416
          ],
          [
            -0.329045,
            44.632353
          ],
          [
            -0.329166,
            44.632702
          ],
          [
            -0.321497,
            44.636885
          ],
          [
            -0.32173,
            44.637292
          ],
          [
            -0.321703,
            44.637303
          ],
          [
            -0.322198,
            44.638572
          ],
          [
            -0.32419,
            44.641859
          ],
          [
            -0.335912,
            44.651125
          ],
          [
            -0.342173,
            44.655532
          ],
          [
            -0.343833,
            44.656462
          ],
          [
            -0.350594,
            44.66178
          ],
          [
            -0.350349,
            44.661932
          ],
          [
            -0.350603,
            44.662179
          ],
          [
            -0.352351,
            44.663897
          ],
          [
            -0.35254,
            44.664025
          ],
          [
            -0.352643,
            44.664098
          ],
          [
            -0.352578,
            44.664442
          ],
          [
            -0.352736,
            44.664783
          ],
          [
            -0.353486,
            44.666333
          ],
          [
            -0.353843,
            44.666284
          ],
          [
            -0.365462,
            44.680841
          ],
          [
            -0.364927,
            44.681017
          ],
          [
            -0.365639,
            44.68238
          ],
          [
            -0.36453,
            44.682783
          ],
          [
            -0.371067,
            44.690412
          ],
          [
            -0.371665,
            44.691338
          ],
          [
            -0.374702,
            44.694267
          ],
          [
            -0.375893,
            44.694833
          ],
          [
            -0.378996,
            44.696599
          ],
          [
            -0.379127,
            44.69655
          ],
          [
            -0.38017,
            44.697621
          ],
          [
            -0.382722,
            44.699045
          ],
          [
            -0.384037,
            44.698511
          ],
          [
            -0.392247,
            44.701744
          ],
          [
            -0.402822,
            44.70686
          ],
          [
            -0.403158,
            44.707051
          ],
          [
            -0.402526,
            44.708613
          ],
          [
            -0.401892,
            44.709017
          ],
          [
            -0.400922,
            44.709662
          ],
          [
            -0.399644,
            44.71083
          ],
          [
            -0.399984,
            44.711286
          ],
          [
            -0.400231,
            44.711755
          ],
          [
            -0.400362,
            44.712094
          ],
          [
            -0.400183,
            44.712457
          ],
          [
            -0.400352,
            44.712815
          ],
          [
            -0.405744,
            44.720711
          ],
          [
            -0.401741,
            44.726341
          ],
          [
            -0.420743,
            44.747607
          ],
          [
            -0.417541,
            44.748246
          ],
          [
            -0.419695,
            44.751745
          ],
          [
            -0.427327,
            44.754796
          ],
          [
            -0.421754,
            44.769005
          ],
          [
            -0.421922,
            44.769067
          ],
          [
            -0.439974,
            44.786288
          ],
          [
            -0.438148,
            44.788189
          ],
          [
            -0.438816,
            44.789917
          ],
          [
            -0.440313,
            44.789855
          ],
          [
            -0.443113,
            44.795371
          ],
          [
            -0.440899,
            44.804859
          ],
          [
            -0.447265,
            44.81828
          ],
          [
            -0.448513,
            44.821989
          ],
          [
            -0.44829,
            44.822087
          ],
          [
            -0.447889,
            44.824376
          ],
          [
            -0.448795,
            44.82462
          ],
          [
            -0.448034,
            44.827135
          ],
          [
            -0.448238,
            44.82738
          ],
          [
            -0.448584,
            44.832302
          ],
          [
            -0.449495,
            44.83234
          ],
          [
            -0.45101,
            44.839344
          ],
          [
            -0.451378,
            44.840619
          ],
          [
            -0.454749,
            44.843033
          ],
          [
            -0.454547,
            44.847495
          ],
          [
            -0.45448,
            44.84886
          ],
          [
            -0.454,
            44.850745
          ],
          [
            -0.454135,
            44.85075
          ],
          [
            -0.453988,
            44.851058
          ],
          [
            -0.452358,
            44.852626
          ],
          [
            -0.451846,
            44.852677
          ],
          [
            -0.454933,
            44.861714
          ],
          [
            -0.4551,
            44.861688
          ],
          [
            -0.455108,
            44.861752
          ],
          [
            -0.456185,
            44.861606
          ],
          [
            -0.457077,
            44.861552
          ],
          [
            -0.459582,
            44.864687
          ],
          [
            -0.462166,
            44.865037
          ],
          [
            -0.464069,
            44.86624
          ],
          [
            -0.467833,
            44.868241
          ],
          [
            -0.468859,
            44.868711
          ],
          [
            -0.469167,
            44.869623
          ],
          [
            -0.469415,
            44.869595
          ],
          [
            -0.477382,
            44.87173
          ],
          [
            -0.477086,
            44.878131
          ],
          [
            -0.476797,
            44.882371
          ],
          [
            -0.477089,
            44.88242
          ],
          [
            -0.475296,
            44.885154
          ],
          [
            -0.473351,
            44.887111
          ],
          [
            -0.472385,
            44.887708
          ],
          [
            -0.471976,
            44.888131
          ],
          [
            -0.477433,
            44.897729
          ],
          [
            -0.476399,
            44.898266
          ],
          [
            -0.482714,
            44.903841
          ],
          [
            -0.482713,
            44.903982
          ],
          [
            -0.48266,
            44.915481
          ],
          [
            -0.480577,
            44.918938
          ],
          [
            -0.476817,
            44.925121
          ],
          [
            -0.473506,
            44.932804
          ],
          [
            -0.473331,
            44.933013
          ],
          [
            -0.47331,
            44.933136
          ],
          [
            -0.472767,
            44.933582
          ],
          [
            -0.471753,
            44.940139
          ],
          [
            -0.467436,
            44.951782
          ],
          [
            -0.467534,
            44.952189
          ],
          [
            -0.467634,
            44.952216
          ],
          [
            -0.467786,
            44.952628
          ],
          [
            -0.467994,
            44.952571
          ],
          [
            -0.4688,
            44.954019
          ],
          [
            -0.469101,
            44.955986
          ],
          [
            -0.468867,
            44.955986
          ],
          [
            -0.468453,
            44.956234
          ],
          [
            -0.468384,
            44.956268
          ],
          [
            -0.454711,
            44.966812
          ],
          [
            -0.454899,
            44.966932
          ],
          [
            -0.453393,
            44.971558
          ],
          [
            -0.453925,
            44.971864
          ],
          [
            -0.453261,
            44.973961
          ],
          [
            -0.451895,
            44.976121
          ],
          [
            -0.450908,
            44.983607
          ],
          [
            -0.449898,
            44.987015
          ],
          [
            -0.449642,
            44.987366
          ],
          [
            -0.450008,
            44.987683
          ],
          [
            -0.449603,
            44.987956
          ],
          [
            -0.44879,
            44.989781
          ],
          [
            -0.449736,
            44.989785
          ],
          [
            -0.449865,
            44.991305
          ],
          [
            -0.449321,
            44.99139
          ],
          [
            -0.449506,
            44.992567
          ],
          [
            -0.449097,
            44.992725
          ],
          [
            -0.449308,
            44.992784
          ],
          [
            -0.449833,
            44.994139
          ],
          [
            -0.448969,
            44.994323
          ],
          [
            -0.447565,
            44.999758
          ],
          [
            -0.449601,
            45.001861
          ],
          [
            -0.451115,
            45.004584
          ],
          [
            -0.451797,
            45.005846
          ],
          [
            -0.454101,
            45.010339
          ],
          [
            -0.455416,
            45.01357
          ],
          [
            -0.455029,
            45.013753
          ],
          [
            -0.456792,
            45.014742
          ],
          [
            -0.456847,
            45.014715
          ],
          [
            -0.460421,
            45.017629
          ],
          [
            -0.463796,
            45.018459
          ],
          [
            -0.469171,
            45.033898
          ],
          [
            -0.470745,
            45.034702
          ],
          [
            -0.468072,
            45.038821
          ],
          [
            -0.467135,
            45.043997
          ],
          [
            -0.467212,
            45.044089
          ],
          [
            -0.470233,
            45.048608
          ],
          [
            -0.470411,
            45.048473
          ],
          [
            -0.470754,
            45.04839
          ],
          [
            -0.483521,
            45.063474
          ],
          [
            -0.495411,
            45.074069
          ],
          [
            -0.497334,
            45.075573
          ],
          [
            -0.497682,
            45.075776
          ],
          [
            -0.506789,
            45.082491
          ],
          [
            -0.506561,
            45.085074
          ],
          [
            -0.508616,
            45.086869
          ],
          [
            -0.509636,
            45.087025
          ],
          [
            -0.509342,
            45.089008
          ],
          [
            -0.512128,
            45.090246
          ],
          [
            -0.511849,
            45.091163
          ],
          [
            -0.517746,
            45.092536
          ],
          [
            -0.517461,
            45.099098
          ],
          [
            -0.522247,
            45.102327
          ],
          [
            -0.523545,
            45.104349
          ],
          [
            -0.522794,
            45.107537
          ],
          [
            -0.523968,
            45.107937
          ],
          [
            -0.524038,
            45.1079
          ],
          [
            -0.527461,
            45.108824
          ],
          [
            -0.534559,
            45.112813
          ],
          [
            -0.5342,
            45.113518
          ],
          [
            -0.539643,
            45.116013
          ],
          [
            -0.538626,
            45.122521
          ],
          [
            -0.541503,
            45.122741
          ],
          [
            -0.54122,
            45.126353
          ],
          [
            -0.546573,
            45.128671
          ],
          [
            -0.545581,
            45.135482
          ],
          [
            -0.544605,
            45.135423
          ],
          [
            -0.542681,
            45.139987
          ],
          [
            -0.542101,
            45.14043
          ],
          [
            -0.5421,
            45.140397
          ],
          [
            -0.541682,
            45.140383
          ]
        ]
      }
    }
  ]
}