{
  "type": "FeatureCollection",
  "features": [
    {
      "type": "Feature",
      "properties": {
        "name": "GraphHopper Track",
        "source": "Circuit_Templiers.gpx",
        "type": "track"
      },
      "geometry": {
        "type": "LineString",
        "coordinates": [
          [
            3.315043,
            43.912246,
            776.75
          ],
          [
            3.31578,
            43.91263,
            776.92
          ],
          [
            3.315612,
            43.912663,
            778.01
          ],
          [
            3.315339,
            43.912655,
            778.68
          ],
          [
            3.314928,
            43.912534,
            779.16
          ],
          [
            3.314592,
            43.912655,
            780.29
          ],
          [
            3.31412,
            43.912855,
            778.86
          ],
          [
            3.313846,
            43.91296,
            777.1
          ],
          [
            3.313086,
            43.913144,
            773.7
          ],
          [
            3.312557,
            43.913294,
            771.97
          ],
          [
            3.311984,
            43.913444,
            771.06
          ],
          [
            3.311769,
            43.913582,
            771.0
          ],
          [
            3.311725,
            43.913646,
            771.0
          ],
          [
            3.311664,
            43.913706,
            771.0
          ],
          [
            3.311531,
            43.913775,
            771.0
          ],
          [
            3.311383,
            43.913826,
            771.0
          ],
          [
            3.311171,
            43.913877,
            771.0
          ],
          [
            3.310878,
            43.913922,
            770.99
          ],
          [
            3.31015,
            43.91401,
            770.97
          ],
          [
            3.309139,
            43.914156,
            771.02
          ],
          [
            3.309031,
            43.914184,
            771.08
          ],
          [
            3.308919,
            43.91422,
            771.11
          ],
          [
            3.308758,
            43.914303,
            771.0
          ],
          [
            3.308414,
            43.914516,
            770.98
          ],
          [
            3.308112,
            43.914686,
            771.0
          ],
          [
            3.308015,
            43.914728,
            771.0
          ],
          [
            3.307846,
            43.914767,
            771.0
          ],
          [
            3.307521,
            43.914802,
            771.1
          ],
          [
            3.306361,
            43.914821,
            772.42
          ],
          [
            3.306064,
            43.914846,
            772.97
          ],
          [
            3.30567,
            43.914911,
            773.78
          ],
          [
            3.305368,
            43.914972,
            774.51
          ],
          [
            3.305224,
            43.915008,
            774.92
          ],
          [
            3.30508,
            43.915058,
            775.39
          ],
          [
            3.304812,
            43.915169,
            776.39
          ],
          [
            3.304494,
            43.915314,
            777.67
          ],
          [
            3.304275,
            43.915396,
            778.87
          ],
          [
            3.304155,
            43.915423,
            779.46
          ],
          [
            3.304008,
            43.915437,
            779.93
          ],
          [
            3.303843,
            43.915441,
            781.1
          ],
          [
            3.303609,
            43.915431,
            782.53
          ],
          [
            3.303299,
            43.915403,
            784.14
          ],
          [
            3.30309,
            43.915374,
            784.71
          ],
          [
            3.303007,
            43.915413,
            785.04
          ],
          [
            3.302637,
            43.915506,
            785.55
          ],
          [
            3.302262,
            43.915588,
            785.4
          ],
          [
            3.30217,
            43.915625,
            785.08
          ],
          [
            3.302099,
            43.915674,
            784.78
          ],
          [
            3.302011,
            43.915699,
            784.46
          ],
          [
            3.301878,
            43.915685,
            784.42
          ],
          [
            3.30173,
            43.915602,
            784.67
          ],
          [
            3.301515,
            43.915452,
            784.23
          ],
          [
            3.301327,
            43.915301,
            783.81
          ],
          [
            3.301212,
            43.915179,
            783.52
          ],
          [
            3.301168,
            43.915116,
            783.34
          ],
          [
            3.301158,
            43.915046,
            783.66
          ],
          [
            3.30104,
            43.91501,
            783.31
          ],
          [
            3.300733,
            43.91489,
            782.86
          ],
          [
            3.300571,
            43.914843,
            782.66
          ],
          [
            3.300408,
            43.914815,
            782.32
          ],
          [
            3.299927,
            43.914808,
            781.13
          ],
          [
            3.299815,
            43.914792,
            780.82
          ],
          [
            3.299755,
            43.914775,
            780.64
          ],
          [
            3.299708,
            43.914741,
            780.44
          ],
          [
            3.299588,
            43.914616,
            779.84
          ],
          [
            3.299502,
            43.914581,
            779.57
          ],
          [
            3.299425,
            43.914561,
            779.33
          ],
          [
            3.299223,
            43.914547,
            778.59
          ],
          [
            3.29908,
            43.914513,
            778.06
          ],
          [
            3.298607,
            43.914339,
            777.42
          ],
          [
            3.298493,
            43.914326,
            778.57
          ],
          [
            3.298227,
            43.914354,
            781.16
          ],
          [
            3.298022,
            43.914361,
            783.27
          ],
          [
            3.29789,
            43.914386,
            783.86
          ],
          [
            3.297699,
            43.914445,
            784.78
          ],
          [
            3.297453,
            43.914541,
            785.56
          ],
          [
            3.297327,
            43.914605,
            785.98
          ],
          [
            3.297132,
            43.914719,
            786.64
          ],
          [
            3.297022,
            43.91476,
            786.94
          ],
          [
            3.296235,
            43.914968,
            788.37
          ],
          [
            3.295766,
            43.915064,
            788.89
          ],
          [
            3.295302,
            43.915171,
            789.12
          ],
          [
            3.294364,
            43.915406,
            790.09
          ],
          [
            3.294043,
            43.915526,
            790.15
          ],
          [
            3.293817,
            43.915572,
            790.11
          ],
          [
            3.293596,
            43.915629,
            790.0
          ],
          [
            3.293191,
            43.915746,
            789.75
          ],
          [
            3.292885,
            43.915826,
            789.54
          ],
          [
            3.292629,
            43.915864,
            789.36
          ],
          [
            3.2921,
            43.915987,
            788.94
          ],
          [
            3.291567,
            43.916082,
            788.42
          ],
          [
            3.291177,
            43.916102,
            788.87
          ],
          [
            3.290882,
            43.916148,
            788.52
          ],
          [
            3.290545,
            43.916268,
            787.54
          ],
          [
            3.290329,
            43.916317,
            786.88
          ],
          [
            3.290193,
            43.916361,
            786.38
          ],
          [
            3.289456,
            43.916636,
            782.94
          ],
          [
            3.289322,
            43.916664,
            782.53
          ],
          [
            3.289181,
            43.916683,
            782.36
          ],
          [
            3.289015,
            43.916735,
            782.08
          ],
          [
            3.288876,
            43.916791,
            781.88
          ],
          [
            3.288743,
            43.916862,
            781.59
          ],
          [
            3.288619,
            43.916953,
            781.44
          ],
          [
            3.288332,
            43.917278,
            781.1
          ],
          [
            3.28819,
            43.917364,
            780.98
          ],
          [
            3.288079,
            43.9174,
            780.92
          ],
          [
            3.287915,
            43.917421,
            780.9
          ],
          [
            3.287369,
            43.917435,
            780.89
          ],
          [
            3.286979,
            43.917467,
            780.93
          ],
          [
            3.286794,
            43.917474,
            781.0
          ],
          [
            3.286364,
            43.917458,
            781.21
          ],
          [
            3.285981,
            43.917418,
            781.36
          ],
          [
            3.285383,
            43.917432,
            781.46
          ],
          [
            3.285039,
            43.917487,
            781.52
          ],
          [
            3.284866,
            43.917503,
            781.49
          ],
          [
            3.284257,
            43.917472,
            782.0
          ],
          [
            3.283622,
            43.917449,
            783.74
          ],
          [
            3.2829,
            43.917343,
            785.44
          ],
          [
            3.282455,
            43.917304,
            786.3
          ],
          [
            3.28197,
            43.917284,
            786.49
          ],
          [
            3.281819,
            43.917291,
            786.55
          ],
          [
            3.281671,
            43.917321,
            786.45
          ],
          [
            3.281547,
            43.917356,
            786.36
          ],
          [
            3.28142,
            43.917408,
            786.13
          ],
          [
            3.28115,
            43.917585,
            785.16
          ],
          [
            3.281015,
            43.917649,
            784.7
          ],
          [
            3.280841,
            43.917713,
            784.03
          ],
          [
            3.279951,
            43.917956,
            780.17
          ],
          [
            3.279746,
            43.918064,
            779.19
          ],
          [
            3.279558,
            43.918226,
            778.07
          ],
          [
            3.279441,
            43.918349,
            777.69
          ],
          [
            3.279237,
            43.918605,
            777.09
          ],
          [
            3.279027,
            43.918843,
            776.41
          ],
          [
            3.278856,
            43.918979,
            775.68
          ],
          [
            3.278745,
            43.919048,
            775.49
          ],
          [
            3.278552,
            43.919145,
            774.46
          ],
          [
            3.278398,
            43.919208,
            773.17
          ],
          [
            3.278252,
            43.919231,
            772.24
          ],
          [
            3.278039,
            43.919248,
            770.81
          ],
          [
            3.277895,
            43.919277,
            769.93
          ],
          [
            3.277358,
            43.919494,
            767.11
          ],
          [
            3.276895,
            43.919639,
            765.31
          ],
          [
            3.276538,
            43.919743,
            764.07
          ],
          [
            3.276381,
            43.919831,
            763.44
          ],
          [
            3.276121,
            43.919931,
            762.69
          ],
          [
            3.275881,
            43.919986,
            762.14
          ],
          [
            3.275795,
            43.920013,
            762.0
          ],
          [
            3.275758,
            43.920048,
            761.95
          ],
          [
            3.275628,
            43.92009,
            761.56
          ],
          [
            3.275229,
            43.920049,
            760.77
          ],
          [
            3.274692,
            43.920063,
            760.48
          ],
          [
            3.274522,
            43.920038,
            760.58
          ],
          [
            3.274242,
            43.919956,
            761.41
          ],
          [
            3.274049,
            43.91993,
            762.38
          ],
          [
            3.273887,
            43.919941,
            762.59
          ],
          [
            3.273705,
            43.919938,
            762.51
          ],
          [
            3.273572,
            43.919911,
            762.59
          ],
          [
            3.273439,
            43.91985,
            762.35
          ],
          [
            3.273266,
            43.919754,
            761.97
          ],
          [
            3.273067,
            43.919607,
            760.99
          ],
          [
            3.272835,
            43.919478,
            759.34
          ],
          [
            3.272231,
            43.919198,
            757.03
          ],
          [
            3.271965,
            43.919047,
            756.57
          ],
          [
            3.271891,
            43.919018,
            756.5
          ],
          [
            3.271662,
            43.918972,
            756.35
          ],
          [
            3.271526,
            43.918917,
            756.46
          ],
          [
            3.271417,
            43.918882,
            756.69
          ],
          [
            3.271226,
            43.918873,
            756.94
          ],
          [
            3.27093,
            43.918817,
            756.15
          ],
          [
            3.270748,
            43.918811,
            755.94
          ],
          [
            3.270552,
            43.918834,
            755.59
          ],
          [
            3.270208,
            43.918891,
            754.47
          ],
          [
            3.270101,
            43.918897,
            754.1
          ],
          [
            3.270008,
            43.918886,
            753.81
          ],
          [
            3.269866,
            43.918838,
            753.39
          ],
          [
            3.269694,
            43.91876,
            752.7
          ],
          [
            3.26959,
            43.918699,
            752.22
          ],
          [
            3.269483,
            43.918649,
            751.74
          ],
          [
            3.269383,
            43.918616,
            751.44
          ],
          [
            3.269283,
            43.918598,
            751.24
          ],
          [
            3.269077,
            43.918583,
            750.99
          ],
          [
            3.268912,
            43.918629,
            751.06
          ],
          [
            3.267954,
            43.91882,
            750.66
          ],
          [
            3.267638,
            43.918853,
            750.44
          ],
          [
            3.26732,
            43.918849,
            750.17
          ],
          [
            3.267246,
            43.918868,
            750.19
          ],
          [
            3.267104,
            43.918961,
            750.11
          ],
          [
            3.266805,
            43.919029,
            749.87
          ],
          [
            3.266568,
            43.919116,
            750.0
          ],
          [
            3.266254,
            43.919253,
            750.51
          ],
          [
            3.26604,
            43.919357,
            751.3
          ],
          [
            3.265734,
            43.919453,
            752.52
          ],
          [
            3.264583,
            43.919962,
            751.47
          ],
          [
            3.263674,
            43.920216,
            751.24
          ],
          [
            3.263539,
            43.920235,
            751.75
          ],
          [
            3.263548,
            43.920293,
            751.91
          ],
          [
            3.263567,
            43.920331,
            752.04
          ],
          [
            3.263477,
            43.920345,
            752.34
          ],
          [
            3.263405,
            43.920391,
            753.2
          ],
          [
            3.263204,
            43.920534,
            755.95
          ],
          [
            3.263142,
            43.920622,
            757.05
          ],
          [
            3.26304,
            43.920879,
            758.88
          ],
          [
            3.262836,
            43.921253,
            760.04
          ],
          [
            3.26274,
            43.921493,
            759.0
          ],
          [
            3.262682,
            43.921553,
            758.58
          ],
          [
            3.262657,
            43.921639,
            758.16
          ],
          [
            3.262612,
            43.921695,
            757.67
          ],
          [
            3.262536,
            43.921718,
            757.07
          ],
          [
            3.262407,
            43.921778,
            755.72
          ],
          [
            3.262329,
            43.921803,
            754.82
          ],
          [
            3.262049,
            43.92181,
            751.41
          ],
          [
            3.261973,
            43.921841,
            750.45
          ],
          [
            3.261904,
            43.921844,
            749.94
          ],
          [
            3.261862,
            43.921879,
            749.59
          ],
          [
            3.261765,
            43.921993,
            748.81
          ],
          [
            3.261273,
            43.922219,
            747.66
          ],
          [
            3.260842,
            43.922375,
            747.1
          ],
          [
            3.260105,
            43.922696,
            746.94
          ],
          [
            3.260005,
            43.922784,
            746.97
          ],
          [
            3.259802,
            43.923128,
            747.0
          ],
          [
            3.259742,
            43.923167,
            747.0
          ],
          [
            3.259524,
            43.923196,
            747.0
          ],
          [
            3.259218,
            43.923196,
            747.19
          ],
          [
            3.258923,
            43.92314,
            747.56
          ],
          [
            3.258807,
            43.923108,
            748.0
          ],
          [
            3.258692,
            43.923156,
            748.0
          ],
          [
            3.258169,
            43.923246,
            748.01
          ],
          [
            3.257626,
            43.923361,
            747.98
          ],
          [
            3.257021,
            43.923514,
            747.59
          ],
          [
            3.256916,
            43.923561,
            747.53
          ],
          [
            3.256824,
            43.923663,
            747.44
          ],
          [
            3.256743,
            43.923832,
            747.29
          ],
          [
            3.256658,
            43.923861,
            747.23
          ],
          [
            3.256524,
            43.923875,
            747.15
          ],
          [
            3.256426,
            43.923905,
            747.07
          ],
          [
            3.256341,
            43.92396,
            747.0
          ],
          [
            3.256236,
            43.924153,
            746.97
          ],
          [
            3.256069,
            43.924377,
            746.98
          ],
          [
            3.255781,
            43.9249,
            746.63
          ],
          [
            3.255586,
            43.925135,
            746.48
          ],
          [
            3.255257,
            43.925478,
            746.51
          ],
          [
            3.254722,
            43.925908,
            747.42
          ],
          [
            3.254584,
            43.925953,
            748.3
          ],
          [
            3.254474,
            43.925968,
            748.58
          ],
          [
            3.253701,
            43.926136,
            750.92
          ],
          [
            3.25354,
            43.926193,
            751.04
          ],
          [
            3.25347,
            43.926231,
            751.22
          ],
          [
            3.253411,
            43.926283,
            751.35
          ],
          [
            3.253378,
            43.926353,
            751.48
          ],
          [
            3.253374,
            43.92641,
            751.69
          ],
          [
            3.253427,
            43.926611,
            752.52
          ],
          [
            3.253408,
            43.926666,
            752.58
          ],
          [
            3.25337,
            43.92672,
            752.59
          ],
          [
            3.253293,
            43.926797,
            752.63
          ],
          [
            3.253171,
            43.926893,
            752.71
          ],
          [
            3.252924,
            43.92705,
            752.62
          ],
          [
            3.252793,
            43.927101,
            752.51
          ],
          [
            3.252526,
            43.927231,
            751.86
          ],
          [
            3.25214,
            43.927347,
            750.7
          ],
          [
            3.252021,
            43.927391,
            750.38
          ],
          [
            3.251733,
            43.927516,
            749.64
          ],
          [
            3.251607,
            43.927545,
            749.36
          ],
          [
            3.251448,
            43.927555,
            749.05
          ],
          [
            3.251337,
            43.927582,
            748.85
          ],
          [
            3.25098,
            43.92772,
            748.36
          ],
          [
            3.250741,
            43.927821,
            748.17
          ],
          [
            3.250484,
            43.927906,
            747.99
          ],
          [
            3.250274,
            43.927989,
            747.79
          ],
          [
            3.249795,
            43.928184,
            747.14
          ],
          [
            3.249532,
            43.928311,
            746.63
          ],
          [
            3.249052,
            43.928514,
            745.45
          ],
          [
            3.248981,
            43.928554,
            745.23
          ],
          [
            3.248854,
            43.928648,
            744.76
          ],
          [
            3.248575,
            43.92893,
            743.58
          ],
          [
            3.248277,
            43.929316,
            742.56
          ],
          [
            3.248101,
            43.929646,
            742.09
          ],
          [
            3.248081,
            43.92973,
            742.03
          ],
          [
            3.248053,
            43.930051,
            741.96
          ],
          [
            3.247984,
            43.930183,
            741.96
          ],
          [
            3.247791,
            43.930434,
            741.95
          ],
          [
            3.247647,
            43.930643,
            741.92
          ],
          [
            3.247365,
            43.930992,
            741.9
          ],
          [
            3.247296,
            43.931032,
            741.87
          ],
          [
            3.247178,
            43.931073,
            741.79
          ],
          [
            3.247081,
            43.931127,
            741.52
          ],
          [
            3.247028,
            43.931186,
            741.19
          ],
          [
            3.24698,
            43.931257,
            741.0
          ],
          [
            3.246752,
            43.931792,
            740.46
          ],
          [
            3.246498,
            43.932318,
            740.81
          ],
          [
            3.246436,
            43.932392,
            740.87
          ],
          [
            3.246389,
            43.932412,
            740.65
          ],
          [
            3.246434,
            43.932479,
            740.87
          ],
          [
            3.246492,
            43.932675,
            741.74
          ],
          [
            3.246506,
            43.932694,
            741.88
          ],
          [
            3.246426,
            43.932918,
            742.2
          ],
          [
            3.246449,
            43.932988,
            742.34
          ],
          [
            3.246628,
            43.93309,
            743.08
          ],
          [
            3.246538,
            43.933122,
            743.14
          ],
          [
            3.246408,
            43.933214,
            743.4
          ],
          [
            3.246267,
            43.933344,
            743.36
          ],
          [
            3.246166,
            43.933397,
            743.04
          ],
          [
            3.245929,
            43.933462,
            742.83
          ],
          [
            3.245779,
            43.933553,
            741.97
          ],
          [
            3.245728,
            43.933566,
            741.67
          ],
          [
            3.245663,
            43.933551,
            741.23
          ],
          [
            3.245646,
            43.933514,
            740.83
          ],
          [
            3.245525,
            43.933622,
            741.14
          ],
          [
            3.245452,
            43.93372,
            741.12
          ],
          [
            3.245399,
            43.933773,
            741.08
          ],
          [
            3.245345,
            43.933851,
            740.9
          ],
          [
            3.245174,
            43.934032,
            740.83
          ],
          [
            3.245135,
            43.934087,
            740.86
          ],
          [
            3.244991,
            43.934205,
            740.91
          ],
          [
            3.244734,
            43.934377,
            740.91
          ],
          [
            3.244589,
            43.934464,
            740.83
          ],
          [
            3.244482,
            43.934545,
            740.78
          ],
          [
            3.244356,
            43.934667,
            740.7
          ],
          [
            3.244219,
            43.934776,
            740.51
          ],
          [
            3.243746,
            43.934963,
            739.53
          ],
          [
            3.243475,
            43.935119,
            738.71
          ],
          [
            3.243346,
            43.935207,
            738.25
          ],
          [
            3.243276,
            43.935239,
            738.02
          ],
          [
            3.24304,
            43.935284,
            737.32
          ],
          [
            3.242785,
            43.935378,
            736.48
          ],
          [
            3.242642,
            43.935438,
            736.04
          ],
          [
            3.242537,
            43.935474,
            735.76
          ],
          [
            3.242408,
            43.935504,
            735.46
          ],
          [
            3.241969,
            43.935691,
            734.37
          ],
          [
            3.241833,
            43.935759,
            734.02
          ],
          [
            3.241645,
            43.935868,
            733.6
          ],
          [
            3.241117,
            43.936088,
            733.12
          ],
          [
            3.24087,
            43.936164,
            732.99
          ],
          [
            3.240692,
            43.936186,
            732.89
          ],
          [
            3.240535,
            43.936165,
            732.75
          ],
          [
            3.240393,
            43.936157,
            732.58
          ],
          [
            3.239461,
            43.936306,
            729.98
          ],
          [
            3.239324,
            43.936341,
            729.36
          ],
          [
            3.238027,
            43.936564,
            724.06
          ],
          [
            3.237805,
            43.93662,
            723.57
          ],
          [
            3.237024,
            43.936788,
            722.82
          ],
          [
            3.236487,
            43.936874,
            722.78
          ],
          [
            3.23597,
            43.936975,
            722.87
          ],
          [
            3.235704,
            43.937041,
            722.92
          ],
          [
            3.23551,
            43.937101,
            723.0
          ],
          [
            3.23479,
            43.937357,
            723.91
          ],
          [
            3.234559,
            43.937435,
            724.18
          ],
          [
            3.234432,
            43.937468,
            724.37
          ],
          [
            3.234284,
            43.937522,
            724.6
          ],
          [
            3.234118,
            43.937569,
            724.79
          ],
          [
            3.233772,
            43.937694,
            725.21
          ],
          [
            3.233509,
            43.937814,
            725.47
          ],
          [
            3.233392,
            43.93786,
            725.53
          ],
          [
            3.232989,
            43.938055,
            725.75
          ],
          [
            3.232887,
            43.938074,
            725.74
          ],
          [
            3.232758,
            43.938128,
            725.71
          ],
          [
            3.232574,
            43.938179,
            725.64
          ],
          [
            3.232295,
            43.938296,
            725.48
          ],
          [
            3.232227,
            43.938341,
            725.43
          ],
          [
            3.232176,
            43.938388,
            725.39
          ],
          [
            3.231991,
            43.938511,
            725.32
          ],
          [
            3.231776,
            43.938707,
            725.4
          ],
          [
            3.23147,
            43.938913,
            725.5
          ],
          [
            3.23139,
            43.938984,
            725.54
          ],
          [
            3.231328,
            43.939023,
            725.56
          ],
          [
            3.231285,
            43.939063,
            725.57
          ],
          [
            3.23126,
            43.939119,
            725.57
          ],
          [
            3.231187,
            43.939186,
            725.57
          ],
          [
            3.2311,
            43.939225,
            725.57
          ],
          [
            3.230935,
            43.939346,
            725.49
          ],
          [
            3.230811,
            43.93945,
            725.36
          ],
          [
            3.230683,
            43.939521,
            725.22
          ],
          [
            3.230297,
            43.939803,
            724.93
          ],
          [
            3.230222,
            43.939836,
            724.94
          ],
          [
            3.229846,
            43.940073,
            725.48
          ],
          [
            3.229579,
            43.940289,
            726.46
          ],
          [
            3.229504,
            43.940322,
            726.75
          ],
          [
            3.229402,
            43.940335,
            727.16
          ],
          [
            3.229279,
            43.940379,
            727.8
          ],
          [
            3.229145,
            43.940416,
            728.55
          ],
          [
            3.229048,
            43.940455,
            729.09
          ],
          [
            3.22896,
            43.940475,
            729.5
          ],
          [
            3.228923,
            43.940492,
            729.76
          ],
          [
            3.228804,
            43.940502,
            729.92
          ],
          [
            3.228674,
            43.940537,
            729.93
          ],
          [
            3.228516,
            43.940668,
            729.28
          ],
          [
            3.228152,
            43.94067,
            728.26
          ],
          [
            3.228033,
            43.940703,
            727.83
          ],
          [
            3.227977,
            43.94071,
            727.66
          ],
          [
            3.227882,
            43.940747,
            727.31
          ],
          [
            3.227839,
            43.940749,
            727.16
          ],
          [
            3.227767,
            43.940764,
            726.89
          ],
          [
            3.227743,
            43.940785,
            726.75
          ],
          [
            3.227553,
            43.940828,
            725.98
          ],
          [
            3.227463,
            43.940869,
            725.63
          ],
          [
            3.227385,
            43.940915,
            725.27
          ],
          [
            3.227139,
            43.941101,
            723.67
          ],
          [
            3.227008,
            43.941141,
            723.06
          ],
          [
            3.226867,
            43.941242,
            722.23
          ],
          [
            3.226817,
            43.941298,
            721.94
          ],
          [
            3.226623,
            43.94147,
            721.12
          ],
          [
            3.226329,
            43.94181,
            719.85
          ],
          [
            3.226236,
            43.941883,
            719.54
          ],
          [
            3.226132,
            43.941917,
            719.3
          ],
          [
            3.22558,
            43.94199,
            718.14
          ],
          [
            3.225233,
            43.942062,
            717.44
          ],
          [
            3.22511,
            43.942114,
            717.22
          ],
          [
            3.22499,
            43.942147,
            717.02
          ],
          [
            3.224791,
            43.942243,
            716.95
          ],
          [
            3.224589,
            43.942426,
            716.51
          ],
          [
            3.224542,
            43.942459,
            716.77
          ],
          [
            3.224451,
            43.942448,
            717.06
          ],
          [
            3.224423,
            43.942452,
            717.18
          ],
          [
            3.224326,
            43.942495,
            717.51
          ],
          [
            3.224214,
            43.94256,
            717.91
          ],
          [
            3.224069,
            43.942628,
            718.32
          ],
          [
            3.223924,
            43.942602,
            719.08
          ],
          [
            3.223555,
            43.942448,
            715.99
          ],
          [
            3.223437,
            43.942391,
            714.97
          ],
          [
            3.223237,
            43.942355,
            713.24
          ],
          [
            3.222883,
            43.942321,
            712.29
          ],
          [
            3.222313,
            43.942195,
            710.95
          ],
          [
            3.221655,
            43.941987,
            709.51
          ],
          [
            3.221431,
            43.941899,
            709.08
          ],
          [
            3.221259,
            43.941817,
            708.74
          ],
          [
            3.22118,
            43.9418,
            708.6
          ],
          [
            3.220995,
            43.941834,
            708.22
          ],
          [
            3.220551,
            43.941943,
            708.01
          ],
          [
            3.220488,
            43.941947,
            708.0
          ],
          [
            3.22037,
            43.941926,
            708.0
          ],
          [
            3.218145,
            43.942966,
            708.07
          ],
          [
            3.21752,
            43.943293,
            707.8
          ],
          [
            3.216873,
            43.943742,
            708.89
          ],
          [
            3.216774,
            43.94383,
            709.0
          ],
          [
            3.216628,
            43.943697,
            709.93
          ],
          [
            3.216422,
            43.943532,
            712.04
          ],
          [
            3.2158,
            43.943124,
            716.61
          ],
          [
            3.215319,
            43.94277,
            719.06
          ],
          [
            3.215176,
            43.942679,
            719.53
          ],
          [
            3.214472,
            43.942499,
            720.01
          ],
          [
            3.214398,
            43.942458,
            719.94
          ],
          [
            3.213949,
            43.942328,
            719.4
          ],
          [
            3.213703,
            43.942265,
            719.05
          ],
          [
            3.213222,
            43.94217,
            718.19
          ],
          [
            3.212801,
            43.942116,
            717.57
          ],
          [
            3.212367,
            43.942085,
            716.8
          ],
          [
            3.212199,
            43.942107,
            716.44
          ],
          [
            3.211899,
            43.942177,
            715.73
          ],
          [
            3.211612,
            43.942345,
            715.05
          ],
          [
            3.211076,
            43.942634,
            714.18
          ],
          [
            3.21089,
            43.942717,
            714.4
          ],
          [
            3.210668,
            43.942785,
            714.97
          ],
          [
            3.210191,
            43.94286,
            715.5
          ],
          [
            3.209871,
            43.942858,
            715.37
          ],
          [
            3.209009,
            43.942741,
            714.18
          ],
          [
            3.208462,
            43.942709,
            711.5
          ],
          [
            3.208603,
            43.943292,
            709.95
          ],
          [
            3.20861,
            43.94348,
            709.16
          ],
          [
            3.208515,
            43.943713,
            709.26
          ],
          [
            3.208342,
            43.944032,
            710.08
          ],
          [
            3.208191,
            43.944243,
            710.92
          ],
          [
            3.207737,
            43.94464,
            710.0
          ],
          [
            3.20727,
            43.944603,
            709.84
          ],
          [
            3.206807,
            43.94451,
            709.29
          ],
          [
            3.206723,
            43.9446,
            710.04
          ],
          [
            3.206614,
            43.944679,
            710.57
          ],
          [
            3.205983,
            43.945044,
            711.86
          ],
          [
            3.205773,
            43.945089,
            712.24
          ],
          [
            3.205593,
            43.945089,
            712.47
          ],
          [
            3.205321,
            43.945066,
            712.79
          ],
          [
            3.2049,
            43.945133,
            714.57
          ],
          [
            3.204619,
            43.945184,
            715.64
          ],
          [
            3.204534,
            43.945251,
            715.75
          ],
          [
            3.20451,
            43.945313,
            715.8
          ],
          [
            3.204518,
            43.94556,
            716.01
          ],
          [
            3.204471,
            43.945616,
            716.01
          ],
          [
            3.204268,
            43.945734,
            716.01
          ],
          [
            3.203676,
            43.946345,
            715.33
          ],
          [
            3.203584,
            43.946424,
            715.96
          ],
          [
            3.20338,
            43.946587,
            717.22
          ],
          [
            3.203115,
            43.946727,
            718.23
          ],
          [
            3.203076,
            43.9468,
            718.64
          ],
          [
            3.202889,
            43.947305,
            718.99
          ],
          [
            3.202928,
            43.947642,
            719.61
          ],
          [
            3.202616,
            43.948483,
            716.35
          ],
          [
            3.202422,
            43.948887,
            714.95
          ],
          [
            3.202352,
            43.948957,
            714.62
          ],
          [
            3.202094,
            43.949218,
            712.63
          ],
          [
            3.201674,
            43.949521,
            711.5
          ],
          [
            3.201027,
            43.949959,
            711.36
          ],
          [
            3.200777,
            43.950116,
            711.55
          ],
          [
            3.200609,
            43.950289,
            712.53
          ],
          [
            3.200341,
            43.9504,
            712.86
          ],
          [
            3.200204,
            43.950607,
            713.87
          ],
          [
            3.200098,
            43.950805,
            714.5
          ],
          [
            3.200009,
            43.951047,
            715.47
          ],
          [
            3.200003,
            43.951275,
            716.65
          ],
          [
            3.200074,
            43.951637,
            718.74
          ],
          [
            3.200125,
            43.951766,
            719.42
          ],
          [
            3.200124,
            43.95195,
            720.31
          ],
          [
            3.199489,
            43.952148,
            723.23
          ],
          [
            3.199408,
            43.952195,
            723.67
          ],
          [
            3.199284,
            43.95231,
            724.31
          ],
          [
            3.199219,
            43.952394,
            724.7
          ],
          [
            3.199173,
            43.952474,
            725.24
          ],
          [
            3.199044,
            43.952597,
            726.66
          ],
          [
            3.198772,
            43.952956,
            730.37
          ],
          [
            3.198681,
            43.953049,
            730.9
          ],
          [
            3.198561,
            43.953134,
            731.2
          ],
          [
            3.198457,
            43.953235,
            731.63
          ],
          [
            3.198248,
            43.953325,
            731.84
          ],
          [
            3.198113,
            43.95337,
            731.83
          ],
          [
            3.198057,
            43.953426,
            732.22
          ],
          [
            3.197831,
            43.953589,
            733.06
          ],
          [
            3.197638,
            43.953692,
            733.24
          ],
          [
            3.197598,
            43.953756,
            733.35
          ],
          [
            3.197548,
            43.953884,
            733.64
          ],
          [
            3.197471,
            43.95413,
            734.1
          ],
          [
            3.197358,
            43.954445,
            734.13
          ],
          [
            3.197229,
            43.954672,
            734.23
          ],
          [
            3.197076,
            43.954859,
            733.84
          ],
          [
            3.196949,
            43.95496,
            733.07
          ],
          [
            3.196809,
            43.955027,
            732.17
          ],
          [
            3.196792,
            43.955045,
            731.92
          ],
          [
            3.196409,
            43.955119,
            730.5
          ],
          [
            3.196225,
            43.955162,
            730.59
          ],
          [
            3.196089,
            43.955244,
            730.88
          ],
          [
            3.195969,
            43.95533,
            731.15
          ],
          [
            3.19579,
            43.955429,
            731.34
          ],
          [
            3.195045,
            43.955716,
            732.93
          ],
          [
            3.194914,
            43.955795,
            733.0
          ],
          [
            3.194749,
            43.955962,
            732.38
          ],
          [
            3.194545,
            43.956364,
            731.91
          ],
          [
            3.19435,
            43.956587,
            731.47
          ],
          [
            3.194256,
            43.956658,
            731.37
          ],
          [
            3.194167,
            43.956824,
            731.02
          ],
          [
            3.194041,
            43.956958,
            730.34
          ],
          [
            3.193961,
            43.957062,
            729.94
          ],
          [
            3.193853,
            43.957201,
            730.14
          ],
          [
            3.19363,
            43.957365,
            731.04
          ],
          [
            3.193204,
            43.957498,
            732.97
          ],
          [
            3.192976,
            43.957516,
            733.61
          ],
          [
            3.192694,
            43.957512,
            734.47
          ],
          [
            3.19227,
            43.95749,
            734.86
          ],
          [
            3.191877,
            43.957391,
            735.36
          ],
          [
            3.191777,
            43.95738,
            735.24
          ],
          [
            3.191343,
            43.9573,
            735.0
          ],
          [
            3.191294,
            43.957291,
            735.0
          ],
          [
            3.190983,
            43.957293,
            735.06
          ],
          [
            3.190485,
            43.957271,
            736.11
          ],
          [
            3.190231,
            43.957211,
            736.91
          ],
          [
            3.190013,
            43.957176,
            736.95
          ],
          [
            3.189678,
            43.957278,
            736.52
          ],
          [
            3.189367,
            43.957394,
            736.31
          ],
          [
            3.188886,
            43.957731,
            736.26
          ],
          [
            3.188605,
            43.95796,
            736.53
          ],
          [
            3.188416,
            43.95801,
            736.65
          ],
          [
            3.188178,
            43.958053,
            737.17
          ],
          [
            3.187733,
            43.958091,
            738.0
          ],
          [
            3.187803,
            43.958179,
            738.02
          ],
          [
            3.187942,
            43.958276,
            738.91
          ],
          [
            3.187781,
            43.958359,
            739.01
          ],
          [
            3.187571,
            43.958497,
            738.8
          ],
          [
            3.18736,
            43.95869,
            738.99
          ],
          [
            3.187227,
            43.958891,
            739.03
          ],
          [
            3.187112,
            43.959033,
            739.25
          ],
          [
            3.186959,
            43.959156,
            739.49
          ],
          [
            3.186661,
            43.959323,
            739.53
          ],
          [
            3.186505,
            43.95935,
            739.85
          ],
          [
            3.186377,
            43.959342,
            739.93
          ],
          [
            3.186221,
            43.95929,
            739.97
          ],
          [
            3.185947,
            43.959156,
            739.52
          ],
          [
            3.185582,
            43.958893,
            738.11
          ],
          [
            3.185233,
            43.95888,
            737.44
          ],
          [
            3.18499,
            43.958851,
            737.32
          ],
          [
            3.184726,
            43.958767,
            737.86
          ],
          [
            3.184521,
            43.959238,
            737.95
          ],
          [
            3.184401,
            43.959399,
            737.97
          ],
          [
            3.183836,
            43.959794,
            738.14
          ],
          [
            3.18322,
            43.960371,
            738.87
          ],
          [
            3.182849,
            43.960801,
            739.54
          ],
          [
            3.18255,
            43.961036,
            739.97
          ],
          [
            3.182155,
            43.961364,
            740.37
          ],
          [
            3.181799,
            43.961766,
            740.8
          ],
          [
            3.181645,
            43.962021,
            741.06
          ],
          [
            3.181483,
            43.962581,
            741.95
          ],
          [
            3.181213,
            43.963066,
            743.12
          ],
          [
            3.181159,
            43.963207,
            743.72
          ],
          [
            3.181093,
            43.963311,
            744.28
          ],
          [
            3.180902,
            43.963488,
            746.18
          ],
          [
            3.18081,
            43.963674,
            747.52
          ],
          [
            3.180512,
            43.964203,
            749.93
          ],
          [
            3.180341,
            43.964575,
            749.92
          ],
          [
            3.180228,
            43.964976,
            748.89
          ],
          [
            3.180087,
            43.965213,
            748.22
          ],
          [
            3.179532,
            43.965852,
            747.79
          ],
          [
            3.179301,
            43.966167,
            748.41
          ],
          [
            3.178902,
            43.966631,
            749.72
          ],
          [
            3.178439,
            43.966858,
            752.85
          ],
          [
            3.178361,
            43.966876,
            753.67
          ],
          [
            3.178111,
            43.966861,
            754.72
          ],
          [
            3.178034,
            43.966878,
            755.02
          ],
          [
            3.177748,
            43.967071,
            756.5
          ],
          [
            3.177806,
            43.967128,
            756.96
          ],
          [
            3.177798,
            43.967268,
            758.01
          ],
          [
            3.177633,
            43.967389,
            758.99
          ],
          [
            3.177427,
            43.967509,
            759.86
          ],
          [
            3.177235,
            43.967565,
            760.08
          ],
          [
            3.177067,
            43.967564,
            759.33
          ],
          [
            3.176507,
            43.967627,
            757.93
          ],
          [
            3.176004,
            43.967641,
            757.61
          ],
          [
            3.175343,
            43.96761,
            757.7
          ],
          [
            3.174325,
            43.96765,
            758.43
          ],
          [
            3.173988,
            43.967709,
            758.66
          ],
          [
            3.173682,
            43.967777,
            758.83
          ],
          [
            3.173419,
            43.967786,
            758.96
          ],
          [
            3.172132,
            43.967704,
            760.0
          ],
          [
            3.171206,
            43.967625,
            762.24
          ],
          [
            3.170643,
            43.967615,
            764.12
          ],
          [
            3.167752,
            43.967681,
            773.42
          ],
          [
            3.16698,
            43.967147,
            771.67
          ],
          [
            3.164738,
            43.966048,
            770.23
          ],
          [
            3.159061,
            43.963343,
            764.65
          ],
          [
            3.15905,
            43.963532,
            764.01
          ],
          [
            3.15946,
            43.964745,
            759.91
          ],
          [
            3.159468,
            43.964899,
            759.44
          ],
          [
            3.159413,
            43.965041,
            758.93
          ],
          [
            3.159326,
            43.965145,
            758.38
          ],
          [
            3.159012,
            43.965397,
            756.18
          ],
          [
            3.158887,
            43.965517,
            755.06
          ],
          [
            3.158849,
            43.965626,
            754.16
          ],
          [
            3.158859,
            43.965725,
            753.31
          ],
          [
            3.158928,
            43.965813,
            752.48
          ],
          [
            3.159111,
            43.965981,
            751.05
          ],
          [
            3.159236,
            43.96616,
            750.15
          ],
          [
            3.159288,
            43.966323,
            749.54
          ],
          [
            3.159302,
            43.966451,
            749.22
          ],
          [
            3.159266,
            43.966553,
            749.06
          ],
          [
            3.159176,
            43.966631,
            748.99
          ],
          [
            3.159008,
            43.966685,
            748.93
          ],
          [
            3.158657,
            43.966739,
            748.78
          ],
          [
            3.158322,
            43.966761,
            748.08
          ],
          [
            3.157991,
            43.966746,
            746.58
          ],
          [
            3.157632,
            43.966712,
            744.64
          ],
          [
            3.157399,
            43.966726,
            743.35
          ],
          [
            3.157037,
            43.966844,
            740.99
          ],
          [
            3.156735,
            43.966986,
            738.6
          ],
          [
            3.156531,
            43.96714,
            736.84
          ],
          [
            3.156397,
            43.967295,
            735.43
          ],
          [
            3.156365,
            43.967405,
            734.59
          ],
          [
            3.156382,
            43.967521,
            733.78
          ],
          [
            3.156445,
            43.96768,
            732.72
          ],
          [
            3.156635,
            43.967973,
            730.57
          ],
          [
            3.156699,
            43.968156,
            729.42
          ],
          [
            3.156693,
            43.968279,
            728.68
          ],
          [
            3.156638,
            43.968523,
            726.87
          ],
          [
            3.156635,
            43.968713,
            725.48
          ],
          [
            3.15667,
            43.968853,
            724.42
          ],
          [
            3.156741,
            43.969001,
            723.22
          ],
          [
            3.156894,
            43.969181,
            721.81
          ],
          [
            3.157119,
            43.969348,
            720.5
          ],
          [
            3.157507,
            43.969532,
            718.81
          ],
          [
            3.157684,
            43.969662,
            718.07
          ],
          [
            3.157919,
            43.969856,
            716.96
          ],
          [
            3.158099,
            43.969954,
            716.18
          ],
          [
            3.158365,
            43.97005,
            715.09
          ],
          [
            3.158983,
            43.970208,
            712.69
          ],
          [
            3.159296,
            43.970309,
            711.45
          ],
          [
            3.159528,
            43.970398,
            710.58
          ],
          [
            3.15964,
            43.970483,
            710.04
          ],
          [
            3.159685,
            43.970562,
            709.64
          ],
          [
            3.159683,
            43.970693,
            709.04
          ],
          [
            3.159644,
            43.970861,
            708.29
          ],
          [
            3.159475,
            43.971143,
            707.03
          ],
          [
            3.159387,
            43.971353,
            706.09
          ],
          [
            3.159265,
            43.971605,
            704.72
          ],
          [
            3.159116,
            43.971769,
            703.66
          ],
          [
            3.158975,
            43.9719,
            702.79
          ],
          [
            3.158704,
            43.972294,
            699.98
          ],
          [
            3.158537,
            43.972489,
            698.95
          ],
          [
            3.158418,
            43.972616,
            698.32
          ],
          [
            3.158256,
            43.972743,
            696.79
          ],
          [
            3.158058,
            43.972943,
            694.19
          ],
          [
            3.157965,
            43.973114,
            692.01
          ],
          [
            3.157805,
            43.973634,
            686.94
          ],
          [
            3.15771,
            43.973796,
            685.77
          ],
          [
            3.15756,
            43.973954,
            684.56
          ],
          [
            3.156402,
            43.974865,
            676.86
          ],
          [
            3.156121,
            43.975145,
            674.66
          ],
          [
            3.155969,
            43.975346,
            673.79
          ],
          [
            3.15592,
            43.975426,
            673.05
          ],
          [
            3.155898,
            43.975491,
            672.72
          ],
          [
            3.155886,
            43.975578,
            672.3
          ],
          [
            3.155889,
            43.975677,
            671.7
          ],
          [
            3.155904,
            43.975805,
            670.98
          ],
          [
            3.155998,
            43.976209,
            668.77
          ],
          [
            3.156031,
            43.976488,
            667.33
          ],
          [
            3.156032,
            43.976612,
            666.65
          ],
          [
            3.156007,
            43.976867,
            665.25
          ],
          [
            3.155917,
            43.977151,
            663.81
          ],
          [
            3.155844,
            43.977307,
            663.06
          ],
          [
            3.15575,
            43.977469,
            662.15
          ],
          [
            3.155335,
            43.977995,
            658.96
          ],
          [
            3.154956,
            43.978418,
            656.46
          ],
          [
            3.154757,
            43.978602,
            655.27
          ],
          [
            3.154567,
            43.978725,
            654.35
          ],
          [
            3.15445,
            43.97878,
            653.85
          ],
          [
            3.15431,
            43.978829,
            653.3
          ],
          [
            3.15403,
            43.978879,
            652.27
          ],
          [
            3.153261,
            43.97895,
            649.3
          ],
          [
            3.152174,
            43.979064,
            644.51
          ],
          [
            3.151978,
            43.979102,
            643.52
          ],
          [
            3.151866,
            43.979147,
            642.9
          ],
          [
            3.151787,
            43.979198,
            642.38
          ],
          [
            3.151722,
            43.979253,
            641.84
          ],
          [
            3.151684,
            43.979297,
            641.46
          ],
          [
            3.151642,
            43.979372,
            640.86
          ],
          [
            3.151616,
            43.979457,
            640.22
          ],
          [
            3.151608,
            43.979531,
            639.68
          ],
          [
            3.151612,
            43.979611,
            639.11
          ],
          [
            3.151629,
            43.979699,
            638.53
          ],
          [
            3.151675,
            43.979779,
            637.99
          ],
          [
            3.151746,
            43.979861,
            637.43
          ],
          [
            3.151846,
            43.979957,
            636.73
          ],
          [
            3.152291,
            43.980308,
            634.18
          ],
          [
            3.152367,
            43.98038,
            633.76
          ],
          [
            3.152461,
            43.980517,
            632.68
          ],
          [
            3.152498,
            43.980623,
            632.3
          ],
          [
            3.152508,
            43.980756,
            632.13
          ],
          [
            3.152501,
            43.980861,
            631.37
          ],
          [
            3.152478,
            43.980959,
            630.83
          ],
          [
            3.152441,
            43.981037,
            630.37
          ],
          [
            3.152379,
            43.981121,
            629.86
          ],
          [
            3.15228,
            43.981214,
            629.4
          ],
          [
            3.152176,
            43.981288,
            629.02
          ],
          [
            3.152055,
            43.98135,
            628.58
          ],
          [
            3.15192,
            43.981399,
            628.13
          ],
          [
            3.151791,
            43.981432,
            627.77
          ],
          [
            3.151658,
            43.981449,
            627.44
          ],
          [
            3.151534,
            43.981453,
            627.14
          ],
          [
            3.151258,
            43.981429,
            626.51
          ],
          [
            3.151112,
            43.981396,
            626.21
          ],
          [
            3.150076,
            43.980987,
            623.06
          ],
          [
            3.149941,
            43.980948,
            622.71
          ],
          [
            3.149774,
            43.980922,
            622.33
          ],
          [
            3.149654,
            43.98092,
            622.04
          ],
          [
            3.149511,
            43.980931,
            621.62
          ],
          [
            3.14931,
            43.980971,
            621.09
          ],
          [
            3.149111,
            43.981048,
            620.88
          ],
          [
            3.149007,
            43.981106,
            620.81
          ],
          [
            3.148845,
            43.981232,
            620.05
          ],
          [
            3.148805,
            43.981173,
            620.14
          ],
          [
            3.148461,
            43.981009,
            620.17
          ],
          [
            3.148401,
            43.980932,
            620.16
          ],
          [
            3.148397,
            43.980887,
            620.19
          ],
          [
            3.148445,
            43.980838,
            620.64
          ],
          [
            3.147864,
            43.980603,
            621.8
          ],
          [
            3.147657,
            43.980597,
            619.44
          ],
          [
            3.147318,
            43.980538,
            616.11
          ],
          [
            3.146743,
            43.98036,
            608.83
          ],
          [
            3.145306,
            43.980355,
            597.82
          ],
          [
            3.144442,
            43.980398,
            596.94
          ],
          [
            3.143949,
            43.980462,
            595.76
          ],
          [
            3.141644,
            43.980688,
            595.15
          ],
          [
            3.141224,
            43.980527,
            595.0
          ],
          [
            3.141007,
            43.980626,
            595.24
          ],
          [
            3.140643,
            43.980758,
            596.31
          ],
          [
            3.140082,
            43.980858,
            597.89
          ],
          [
            3.139915,
            43.980874,
            597.95
          ],
          [
            3.139365,
            43.980898,
            597.52
          ],
          [
            3.139232,
            43.980928,
            597.3
          ],
          [
            3.139112,
            43.980973,
            597.1
          ],
          [
            3.138744,
            43.981169,
            596.63
          ],
          [
            3.138475,
            43.981282,
            596.22
          ],
          [
            3.138051,
            43.981377,
            596.0
          ],
          [
            3.137856,
            43.981441,
            595.96
          ],
          [
            3.137802,
            43.981533,
            594.49
          ],
          [
            3.137699,
            43.98162,
            593.19
          ],
          [
            3.137532,
            43.981695,
            592.05
          ],
          [
            3.137123,
            43.981813,
            589.73
          ],
          [
            3.137046,
            43.981882,
            588.99
          ],
          [
            3.13684,
            43.981918,
            588.41
          ],
          [
            3.136631,
            43.981978,
            587.51
          ],
          [
            3.136643,
            43.982111,
            589.01
          ],
          [
            3.136576,
            43.982439,
            592.46
          ],
          [
            3.13659,
            43.982464,
            592.54
          ],
          [
            3.136633,
            43.982484,
            592.54
          ],
          [
            3.136656,
            43.982513,
            592.6
          ],
          [
            3.136647,
            43.982541,
            592.83
          ],
          [
            3.136668,
            43.982557,
            592.89
          ],
          [
            3.136599,
            43.982612,
            593.57
          ],
          [
            3.136599,
            43.982612,
            593.57
          ],
          [
            3.136668,
            43.982557,
            592.89
          ],
          [
            3.136647,
            43.982541,
            592.83
          ],
          [
            3.136656,
            43.982513,
            592.6
          ],
          [
            3.136633,
            43.982484,
            592.54
          ],
          [
            3.13659,
            43.982464,
            592.54
          ],
          [
            3.136576,
            43.982439,
            592.46
          ],
          [
            3.136643,
            43.982111,
            589.01
          ],
          [
            3.136631,
            43.981978,
            587.51
          ],
          [
            3.13684,
            43.981918,
            588.41
          ],
          [
            3.137046,
            43.981882,
            588.99
          ],
          [
            3.137344,
            43.981869,
            589.55
          ],
          [
            3.141332,
            43.981824,
            600.0
          ],
          [
            3.144319,
            43.981778,
            603.27
          ],
          [
            3.144521,
            43.981785,
            603.77
          ],
          [
            3.144886,
            43.981825,
            604.75
          ],
          [
            3.146545,
            43.982085,
            610.11
          ],
          [
            3.146768,
            43.982107,
            610.97
          ],
          [
            3.147051,
            43.98212,
            611.98
          ],
          [
            3.147543,
            43.982118,
            613.65
          ],
          [
            3.147699,
            43.982108,
            614.18
          ],
          [
            3.147834,
            43.982088,
            614.64
          ],
          [
            3.148067,
            43.982024,
            615.44
          ],
          [
            3.148182,
            43.981971,
            615.9
          ],
          [
            3.148287,
            43.981906,
            616.36
          ],
          [
            3.148396,
            43.981821,
            616.89
          ],
          [
            3.148468,
            43.981746,
            617.23
          ],
          [
            3.148694,
            43.981419,
            619.38
          ],
          [
            3.148845,
            43.981232,
            620.05
          ],
          [
            3.149007,
            43.981106,
            620.81
          ],
          [
            3.149111,
            43.981048,
            620.88
          ],
          [
            3.14931,
            43.980971,
            621.09
          ],
          [
            3.149511,
            43.980931,
            621.62
          ],
          [
            3.149654,
            43.98092,
            622.04
          ],
          [
            3.149774,
            43.980922,
            622.33
          ],
          [
            3.149941,
            43.980948,
            622.71
          ],
          [
            3.150076,
            43.980987,
            623.06
          ],
          [
            3.151112,
            43.981396,
            626.21
          ],
          [
            3.151258,
            43.981429,
            626.51
          ],
          [
            3.151534,
            43.981453,
            627.14
          ],
          [
            3.151658,
            43.981449,
            627.44
          ],
          [
            3.151791,
            43.981432,
            627.77
          ],
          [
            3.15192,
            43.981399,
            628.13
          ],
          [
            3.152055,
            43.98135,
            628.58
          ],
          [
            3.152176,
            43.981288,
            629.02
          ],
          [
            3.15228,
            43.981214,
            629.4
          ],
          [
            3.152379,
            43.981121,
            629.86
          ],
          [
            3.152441,
            43.981037,
            630.37
          ],
          [
            3.152478,
            43.980959,
            630.83
          ],
          [
            3.152501,
            43.980861,
            631.37
          ],
          [
            3.152508,
            43.980756,
            632.13
          ],
          [
            3.152498,
            43.980623,
            632.3
          ],
          [
            3.152461,
            43.980517,
            632.68
          ],
          [
            3.152367,
            43.98038,
            633.76
          ],
          [
            3.152291,
            43.980308,
            634.18
          ],
          [
            3.151846,
            43.979957,
            636.73
          ],
          [
            3.151746,
            43.979861,
            637.43
          ],
          [
            3.151675,
            43.979779,
            637.99
          ],
          [
            3.151629,
            43.979699,
            638.53
          ],
          [
            3.151612,
            43.979611,
            639.11
          ],
          [
            3.151608,
            43.979531,
            639.68
          ],
          [
            3.151616,
            43.979457,
            640.22
          ],
          [
            3.151642,
            43.979372,
            640.86
          ],
          [
            3.151684,
            43.979297,
            641.46
          ],
          [
            3.151722,
            43.979253,
            641.84
          ],
          [
            3.151787,
            43.979198,
            642.38
          ],
          [
            3.151866,
            43.979147,
            642.9
          ],
          [
            3.151978,
            43.979102,
            643.52
          ],
          [
            3.152174,
            43.979064,
            644.51
          ],
          [
            3.153261,
            43.97895,
            649.3
          ],
          [
            3.15403,
            43.978879,
            652.27
          ],
          [
            3.15431,
            43.978829,
            653.3
          ],
          [
            3.15445,
            43.97878,
            653.85
          ],
          [
            3.154567,
            43.978725,
            654.35
          ],
          [
            3.154757,
            43.978602,
            655.27
          ],
          [
            3.154956,
            43.978418,
            656.46
          ],
          [
            3.155335,
            43.977995,
            658.96
          ],
          [
            3.15575,
            43.977469,
            662.15
          ],
          [
            3.155844,
            43.977307,
            663.06
          ],
          [
            3.155917,
            43.977151,
            663.81
          ],
          [
            3.156007,
            43.976867,
            665.25
          ],
          [
            3.156032,
            43.976612,
            666.65
          ],
          [
            3.156031,
            43.976488,
            667.33
          ],
          [
            3.155998,
            43.976209,
            668.77
          ],
          [
            3.155904,
            43.975805,
            670.98
          ],
          [
            3.155889,
            43.975677,
            671.7
          ],
          [
            3.155886,
            43.975578,
            672.3
          ],
          [
            3.155898,
            43.975491,
            672.72
          ],
          [
            3.15592,
            43.975426,
            673.05
          ],
          [
            3.155969,
            43.975346,
            673.79
          ],
          [
            3.156121,
            43.975145,
            674.66
          ],
          [
            3.156402,
            43.974865,
            676.86
          ],
          [
            3.15756,
            43.973954,
            684.56
          ],
          [
            3.15771,
            43.973796,
            685.77
          ],
          [
            3.157805,
            43.973634,
            686.94
          ],
          [
            3.157965,
            43.973114,
            692.01
          ],
          [
            3.158058,
            43.972943,
            694.19
          ],
          [
            3.158256,
            43.972743,
            696.79
          ],
          [
            3.158418,
            43.972616,
            698.32
          ],
          [
            3.158537,
            43.972489,
            698.95
          ],
          [
            3.158704,
            43.972294,
            699.98
          ],
          [
            3.158975,
            43.9719,
            702.79
          ],
          [
            3.159116,
            43.971769,
            703.66
          ],
          [
            3.159265,
            43.971605,
            704.72
          ],
          [
            3.159387,
            43.971353,
            706.09
          ],
          [
            3.159475,
            43.971143,
            707.03
          ],
          [
            3.159644,
            43.970861,
            708.29
          ],
          [
            3.159683,
            43.970693,
            709.04
          ],
          [
            3.159685,
            43.970562,
            709.64
          ],
          [
            3.15964,
            43.970483,
            710.04
          ],
          [
            3.159528,
            43.970398,
            710.58
          ],
          [
            3.159296,
            43.970309,
            711.45
          ],
          [
            3.158983,
            43.970208,
            712.69
          ],
          [
            3.158365,
            43.97005,
            715.09
          ],
          [
            3.158099,
            43.969954,
            716.18
          ],
          [
            3.157919,
            43.969856,
            716.96
          ],
          [
            3.157684,
            43.969662,
            718.07
          ],
          [
            3.157507,
            43.969532,
            718.81
          ],
          [
            3.157119,
            43.969348,
            720.5
          ],
          [
            3.156894,
            43.969181,
            721.81
          ],
          [
            3.156741,
            43.969001,
            723.22
          ],
          [
            3.15667,
            43.968853,
            724.42
          ],
          [
            3.156635,
            43.968713,
            725.48
          ],
          [
            3.156638,
            43.968523,
            726.87
          ],
          [
            3.156693,
            43.968279,
            728.68
          ],
          [
            3.156699,
            43.968156,
            729.42
          ],
          [
            3.156635,
            43.967973,
            730.57
          ],
          [
            3.156445,
            43.96768,
            732.72
          ],
          [
            3.156382,
            43.967521,
            733.78
          ],
          [
            3.156365,
            43.967405,
            734.59
          ],
          [
            3.156397,
            43.967295,
            735.43
          ],
          [
            3.156531,
            43.96714,
            736.84
          ],
          [
            3.156735,
            43.966986,
            738.6
          ],
          [
            3.157037,
            43.966844,
            740.99
          ],
          [
            3.157399,
            43.966726,
            743.35
          ],
          [
            3.157632,
            43.966712,
            744.64
          ],
          [
            3.157991,
            43.966746,
            746.58
          ],
          [
            3.158322,
            43.966761,
            748.08
          ],
          [
            3.158657,
            43.966739,
            748.78
          ],
          [
            3.159008,
            43.966685,
            748.93
          ],
          [
            3.159176,
            43.966631,
            748.99
          ],
          [
            3.159266,
            43.966553,
            749.06
          ],
          [
            3.159302,
            43.966451,
            749.22
          ],
          [
            3.159288,
            43.966323,
            749.54
          ],
          [
            3.159236,
            43.96616,
            750.15
          ],
          [
            3.159111,
            43.965981,
            751.05
          ],
          [
            3.158928,
            43.965813,
            752.48
          ],
          [
            3.158859,
            43.965725,
            753.31
          ],
          [
            3.158849,
            43.965626,
            754.16
          ],
          [
            3.158887,
            43.965517,
            755.06
          ],
          [
            3.159012,
            43.965397,
            756.18
          ],
          [
            3.159326,
            43.965145,
            758.38
          ],
          [
            3.159413,
            43.965041,
            758.93
          ],
          [
            3.159468,
            43.964899,
            759.44
          ],
          [
            3.15946,
            43.964745,
            759.91
          ],
          [
            3.15905,
            43.963532,
            764.01
          ],
          [
            3.159061,
            43.963343,
            764.65
          ],
          [
            3.159278,
            43.963088,
            764.58
          ],
          [
            3.159443,
            43.962943,
            765.18
          ],
          [
            3.159584,
            43.962852,
            765.62
          ],
          [
            3.159741,
            43.962795,
            765.98
          ],
          [
            3.160392,
            43.962592,
            767.64
          ],
          [
            3.16064,
            43.962472,
            768.24
          ],
          [
            3.161022,
            43.962265,
            769.08
          ],
          [
            3.161185,
            43.962162,
            769.42
          ],
          [
            3.161295,
            43.962053,
            769.69
          ],
          [
            3.161391,
            43.961891,
            769.97
          ],
          [
            3.161448,
            43.961762,
            770.11
          ],
          [
            3.161512,
            43.961581,
            770.15
          ],
          [
            3.161553,
            43.961379,
            770.17
          ],
          [
            3.161597,
            43.961226,
            770.27
          ],
          [
            3.161682,
            43.961084,
            770.51
          ],
          [
            3.161781,
            43.960992,
            770.73
          ],
          [
            3.161922,
            43.960901,
            771.03
          ],
          [
            3.162065,
            43.960839,
            771.35
          ],
          [
            3.162446,
            43.960738,
            772.34
          ],
          [
            3.162631,
            43.960672,
            773.09
          ],
          [
            3.162816,
            43.960563,
            774.04
          ],
          [
            3.163476,
            43.960061,
            777.34
          ],
          [
            3.164518,
            43.959297,
            781.58
          ],
          [
            3.164661,
            43.959168,
            782.23
          ],
          [
            3.164746,
            43.959049,
            782.76
          ],
          [
            3.164828,
            43.958889,
            783.42
          ],
          [
            3.165435,
            43.957387,
            786.93
          ],
          [
            3.165501,
            43.957143,
            787.0
          ],
          [
            3.165515,
            43.956979,
            785.91
          ],
          [
            3.165498,
            43.956749,
            784.41
          ],
          [
            3.16515,
            43.955277,
            778.16
          ],
          [
            3.165744,
            43.955114,
            780.2
          ],
          [
            3.166278,
            43.954918,
            783.05
          ],
          [
            3.166863,
            43.954826,
            786.02
          ],
          [
            3.167666,
            43.954755,
            789.57
          ],
          [
            3.168172,
            43.954735,
            790.69
          ],
          [
            3.168491,
            43.95475,
            790.98
          ],
          [
            3.16877,
            43.954791,
            791.05
          ],
          [
            3.168975,
            43.954857,
            790.97
          ],
          [
            3.169109,
            43.954858,
            790.87
          ],
          [
            3.169238,
            43.954806,
            790.74
          ],
          [
            3.169998,
            43.954328,
            790.5
          ],
          [
            3.170576,
            43.954108,
            791.09
          ],
          [
            3.17101,
            43.954014,
            791.52
          ],
          [
            3.171425,
            43.953956,
            791.73
          ],
          [
            3.17175,
            43.953977,
            791.76
          ],
          [
            3.172079,
            43.95403,
            791.64
          ],
          [
            3.172397,
            43.954043,
            791.47
          ],
          [
            3.172914,
            43.95404,
            791.35
          ],
          [
            3.173291,
            43.954077,
            791.43
          ],
          [
            3.174155,
            43.954297,
            792.08
          ],
          [
            3.174596,
            43.954344,
            792.53
          ],
          [
            3.174862,
            43.954443,
            791.82
          ],
          [
            3.175314,
            43.954682,
            789.04
          ],
          [
            3.175774,
            43.954951,
            785.31
          ],
          [
            3.176196,
            43.955124,
            782.39
          ],
          [
            3.177017,
            43.955386,
            776.1
          ],
          [
            3.177411,
            43.95555,
            772.33
          ],
          [
            3.177627,
            43.955709,
            769.55
          ],
          [
            3.177734,
            43.955962,
            765.97
          ],
          [
            3.177792,
            43.956241,
            762.05
          ],
          [
            3.17794,
            43.956369,
            759.67
          ],
          [
            3.178187,
            43.956406,
            756.9
          ],
          [
            3.178618,
            43.956434,
            752.75
          ],
          [
            3.180024,
            43.956292,
            747.19
          ],
          [
            3.180785,
            43.956225,
            747.39
          ],
          [
            3.18111,
            43.956211,
            747.7
          ],
          [
            3.181526,
            43.956244,
            747.69
          ],
          [
            3.18232,
            43.956406,
            745.76
          ],
          [
            3.182942,
            43.956601,
            743.36
          ],
          [
            3.183288,
            43.956732,
            742.02
          ],
          [
            3.183663,
            43.956837,
            741.0
          ],
          [
            3.183797,
            43.956937,
            740.53
          ],
          [
            3.183934,
            43.957097,
            740.0
          ],
          [
            3.18416,
            43.957445,
            739.34
          ],
          [
            3.184336,
            43.95793,
            739.1
          ],
          [
            3.184603,
            43.958255,
            739.1
          ],
          [
            3.184739,
            43.958522,
            737.9
          ],
          [
            3.184743,
            43.958658,
            737.82
          ],
          [
            3.184726,
            43.958767,
            737.86
          ],
          [
            3.18499,
            43.958851,
            737.32
          ],
          [
            3.185233,
            43.95888,
            737.44
          ],
          [
            3.185582,
            43.958893,
            738.11
          ],
          [
            3.185947,
            43.959156,
            739.52
          ],
          [
            3.186221,
            43.95929,
            739.97
          ],
          [
            3.186377,
            43.959342,
            739.93
          ],
          [
            3.186505,
            43.95935,
            739.85
          ],
          [
            3.186661,
            43.959323,
            739.53
          ],
          [
            3.186959,
            43.959156,
            739.49
          ],
          [
            3.187112,
            43.959033,
            739.25
          ],
          [
            3.187227,
            43.958891,
            739.03
          ],
          [
            3.18736,
            43.95869,
            738.99
          ],
          [
            3.187571,
            43.958497,
            738.8
          ],
          [
            3.187781,
            43.958359,
            739.01
          ],
          [
            3.187942,
            43.958276,
            738.91
          ],
          [
            3.187803,
            43.958179,
            738.02
          ],
          [
            3.187733,
            43.958091,
            738.0
          ],
          [
            3.188178,
            43.958053,
            737.17
          ],
          [
            3.188416,
            43.95801,
            736.65
          ],
          [
            3.188605,
            43.95796,
            736.53
          ],
          [
            3.188886,
            43.957731,
            736.26
          ],
          [
            3.189367,
            43.957394,
            736.31
          ],
          [
            3.189678,
            43.957278,
            736.52
          ],
          [
            3.190013,
            43.957176,
            736.95
          ],
          [
            3.190231,
            43.957211,
            736.91
          ],
          [
            3.190485,
            43.957271,
            736.11
          ],
          [
            3.190983,
            43.957293,
            735.06
          ],
          [
            3.191294,
            43.957291,
            735.0
          ],
          [
            3.191777,
            43.95738,
            735.24
          ],
          [
            3.191877,
            43.957391,
            735.36
          ],
          [
            3.19227,
            43.95749,
            734.86
          ],
          [
            3.192694,
            43.957512,
            734.47
          ],
          [
            3.192976,
            43.957516,
            733.61
          ],
          [
            3.193204,
            43.957498,
            732.97
          ],
          [
            3.193398,
            43.957441,
            732.03
          ],
          [
            3.19363,
            43.957365,
            731.04
          ],
          [
            3.193853,
            43.957201,
            730.14
          ],
          [
            3.194041,
            43.956958,
            730.34
          ],
          [
            3.194167,
            43.956824,
            731.02
          ],
          [
            3.194256,
            43.956658,
            731.37
          ],
          [
            3.19435,
            43.956587,
            731.47
          ],
          [
            3.194545,
            43.956364,
            731.91
          ],
          [
            3.194749,
            43.955962,
            732.38
          ],
          [
            3.194842,
            43.955861,
            732.77
          ],
          [
            3.194914,
            43.955795,
            733.0
          ],
          [
            3.194946,
            43.955776,
            733.0
          ],
          [
            3.195045,
            43.955716,
            732.93
          ],
          [
            3.19579,
            43.955429,
            731.34
          ],
          [
            3.195969,
            43.95533,
            731.15
          ],
          [
            3.196089,
            43.955244,
            730.88
          ],
          [
            3.196225,
            43.955162,
            730.59
          ],
          [
            3.196409,
            43.955119,
            730.5
          ],
          [
            3.196792,
            43.955045,
            731.92
          ],
          [
            3.196809,
            43.955027,
            732.17
          ],
          [
            3.196949,
            43.95496,
            733.07
          ],
          [
            3.197076,
            43.954859,
            733.84
          ],
          [
            3.197229,
            43.954672,
            734.23
          ],
          [
            3.197358,
            43.954445,
            734.13
          ],
          [
            3.197471,
            43.95413,
            734.1
          ],
          [
            3.197548,
            43.953884,
            733.64
          ],
          [
            3.197598,
            43.953756,
            733.35
          ],
          [
            3.197638,
            43.953692,
            733.24
          ],
          [
            3.197831,
            43.953589,
            733.06
          ],
          [
            3.198057,
            43.953426,
            732.22
          ],
          [
            3.198113,
            43.95337,
            731.83
          ],
          [
            3.198248,
            43.953325,
            731.84
          ],
          [
            3.198457,
            43.953235,
            731.63
          ],
          [
            3.198561,
            43.953134,
            731.2
          ],
          [
            3.198681,
            43.953049,
            730.9
          ],
          [
            3.198772,
            43.952956,
            730.37
          ],
          [
            3.199044,
            43.952597,
            726.66
          ],
          [
            3.199173,
            43.952474,
            725.24
          ],
          [
            3.199219,
            43.952394,
            724.7
          ],
          [
            3.199284,
            43.95231,
            724.31
          ],
          [
            3.199408,
            43.952195,
            723.67
          ],
          [
            3.199489,
            43.952148,
            723.23
          ],
          [
            3.200124,
            43.95195,
            720.31
          ],
          [
            3.200125,
            43.951766,
            719.42
          ],
          [
            3.200074,
            43.951637,
            718.74
          ],
          [
            3.200003,
            43.951275,
            716.65
          ],
          [
            3.200009,
            43.951047,
            715.47
          ],
          [
            3.200098,
            43.950805,
            714.5
          ],
          [
            3.200204,
            43.950607,
            713.87
          ],
          [
            3.200341,
            43.9504,
            712.86
          ],
          [
            3.200609,
            43.950289,
            712.53
          ],
          [
            3.200777,
            43.950116,
            711.55
          ],
          [
            3.201027,
            43.949959,
            711.36
          ],
          [
            3.201674,
            43.949521,
            711.5
          ],
          [
            3.202094,
            43.949218,
            712.63
          ],
          [
            3.202422,
            43.948887,
            714.95
          ],
          [
            3.202616,
            43.948483,
            716.35
          ],
          [
            3.202928,
            43.947642,
            719.61
          ],
          [
            3.202889,
            43.947305,
            718.99
          ],
          [
            3.203076,
            43.9468,
            718.64
          ],
          [
            3.203115,
            43.946727,
            718.23
          ],
          [
            3.20338,
            43.946587,
            717.22
          ],
          [
            3.203584,
            43.946424,
            715.96
          ],
          [
            3.203676,
            43.946345,
            715.33
          ],
          [
            3.204181,
            43.945824,
            716.0
          ],
          [
            3.204268,
            43.945734,
            716.01
          ],
          [
            3.204471,
            43.945616,
            716.01
          ],
          [
            3.204518,
            43.94556,
            716.01
          ],
          [
            3.20451,
            43.945313,
            715.8
          ],
          [
            3.204534,
            43.945251,
            715.75
          ],
          [
            3.204619,
            43.945184,
            715.64
          ],
          [
            3.205321,
            43.945066,
            712.79
          ],
          [
            3.205593,
            43.945089,
            712.47
          ],
          [
            3.205773,
            43.945089,
            712.24
          ],
          [
            3.205983,
            43.945044,
            711.86
          ],
          [
            3.206614,
            43.944679,
            710.57
          ],
          [
            3.206723,
            43.9446,
            710.04
          ],
          [
            3.206807,
            43.94451,
            709.29
          ],
          [
            3.20727,
            43.944603,
            709.84
          ],
          [
            3.207737,
            43.94464,
            710.0
          ],
          [
            3.208191,
            43.944243,
            710.92
          ],
          [
            3.208342,
            43.944032,
            710.08
          ],
          [
            3.208515,
            43.943713,
            709.26
          ],
          [
            3.20861,
            43.94348,
            709.16
          ],
          [
            3.208603,
            43.943292,
            709.95
          ],
          [
            3.208462,
            43.942709,
            711.5
          ],
          [
            3.209009,
            43.942741,
            714.18
          ],
          [
            3.209871,
            43.942858,
            715.37
          ],
          [
            3.210191,
            43.94286,
            715.5
          ],
          [
            3.210668,
            43.942785,
            714.97
          ],
          [
            3.21089,
            43.942717,
            714.4
          ],
          [
            3.211076,
            43.942634,
            714.18
          ],
          [
            3.211612,
            43.942345,
            715.05
          ],
          [
            3.211899,
            43.942177,
            715.73
          ],
          [
            3.212199,
            43.942107,
            716.44
          ],
          [
            3.212367,
            43.942085,
            716.8
          ],
          [
            3.212801,
            43.942116,
            717.57
          ],
          [
            3.213222,
            43.94217,
            718.19
          ],
          [
            3.213703,
            43.942265,
            719.05
          ],
          [
            3.213949,
            43.942328,
            719.4
          ],
          [
            3.214398,
            43.942458,
            719.94
          ],
          [
            3.214472,
            43.942499,
            720.01
          ],
          [
            3.215176,
            43.942679,
            719.53
          ],
          [
            3.215319,
            43.94277,
            719.06
          ],
          [
            3.2158,
            43.943124,
            716.61
          ],
          [
            3.216422,
            43.943532,
            712.04
          ],
          [
            3.216628,
            43.943697,
            709.93
          ],
          [
            3.216774,
            43.94383,
            709.0
          ],
          [
            3.216873,
            43.943742,
            708.89
          ],
          [
            3.21752,
            43.943293,
            707.8
          ],
          [
            3.218145,
            43.942966,
            708.07
          ],
          [
            3.22037,
            43.941926,
            708.0
          ],
          [
            3.220488,
            43.941947,
            708.0
          ],
          [
            3.220551,
            43.941943,
            708.01
          ],
          [
            3.220995,
            43.941834,
            708.22
          ],
          [
            3.22118,
            43.9418,
            708.6
          ],
          [
            3.221259,
            43.941817,
            708.74
          ],
          [
            3.221431,
            43.941899,
            709.08
          ],
          [
            3.221655,
            43.941987,
            709.51
          ],
          [
            3.222313,
            43.942195,
            710.95
          ],
          [
            3.222883,
            43.942321,
            712.29
          ],
          [
            3.223237,
            43.942355,
            713.24
          ],
          [
            3.223437,
            43.942391,
            714.97
          ],
          [
            3.223555,
            43.942448,
            715.99
          ],
          [
            3.223924,
            43.942602,
            719.08
          ],
          [
            3.224069,
            43.942628,
            718.32
          ],
          [
            3.224214,
            43.94256,
            717.91
          ],
          [
            3.224326,
            43.942495,
            717.51
          ],
          [
            3.224423,
            43.942452,
            717.18
          ],
          [
            3.224451,
            43.942448,
            717.06
          ],
          [
            3.224542,
            43.942459,
            716.77
          ],
          [
            3.224589,
            43.942426,
            716.51
          ],
          [
            3.22473,
            43.942455,
            716.94
          ],
          [
            3.224768,
            43.942491,
            717.28
          ],
          [
            3.224918,
            43.942682,
            718.99
          ],
          [
            3.224979,
            43.942676,
            719.14
          ],
          [
            3.225095,
            43.9427,
            719.36
          ],
          [
            3.225171,
            43.942671,
            719.47
          ],
          [
            3.225383,
            43.94255,
            719.86
          ],
          [
            3.225649,
            43.942445,
            720.38
          ],
          [
            3.225914,
            43.942358,
            720.6
          ],
          [
            3.226048,
            43.9423,
            720.68
          ],
          [
            3.22635,
            43.942205,
            720.94
          ],
          [
            3.226402,
            43.942218,
            721.01
          ],
          [
            3.226507,
            43.942191,
            721.15
          ],
          [
            3.226589,
            43.942155,
            721.29
          ],
          [
            3.226684,
            43.942108,
            721.5
          ],
          [
            3.226924,
            43.941948,
            722.23
          ],
          [
            3.227081,
            43.941841,
            722.91
          ],
          [
            3.227157,
            43.941767,
            723.33
          ],
          [
            3.227397,
            43.941611,
            724.55
          ],
          [
            3.227471,
            43.941554,
            724.99
          ],
          [
            3.227654,
            43.941338,
            726.47
          ],
          [
            3.227785,
            43.941221,
            727.27
          ],
          [
            3.227852,
            43.941182,
            727.58
          ],
          [
            3.227998,
            43.941151,
            728.1
          ],
          [
            3.228142,
            43.94106,
            728.67
          ],
          [
            3.228354,
            43.94089,
            729.51
          ],
          [
            3.228582,
            43.940748,
            729.98
          ],
          [
            3.228783,
            43.940579,
            730.01
          ],
          [
            3.22896,
            43.940475,
            729.5
          ],
          [
            3.229048,
            43.940455,
            729.09
          ],
          [
            3.229145,
            43.940416,
            728.55
          ],
          [
            3.229279,
            43.940379,
            727.8
          ],
          [
            3.229402,
            43.940335,
            727.16
          ],
          [
            3.229504,
            43.940322,
            726.75
          ],
          [
            3.229579,
            43.940289,
            726.46
          ],
          [
            3.229846,
            43.940073,
            725.48
          ],
          [
            3.230222,
            43.939836,
            724.94
          ],
          [
            3.230297,
            43.939803,
            724.93
          ],
          [
            3.230683,
            43.939521,
            725.22
          ],
          [
            3.230811,
            43.93945,
            725.36
          ],
          [
            3.230935,
            43.939346,
            725.49
          ],
          [
            3.2311,
            43.939225,
            725.57
          ],
          [
            3.231187,
            43.939186,
            725.57
          ],
          [
            3.23126,
            43.939119,
            725.57
          ],
          [
            3.231285,
            43.939063,
            725.57
          ],
          [
            3.231328,
            43.939023,
            725.56
          ],
          [
            3.23139,
            43.938984,
            725.54
          ],
          [
            3.23147,
            43.938913,
            725.5
          ],
          [
            3.231776,
            43.938707,
            725.4
          ],
          [
            3.231991,
            43.938511,
            725.32
          ],
          [
            3.232176,
            43.938388,
            725.39
          ],
          [
            3.232227,
            43.938341,
            725.43
          ],
          [
            3.232295,
            43.938296,
            725.48
          ],
          [
            3.232574,
            43.938179,
            725.64
          ],
          [
            3.232758,
            43.938128,
            725.71
          ],
          [
            3.232887,
            43.938074,
            725.74
          ],
          [
            3.232989,
            43.938055,
            725.75
          ],
          [
            3.233392,
            43.93786,
            725.53
          ],
          [
            3.233509,
            43.937814,
            725.47
          ],
          [
            3.233772,
            43.937694,
            725.21
          ],
          [
            3.234118,
            43.937569,
            724.79
          ],
          [
            3.234284,
            43.937522,
            724.6
          ],
          [
            3.234432,
            43.937468,
            724.37
          ],
          [
            3.234559,
            43.937435,
            724.18
          ],
          [
            3.23479,
            43.937357,
            723.91
          ],
          [
            3.23551,
            43.937101,
            723.0
          ],
          [
            3.235704,
            43.937041,
            722.92
          ],
          [
            3.23597,
            43.936975,
            722.87
          ],
          [
            3.236487,
            43.936874,
            722.78
          ],
          [
            3.237024,
            43.936788,
            722.82
          ],
          [
            3.237805,
            43.93662,
            723.57
          ],
          [
            3.238027,
            43.936564,
            724.06
          ],
          [
            3.238224,
            43.936526,
            724.65
          ],
          [
            3.239324,
            43.936341,
            729.36
          ],
          [
            3.239461,
            43.936306,
            729.98
          ],
          [
            3.240261,
            43.936174,
            732.38
          ],
          [
            3.240393,
            43.936157,
            732.58
          ],
          [
            3.240535,
            43.936165,
            732.75
          ],
          [
            3.240692,
            43.936186,
            732.89
          ],
          [
            3.24087,
            43.936164,
            732.99
          ],
          [
            3.241117,
            43.936088,
            733.12
          ],
          [
            3.241645,
            43.935868,
            733.6
          ],
          [
            3.241833,
            43.935759,
            734.02
          ],
          [
            3.241969,
            43.935691,
            734.37
          ],
          [
            3.242408,
            43.935504,
            735.46
          ],
          [
            3.242537,
            43.935474,
            735.76
          ],
          [
            3.242642,
            43.935438,
            736.04
          ],
          [
            3.242785,
            43.935378,
            736.48
          ],
          [
            3.24304,
            43.935284,
            737.32
          ],
          [
            3.243276,
            43.935239,
            738.02
          ],
          [
            3.243346,
            43.935207,
            738.25
          ],
          [
            3.243475,
            43.935119,
            738.71
          ],
          [
            3.243746,
            43.934963,
            739.53
          ],
          [
            3.244219,
            43.934776,
            740.51
          ],
          [
            3.244356,
            43.934667,
            740.7
          ],
          [
            3.244482,
            43.934545,
            740.78
          ],
          [
            3.244589,
            43.934464,
            740.83
          ],
          [
            3.244734,
            43.934377,
            740.91
          ],
          [
            3.244991,
            43.934205,
            740.91
          ],
          [
            3.245135,
            43.934087,
            740.86
          ],
          [
            3.245174,
            43.934032,
            740.83
          ],
          [
            3.245345,
            43.933851,
            740.9
          ],
          [
            3.245399,
            43.933773,
            741.08
          ],
          [
            3.245452,
            43.93372,
            741.12
          ],
          [
            3.245525,
            43.933622,
            741.14
          ],
          [
            3.245646,
            43.933514,
            740.83
          ],
          [
            3.245663,
            43.933551,
            741.23
          ],
          [
            3.245728,
            43.933566,
            741.67
          ],
          [
            3.245779,
            43.933553,
            741.97
          ],
          [
            3.245929,
            43.933462,
            742.83
          ],
          [
            3.246166,
            43.933397,
            743.04
          ],
          [
            3.246267,
            43.933344,
            743.36
          ],
          [
            3.246408,
            43.933214,
            743.4
          ],
          [
            3.246538,
            43.933122,
            743.14
          ],
          [
            3.246628,
            43.93309,
            743.08
          ],
          [
            3.246449,
            43.932988,
            742.34
          ],
          [
            3.246426,
            43.932918,
            742.2
          ],
          [
            3.246506,
            43.932694,
            741.88
          ],
          [
            3.246492,
            43.932675,
            741.74
          ],
          [
            3.246434,
            43.932479,
            740.87
          ],
          [
            3.246389,
            43.932412,
            740.65
          ],
          [
            3.246436,
            43.932392,
            740.87
          ],
          [
            3.246498,
            43.932318,
            740.81
          ],
          [
            3.246752,
            43.931792,
            740.46
          ],
          [
            3.24698,
            43.931257,
            741.0
          ],
          [
            3.247028,
            43.931186,
            741.19
          ],
          [
            3.247081,
            43.931127,
            741.52
          ],
          [
            3.247178,
            43.931073,
            741.79
          ],
          [
            3.247296,
            43.931032,
            741.87
          ],
          [
            3.247365,
            43.930992,
            741.9
          ],
          [
            3.247647,
            43.930643,
            741.92
          ],
          [
            3.247791,
            43.930434,
            741.95
          ],
          [
            3.247984,
            43.930183,
            741.96
          ],
          [
            3.248053,
            43.930051,
            741.96
          ],
          [
            3.248081,
            43.92973,
            742.03
          ],
          [
            3.248101,
            43.929646,
            742.09
          ],
          [
            3.248277,
            43.929316,
            742.56
          ],
          [
            3.248575,
            43.92893,
            743.58
          ],
          [
            3.248854,
            43.928648,
            744.76
          ],
          [
            3.248981,
            43.928554,
            745.23
          ],
          [
            3.249052,
            43.928514,
            745.45
          ],
          [
            3.249532,
            43.928311,
            746.63
          ],
          [
            3.249795,
            43.928184,
            747.14
          ],
          [
            3.250274,
            43.927989,
            747.79
          ],
          [
            3.250484,
            43.927906,
            747.99
          ],
          [
            3.250741,
            43.927821,
            748.17
          ],
          [
            3.25098,
            43.92772,
            748.36
          ],
          [
            3.251337,
            43.927582,
            748.85
          ],
          [
            3.251448,
            43.927555,
            749.05
          ],
          [
            3.251607,
            43.927545,
            749.36
          ],
          [
            3.251733,
            43.927516,
            749.64
          ],
          [
            3.252021,
            43.927391,
            750.38
          ],
          [
            3.25214,
            43.927347,
            750.7
          ],
          [
            3.252526,
            43.927231,
            751.86
          ],
          [
            3.252793,
            43.927101,
            752.51
          ],
          [
            3.252924,
            43.92705,
            752.62
          ],
          [
            3.253171,
            43.926893,
            752.71
          ],
          [
            3.253293,
            43.926797,
            752.63
          ],
          [
            3.25337,
            43.92672,
            752.59
          ],
          [
            3.253408,
            43.926666,
            752.58
          ],
          [
            3.253427,
            43.926611,
            752.52
          ],
          [
            3.253374,
            43.92641,
            751.69
          ],
          [
            3.253378,
            43.926353,
            751.48
          ],
          [
            3.253411,
            43.926283,
            751.35
          ],
          [
            3.25347,
            43.926231,
            751.22
          ],
          [
            3.25354,
            43.926193,
            751.04
          ],
          [
            3.253701,
            43.926136,
            750.92
          ],
          [
            3.254474,
            43.925968,
            748.58
          ],
          [
            3.254584,
            43.925953,
            748.3
          ],
          [
            3.254722,
            43.925908,
            747.42
          ],
          [
            3.255257,
            43.925478,
            746.51
          ],
          [
            3.255586,
            43.925135,
            746.48
          ],
          [
            3.255781,
            43.9249,
            746.63
          ],
          [
            3.256069,
            43.924377,
            746.98
          ],
          [
            3.256236,
            43.924153,
            746.97
          ],
          [
            3.256341,
            43.92396,
            747.0
          ],
          [
            3.256426,
            43.923905,
            747.07
          ],
          [
            3.256524,
            43.923875,
            747.15
          ],
          [
            3.256658,
            43.923861,
            747.23
          ],
          [
            3.256743,
            43.923832,
            747.29
          ],
          [
            3.256824,
            43.923663,
            747.44
          ],
          [
            3.256916,
            43.923561,
            747.53
          ],
          [
            3.257021,
            43.923514,
            747.59
          ],
          [
            3.257626,
            43.923361,
            747.98
          ],
          [
            3.258169,
            43.923246,
            748.01
          ],
          [
            3.258692,
            43.923156,
            748.0
          ],
          [
            3.258807,
            43.923108,
            748.0
          ],
          [
            3.258923,
            43.92314,
            747.56
          ],
          [
            3.259218,
            43.923196,
            747.19
          ],
          [
            3.259524,
            43.923196,
            747.0
          ],
          [
            3.259742,
            43.923167,
            747.0
          ],
          [
            3.259802,
            43.923128,
            747.0
          ],
          [
            3.260005,
            43.922784,
            746.97
          ],
          [
            3.260105,
            43.922696,
            746.94
          ],
          [
            3.260842,
            43.922375,
            747.1
          ],
          [
            3.261273,
            43.922219,
            747.66
          ],
          [
            3.261765,
            43.921993,
            748.81
          ],
          [
            3.261862,
            43.921879,
            749.59
          ],
          [
            3.261904,
            43.921844,
            749.94
          ],
          [
            3.261973,
            43.921841,
            750.45
          ],
          [
            3.262049,
            43.92181,
            751.41
          ],
          [
            3.262329,
            43.921803,
            754.82
          ],
          [
            3.262407,
            43.921778,
            755.72
          ],
          [
            3.262536,
            43.921718,
            757.07
          ],
          [
            3.262612,
            43.921695,
            757.67
          ],
          [
            3.262657,
            43.921639,
            758.16
          ],
          [
            3.262682,
            43.921553,
            758.58
          ],
          [
            3.26274,
            43.921493,
            759.0
          ],
          [
            3.262836,
            43.921253,
            760.04
          ],
          [
            3.26304,
            43.920879,
            758.88
          ],
          [
            3.263142,
            43.920622,
            757.05
          ],
          [
            3.263204,
            43.920534,
            755.95
          ],
          [
            3.263477,
            43.920345,
            752.34
          ],
          [
            3.263837,
            43.920299,
            751.29
          ],
          [
            3.265113,
            43.919802,
            752.42
          ],
          [
            3.265414,
            43.919676,
            753.18
          ],
          [
            3.26547,
            43.919661,
            753.41
          ],
          [
            3.265538,
            43.91966,
            753.65
          ],
          [
            3.265601,
            43.919575,
            753.07
          ],
          [
            3.266254,
            43.919253,
            750.51
          ],
          [
            3.266568,
            43.919116,
            750.0
          ],
          [
            3.266805,
            43.919029,
            749.87
          ],
          [
            3.267104,
            43.918961,
            750.11
          ],
          [
            3.267246,
            43.918868,
            750.19
          ],
          [
            3.26732,
            43.918849,
            750.17
          ],
          [
            3.267638,
            43.918853,
            750.44
          ],
          [
            3.267954,
            43.91882,
            750.66
          ],
          [
            3.268912,
            43.918629,
            751.06
          ],
          [
            3.269077,
            43.918583,
            750.99
          ],
          [
            3.269283,
            43.918598,
            751.24
          ],
          [
            3.269383,
            43.918616,
            751.44
          ],
          [
            3.269483,
            43.918649,
            751.74
          ],
          [
            3.26959,
            43.918699,
            752.22
          ],
          [
            3.269694,
            43.91876,
            752.7
          ],
          [
            3.269866,
            43.918838,
            753.39
          ],
          [
            3.270008,
            43.918886,
            753.81
          ],
          [
            3.270101,
            43.918897,
            754.1
          ],
          [
            3.270208,
            43.918891,
            754.47
          ],
          [
            3.270552,
            43.918834,
            755.59
          ],
          [
            3.270748,
            43.918811,
            755.94
          ],
          [
            3.27093,
            43.918817,
            756.15
          ],
          [
            3.271226,
            43.918873,
            756.94
          ],
          [
            3.271417,
            43.918882,
            756.69
          ],
          [
            3.271526,
            43.918917,
            756.46
          ],
          [
            3.271662,
            43.918972,
            756.35
          ],
          [
            3.271891,
            43.919018,
            756.5
          ],
          [
            3.271965,
            43.919047,
            756.57
          ],
          [
            3.272231,
            43.919198,
            757.03
          ],
          [
            3.272835,
            43.919478,
            759.34
          ],
          [
            3.273067,
            43.919607,
            760.99
          ],
          [
            3.273266,
            43.919754,
            761.97
          ],
          [
            3.273439,
            43.91985,
            762.35
          ],
          [
            3.273572,
            43.919911,
            762.59
          ],
          [
            3.273705,
            43.919938,
            762.51
          ],
          [
            3.273887,
            43.919941,
            762.59
          ],
          [
            3.274049,
            43.91993,
            762.38
          ],
          [
            3.274242,
            43.919956,
            761.41
          ],
          [
            3.274522,
            43.920038,
            760.58
          ],
          [
            3.274692,
            43.920063,
            760.48
          ],
          [
            3.275229,
            43.920049,
            760.77
          ],
          [
            3.275628,
            43.92009,
            761.56
          ],
          [
            3.275758,
            43.920048,
            761.95
          ],
          [
            3.275795,
            43.920013,
            762.0
          ],
          [
            3.275881,
            43.919986,
            762.14
          ],
          [
            3.276121,
            43.919931,
            762.69
          ],
          [
            3.276381,
            43.919831,
            763.44
          ],
          [
            3.276538,
            43.919743,
            764.07
          ],
          [
            3.276895,
            43.919639,
            765.31
          ],
          [
            3.277358,
            43.919494,
            767.11
          ],
          [
            3.277717,
            43.91935,
            768.97
          ],
          [
            3.277666,
            43.919281,
            769.21
          ],
          [
            3.277661,
            43.919218,
            769.45
          ],
          [
            3.277733,
            43.91912,
            770.09
          ],
          [
            3.277861,
            43.91907,
            770.79
          ],
          [
            3.278249,
            43.918944,
            772.78
          ],
          [
            3.278361,
            43.918923,
            773.36
          ],
          [
            3.278446,
            43.918936,
            773.79
          ],
          [
            3.27856,
            43.918992,
            774.4
          ],
          [
            3.278745,
            43.919048,
            775.49
          ],
          [
            3.278856,
            43.918979,
            775.68
          ],
          [
            3.279027,
            43.918843,
            776.41
          ],
          [
            3.279143,
            43.91871,
            777.08
          ],
          [
            3.279441,
            43.918349,
            777.69
          ],
          [
            3.279558,
            43.918226,
            778.07
          ],
          [
            3.279746,
            43.918064,
            779.19
          ],
          [
            3.279951,
            43.917956,
            780.17
          ],
          [
            3.280841,
            43.917713,
            784.03
          ],
          [
            3.281015,
            43.917649,
            784.7
          ],
          [
            3.28115,
            43.917585,
            785.16
          ],
          [
            3.28142,
            43.917408,
            786.13
          ],
          [
            3.281547,
            43.917356,
            786.36
          ],
          [
            3.281671,
            43.917321,
            786.45
          ],
          [
            3.281819,
            43.917291,
            786.55
          ],
          [
            3.28197,
            43.917284,
            786.49
          ],
          [
            3.282455,
            43.917304,
            786.3
          ],
          [
            3.2829,
            43.917343,
            785.44
          ],
          [
            3.283622,
            43.917449,
            783.74
          ],
          [
            3.284257,
            43.917472,
            782.0
          ],
          [
            3.284866,
            43.917503,
            781.49
          ],
          [
            3.285039,
            43.917487,
            781.52
          ],
          [
            3.285383,
            43.917432,
            781.46
          ],
          [
            3.285981,
            43.917418,
            781.36
          ],
          [
            3.286364,
            43.917458,
            781.21
          ],
          [
            3.286794,
            43.917474,
            781.0
          ],
          [
            3.286979,
            43.917467,
            780.93
          ],
          [
            3.287369,
            43.917435,
            780.89
          ],
          [
            3.287915,
            43.917421,
            780.9
          ],
          [
            3.288079,
            43.9174,
            780.92
          ],
          [
            3.28819,
            43.917364,
            780.98
          ],
          [
            3.288332,
            43.917278,
            781.1
          ],
          [
            3.288619,
            43.916953,
            781.44
          ],
          [
            3.288743,
            43.916862,
            781.59
          ],
          [
            3.288876,
            43.916791,
            781.88
          ],
          [
            3.289015,
            43.916735,
            782.08
          ],
          [
            3.289181,
            43.916683,
            782.36
          ],
          [
            3.289322,
            43.916664,
            782.53
          ],
          [
            3.289456,
            43.916636,
            782.94
          ],
          [
            3.290193,
            43.916361,
            786.38
          ],
          [
            3.290329,
            43.916317,
            786.88
          ],
          [
            3.290545,
            43.916268,
            787.54
          ],
          [
            3.290882,
            43.916148,
            788.52
          ],
          [
            3.291177,
            43.916102,
            788.87
          ],
          [
            3.291567,
            43.916082,
            788.42
          ],
          [
            3.2921,
            43.915987,
            788.94
          ],
          [
            3.292629,
            43.915864,
            789.36
          ],
          [
            3.292885,
            43.915826,
            789.54
          ],
          [
            3.293191,
            43.915746,
            789.75
          ],
          [
            3.293596,
            43.915629,
            790.0
          ],
          [
            3.293817,
            43.915572,
            790.11
          ],
          [
            3.294043,
            43.915526,
            790.15
          ],
          [
            3.294364,
            43.915406,
            790.09
          ],
          [
            3.295302,
            43.915171,
            789.12
          ],
          [
            3.295766,
            43.915064,
            788.89
          ],
          [
            3.296235,
            43.914968,
            788.37
          ],
          [
            3.297022,
            43.91476,
            786.94
          ],
          [
            3.297132,
            43.914719,
            786.64
          ],
          [
            3.297327,
            43.914605,
            785.98
          ],
          [
            3.297453,
            43.914541,
            785.56
          ],
          [
            3.297699,
            43.914445,
            784.78
          ],
          [
            3.29789,
            43.914386,
            783.86
          ],
          [
            3.298022,
            43.914361,
            783.27
          ],
          [
            3.298227,
            43.914354,
            781.16
          ],
          [
            3.298493,
            43.914326,
            778.57
          ],
          [
            3.298607,
            43.914339,
            777.42
          ],
          [
            3.29908,
            43.914513,
            778.06
          ],
          [
            3.299223,
            43.914547,
            778.59
          ],
          [
            3.299425,
            43.914561,
            779.33
          ],
          [
            3.299502,
            43.914581,
            779.57
          ],
          [
            3.299588,
            43.914616,
            779.84
          ],
          [
            3.299708,
            43.914741,
            780.44
          ],
          [
            3.299755,
            43.914775,
            780.64
          ],
          [
            3.299815,
            43.914792,
            780.82
          ],
          [
            3.299927,
            43.914808,
            781.13
          ],
          [
            3.300408,
            43.914815,
            782.32
          ],
          [
            3.300571,
            43.914843,
            782.66
          ],
          [
            3.300733,
            43.91489,
            782.86
          ],
          [
            3.30104,
            43.91501,
            783.31
          ],
          [
            3.301158,
            43.915046,
            783.66
          ],
          [
            3.301168,
            43.915116,
            783.34
          ],
          [
            3.301212,
            43.915179,
            783.52
          ],
          [
            3.301327,
            43.915301,
            783.81
          ],
          [
            3.301515,
            43.915452,
            784.23
          ],
          [
            3.30173,
            43.915602,
            784.67
          ],
          [
            3.301878,
            43.915685,
            784.42
          ],
          [
            3.302011,
            43.915699,
            784.46
          ],
          [
            3.302099,
            43.915674,
            784.78
          ],
          [
            3.30217,
            43.915625,
            785.08
          ],
          [
            3.302262,
            43.915588,
            785.4
          ],
          [
            3.302637,
            43.915506,
            785.55
          ],
          [
            3.303007,
            43.915413,
            785.04
          ],
          [
            3.30309,
            43.915374,
            784.71
          ],
          [
            3.303299,
            43.915403,
            784.14
          ],
          [
            3.303609,
            43.915431,
            782.53
          ],
          [
            3.303843,
            43.915441,
            781.1
          ],
          [
            3.304008,
            43.915437,
            779.93
          ],
          [
            3.304155,
            43.915423,
            779.46
          ],
          [
            3.304275,
            43.915396,
            778.87
          ],
          [
            3.304494,
            43.915314,
            777.67
          ],
          [
            3.304812,
            43.915169,
            776.39
          ],
          [
            3.30508,
            43.915058,
            775.39
          ],
          [
            3.305224,
            43.915008,
            774.92
          ],
          [
            3.305368,
            43.914972,
            774.51
          ],
          [
            3.30567,
            43.914911,
            773.78
          ],
          [
            3.306064,
            43.914846,
            772.97
          ],
          [
            3.306361,
            43.914821,
            772.42
          ],
          [
            3.307521,
            43.914802,
            771.1
          ],
          [
            3.307846,
            43.914767,
            771.0
          ],
          [
            3.308015,
            43.914728,
            771.0
          ],
          [
            3.308112,
            43.914686,
            771.0
          ],
          [
            3.308414,
            43.914516,
            770.98
          ],
          [
            3.308758,
            43.914303,
            771.0
          ],
          [
            3.308919,
            43.91422,
            771.11
          ],
          [
            3.309031,
            43.914184,
            771.08
          ],
          [
            3.309139,
            43.914156,
            771.02
          ],
          [
            3.31015,
            43.91401,
            770.97
          ],
          [
            3.310878,
            43.913922,
            770.99
          ],
          [
            3.311171,
            43.913877,
            771.0
          ],
          [
            3.311383,
            43.913826,
            771.0
          ],
          [
            3.311531,
            43.913775,
            771.0
          ],
          [
            3.311664,
            43.913706,
            771.0
          ],
          [
            3.311725,
            43.913646,
            771.0
          ],
          [
            3.311769,
            43.913582,
            771.0
          ],
          [
            3.311984,
            43.913444,
            771.06
          ],
          [
            3.312557,
            43.913294,
            771.97
          ],
          [
            3.313086,
            43.913144,
            773.7
          ],
          [
            3.313846,
            43.91296,
            777.1
          ],
          [
            3.31412,
            43.912855,
            778.86
          ],
          [
            3.314592,
            43.912655,
            780.29
          ],
          [
            3.314928,
            43.912534,
            779.16
          ],
          [
            3.315339,
            43.912655,
            778.68
          ],
          [
            3.315612,
            43.912663,
            778.01
          ],
          [
            3.31578,
            43.91263,
            776.92
          ],
          [
            3.315043,
            43.912246,
            776.75
          ]
        ]
      }
    },
    {
      "type": "Feature",
      "properties": {
        "source": "Circuit_Templiers.gpx",
        "type": "route"
      },
      "geometry": {
        "type": "LineString",
        "coordinates": [
          [
            3.315043,
            43.912246
          ],
          [
            3.31578,
            43.91263
          ],
          [
            3.314928,
            43.912534
          ],
          [
            3.314592,
            43.912655
          ],
          [
            3.311769,
            43.913582
          ],
          [
            3.311171,
            43.913877
          ],
          [
            3.30309,
            43.915374
          ],
          [
            3.302099,
            43.915674
          ],
          [
            3.301158,
            43.915046
          ],
          [
            3.298607,
            43.914339
          ],
          [
            3.298022,
            43.914361
          ],
          [
            3.279027,
            43.918843
          ],
          [
            3.273266,
            43.919754
          ],
          [
            3.269077,
            43.918583
          ],
          [
            3.267104,
            43.918961
          ],
          [
            3.26604,
            43.919357
          ],
          [
            3.263539,
            43.920235
          ],
          [
            3.263567,
            43.920331
          ],
          [
            3.258807,
            43.923108
          ],
          [
            3.246389,
            43.932412
          ],
          [
            3.246506,
            43.932694
          ],
          [
            3.246628,
            43.93309
          ],
          [
            3.245646,
            43.933514
          ],
          [
            3.228923,
            43.940492
          ],
          [
            3.224589,
            43.942426
          ],
          [
            3.22037,
            43.941926
          ],
          [
            3.216774,
            43.94383
          ],
          [
            3.208462,
            43.942709
          ],
          [
            3.207737,
            43.94464
          ],
          [
            3.206807,
            43.94451
          ],
          [
            3.2049,
            43.945133
          ],
          [
            3.202352,
            43.948957
          ],
          [
            3.200341,
            43.9504
          ],
          [
            3.198113,
            43.95337
          ],
          [
            3.196792,
            43.955045
          ],
          [
            3.193961,
            43.957062
          ],
          [
            3.191343,
            43.9573
          ],
          [
            3.190013,
            43.957176
          ],
          [
            3.187733,
            43.958091
          ],
          [
            3.187942,
            43.958276
          ],
          [
            3.185582,
            43.958893
          ],
          [
            3.184726,
            43.958767
          ],
          [
            3.178361,
            43.966876
          ],
          [
            3.177748,
            43.967071
          ],
          [
            3.177806,
            43.967128
          ],
          [
            3.177798,
            43.967268
          ],
          [
            3.177235,
            43.967565
          ],
          [
            3.167752,
            43.967681
          ],
          [
            3.159061,
            43.963343
          ],
          [
            3.148845,
            43.981232
          ],
          [
            3.148445,
            43.980838
          ],
          [
            3.141224,
            43.980527
          ],
          [
            3.137856,
            43.981441
          ],
          [
            3.137046,
            43.981882
          ],
          [
            3.136631,
            43.981978
          ],
          [
            3.136576,
            43.982439
          ],
          [
            3.136668,
            43.982557
          ],
          [
            3.136599,
            43.982612
          ],
          [
            3.136599,
            43.982612
          ],
          [
            3.136668,
            43.982557
          ],
          [
            3.136576,
            43.982439
          ],
          [
            3.136631,
            43.981978
          ],
          [
            3.16515,
            43.955277
          ],
          [
            3.183797,
            43.956937
          ],
          [
            3.184726,
            43.958767
          ],
          [
            3.185582,
            43.958893
          ],
          [
            3.187942,
            43.958276
          ],
          [
            3.187733,
            43.958091
          ],
          [
            3.190013,
            43.957176
          ],
          [
            3.193398,
            43.957441
          ],
          [
            3.194946,
            43.955776
          ],
          [
            3.196792,
            43.955045
          ],
          [
            3.198113,
            43.95337
          ],
          [
            3.200341,
            43.9504
          ],
          [
            3.204181,
            43.945824
          ],
          [
            3.206807,
            43.94451
          ],
          [
            3.207737,
            43.94464
          ],
          [
            3.208462,
            43.942709
          ],
          [
            3.216774,
            43.94383
          ],
          [
            3.22037,
            43.941926
          ],
          [
            3.224589,
            43.942426
          ],
          [
            3.23551,
            43.937101
          ],
          [
            3.245646,
            43.933514
          ],
          [
            3.246628,
            43.93309
          ],
          [
            3.246389,
            43.932412
          ],
          [
            3.258807,
            43.923108
          ],
          [
            3.265538,
            43.91966
          ],
          [
            3.266568,
            43.919116
          ],
          [
            3.267104,
            43.918961
          ],
          [
            3.269077,
            43.918583
          ],
          [
            3.275628,
            43.92009
          ],
          [
            3.279143,
            43.91871
          ],
          [
            3.301158,
            43.915046
          ],
          [
            3.301878,
            43.915685
          ],
          [
            3.311171,
            43.913877
          ],
          [
            3.311769,
            43.913582
          ],
          [
            3.314928,
            43.912534
          ],
          [
            3.31578,
            43.91263
          ],
          [
            3.315043,
            43.912246
          ]
        ]
      }
    }
  ]
}