{
  "type": "FeatureCollection",
  "features": [
    {
      "type": "Feature",
      "properties": {
        "name": "GraphHopper Track",
        "source": "Viala-Pas-de-Jaux.gpx",
        "type": "track"
      },
      "geometry": {
        "type": "LineString",
        "coordinates": [
          [
            3.053593,
            43.956763,
            801.83
          ],
          [
            3.05388,
            43.956818,
            801.92
          ],
          [
            3.054232,
            43.956932,
            803.04
          ],
          [
            3.054689,
            43.956637,
            802.3
          ],
          [
            3.054787,
            43.956562,
            802.41
          ],
          [
            3.05512,
            43.956529,
            802.35
          ],
          [
            3.055299,
            43.956722,
            803.3
          ],
          [
            3.055411,
            43.956821,
            804.03
          ],
          [
            3.055533,
            43.9569,
            804.69
          ],
          [
            3.055621,
            43.956938,
            804.93
          ],
          [
            3.055732,
            43.956975,
            805.1
          ],
          [
            3.056003,
            43.956931,
            805.54
          ],
          [
            3.05612,
            43.956931,
            805.85
          ],
          [
            3.056427,
            43.956984,
            807.45
          ],
          [
            3.056525,
            43.957081,
            808.58
          ],
          [
            3.056601,
            43.957066,
            808.65
          ],
          [
            3.056692,
            43.957062,
            808.55
          ],
          [
            3.057003,
            43.957071,
            807.88
          ],
          [
            3.057352,
            43.957099,
            807.96
          ],
          [
            3.05755,
            43.957106,
            807.96
          ],
          [
            3.057997,
            43.957062,
            807.02
          ],
          [
            3.058146,
            43.957056,
            806.73
          ],
          [
            3.05831,
            43.957068,
            806.43
          ],
          [
            3.058752,
            43.957139,
            805.41
          ],
          [
            3.058974,
            43.957191,
            804.69
          ],
          [
            3.059435,
            43.957326,
            803.8
          ],
          [
            3.059647,
            43.957408,
            803.21
          ],
          [
            3.060107,
            43.957611,
            802.06
          ],
          [
            3.060448,
            43.957743,
            801.39
          ],
          [
            3.060565,
            43.957777,
            801.22
          ],
          [
            3.060883,
            43.957861,
            800.95
          ],
          [
            3.061055,
            43.957897,
            800.93
          ],
          [
            3.061699,
            43.958001,
            801.3
          ],
          [
            3.062378,
            43.958157,
            802.5
          ],
          [
            3.063262,
            43.958394,
            801.48
          ],
          [
            3.063515,
            43.958438,
            800.93
          ],
          [
            3.063812,
            43.95845,
            800.3
          ],
          [
            3.063995,
            43.958443,
            799.86
          ],
          [
            3.064215,
            43.958419,
            799.34
          ],
          [
            3.065471,
            43.958219,
            797.83
          ],
          [
            3.065746,
            43.958185,
            797.66
          ],
          [
            3.065853,
            43.958098,
            798.02
          ],
          [
            3.066015,
            43.958036,
            798.48
          ],
          [
            3.066254,
            43.958028,
            798.44
          ],
          [
            3.066646,
            43.957952,
            797.89
          ],
          [
            3.06719,
            43.95791,
            796.95
          ],
          [
            3.06768,
            43.957851,
            795.97
          ],
          [
            3.068036,
            43.95784,
            795.33
          ],
          [
            3.068416,
            43.957759,
            794.83
          ],
          [
            3.068731,
            43.957641,
            794.63
          ],
          [
            3.069297,
            43.957378,
            794.97
          ],
          [
            3.070026,
            43.956922,
            795.34
          ],
          [
            3.070432,
            43.956598,
            794.84
          ],
          [
            3.070508,
            43.956527,
            794.69
          ],
          [
            3.070872,
            43.955958,
            793.35
          ],
          [
            3.070955,
            43.95578,
            793.02
          ],
          [
            3.071032,
            43.955472,
            792.17
          ],
          [
            3.071079,
            43.955336,
            791.81
          ],
          [
            3.071195,
            43.955229,
            791.94
          ],
          [
            3.071374,
            43.95523,
            791.35
          ],
          [
            3.071688,
            43.955259,
            791.72
          ],
          [
            3.072039,
            43.955273,
            792.29
          ],
          [
            3.072323,
            43.955316,
            792.73
          ],
          [
            3.072568,
            43.95539,
            793.05
          ],
          [
            3.072845,
            43.955492,
            793.22
          ],
          [
            3.073139,
            43.955627,
            793.23
          ],
          [
            3.073344,
            43.955706,
            793.14
          ],
          [
            3.073529,
            43.955735,
            793.03
          ],
          [
            3.073675,
            43.955744,
            792.94
          ],
          [
            3.074085,
            43.955846,
            792.75
          ],
          [
            3.074286,
            43.955882,
            792.64
          ],
          [
            3.074495,
            43.955913,
            792.53
          ],
          [
            3.074944,
            43.955963,
            792.46
          ],
          [
            3.075176,
            43.956032,
            792.49
          ],
          [
            3.075414,
            43.956084,
            792.51
          ],
          [
            3.075751,
            43.956146,
            792.41
          ],
          [
            3.076633,
            43.95623,
            792.7
          ],
          [
            3.076759,
            43.956263,
            792.82
          ],
          [
            3.077179,
            43.956346,
            793.34
          ],
          [
            3.077407,
            43.95641,
            793.66
          ],
          [
            3.07786,
            43.956496,
            794.47
          ],
          [
            3.077999,
            43.956558,
            794.74
          ],
          [
            3.078627,
            43.956993,
            794.76
          ],
          [
            3.078835,
            43.957093,
            794.27
          ],
          [
            3.07907,
            43.957186,
            793.95
          ],
          [
            3.079175,
            43.957212,
            793.84
          ],
          [
            3.07947,
            43.957236,
            793.65
          ],
          [
            3.079668,
            43.957284,
            793.54
          ],
          [
            3.079966,
            43.957388,
            793.38
          ],
          [
            3.080299,
            43.957484,
            793.42
          ],
          [
            3.080498,
            43.957584,
            793.59
          ],
          [
            3.080736,
            43.957657,
            793.82
          ],
          [
            3.080941,
            43.957672,
            793.82
          ],
          [
            3.081175,
            43.957703,
            793.93
          ],
          [
            3.081435,
            43.957771,
            794.37
          ],
          [
            3.081516,
            43.957743,
            794.76
          ],
          [
            3.081639,
            43.957736,
            794.89
          ],
          [
            3.081777,
            43.957762,
            795.0
          ],
          [
            3.081953,
            43.957868,
            795.0
          ],
          [
            3.082032,
            43.957923,
            795.03
          ],
          [
            3.082608,
            43.957978,
            796.71
          ],
          [
            3.083106,
            43.958043,
            797.31
          ],
          [
            3.084051,
            43.958201,
            798.0
          ],
          [
            3.090486,
            43.959349,
            803.0
          ],
          [
            3.091083,
            43.959485,
            803.07
          ],
          [
            3.091416,
            43.959604,
            803.56
          ],
          [
            3.091548,
            43.959659,
            803.74
          ],
          [
            3.091783,
            43.95978,
            804.14
          ],
          [
            3.092322,
            43.960118,
            805.32
          ],
          [
            3.092508,
            43.96023,
            805.67
          ],
          [
            3.092654,
            43.960303,
            805.9
          ],
          [
            3.092893,
            43.960396,
            806.23
          ],
          [
            3.093144,
            43.960465,
            806.54
          ],
          [
            3.093408,
            43.960508,
            806.84
          ],
          [
            3.097407,
            43.960989,
            809.83
          ],
          [
            3.097556,
            43.960989,
            809.4
          ],
          [
            3.09768,
            43.96098,
            809.17
          ],
          [
            3.097775,
            43.960962,
            809.03
          ],
          [
            3.097939,
            43.960905,
            808.53
          ],
          [
            3.098029,
            43.960853,
            808.13
          ],
          [
            3.098449,
            43.960551,
            807.0
          ],
          [
            3.098603,
            43.960457,
            806.85
          ],
          [
            3.09886,
            43.960335,
            806.89
          ],
          [
            3.09899,
            43.960287,
            807.06
          ],
          [
            3.099259,
            43.960211,
            807.66
          ],
          [
            3.099815,
            43.960095,
            809.4
          ],
          [
            3.105211,
            43.95912,
            812.95
          ],
          [
            3.106556,
            43.958884,
            816.76
          ],
          [
            3.109793,
            43.958286,
            821.98
          ],
          [
            3.111282,
            43.958028,
            823.25
          ],
          [
            3.111596,
            43.957983,
            823.38
          ],
          [
            3.112415,
            43.957922,
            824.0
          ],
          [
            3.113737,
            43.957856,
            826.29
          ],
          [
            3.114874,
            43.957809,
            828.42
          ],
          [
            3.117506,
            43.957671,
            834.94
          ],
          [
            3.118273,
            43.957645,
            837.49
          ],
          [
            3.118705,
            43.957661,
            839.1
          ],
          [
            3.119051,
            43.957704,
            840.48
          ],
          [
            3.120039,
            43.957859,
            845.14
          ],
          [
            3.12026,
            43.957839,
            845.81
          ],
          [
            3.120436,
            43.95787,
            846.55
          ],
          [
            3.120617,
            43.957918,
            847.39
          ],
          [
            3.120755,
            43.958039,
            848.45
          ],
          [
            3.120978,
            43.958134,
            849.32
          ],
          [
            3.121311,
            43.958315,
            850.65
          ],
          [
            3.121528,
            43.958419,
            851.67
          ],
          [
            3.121825,
            43.95851,
            852.94
          ],
          [
            3.122161,
            43.958568,
            854.29
          ],
          [
            3.122804,
            43.958631,
            857.06
          ],
          [
            3.12301,
            43.958666,
            857.96
          ],
          [
            3.123161,
            43.958709,
            858.62
          ],
          [
            3.123339,
            43.958774,
            859.39
          ],
          [
            3.12347,
            43.958853,
            860.02
          ],
          [
            3.123624,
            43.959036,
            861.03
          ],
          [
            3.123763,
            43.959349,
            862.64
          ],
          [
            3.123845,
            43.959447,
            863.23
          ],
          [
            3.12393,
            43.959512,
            863.71
          ],
          [
            3.124138,
            43.95958,
            864.6
          ],
          [
            3.124385,
            43.959596,
            865.58
          ],
          [
            3.124767,
            43.959557,
            867.2
          ],
          [
            3.125062,
            43.959547,
            868.65
          ],
          [
            3.125329,
            43.959571,
            869.89
          ],
          [
            3.12558,
            43.959659,
            871.25
          ],
          [
            3.125679,
            43.959703,
            871.84
          ],
          [
            3.126607,
            43.960301,
            870.8
          ],
          [
            3.12682,
            43.96038,
            870.12
          ],
          [
            3.127101,
            43.96041,
            869.21
          ],
          [
            3.127444,
            43.960399,
            868.15
          ],
          [
            3.128612,
            43.960275,
            865.36
          ],
          [
            3.129562,
            43.960188,
            863.23
          ],
          [
            3.129798,
            43.960142,
            862.65
          ],
          [
            3.129985,
            43.960075,
            862.12
          ],
          [
            3.130166,
            43.959977,
            861.53
          ],
          [
            3.131065,
            43.959252,
            857.36
          ],
          [
            3.131732,
            43.958739,
            854.06
          ],
          [
            3.132345,
            43.958361,
            851.41
          ],
          [
            3.133125,
            43.958012,
            848.94
          ],
          [
            3.13361,
            43.957841,
            848.23
          ],
          [
            3.133996,
            43.957728,
            847.9
          ],
          [
            3.134491,
            43.95761,
            847.66
          ],
          [
            3.134968,
            43.957513,
            846.16
          ],
          [
            3.135707,
            43.957384,
            843.35
          ],
          [
            3.136829,
            43.957167,
            839.84
          ],
          [
            3.137211,
            43.957121,
            838.72
          ],
          [
            3.13747,
            43.957138,
            837.97
          ],
          [
            3.137716,
            43.957198,
            837.24
          ],
          [
            3.138403,
            43.957448,
            834.73
          ],
          [
            3.138624,
            43.957511,
            833.05
          ],
          [
            3.13888,
            43.957527,
            831.72
          ],
          [
            3.139111,
            43.957488,
            831.18
          ],
          [
            3.139366,
            43.957376,
            830.41
          ],
          [
            3.139581,
            43.957253,
            829.59
          ],
          [
            3.139831,
            43.957124,
            828.83
          ],
          [
            3.140045,
            43.957059,
            828.27
          ],
          [
            3.140399,
            43.957032,
            827.31
          ],
          [
            3.140676,
            43.957057,
            826.47
          ],
          [
            3.14097,
            43.95713,
            825.47
          ],
          [
            3.141193,
            43.957244,
            824.55
          ],
          [
            3.141386,
            43.95745,
            823.36
          ],
          [
            3.141773,
            43.958047,
            819.98
          ],
          [
            3.142457,
            43.958875,
            815.3
          ],
          [
            3.142683,
            43.959092,
            813.79
          ],
          [
            3.142944,
            43.959272,
            812.4
          ],
          [
            3.143299,
            43.959429,
            810.91
          ],
          [
            3.144534,
            43.959885,
            806.73
          ],
          [
            3.145444,
            43.960242,
            803.29
          ],
          [
            3.147351,
            43.960961,
            802.84
          ],
          [
            3.147337,
            43.960685,
            803.11
          ],
          [
            3.1475,
            43.960163,
            805.48
          ],
          [
            3.147542,
            43.959882,
            807.05
          ],
          [
            3.147598,
            43.959746,
            807.86
          ],
          [
            3.147701,
            43.959585,
            808.92
          ],
          [
            3.147804,
            43.959393,
            810.21
          ],
          [
            3.147865,
            43.959115,
            812.28
          ],
          [
            3.147916,
            43.958781,
            815.06
          ],
          [
            3.148069,
            43.957963,
            822.59
          ],
          [
            3.148099,
            43.957883,
            823.29
          ],
          [
            3.148329,
            43.957481,
            826.47
          ],
          [
            3.148848,
            43.956892,
            829.65
          ],
          [
            3.149123,
            43.956458,
            829.94
          ],
          [
            3.149492,
            43.955958,
            829.16
          ],
          [
            3.149694,
            43.95566,
            830.31
          ],
          [
            3.149535,
            43.955554,
            830.18
          ],
          [
            3.149261,
            43.955139,
            828.75
          ],
          [
            3.149195,
            43.954982,
            828.2
          ],
          [
            3.148888,
            43.954595,
            826.53
          ],
          [
            3.148604,
            43.954289,
            825.42
          ],
          [
            3.148576,
            43.95419,
            825.26
          ],
          [
            3.148628,
            43.954105,
            825.17
          ],
          [
            3.148775,
            43.953996,
            825.11
          ],
          [
            3.148826,
            43.953894,
            825.15
          ],
          [
            3.148822,
            43.953701,
            825.23
          ],
          [
            3.148869,
            43.953568,
            825.53
          ],
          [
            3.148883,
            43.953361,
            826.28
          ],
          [
            3.148926,
            43.953255,
            826.72
          ],
          [
            3.149013,
            43.953153,
            827.0
          ],
          [
            3.148631,
            43.952765,
            825.07
          ],
          [
            3.148627,
            43.952694,
            825.0
          ],
          [
            3.149102,
            43.952844,
            826.33
          ],
          [
            3.149624,
            43.952941,
            827.65
          ],
          [
            3.15032,
            43.952998,
            828.43
          ],
          [
            3.1508,
            43.953106,
            827.67
          ],
          [
            3.151209,
            43.953209,
            826.3
          ],
          [
            3.151911,
            43.953303,
            823.81
          ],
          [
            3.153148,
            43.953389,
            821.85
          ],
          [
            3.154229,
            43.953493,
            819.84
          ],
          [
            3.154544,
            43.953503,
            818.97
          ],
          [
            3.154882,
            43.953483,
            817.99
          ],
          [
            3.155675,
            43.953247,
            815.42
          ],
          [
            3.155898,
            43.953114,
            814.73
          ],
          [
            3.156315,
            43.952886,
            813.43
          ],
          [
            3.15666,
            43.952819,
            812.41
          ],
          [
            3.157077,
            43.952848,
            811.02
          ],
          [
            3.157617,
            43.952965,
            808.65
          ],
          [
            3.157894,
            43.952995,
            807.28
          ],
          [
            3.158353,
            43.952905,
            805.34
          ],
          [
            3.158502,
            43.952907,
            805.03
          ],
          [
            3.159153,
            43.953073,
            802.14
          ],
          [
            3.159642,
            43.953295,
            800.02
          ],
          [
            3.160776,
            43.953846,
            795.3
          ],
          [
            3.161878,
            43.95426,
            790.81
          ],
          [
            3.16252,
            43.954509,
            788.41
          ],
          [
            3.163482,
            43.955278,
            783.77
          ],
          [
            3.163721,
            43.955432,
            783.49
          ],
          [
            3.164097,
            43.955488,
            782.15
          ],
          [
            3.164621,
            43.955459,
            780.42
          ],
          [
            3.165021,
            43.955334,
            778.82
          ],
          [
            3.16515,
            43.955277,
            778.16
          ],
          [
            3.165744,
            43.955114,
            780.2
          ],
          [
            3.166278,
            43.954918,
            783.05
          ],
          [
            3.166863,
            43.954826,
            786.02
          ],
          [
            3.167666,
            43.954755,
            789.57
          ],
          [
            3.168172,
            43.954735,
            790.69
          ],
          [
            3.168491,
            43.95475,
            790.98
          ],
          [
            3.16877,
            43.954791,
            791.05
          ],
          [
            3.168975,
            43.954857,
            790.97
          ],
          [
            3.169109,
            43.954858,
            790.87
          ],
          [
            3.169238,
            43.954806,
            790.74
          ],
          [
            3.169998,
            43.954328,
            790.5
          ],
          [
            3.170576,
            43.954108,
            791.09
          ],
          [
            3.17101,
            43.954014,
            791.52
          ],
          [
            3.171425,
            43.953956,
            791.73
          ],
          [
            3.17175,
            43.953977,
            791.76
          ],
          [
            3.172079,
            43.95403,
            791.64
          ],
          [
            3.172397,
            43.954043,
            791.47
          ],
          [
            3.172914,
            43.95404,
            791.35
          ],
          [
            3.173291,
            43.954077,
            791.43
          ],
          [
            3.174155,
            43.954297,
            792.08
          ],
          [
            3.174596,
            43.954344,
            792.53
          ],
          [
            3.174862,
            43.954443,
            791.82
          ],
          [
            3.175314,
            43.954682,
            789.04
          ],
          [
            3.175774,
            43.954951,
            785.31
          ],
          [
            3.176196,
            43.955124,
            782.39
          ],
          [
            3.177017,
            43.955386,
            776.1
          ],
          [
            3.177411,
            43.95555,
            772.33
          ],
          [
            3.177627,
            43.955709,
            769.55
          ],
          [
            3.177734,
            43.955962,
            765.97
          ],
          [
            3.177792,
            43.956241,
            762.05
          ],
          [
            3.17794,
            43.956369,
            759.67
          ],
          [
            3.178187,
            43.956406,
            756.9
          ],
          [
            3.178618,
            43.956434,
            752.75
          ],
          [
            3.180024,
            43.956292,
            747.19
          ],
          [
            3.180785,
            43.956225,
            747.39
          ],
          [
            3.18111,
            43.956211,
            747.7
          ],
          [
            3.181526,
            43.956244,
            747.69
          ],
          [
            3.18232,
            43.956406,
            745.76
          ],
          [
            3.182942,
            43.956601,
            743.36
          ],
          [
            3.183288,
            43.956732,
            742.02
          ],
          [
            3.183663,
            43.956837,
            741.0
          ],
          [
            3.183797,
            43.956937,
            740.53
          ],
          [
            3.183934,
            43.957097,
            740.0
          ],
          [
            3.18416,
            43.957445,
            739.34
          ],
          [
            3.184336,
            43.95793,
            739.1
          ],
          [
            3.184603,
            43.958255,
            739.1
          ],
          [
            3.184739,
            43.958522,
            737.9
          ],
          [
            3.184743,
            43.958658,
            737.82
          ],
          [
            3.184726,
            43.958767,
            737.86
          ],
          [
            3.18499,
            43.958851,
            737.32
          ],
          [
            3.185233,
            43.95888,
            737.44
          ],
          [
            3.185582,
            43.958893,
            738.11
          ],
          [
            3.185947,
            43.959156,
            739.52
          ],
          [
            3.186221,
            43.95929,
            739.97
          ],
          [
            3.186377,
            43.959342,
            739.93
          ],
          [
            3.186505,
            43.95935,
            739.85
          ],
          [
            3.186661,
            43.959323,
            739.53
          ],
          [
            3.186959,
            43.959156,
            739.49
          ],
          [
            3.187112,
            43.959033,
            739.25
          ],
          [
            3.187227,
            43.958891,
            739.03
          ],
          [
            3.18736,
            43.95869,
            738.99
          ],
          [
            3.187571,
            43.958497,
            738.8
          ],
          [
            3.187781,
            43.958359,
            739.01
          ],
          [
            3.187942,
            43.958276,
            738.91
          ],
          [
            3.188155,
            43.958196,
            738.82
          ],
          [
            3.188796,
            43.957991,
            738.32
          ],
          [
            3.189071,
            43.957935,
            738.07
          ],
          [
            3.189274,
            43.957847,
            737.89
          ],
          [
            3.189803,
            43.957546,
            737.0
          ],
          [
            3.190036,
            43.957449,
            736.84
          ],
          [
            3.190213,
            43.957405,
            736.49
          ],
          [
            3.19049,
            43.957357,
            735.94
          ],
          [
            3.190842,
            43.95735,
            735.52
          ],
          [
            3.191194,
            43.957362,
            735.19
          ],
          [
            3.191504,
            43.957394,
            735.09
          ],
          [
            3.191736,
            43.957448,
            735.13
          ],
          [
            3.191941,
            43.957553,
            735.26
          ],
          [
            3.192179,
            43.957737,
            735.48
          ],
          [
            3.192315,
            43.957802,
            735.59
          ],
          [
            3.192613,
            43.957899,
            735.66
          ],
          [
            3.192867,
            43.958008,
            735.46
          ],
          [
            3.193155,
            43.958149,
            735.0
          ],
          [
            3.193617,
            43.958449,
            733.82
          ],
          [
            3.193943,
            43.958606,
            732.68
          ],
          [
            3.194095,
            43.95869,
            732.32
          ],
          [
            3.194238,
            43.958931,
            730.86
          ],
          [
            3.194274,
            43.959008,
            730.35
          ],
          [
            3.194657,
            43.95893,
            729.19
          ],
          [
            3.196016,
            43.958778,
            727.17
          ],
          [
            3.198248,
            43.958379,
            725.66
          ],
          [
            3.199751,
            43.958213,
            723.91
          ],
          [
            3.200506,
            43.958143,
            723.63
          ],
          [
            3.201081,
            43.95806,
            724.13
          ],
          [
            3.202599,
            43.957683,
            723.29
          ],
          [
            3.202847,
            43.95761,
            722.96
          ],
          [
            3.204069,
            43.957087,
            721.29
          ],
          [
            3.205133,
            43.95639,
            719.9
          ],
          [
            3.205328,
            43.956286,
            719.58
          ],
          [
            3.205708,
            43.956143,
            719.04
          ],
          [
            3.207706,
            43.955349,
            718.23
          ],
          [
            3.208445,
            43.955011,
            717.56
          ],
          [
            3.20877,
            43.954921,
            717.31
          ],
          [
            3.209315,
            43.954854,
            716.73
          ],
          [
            3.20999,
            43.954737,
            715.87
          ],
          [
            3.210348,
            43.954717,
            715.5
          ],
          [
            3.212393,
            43.954797,
            713.0
          ],
          [
            3.212536,
            43.95464,
            713.16
          ],
          [
            3.212747,
            43.954543,
            713.24
          ],
          [
            3.212803,
            43.954537,
            713.38
          ],
          [
            3.212867,
            43.954551,
            713.75
          ],
          [
            3.213307,
            43.954735,
            714.3
          ],
          [
            3.213529,
            43.954802,
            712.69
          ],
          [
            3.213701,
            43.954825,
            712.61
          ],
          [
            3.214108,
            43.954816,
            712.6
          ],
          [
            3.214189,
            43.954802,
            712.84
          ],
          [
            3.214241,
            43.954685,
            712.8
          ],
          [
            3.214475,
            43.95434,
            713.73
          ],
          [
            3.214611,
            43.954069,
            714.59
          ],
          [
            3.214981,
            43.953519,
            716.96
          ],
          [
            3.215133,
            43.953255,
            715.19
          ],
          [
            3.215236,
            43.953176,
            714.9
          ],
          [
            3.215338,
            43.953157,
            714.77
          ],
          [
            3.21794,
            43.953012,
            715.01
          ],
          [
            3.218562,
            43.952998,
            716.02
          ],
          [
            3.218618,
            43.952991,
            716.23
          ],
          [
            3.218805,
            43.952925,
            717.83
          ],
          [
            3.218457,
            43.95209,
            717.75
          ],
          [
            3.218484,
            43.951877,
            717.96
          ],
          [
            3.21853,
            43.951812,
            718.26
          ],
          [
            3.218624,
            43.951734,
            718.7
          ],
          [
            3.21857,
            43.951689,
            718.21
          ],
          [
            3.218656,
            43.9516,
            718.31
          ],
          [
            3.218657,
            43.951569,
            718.23
          ],
          [
            3.218624,
            43.951514,
            717.99
          ],
          [
            3.218485,
            43.951399,
            717.32
          ],
          [
            3.218034,
            43.950884,
            716.06
          ],
          [
            3.21778,
            43.950475,
            716.17
          ],
          [
            3.217777,
            43.950338,
            716.55
          ],
          [
            3.218017,
            43.949966,
            718.73
          ],
          [
            3.218466,
            43.949681,
            722.27
          ],
          [
            3.21864,
            43.949624,
            723.35
          ],
          [
            3.219018,
            43.949647,
            725.31
          ],
          [
            3.219205,
            43.94964,
            726.12
          ],
          [
            3.219412,
            43.949677,
            726.86
          ],
          [
            3.219561,
            43.949689,
            727.27
          ],
          [
            3.220155,
            43.949622,
            728.29
          ],
          [
            3.220631,
            43.949555,
            729.35
          ],
          [
            3.221123,
            43.949497,
            730.65
          ],
          [
            3.221337,
            43.949359,
            731.49
          ],
          [
            3.221578,
            43.94918,
            732.61
          ],
          [
            3.221648,
            43.949095,
            733.09
          ],
          [
            3.221656,
            43.948844,
            734.19
          ],
          [
            3.22176,
            43.948709,
            734.89
          ],
          [
            3.221986,
            43.948561,
            735.94
          ],
          [
            3.222159,
            43.948488,
            736.64
          ],
          [
            3.222267,
            43.948496,
            737.02
          ],
          [
            3.222353,
            43.948515,
            737.34
          ],
          [
            3.222481,
            43.948532,
            737.83
          ],
          [
            3.222648,
            43.948535,
            738.49
          ],
          [
            3.22305,
            43.948633,
            740.42
          ],
          [
            3.223194,
            43.948697,
            741.35
          ],
          [
            3.223251,
            43.948729,
            741.73
          ],
          [
            3.223311,
            43.948853,
            742.69
          ],
          [
            3.223357,
            43.948889,
            743.03
          ],
          [
            3.223445,
            43.949001,
            743.82
          ],
          [
            3.223494,
            43.949099,
            744.4
          ],
          [
            3.223541,
            43.949145,
            744.7
          ],
          [
            3.223616,
            43.949198,
            745.08
          ],
          [
            3.22368,
            43.949264,
            745.43
          ],
          [
            3.223804,
            43.949299,
            745.77
          ],
          [
            3.223858,
            43.949293,
            745.88
          ],
          [
            3.223927,
            43.949265,
            746.01
          ],
          [
            3.224004,
            43.949143,
            746.18
          ],
          [
            3.224055,
            43.949046,
            746.14
          ],
          [
            3.224105,
            43.948881,
            745.7
          ],
          [
            3.224267,
            43.948759,
            744.94
          ],
          [
            3.224382,
            43.948566,
            743.64
          ],
          [
            3.2245,
            43.948434,
            742.41
          ],
          [
            3.22454,
            43.948411,
            742.09
          ],
          [
            3.224595,
            43.948398,
            741.72
          ],
          [
            3.224699,
            43.948393,
            741.04
          ],
          [
            3.224788,
            43.948409,
            740.44
          ],
          [
            3.224888,
            43.948445,
            739.71
          ],
          [
            3.224994,
            43.948452,
            739.03
          ],
          [
            3.22514,
            43.948344,
            737.78
          ],
          [
            3.225246,
            43.948324,
            737.22
          ],
          [
            3.225419,
            43.948237,
            736.33
          ],
          [
            3.22562,
            43.948187,
            735.77
          ],
          [
            3.225666,
            43.94816,
            735.67
          ],
          [
            3.225734,
            43.948134,
            735.58
          ],
          [
            3.225977,
            43.94809,
            735.64
          ],
          [
            3.22636,
            43.947978,
            736.82
          ],
          [
            3.226825,
            43.947825,
            739.71
          ],
          [
            3.226989,
            43.947821,
            740.83
          ],
          [
            3.227143,
            43.947848,
            741.56
          ],
          [
            3.227354,
            43.947839,
            742.0
          ],
          [
            3.227447,
            43.947892,
            742.45
          ],
          [
            3.227652,
            43.947966,
            742.88
          ],
          [
            3.227761,
            43.94808,
            743.23
          ],
          [
            3.227804,
            43.948104,
            743.3
          ],
          [
            3.22792,
            43.94812,
            743.42
          ],
          [
            3.228032,
            43.948127,
            743.5
          ],
          [
            3.228135,
            43.948158,
            743.55
          ],
          [
            3.228254,
            43.948216,
            743.64
          ],
          [
            3.22835,
            43.948287,
            743.68
          ],
          [
            3.228419,
            43.948327,
            743.68
          ],
          [
            3.228482,
            43.948327,
            743.68
          ],
          [
            3.228548,
            43.948315,
            743.68
          ],
          [
            3.228753,
            43.948208,
            743.63
          ],
          [
            3.228829,
            43.948151,
            743.56
          ],
          [
            3.228855,
            43.948087,
            743.5
          ],
          [
            3.228875,
            43.947987,
            743.36
          ],
          [
            3.229004,
            43.947875,
            743.14
          ],
          [
            3.229137,
            43.947861,
            742.99
          ],
          [
            3.229236,
            43.947828,
            742.87
          ],
          [
            3.229308,
            43.947756,
            742.74
          ],
          [
            3.229348,
            43.947654,
            742.58
          ],
          [
            3.229437,
            43.947568,
            742.44
          ],
          [
            3.229669,
            43.947435,
            742.16
          ],
          [
            3.229844,
            43.947347,
            741.97
          ],
          [
            3.230029,
            43.947299,
            741.96
          ],
          [
            3.230281,
            43.947272,
            742.0
          ],
          [
            3.230459,
            43.947263,
            742.0
          ],
          [
            3.2307,
            43.947294,
            741.84
          ],
          [
            3.230829,
            43.947294,
            741.69
          ],
          [
            3.231047,
            43.947271,
            741.49
          ],
          [
            3.23158,
            43.947237,
            740.91
          ],
          [
            3.23233,
            43.947263,
            739.0
          ],
          [
            3.232638,
            43.947242,
            737.67
          ],
          [
            3.232843,
            43.947244,
            736.62
          ],
          [
            3.23356,
            43.947339,
            732.99
          ],
          [
            3.233673,
            43.947378,
            732.56
          ],
          [
            3.233897,
            43.947513,
            731.81
          ],
          [
            3.234046,
            43.947585,
            731.54
          ],
          [
            3.234221,
            43.947713,
            731.52
          ],
          [
            3.234304,
            43.947725,
            731.61
          ],
          [
            3.234506,
            43.947723,
            731.96
          ],
          [
            3.234754,
            43.947739,
            732.64
          ],
          [
            3.234916,
            43.947756,
            733.14
          ],
          [
            3.235048,
            43.947789,
            733.56
          ],
          [
            3.235177,
            43.947851,
            734.09
          ],
          [
            3.235527,
            43.94808,
            735.94
          ],
          [
            3.23564,
            43.94812,
            735.81
          ],
          [
            3.235722,
            43.948166,
            735.8
          ],
          [
            3.235835,
            43.948249,
            735.71
          ],
          [
            3.235954,
            43.948373,
            735.72
          ],
          [
            3.23605,
            43.94843,
            735.68
          ],
          [
            3.236242,
            43.948572,
            735.97
          ],
          [
            3.236503,
            43.948887,
            736.75
          ],
          [
            3.236728,
            43.949056,
            737.29
          ],
          [
            3.23688,
            43.949184,
            737.74
          ],
          [
            3.236992,
            43.949339,
            738.13
          ],
          [
            3.237085,
            43.949415,
            738.42
          ],
          [
            3.237296,
            43.949546,
            739.05
          ],
          [
            3.237403,
            43.949649,
            739.87
          ],
          [
            3.237389,
            43.949555,
            739.4
          ],
          [
            3.237391,
            43.949415,
            738.96
          ],
          [
            3.237413,
            43.949352,
            738.71
          ],
          [
            3.237508,
            43.949204,
            738.09
          ],
          [
            3.237553,
            43.949152,
            737.88
          ],
          [
            3.237566,
            43.949112,
            737.7
          ],
          [
            3.237572,
            43.948988,
            737.17
          ],
          [
            3.237585,
            43.948939,
            737.02
          ],
          [
            3.237667,
            43.948673,
            735.78
          ],
          [
            3.237731,
            43.94854,
            735.38
          ],
          [
            3.237912,
            43.948329,
            734.68
          ],
          [
            3.237939,
            43.948287,
            734.6
          ],
          [
            3.237965,
            43.948201,
            734.49
          ],
          [
            3.238032,
            43.948105,
            734.42
          ],
          [
            3.23808,
            43.948076,
            734.39
          ],
          [
            3.238284,
            43.947988,
            734.31
          ],
          [
            3.238349,
            43.947982,
            734.29
          ],
          [
            3.238374,
            43.947928,
            734.26
          ],
          [
            3.23836,
            43.947787,
            734.17
          ],
          [
            3.238393,
            43.947689,
            734.11
          ],
          [
            3.238438,
            43.947627,
            734.07
          ],
          [
            3.2394,
            43.947333,
            732.89
          ],
          [
            3.239505,
            43.947332,
            732.64
          ],
          [
            3.239672,
            43.947295,
            732.17
          ],
          [
            3.239737,
            43.94727,
            732.1
          ],
          [
            3.239858,
            43.947265,
            732.36
          ],
          [
            3.239877,
            43.947239,
            732.31
          ],
          [
            3.240025,
            43.947186,
            732.73
          ],
          [
            3.240519,
            43.947048,
            734.14
          ],
          [
            3.240985,
            43.946891,
            734.44
          ],
          [
            3.241319,
            43.946746,
            734.49
          ],
          [
            3.241982,
            43.94655,
            734.62
          ],
          [
            3.243094,
            43.94625,
            735.91
          ],
          [
            3.243755,
            43.946129,
            735.8
          ],
          [
            3.244463,
            43.946045,
            735.29
          ],
          [
            3.245076,
            43.946007,
            735.52
          ],
          [
            3.24526,
            43.945987,
            735.78
          ],
          [
            3.245511,
            43.945943,
            736.35
          ],
          [
            3.245747,
            43.945915,
            736.97
          ],
          [
            3.245951,
            43.945913,
            738.03
          ],
          [
            3.246176,
            43.945925,
            738.85
          ],
          [
            3.246494,
            43.945926,
            739.35
          ],
          [
            3.246927,
            43.94595,
            739.79
          ],
          [
            3.247227,
            43.945985,
            739.84
          ],
          [
            3.24736,
            43.945994,
            739.8
          ],
          [
            3.247498,
            43.94599,
            739.76
          ],
          [
            3.247654,
            43.945999,
            739.73
          ],
          [
            3.247797,
            43.945994,
            739.7
          ],
          [
            3.248104,
            43.945909,
            739.56
          ],
          [
            3.248454,
            43.945835,
            739.48
          ],
          [
            3.24876,
            43.945797,
            739.68
          ],
          [
            3.249388,
            43.945745,
            740.49
          ],
          [
            3.249662,
            43.94573,
            740.92
          ],
          [
            3.249987,
            43.945692,
            741.47
          ],
          [
            3.249897,
            43.945888,
            741.9
          ],
          [
            3.249871,
            43.946012,
            742.26
          ],
          [
            3.249881,
            43.946159,
            742.88
          ],
          [
            3.24997,
            43.946383,
            743.85
          ],
          [
            3.250043,
            43.946781,
            745.64
          ],
          [
            3.250056,
            43.946905,
            746.26
          ],
          [
            3.250089,
            43.947012,
            746.79
          ],
          [
            3.250152,
            43.947095,
            747.24
          ],
          [
            3.250291,
            43.947197,
            747.91
          ],
          [
            3.250552,
            43.947416,
            749.15
          ],
          [
            3.250787,
            43.947642,
            750.1
          ],
          [
            3.251068,
            43.948004,
            750.47
          ],
          [
            3.251144,
            43.948073,
            750.32
          ],
          [
            3.251342,
            43.948209,
            749.72
          ],
          [
            3.251534,
            43.948311,
            749.29
          ],
          [
            3.251673,
            43.948416,
            748.54
          ],
          [
            3.251984,
            43.948549,
            746.2
          ],
          [
            3.252073,
            43.948625,
            745.48
          ],
          [
            3.252265,
            43.948682,
            744.28
          ],
          [
            3.252351,
            43.948682,
            743.8
          ],
          [
            3.252424,
            43.948666,
            743.33
          ],
          [
            3.252513,
            43.948659,
            742.81
          ],
          [
            3.252589,
            43.948671,
            742.37
          ],
          [
            3.252632,
            43.948704,
            741.94
          ],
          [
            3.252649,
            43.948775,
            741.26
          ],
          [
            3.252716,
            43.948756,
            741.2
          ],
          [
            3.252998,
            43.948726,
            740.02
          ],
          [
            3.253087,
            43.948699,
            739.83
          ],
          [
            3.253182,
            43.948661,
            739.69
          ],
          [
            3.25328,
            43.948605,
            739.53
          ],
          [
            3.253425,
            43.948493,
            739.64
          ],
          [
            3.253545,
            43.948412,
            739.6
          ],
          [
            3.253664,
            43.948358,
            739.54
          ],
          [
            3.253735,
            43.948349,
            739.59
          ],
          [
            3.253825,
            43.948327,
            739.69
          ],
          [
            3.25387,
            43.94829,
            739.76
          ],
          [
            3.253997,
            43.948233,
            740.14
          ],
          [
            3.254283,
            43.948133,
            742.71
          ],
          [
            3.254309,
            43.948128,
            743.01
          ],
          [
            3.254386,
            43.948129,
            743.42
          ],
          [
            3.254421,
            43.94814,
            743.56
          ],
          [
            3.254517,
            43.948149,
            743.95
          ],
          [
            3.25465,
            43.948146,
            744.42
          ],
          [
            3.255075,
            43.948082,
            744.5
          ],
          [
            3.255155,
            43.948062,
            744.59
          ],
          [
            3.255256,
            43.948059,
            744.58
          ],
          [
            3.255301,
            43.94807,
            744.53
          ],
          [
            3.25533,
            43.948086,
            744.45
          ],
          [
            3.255406,
            43.948154,
            743.94
          ],
          [
            3.255452,
            43.948235,
            742.88
          ],
          [
            3.25552,
            43.948273,
            742.49
          ],
          [
            3.255632,
            43.948302,
            742.97
          ],
          [
            3.255749,
            43.94831,
            744.12
          ],
          [
            3.25583,
            43.948327,
            744.83
          ],
          [
            3.255978,
            43.94834,
            744.76
          ],
          [
            3.256045,
            43.948363,
            744.5
          ],
          [
            3.256073,
            43.948391,
            744.35
          ],
          [
            3.256101,
            43.94848,
            744.11
          ],
          [
            3.256108,
            43.948526,
            744.06
          ],
          [
            3.2561,
            43.948701,
            743.72
          ],
          [
            3.256138,
            43.948792,
            743.64
          ],
          [
            3.256197,
            43.948837,
            743.56
          ],
          [
            3.256366,
            43.948864,
            743.38
          ],
          [
            3.256417,
            43.948898,
            743.35
          ],
          [
            3.256521,
            43.949006,
            743.55
          ],
          [
            3.256579,
            43.949023,
            743.7
          ],
          [
            3.256733,
            43.949045,
            744.2
          ],
          [
            3.256989,
            43.949151,
            745.29
          ],
          [
            3.257222,
            43.949218,
            746.2
          ],
          [
            3.257301,
            43.949258,
            746.58
          ],
          [
            3.257402,
            43.949254,
            747.02
          ],
          [
            3.257539,
            43.949261,
            747.64
          ],
          [
            3.25776,
            43.949296,
            748.72
          ],
          [
            3.258272,
            43.949411,
            751.13
          ],
          [
            3.258416,
            43.94943,
            751.47
          ],
          [
            3.258583,
            43.949435,
            751.87
          ],
          [
            3.258895,
            43.949535,
            753.2
          ],
          [
            3.259142,
            43.949592,
            754.8
          ],
          [
            3.259672,
            43.949634,
            758.07
          ],
          [
            3.259974,
            43.949646,
            760.39
          ],
          [
            3.259972,
            43.949683,
            760.59
          ],
          [
            3.259996,
            43.949731,
            760.78
          ],
          [
            3.260032,
            43.949767,
            760.97
          ],
          [
            3.260095,
            43.949793,
            761.33
          ],
          [
            3.260326,
            43.949821,
            762.17
          ],
          [
            3.26048,
            43.949885,
            762.87
          ],
          [
            3.260672,
            43.949939,
            763.2
          ],
          [
            3.260831,
            43.95002,
            763.79
          ],
          [
            3.261044,
            43.950238,
            764.35
          ],
          [
            3.261156,
            43.950305,
            764.75
          ],
          [
            3.261269,
            43.950328,
            765.05
          ],
          [
            3.261361,
            43.950333,
            765.28
          ],
          [
            3.26148,
            43.950316,
            765.74
          ],
          [
            3.261649,
            43.950281,
            766.16
          ],
          [
            3.261866,
            43.950224,
            767.42
          ],
          [
            3.263779,
            43.950435,
            773.76
          ],
          [
            3.263808,
            43.95032,
            773.96
          ],
          [
            3.263864,
            43.950213,
            774.4
          ],
          [
            3.263934,
            43.950128,
            775.0
          ],
          [
            3.264072,
            43.950033,
            775.91
          ],
          [
            3.264175,
            43.949972,
            776.61
          ],
          [
            3.264234,
            43.949916,
            777.13
          ],
          [
            3.264374,
            43.94973,
            778.68
          ],
          [
            3.264467,
            43.949627,
            779.68
          ],
          [
            3.264565,
            43.949565,
            780.46
          ],
          [
            3.264874,
            43.949484,
            782.29
          ],
          [
            3.265346,
            43.949339,
            785.22
          ],
          [
            3.265657,
            43.949198,
            786.91
          ],
          [
            3.26577,
            43.949164,
            787.37
          ],
          [
            3.265912,
            43.949139,
            788.05
          ],
          [
            3.266202,
            43.949122,
            788.8
          ],
          [
            3.266284,
            43.949135,
            788.79
          ],
          [
            3.266571,
            43.949272,
            788.01
          ],
          [
            3.266639,
            43.949218,
            787.68
          ],
          [
            3.266698,
            43.949147,
            787.71
          ],
          [
            3.266751,
            43.949045,
            787.25
          ],
          [
            3.266791,
            43.949035,
            787.05
          ],
          [
            3.266857,
            43.949043,
            786.7
          ],
          [
            3.267095,
            43.949102,
            785.61
          ],
          [
            3.267308,
            43.949132,
            784.12
          ],
          [
            3.267331,
            43.948941,
            785.64
          ],
          [
            3.267331,
            43.948941,
            785.64
          ],
          [
            3.267308,
            43.949132,
            784.12
          ],
          [
            3.267095,
            43.949102,
            785.61
          ],
          [
            3.266857,
            43.949043,
            786.7
          ],
          [
            3.266791,
            43.949035,
            787.05
          ],
          [
            3.266751,
            43.949045,
            787.25
          ],
          [
            3.266698,
            43.949147,
            787.71
          ],
          [
            3.266639,
            43.949218,
            787.68
          ],
          [
            3.266571,
            43.949272,
            788.01
          ],
          [
            3.266284,
            43.949135,
            788.79
          ],
          [
            3.266202,
            43.949122,
            788.8
          ],
          [
            3.265912,
            43.949139,
            788.05
          ],
          [
            3.26577,
            43.949164,
            787.37
          ],
          [
            3.265657,
            43.949198,
            786.91
          ],
          [
            3.265346,
            43.949339,
            785.22
          ],
          [
            3.264874,
            43.949484,
            782.29
          ],
          [
            3.264565,
            43.949565,
            780.46
          ],
          [
            3.264467,
            43.949627,
            779.68
          ],
          [
            3.264374,
            43.94973,
            778.68
          ],
          [
            3.264234,
            43.949916,
            777.13
          ],
          [
            3.264175,
            43.949972,
            776.61
          ],
          [
            3.264072,
            43.950033,
            775.91
          ],
          [
            3.263934,
            43.950128,
            775.0
          ],
          [
            3.263864,
            43.950213,
            774.4
          ],
          [
            3.263808,
            43.95032,
            773.96
          ],
          [
            3.263779,
            43.950435,
            773.76
          ],
          [
            3.261866,
            43.950224,
            767.42
          ],
          [
            3.26148,
            43.950316,
            765.74
          ],
          [
            3.261361,
            43.950333,
            765.28
          ],
          [
            3.261269,
            43.950328,
            765.05
          ],
          [
            3.261156,
            43.950305,
            764.75
          ],
          [
            3.261044,
            43.950238,
            764.35
          ],
          [
            3.260916,
            43.950114,
            764.21
          ],
          [
            3.260831,
            43.95002,
            763.79
          ],
          [
            3.260672,
            43.949939,
            763.2
          ],
          [
            3.26048,
            43.949885,
            762.87
          ],
          [
            3.260326,
            43.949821,
            762.17
          ],
          [
            3.260095,
            43.949793,
            761.33
          ],
          [
            3.260032,
            43.949767,
            760.97
          ],
          [
            3.259996,
            43.949731,
            760.78
          ],
          [
            3.259972,
            43.949683,
            760.59
          ],
          [
            3.259974,
            43.949646,
            760.39
          ],
          [
            3.259672,
            43.949634,
            758.07
          ],
          [
            3.259142,
            43.949592,
            754.8
          ],
          [
            3.258895,
            43.949535,
            753.2
          ],
          [
            3.258583,
            43.949435,
            751.87
          ],
          [
            3.258416,
            43.94943,
            751.47
          ],
          [
            3.258272,
            43.949411,
            751.13
          ],
          [
            3.25776,
            43.949296,
            748.72
          ],
          [
            3.257539,
            43.949261,
            747.64
          ],
          [
            3.257402,
            43.949254,
            747.02
          ],
          [
            3.257301,
            43.949258,
            746.58
          ],
          [
            3.257222,
            43.949218,
            746.2
          ],
          [
            3.256989,
            43.949151,
            745.29
          ],
          [
            3.256733,
            43.949045,
            744.2
          ],
          [
            3.256579,
            43.949023,
            743.7
          ],
          [
            3.256521,
            43.949006,
            743.55
          ],
          [
            3.256417,
            43.948898,
            743.35
          ],
          [
            3.256366,
            43.948864,
            743.38
          ],
          [
            3.256197,
            43.948837,
            743.56
          ],
          [
            3.256138,
            43.948792,
            743.64
          ],
          [
            3.2561,
            43.948701,
            743.72
          ],
          [
            3.256108,
            43.948526,
            744.06
          ],
          [
            3.256101,
            43.94848,
            744.11
          ],
          [
            3.256073,
            43.948391,
            744.35
          ],
          [
            3.256045,
            43.948363,
            744.5
          ],
          [
            3.255978,
            43.94834,
            744.76
          ],
          [
            3.25583,
            43.948327,
            744.83
          ],
          [
            3.255749,
            43.94831,
            744.12
          ],
          [
            3.255632,
            43.948302,
            742.97
          ],
          [
            3.25552,
            43.948273,
            742.49
          ],
          [
            3.255452,
            43.948235,
            742.88
          ],
          [
            3.255406,
            43.948154,
            743.94
          ],
          [
            3.25533,
            43.948086,
            744.45
          ],
          [
            3.255301,
            43.94807,
            744.53
          ],
          [
            3.255256,
            43.948059,
            744.58
          ],
          [
            3.255155,
            43.948062,
            744.59
          ],
          [
            3.255075,
            43.948082,
            744.5
          ],
          [
            3.25465,
            43.948146,
            744.42
          ],
          [
            3.254517,
            43.948149,
            743.95
          ],
          [
            3.254421,
            43.94814,
            743.56
          ],
          [
            3.254386,
            43.948129,
            743.42
          ],
          [
            3.254309,
            43.948128,
            743.01
          ],
          [
            3.254283,
            43.948133,
            742.71
          ],
          [
            3.253997,
            43.948233,
            740.14
          ],
          [
            3.25387,
            43.94829,
            739.76
          ],
          [
            3.253825,
            43.948327,
            739.69
          ],
          [
            3.253735,
            43.948349,
            739.59
          ],
          [
            3.253664,
            43.948358,
            739.54
          ],
          [
            3.253545,
            43.948412,
            739.6
          ],
          [
            3.253425,
            43.948493,
            739.64
          ],
          [
            3.25328,
            43.948605,
            739.53
          ],
          [
            3.253182,
            43.948661,
            739.69
          ],
          [
            3.253087,
            43.948699,
            739.83
          ],
          [
            3.252998,
            43.948726,
            740.02
          ],
          [
            3.252716,
            43.948756,
            741.2
          ],
          [
            3.252649,
            43.948775,
            741.26
          ],
          [
            3.252632,
            43.948704,
            741.94
          ],
          [
            3.252589,
            43.948671,
            742.37
          ],
          [
            3.252513,
            43.948659,
            742.81
          ],
          [
            3.252424,
            43.948666,
            743.33
          ],
          [
            3.252351,
            43.948682,
            743.8
          ],
          [
            3.252265,
            43.948682,
            744.28
          ],
          [
            3.252073,
            43.948625,
            745.48
          ],
          [
            3.251984,
            43.948549,
            746.2
          ],
          [
            3.251673,
            43.948416,
            748.54
          ],
          [
            3.251534,
            43.948311,
            749.29
          ],
          [
            3.251342,
            43.948209,
            749.72
          ],
          [
            3.251144,
            43.948073,
            750.32
          ],
          [
            3.251068,
            43.948004,
            750.47
          ],
          [
            3.250787,
            43.947642,
            750.1
          ],
          [
            3.250552,
            43.947416,
            749.15
          ],
          [
            3.250291,
            43.947197,
            747.91
          ],
          [
            3.250152,
            43.947095,
            747.24
          ],
          [
            3.250089,
            43.947012,
            746.79
          ],
          [
            3.250056,
            43.946905,
            746.26
          ],
          [
            3.250043,
            43.946781,
            745.64
          ],
          [
            3.24997,
            43.946383,
            743.85
          ],
          [
            3.249881,
            43.946159,
            742.88
          ],
          [
            3.249871,
            43.946012,
            742.26
          ],
          [
            3.249897,
            43.945888,
            741.9
          ],
          [
            3.249987,
            43.945692,
            741.47
          ],
          [
            3.249662,
            43.94573,
            740.92
          ],
          [
            3.249388,
            43.945745,
            740.49
          ],
          [
            3.24876,
            43.945797,
            739.68
          ],
          [
            3.248454,
            43.945835,
            739.48
          ],
          [
            3.248104,
            43.945909,
            739.56
          ],
          [
            3.247797,
            43.945994,
            739.7
          ],
          [
            3.247654,
            43.945999,
            739.73
          ],
          [
            3.247498,
            43.94599,
            739.76
          ],
          [
            3.24736,
            43.945994,
            739.8
          ],
          [
            3.247227,
            43.945985,
            739.84
          ],
          [
            3.246927,
            43.94595,
            739.79
          ],
          [
            3.246494,
            43.945926,
            739.35
          ],
          [
            3.246176,
            43.945925,
            738.85
          ],
          [
            3.245951,
            43.945913,
            738.03
          ],
          [
            3.245747,
            43.945915,
            736.97
          ],
          [
            3.245511,
            43.945943,
            736.35
          ],
          [
            3.24526,
            43.945987,
            735.78
          ],
          [
            3.245076,
            43.946007,
            735.52
          ],
          [
            3.244463,
            43.946045,
            735.29
          ],
          [
            3.243755,
            43.946129,
            735.8
          ],
          [
            3.243094,
            43.94625,
            735.91
          ],
          [
            3.241982,
            43.94655,
            734.62
          ],
          [
            3.241319,
            43.946746,
            734.49
          ],
          [
            3.240985,
            43.946891,
            734.44
          ],
          [
            3.240519,
            43.947048,
            734.14
          ],
          [
            3.240025,
            43.947186,
            732.73
          ],
          [
            3.239877,
            43.947239,
            732.31
          ],
          [
            3.239858,
            43.947265,
            732.36
          ],
          [
            3.239737,
            43.94727,
            732.1
          ],
          [
            3.239672,
            43.947295,
            732.17
          ],
          [
            3.239505,
            43.947332,
            732.64
          ],
          [
            3.2394,
            43.947333,
            732.89
          ],
          [
            3.238438,
            43.947627,
            734.07
          ],
          [
            3.238393,
            43.947689,
            734.11
          ],
          [
            3.23836,
            43.947787,
            734.17
          ],
          [
            3.238374,
            43.947928,
            734.26
          ],
          [
            3.238349,
            43.947982,
            734.29
          ],
          [
            3.238284,
            43.947988,
            734.31
          ],
          [
            3.23808,
            43.948076,
            734.39
          ],
          [
            3.238032,
            43.948105,
            734.42
          ],
          [
            3.237965,
            43.948201,
            734.49
          ],
          [
            3.237939,
            43.948287,
            734.6
          ],
          [
            3.237912,
            43.948329,
            734.68
          ],
          [
            3.237731,
            43.94854,
            735.38
          ],
          [
            3.237667,
            43.948673,
            735.78
          ],
          [
            3.237585,
            43.948939,
            737.02
          ],
          [
            3.237572,
            43.948988,
            737.17
          ],
          [
            3.237566,
            43.949112,
            737.7
          ],
          [
            3.237553,
            43.949152,
            737.88
          ],
          [
            3.237508,
            43.949204,
            738.09
          ],
          [
            3.237413,
            43.949352,
            738.71
          ],
          [
            3.237391,
            43.949415,
            738.96
          ],
          [
            3.237389,
            43.949555,
            739.4
          ],
          [
            3.237403,
            43.949649,
            739.87
          ],
          [
            3.237296,
            43.949546,
            739.05
          ],
          [
            3.237085,
            43.949415,
            738.42
          ],
          [
            3.236992,
            43.949339,
            738.13
          ],
          [
            3.23688,
            43.949184,
            737.74
          ],
          [
            3.236728,
            43.949056,
            737.29
          ],
          [
            3.236503,
            43.948887,
            736.75
          ],
          [
            3.236242,
            43.948572,
            735.97
          ],
          [
            3.23605,
            43.94843,
            735.68
          ],
          [
            3.235954,
            43.948373,
            735.72
          ],
          [
            3.235835,
            43.948249,
            735.71
          ],
          [
            3.235722,
            43.948166,
            735.8
          ],
          [
            3.23564,
            43.94812,
            735.81
          ],
          [
            3.235527,
            43.94808,
            735.94
          ],
          [
            3.235177,
            43.947851,
            734.09
          ],
          [
            3.235048,
            43.947789,
            733.56
          ],
          [
            3.234916,
            43.947756,
            733.14
          ],
          [
            3.234754,
            43.947739,
            732.64
          ],
          [
            3.234506,
            43.947723,
            731.96
          ],
          [
            3.234304,
            43.947725,
            731.61
          ],
          [
            3.234221,
            43.947713,
            731.52
          ],
          [
            3.234046,
            43.947585,
            731.54
          ],
          [
            3.233897,
            43.947513,
            731.81
          ],
          [
            3.233673,
            43.947378,
            732.56
          ],
          [
            3.23356,
            43.947339,
            732.99
          ],
          [
            3.232843,
            43.947244,
            736.62
          ],
          [
            3.232638,
            43.947242,
            737.67
          ],
          [
            3.23233,
            43.947263,
            739.0
          ],
          [
            3.23158,
            43.947237,
            740.91
          ],
          [
            3.231047,
            43.947271,
            741.49
          ],
          [
            3.230829,
            43.947294,
            741.69
          ],
          [
            3.2307,
            43.947294,
            741.84
          ],
          [
            3.230459,
            43.947263,
            742.0
          ],
          [
            3.230281,
            43.947272,
            742.0
          ],
          [
            3.230029,
            43.947299,
            741.96
          ],
          [
            3.229844,
            43.947347,
            741.97
          ],
          [
            3.229669,
            43.947435,
            742.16
          ],
          [
            3.229437,
            43.947568,
            742.44
          ],
          [
            3.229348,
            43.947654,
            742.58
          ],
          [
            3.229308,
            43.947756,
            742.74
          ],
          [
            3.229236,
            43.947828,
            742.87
          ],
          [
            3.229137,
            43.947861,
            742.99
          ],
          [
            3.229004,
            43.947875,
            743.14
          ],
          [
            3.228875,
            43.947987,
            743.36
          ],
          [
            3.228855,
            43.948087,
            743.5
          ],
          [
            3.228829,
            43.948151,
            743.56
          ],
          [
            3.228753,
            43.948208,
            743.63
          ],
          [
            3.228548,
            43.948315,
            743.68
          ],
          [
            3.228482,
            43.948327,
            743.68
          ],
          [
            3.228419,
            43.948327,
            743.68
          ],
          [
            3.22835,
            43.948287,
            743.68
          ],
          [
            3.228254,
            43.948216,
            743.64
          ],
          [
            3.228135,
            43.948158,
            743.55
          ],
          [
            3.228032,
            43.948127,
            743.5
          ],
          [
            3.22792,
            43.94812,
            743.42
          ],
          [
            3.227804,
            43.948104,
            743.3
          ],
          [
            3.227761,
            43.94808,
            743.23
          ],
          [
            3.227652,
            43.947966,
            742.88
          ],
          [
            3.227447,
            43.947892,
            742.45
          ],
          [
            3.227354,
            43.947839,
            742.0
          ],
          [
            3.227143,
            43.947848,
            741.56
          ],
          [
            3.226989,
            43.947821,
            740.83
          ],
          [
            3.226825,
            43.947825,
            739.71
          ],
          [
            3.22636,
            43.947978,
            736.82
          ],
          [
            3.225977,
            43.94809,
            735.64
          ],
          [
            3.225734,
            43.948134,
            735.58
          ],
          [
            3.225666,
            43.94816,
            735.67
          ],
          [
            3.22562,
            43.948187,
            735.77
          ],
          [
            3.225419,
            43.948237,
            736.33
          ],
          [
            3.225246,
            43.948324,
            737.22
          ],
          [
            3.22514,
            43.948344,
            737.78
          ],
          [
            3.224994,
            43.948452,
            739.03
          ],
          [
            3.224888,
            43.948445,
            739.71
          ],
          [
            3.224788,
            43.948409,
            740.44
          ],
          [
            3.224699,
            43.948393,
            741.04
          ],
          [
            3.224595,
            43.948398,
            741.72
          ],
          [
            3.22454,
            43.948411,
            742.09
          ],
          [
            3.2245,
            43.948434,
            742.41
          ],
          [
            3.224382,
            43.948566,
            743.64
          ],
          [
            3.224267,
            43.948759,
            744.94
          ],
          [
            3.224105,
            43.948881,
            745.7
          ],
          [
            3.224055,
            43.949046,
            746.14
          ],
          [
            3.224004,
            43.949143,
            746.18
          ],
          [
            3.223927,
            43.949265,
            746.01
          ],
          [
            3.223858,
            43.949293,
            745.88
          ],
          [
            3.223804,
            43.949299,
            745.77
          ],
          [
            3.22368,
            43.949264,
            745.43
          ],
          [
            3.223616,
            43.949198,
            745.08
          ],
          [
            3.223541,
            43.949145,
            744.7
          ],
          [
            3.223494,
            43.949099,
            744.4
          ],
          [
            3.223445,
            43.949001,
            743.82
          ],
          [
            3.223357,
            43.948889,
            743.03
          ],
          [
            3.223311,
            43.948853,
            742.69
          ],
          [
            3.223251,
            43.948729,
            741.73
          ],
          [
            3.223194,
            43.948697,
            741.35
          ],
          [
            3.22305,
            43.948633,
            740.42
          ],
          [
            3.222648,
            43.948535,
            738.49
          ],
          [
            3.222481,
            43.948532,
            737.83
          ],
          [
            3.222353,
            43.948515,
            737.34
          ],
          [
            3.222267,
            43.948496,
            737.02
          ],
          [
            3.222159,
            43.948488,
            736.64
          ],
          [
            3.221986,
            43.948561,
            735.94
          ],
          [
            3.22176,
            43.948709,
            734.89
          ],
          [
            3.221656,
            43.948844,
            734.19
          ],
          [
            3.221648,
            43.949095,
            733.09
          ],
          [
            3.221578,
            43.94918,
            732.61
          ],
          [
            3.221337,
            43.949359,
            731.49
          ],
          [
            3.221123,
            43.949497,
            730.65
          ],
          [
            3.220631,
            43.949555,
            729.35
          ],
          [
            3.220155,
            43.949622,
            728.29
          ],
          [
            3.219561,
            43.949689,
            727.27
          ],
          [
            3.219412,
            43.949677,
            726.86
          ],
          [
            3.219205,
            43.94964,
            726.12
          ],
          [
            3.219018,
            43.949647,
            725.31
          ],
          [
            3.21864,
            43.949624,
            723.35
          ],
          [
            3.218466,
            43.949681,
            722.27
          ],
          [
            3.218017,
            43.949966,
            718.73
          ],
          [
            3.217777,
            43.950338,
            716.55
          ],
          [
            3.21778,
            43.950475,
            716.17
          ],
          [
            3.218034,
            43.950884,
            716.06
          ],
          [
            3.218485,
            43.951399,
            717.32
          ],
          [
            3.218624,
            43.951514,
            717.99
          ],
          [
            3.218657,
            43.951569,
            718.23
          ],
          [
            3.218656,
            43.9516,
            718.31
          ],
          [
            3.21857,
            43.951689,
            718.21
          ],
          [
            3.218624,
            43.951734,
            718.7
          ],
          [
            3.21853,
            43.951812,
            718.26
          ],
          [
            3.218484,
            43.951877,
            717.96
          ],
          [
            3.218457,
            43.95209,
            717.75
          ],
          [
            3.218805,
            43.952925,
            717.83
          ],
          [
            3.218618,
            43.952991,
            716.23
          ],
          [
            3.218562,
            43.952998,
            716.02
          ],
          [
            3.21794,
            43.953012,
            715.01
          ],
          [
            3.215338,
            43.953157,
            714.77
          ],
          [
            3.215236,
            43.953176,
            714.9
          ],
          [
            3.215133,
            43.953255,
            715.19
          ],
          [
            3.214981,
            43.953519,
            716.96
          ],
          [
            3.214611,
            43.954069,
            714.59
          ],
          [
            3.214475,
            43.95434,
            713.73
          ],
          [
            3.214241,
            43.954685,
            712.8
          ],
          [
            3.214189,
            43.954802,
            712.84
          ],
          [
            3.214108,
            43.954816,
            712.6
          ],
          [
            3.213701,
            43.954825,
            712.61
          ],
          [
            3.213529,
            43.954802,
            712.69
          ],
          [
            3.213307,
            43.954735,
            714.3
          ],
          [
            3.212867,
            43.954551,
            713.75
          ],
          [
            3.212803,
            43.954537,
            713.38
          ],
          [
            3.212747,
            43.954543,
            713.24
          ],
          [
            3.212536,
            43.95464,
            713.16
          ],
          [
            3.212393,
            43.954797,
            713.0
          ],
          [
            3.210348,
            43.954717,
            715.5
          ],
          [
            3.20999,
            43.954737,
            715.87
          ],
          [
            3.209315,
            43.954854,
            716.73
          ],
          [
            3.20877,
            43.954921,
            717.31
          ],
          [
            3.208445,
            43.955011,
            717.56
          ],
          [
            3.207706,
            43.955349,
            718.23
          ],
          [
            3.205708,
            43.956143,
            719.04
          ],
          [
            3.205328,
            43.956286,
            719.58
          ],
          [
            3.205133,
            43.95639,
            719.9
          ],
          [
            3.204069,
            43.957087,
            721.29
          ],
          [
            3.202847,
            43.95761,
            722.96
          ],
          [
            3.202599,
            43.957683,
            723.29
          ],
          [
            3.201081,
            43.95806,
            724.13
          ],
          [
            3.200506,
            43.958143,
            723.63
          ],
          [
            3.199751,
            43.958213,
            723.91
          ],
          [
            3.198248,
            43.958379,
            725.66
          ],
          [
            3.196016,
            43.958778,
            727.17
          ],
          [
            3.194657,
            43.95893,
            729.19
          ],
          [
            3.194274,
            43.959008,
            730.35
          ],
          [
            3.194238,
            43.958931,
            730.86
          ],
          [
            3.194095,
            43.95869,
            732.32
          ],
          [
            3.193943,
            43.958606,
            732.68
          ],
          [
            3.193617,
            43.958449,
            733.82
          ],
          [
            3.193155,
            43.958149,
            735.0
          ],
          [
            3.192867,
            43.958008,
            735.46
          ],
          [
            3.192613,
            43.957899,
            735.66
          ],
          [
            3.192315,
            43.957802,
            735.59
          ],
          [
            3.192179,
            43.957737,
            735.48
          ],
          [
            3.191941,
            43.957553,
            735.26
          ],
          [
            3.191736,
            43.957448,
            735.13
          ],
          [
            3.191504,
            43.957394,
            735.09
          ],
          [
            3.191194,
            43.957362,
            735.19
          ],
          [
            3.190842,
            43.95735,
            735.52
          ],
          [
            3.19049,
            43.957357,
            735.94
          ],
          [
            3.190213,
            43.957405,
            736.49
          ],
          [
            3.190036,
            43.957449,
            736.84
          ],
          [
            3.189803,
            43.957546,
            737.0
          ],
          [
            3.189274,
            43.957847,
            737.89
          ],
          [
            3.189071,
            43.957935,
            738.07
          ],
          [
            3.188796,
            43.957991,
            738.32
          ],
          [
            3.188155,
            43.958196,
            738.82
          ],
          [
            3.187942,
            43.958276,
            738.91
          ],
          [
            3.187781,
            43.958359,
            739.01
          ],
          [
            3.187571,
            43.958497,
            738.8
          ],
          [
            3.18736,
            43.95869,
            738.99
          ],
          [
            3.187227,
            43.958891,
            739.03
          ],
          [
            3.187112,
            43.959033,
            739.25
          ],
          [
            3.186959,
            43.959156,
            739.49
          ],
          [
            3.186661,
            43.959323,
            739.53
          ],
          [
            3.186505,
            43.95935,
            739.85
          ],
          [
            3.186377,
            43.959342,
            739.93
          ],
          [
            3.186221,
            43.95929,
            739.97
          ],
          [
            3.185947,
            43.959156,
            739.52
          ],
          [
            3.185582,
            43.958893,
            738.11
          ],
          [
            3.185233,
            43.95888,
            737.44
          ],
          [
            3.18499,
            43.958851,
            737.32
          ],
          [
            3.184726,
            43.958767,
            737.86
          ],
          [
            3.184743,
            43.958658,
            737.82
          ],
          [
            3.184739,
            43.958522,
            737.9
          ],
          [
            3.184603,
            43.958255,
            739.1
          ],
          [
            3.184336,
            43.95793,
            739.1
          ],
          [
            3.18416,
            43.957445,
            739.34
          ],
          [
            3.183934,
            43.957097,
            740.0
          ],
          [
            3.183797,
            43.956937,
            740.53
          ],
          [
            3.183663,
            43.956837,
            741.0
          ],
          [
            3.183288,
            43.956732,
            742.02
          ],
          [
            3.182942,
            43.956601,
            743.36
          ],
          [
            3.18232,
            43.956406,
            745.76
          ],
          [
            3.181526,
            43.956244,
            747.69
          ],
          [
            3.18111,
            43.956211,
            747.7
          ],
          [
            3.180785,
            43.956225,
            747.39
          ],
          [
            3.180024,
            43.956292,
            747.19
          ],
          [
            3.178618,
            43.956434,
            752.75
          ],
          [
            3.178187,
            43.956406,
            756.9
          ],
          [
            3.17794,
            43.956369,
            759.67
          ],
          [
            3.177792,
            43.956241,
            762.05
          ],
          [
            3.177734,
            43.955962,
            765.97
          ],
          [
            3.177627,
            43.955709,
            769.55
          ],
          [
            3.177411,
            43.95555,
            772.33
          ],
          [
            3.177017,
            43.955386,
            776.1
          ],
          [
            3.176196,
            43.955124,
            782.39
          ],
          [
            3.175774,
            43.954951,
            785.31
          ],
          [
            3.175314,
            43.954682,
            789.04
          ],
          [
            3.174862,
            43.954443,
            791.82
          ],
          [
            3.174596,
            43.954344,
            792.53
          ],
          [
            3.174155,
            43.954297,
            792.08
          ],
          [
            3.173291,
            43.954077,
            791.43
          ],
          [
            3.172914,
            43.95404,
            791.35
          ],
          [
            3.172397,
            43.954043,
            791.47
          ],
          [
            3.172079,
            43.95403,
            791.64
          ],
          [
            3.17175,
            43.953977,
            791.76
          ],
          [
            3.171425,
            43.953956,
            791.73
          ],
          [
            3.17101,
            43.954014,
            791.52
          ],
          [
            3.170576,
            43.954108,
            791.09
          ],
          [
            3.169998,
            43.954328,
            790.5
          ],
          [
            3.169238,
            43.954806,
            790.74
          ],
          [
            3.169109,
            43.954858,
            790.87
          ],
          [
            3.168975,
            43.954857,
            790.97
          ],
          [
            3.16877,
            43.954791,
            791.05
          ],
          [
            3.168491,
            43.95475,
            790.98
          ],
          [
            3.168172,
            43.954735,
            790.69
          ],
          [
            3.167666,
            43.954755,
            789.57
          ],
          [
            3.166863,
            43.954826,
            786.02
          ],
          [
            3.166278,
            43.954918,
            783.05
          ],
          [
            3.165744,
            43.955114,
            780.2
          ],
          [
            3.16515,
            43.955277,
            778.16
          ],
          [
            3.165021,
            43.955334,
            778.82
          ],
          [
            3.164621,
            43.955459,
            780.42
          ],
          [
            3.164097,
            43.955488,
            782.15
          ],
          [
            3.163721,
            43.955432,
            783.49
          ],
          [
            3.163482,
            43.955278,
            783.77
          ],
          [
            3.16252,
            43.954509,
            788.41
          ],
          [
            3.161878,
            43.95426,
            790.81
          ],
          [
            3.160776,
            43.953846,
            795.3
          ],
          [
            3.159642,
            43.953295,
            800.02
          ],
          [
            3.159153,
            43.953073,
            802.14
          ],
          [
            3.158502,
            43.952907,
            805.03
          ],
          [
            3.158353,
            43.952905,
            805.34
          ],
          [
            3.157894,
            43.952995,
            807.28
          ],
          [
            3.157617,
            43.952965,
            808.65
          ],
          [
            3.157077,
            43.952848,
            811.02
          ],
          [
            3.15666,
            43.952819,
            812.41
          ],
          [
            3.156315,
            43.952886,
            813.43
          ],
          [
            3.155898,
            43.953114,
            814.73
          ],
          [
            3.155675,
            43.953247,
            815.42
          ],
          [
            3.154882,
            43.953483,
            817.99
          ],
          [
            3.154544,
            43.953503,
            818.97
          ],
          [
            3.154229,
            43.953493,
            819.84
          ],
          [
            3.153148,
            43.953389,
            821.85
          ],
          [
            3.151911,
            43.953303,
            823.81
          ],
          [
            3.151209,
            43.953209,
            826.3
          ],
          [
            3.1508,
            43.953106,
            827.67
          ],
          [
            3.15032,
            43.952998,
            828.43
          ],
          [
            3.149624,
            43.952941,
            827.65
          ],
          [
            3.149102,
            43.952844,
            826.33
          ],
          [
            3.148627,
            43.952694,
            825.0
          ],
          [
            3.148631,
            43.952765,
            825.07
          ],
          [
            3.149013,
            43.953153,
            827.0
          ],
          [
            3.148926,
            43.953255,
            826.72
          ],
          [
            3.148883,
            43.953361,
            826.28
          ],
          [
            3.148869,
            43.953568,
            825.53
          ],
          [
            3.148822,
            43.953701,
            825.23
          ],
          [
            3.148826,
            43.953894,
            825.15
          ],
          [
            3.148775,
            43.953996,
            825.11
          ],
          [
            3.148628,
            43.954105,
            825.17
          ],
          [
            3.148576,
            43.95419,
            825.26
          ],
          [
            3.148604,
            43.954289,
            825.42
          ],
          [
            3.148888,
            43.954595,
            826.53
          ],
          [
            3.149195,
            43.954982,
            828.2
          ],
          [
            3.149261,
            43.955139,
            828.75
          ],
          [
            3.149535,
            43.955554,
            830.18
          ],
          [
            3.149694,
            43.95566,
            830.31
          ],
          [
            3.149492,
            43.955958,
            829.16
          ],
          [
            3.149123,
            43.956458,
            829.94
          ],
          [
            3.148848,
            43.956892,
            829.65
          ],
          [
            3.148329,
            43.957481,
            826.47
          ],
          [
            3.148099,
            43.957883,
            823.29
          ],
          [
            3.148069,
            43.957963,
            822.59
          ],
          [
            3.147916,
            43.958781,
            815.06
          ],
          [
            3.147865,
            43.959115,
            812.28
          ],
          [
            3.147804,
            43.959393,
            810.21
          ],
          [
            3.147701,
            43.959585,
            808.92
          ],
          [
            3.147598,
            43.959746,
            807.86
          ],
          [
            3.147542,
            43.959882,
            807.05
          ],
          [
            3.1475,
            43.960163,
            805.48
          ],
          [
            3.147337,
            43.960685,
            803.11
          ],
          [
            3.147351,
            43.960961,
            802.84
          ],
          [
            3.145444,
            43.960242,
            803.29
          ],
          [
            3.144534,
            43.959885,
            806.73
          ],
          [
            3.143299,
            43.959429,
            810.91
          ],
          [
            3.142944,
            43.959272,
            812.4
          ],
          [
            3.142683,
            43.959092,
            813.79
          ],
          [
            3.142457,
            43.958875,
            815.3
          ],
          [
            3.141773,
            43.958047,
            819.98
          ],
          [
            3.141386,
            43.95745,
            823.36
          ],
          [
            3.141193,
            43.957244,
            824.55
          ],
          [
            3.14097,
            43.95713,
            825.47
          ],
          [
            3.140676,
            43.957057,
            826.47
          ],
          [
            3.140399,
            43.957032,
            827.31
          ],
          [
            3.140045,
            43.957059,
            828.27
          ],
          [
            3.139831,
            43.957124,
            828.83
          ],
          [
            3.139581,
            43.957253,
            829.59
          ],
          [
            3.139366,
            43.957376,
            830.41
          ],
          [
            3.139111,
            43.957488,
            831.18
          ],
          [
            3.13888,
            43.957527,
            831.72
          ],
          [
            3.138624,
            43.957511,
            833.05
          ],
          [
            3.138403,
            43.957448,
            834.73
          ],
          [
            3.137716,
            43.957198,
            837.24
          ],
          [
            3.13747,
            43.957138,
            837.97
          ],
          [
            3.137211,
            43.957121,
            838.72
          ],
          [
            3.136829,
            43.957167,
            839.84
          ],
          [
            3.135707,
            43.957384,
            843.35
          ],
          [
            3.134968,
            43.957513,
            846.16
          ],
          [
            3.134491,
            43.95761,
            847.66
          ],
          [
            3.133996,
            43.957728,
            847.9
          ],
          [
            3.13361,
            43.957841,
            848.23
          ],
          [
            3.133125,
            43.958012,
            848.94
          ],
          [
            3.132345,
            43.958361,
            851.41
          ],
          [
            3.131732,
            43.958739,
            854.06
          ],
          [
            3.131065,
            43.959252,
            857.36
          ],
          [
            3.130166,
            43.959977,
            861.53
          ],
          [
            3.129985,
            43.960075,
            862.12
          ],
          [
            3.129798,
            43.960142,
            862.65
          ],
          [
            3.129562,
            43.960188,
            863.23
          ],
          [
            3.128612,
            43.960275,
            865.36
          ],
          [
            3.127444,
            43.960399,
            868.15
          ],
          [
            3.127101,
            43.96041,
            869.21
          ],
          [
            3.12682,
            43.96038,
            870.12
          ],
          [
            3.126607,
            43.960301,
            870.8
          ],
          [
            3.125679,
            43.959703,
            871.84
          ],
          [
            3.12558,
            43.959659,
            871.25
          ],
          [
            3.125329,
            43.959571,
            869.89
          ],
          [
            3.125062,
            43.959547,
            868.65
          ],
          [
            3.124767,
            43.959557,
            867.2
          ],
          [
            3.124385,
            43.959596,
            865.58
          ],
          [
            3.124138,
            43.95958,
            864.6
          ],
          [
            3.12393,
            43.959512,
            863.71
          ],
          [
            3.123845,
            43.959447,
            863.23
          ],
          [
            3.123763,
            43.959349,
            862.64
          ],
          [
            3.123624,
            43.959036,
            861.03
          ],
          [
            3.12347,
            43.958853,
            860.02
          ],
          [
            3.123339,
            43.958774,
            859.39
          ],
          [
            3.123161,
            43.958709,
            858.62
          ],
          [
            3.12301,
            43.958666,
            857.96
          ],
          [
            3.122804,
            43.958631,
            857.06
          ],
          [
            3.122161,
            43.958568,
            854.29
          ],
          [
            3.121825,
            43.95851,
            852.94
          ],
          [
            3.121528,
            43.958419,
            851.67
          ],
          [
            3.121311,
            43.958315,
            850.65
          ],
          [
            3.120978,
            43.958134,
            849.32
          ],
          [
            3.120755,
            43.958039,
            848.45
          ],
          [
            3.120617,
            43.957918,
            847.39
          ],
          [
            3.120436,
            43.95787,
            846.55
          ],
          [
            3.12026,
            43.957839,
            845.81
          ],
          [
            3.120039,
            43.957859,
            845.14
          ],
          [
            3.119051,
            43.957704,
            840.48
          ],
          [
            3.118705,
            43.957661,
            839.1
          ],
          [
            3.118273,
            43.957645,
            837.49
          ],
          [
            3.117506,
            43.957671,
            834.94
          ],
          [
            3.114874,
            43.957809,
            828.42
          ],
          [
            3.113737,
            43.957856,
            826.29
          ],
          [
            3.112415,
            43.957922,
            824.0
          ],
          [
            3.111596,
            43.957983,
            823.38
          ],
          [
            3.111282,
            43.958028,
            823.25
          ],
          [
            3.109793,
            43.958286,
            821.98
          ],
          [
            3.106556,
            43.958884,
            816.76
          ],
          [
            3.105211,
            43.95912,
            812.95
          ],
          [
            3.099815,
            43.960095,
            809.4
          ],
          [
            3.099259,
            43.960211,
            807.66
          ],
          [
            3.09899,
            43.960287,
            807.06
          ],
          [
            3.09886,
            43.960335,
            806.89
          ],
          [
            3.098603,
            43.960457,
            806.85
          ],
          [
            3.098449,
            43.960551,
            807.0
          ],
          [
            3.098029,
            43.960853,
            808.13
          ],
          [
            3.097939,
            43.960905,
            808.53
          ],
          [
            3.097775,
            43.960962,
            809.03
          ],
          [
            3.09768,
            43.96098,
            809.17
          ],
          [
            3.097556,
            43.960989,
            809.4
          ],
          [
            3.097407,
            43.960989,
            809.83
          ],
          [
            3.093408,
            43.960508,
            806.84
          ],
          [
            3.093144,
            43.960465,
            806.54
          ],
          [
            3.092893,
            43.960396,
            806.23
          ],
          [
            3.092654,
            43.960303,
            805.9
          ],
          [
            3.092508,
            43.96023,
            805.67
          ],
          [
            3.092322,
            43.960118,
            805.32
          ],
          [
            3.091783,
            43.95978,
            804.14
          ],
          [
            3.091548,
            43.959659,
            803.74
          ],
          [
            3.091416,
            43.959604,
            803.56
          ],
          [
            3.091083,
            43.959485,
            803.07
          ],
          [
            3.090486,
            43.959349,
            803.0
          ],
          [
            3.084051,
            43.958201,
            798.0
          ],
          [
            3.083106,
            43.958043,
            797.31
          ],
          [
            3.082608,
            43.957978,
            796.71
          ],
          [
            3.082032,
            43.957923,
            795.03
          ],
          [
            3.081777,
            43.957762,
            795.0
          ],
          [
            3.081639,
            43.957736,
            794.89
          ],
          [
            3.081516,
            43.957743,
            794.76
          ],
          [
            3.081435,
            43.957771,
            794.37
          ],
          [
            3.081175,
            43.957703,
            793.93
          ],
          [
            3.080941,
            43.957672,
            793.82
          ],
          [
            3.080736,
            43.957657,
            793.82
          ],
          [
            3.080498,
            43.957584,
            793.59
          ],
          [
            3.080299,
            43.957484,
            793.42
          ],
          [
            3.079966,
            43.957388,
            793.38
          ],
          [
            3.079668,
            43.957284,
            793.54
          ],
          [
            3.07947,
            43.957236,
            793.65
          ],
          [
            3.079175,
            43.957212,
            793.84
          ],
          [
            3.07907,
            43.957186,
            793.95
          ],
          [
            3.078835,
            43.957093,
            794.27
          ],
          [
            3.078627,
            43.956993,
            794.76
          ],
          [
            3.078197,
            43.956694,
            794.85
          ],
          [
            3.077999,
            43.956558,
            794.74
          ],
          [
            3.07786,
            43.956496,
            794.47
          ],
          [
            3.077407,
            43.95641,
            793.66
          ],
          [
            3.077179,
            43.956346,
            793.34
          ],
          [
            3.076759,
            43.956263,
            792.82
          ],
          [
            3.076633,
            43.95623,
            792.7
          ],
          [
            3.075751,
            43.956146,
            792.41
          ],
          [
            3.075414,
            43.956084,
            792.51
          ],
          [
            3.075176,
            43.956032,
            792.49
          ],
          [
            3.074944,
            43.955963,
            792.46
          ],
          [
            3.074495,
            43.955913,
            792.53
          ],
          [
            3.074286,
            43.955882,
            792.64
          ],
          [
            3.074085,
            43.955846,
            792.75
          ],
          [
            3.073675,
            43.955744,
            792.94
          ],
          [
            3.073529,
            43.955735,
            793.03
          ],
          [
            3.073344,
            43.955706,
            793.14
          ],
          [
            3.073139,
            43.955627,
            793.23
          ],
          [
            3.072845,
            43.955492,
            793.22
          ],
          [
            3.072568,
            43.95539,
            793.05
          ],
          [
            3.072323,
            43.955316,
            792.73
          ],
          [
            3.072039,
            43.955273,
            792.29
          ],
          [
            3.071688,
            43.955259,
            791.72
          ],
          [
            3.071374,
            43.95523,
            791.35
          ],
          [
            3.071195,
            43.955229,
            791.94
          ],
          [
            3.071079,
            43.955336,
            791.81
          ],
          [
            3.071032,
            43.955472,
            792.17
          ],
          [
            3.070955,
            43.95578,
            793.02
          ],
          [
            3.070872,
            43.955958,
            793.35
          ],
          [
            3.070508,
            43.956527,
            794.69
          ],
          [
            3.070432,
            43.956598,
            794.84
          ],
          [
            3.070026,
            43.956922,
            795.34
          ],
          [
            3.069297,
            43.957378,
            794.97
          ],
          [
            3.068731,
            43.957641,
            794.63
          ],
          [
            3.068416,
            43.957759,
            794.83
          ],
          [
            3.068036,
            43.95784,
            795.33
          ],
          [
            3.06768,
            43.957851,
            795.97
          ],
          [
            3.06719,
            43.95791,
            796.95
          ],
          [
            3.066646,
            43.957952,
            797.89
          ],
          [
            3.066254,
            43.958028,
            798.44
          ],
          [
            3.066015,
            43.958036,
            798.48
          ],
          [
            3.065853,
            43.958098,
            798.02
          ],
          [
            3.065746,
            43.958185,
            797.66
          ],
          [
            3.065471,
            43.958219,
            797.83
          ],
          [
            3.064215,
            43.958419,
            799.34
          ],
          [
            3.063995,
            43.958443,
            799.86
          ],
          [
            3.063812,
            43.95845,
            800.3
          ],
          [
            3.063515,
            43.958438,
            800.93
          ],
          [
            3.063262,
            43.958394,
            801.48
          ],
          [
            3.062378,
            43.958157,
            802.5
          ],
          [
            3.061699,
            43.958001,
            801.3
          ],
          [
            3.061055,
            43.957897,
            800.93
          ],
          [
            3.060883,
            43.957861,
            800.95
          ],
          [
            3.060565,
            43.957777,
            801.22
          ],
          [
            3.060448,
            43.957743,
            801.39
          ],
          [
            3.060107,
            43.957611,
            802.06
          ],
          [
            3.059647,
            43.957408,
            803.21
          ],
          [
            3.059435,
            43.957326,
            803.8
          ],
          [
            3.058974,
            43.957191,
            804.69
          ],
          [
            3.058752,
            43.957139,
            805.41
          ],
          [
            3.05831,
            43.957068,
            806.43
          ],
          [
            3.058146,
            43.957056,
            806.73
          ],
          [
            3.057997,
            43.957062,
            807.02
          ],
          [
            3.05755,
            43.957106,
            807.96
          ],
          [
            3.057352,
            43.957099,
            807.96
          ],
          [
            3.057003,
            43.957071,
            807.88
          ],
          [
            3.056692,
            43.957062,
            808.55
          ],
          [
            3.056601,
            43.957066,
            808.65
          ],
          [
            3.056525,
            43.957081,
            808.58
          ],
          [
            3.056427,
            43.956984,
            807.45
          ],
          [
            3.05612,
            43.956931,
            805.85
          ],
          [
            3.056003,
            43.956931,
            805.54
          ],
          [
            3.055732,
            43.956975,
            805.1
          ],
          [
            3.055621,
            43.956938,
            804.93
          ],
          [
            3.055533,
            43.9569,
            804.69
          ],
          [
            3.055411,
            43.956821,
            804.03
          ],
          [
            3.055299,
            43.956722,
            803.3
          ],
          [
            3.05512,
            43.956529,
            802.35
          ],
          [
            3.054787,
            43.956562,
            802.41
          ],
          [
            3.054689,
            43.956637,
            802.3
          ],
          [
            3.054232,
            43.956932,
            803.04
          ],
          [
            3.05388,
            43.956818,
            801.92
          ],
          [
            3.053593,
            43.956763,
            801.83
          ]
        ]
      }
    },
    {
      "type": "Feature",
      "properties": {
        "source": "Viala-Pas-de-Jaux.gpx",
        "type": "route"
      },
      "geometry": {
        "type": "LineString",
        "coordinates": [
          [
            3.053593,
            43.956763
          ],
          [
            3.054232,
            43.956932
          ],
          [
            3.054787,
            43.956562
          ],
          [
            3.05512,
            43.956529
          ],
          [
            3.056525,
            43.957081
          ],
          [
            3.065746,
            43.958185
          ],
          [
            3.066015,
            43.958036
          ],
          [
            3.071195,
            43.955229
          ],
          [
            3.081435,
            43.957771
          ],
          [
            3.081953,
            43.957868
          ],
          [
            3.082032,
            43.957923
          ],
          [
            3.120039,
            43.957859
          ],
          [
            3.12026,
            43.957839
          ],
          [
            3.120755,
            43.958039
          ],
          [
            3.147351,
            43.960961
          ],
          [
            3.148627,
            43.952694
          ],
          [
            3.163721,
            43.955432
          ],
          [
            3.183797,
            43.956937
          ],
          [
            3.184726,
            43.958767
          ],
          [
            3.185582,
            43.958893
          ],
          [
            3.189803,
            43.957546
          ],
          [
            3.194274,
            43.959008
          ],
          [
            3.212393,
            43.954797
          ],
          [
            3.212536,
            43.95464
          ],
          [
            3.214189,
            43.954802
          ],
          [
            3.218805,
            43.952925
          ],
          [
            3.218624,
            43.951734
          ],
          [
            3.21857,
            43.951689
          ],
          [
            3.227354,
            43.947839
          ],
          [
            3.237403,
            43.949649
          ],
          [
            3.239858,
            43.947265
          ],
          [
            3.24876,
            43.945797
          ],
          [
            3.249987,
            43.945692
          ],
          [
            3.252073,
            43.948625
          ],
          [
            3.252649,
            43.948775
          ],
          [
            3.259974,
            43.949646
          ],
          [
            3.261866,
            43.950224
          ],
          [
            3.263779,
            43.950435
          ],
          [
            3.266571,
            43.949272
          ],
          [
            3.267308,
            43.949132
          ],
          [
            3.267331,
            43.948941
          ],
          [
            3.267331,
            43.948941
          ],
          [
            3.267308,
            43.949132
          ],
          [
            3.266571,
            43.949272
          ],
          [
            3.263779,
            43.950435
          ],
          [
            3.261866,
            43.950224
          ],
          [
            3.260916,
            43.950114
          ],
          [
            3.26048,
            43.949885
          ],
          [
            3.260032,
            43.949767
          ],
          [
            3.259974,
            43.949646
          ],
          [
            3.252649,
            43.948775
          ],
          [
            3.249987,
            43.945692
          ],
          [
            3.24876,
            43.945797
          ],
          [
            3.239858,
            43.947265
          ],
          [
            3.237403,
            43.949649
          ],
          [
            3.236242,
            43.948572
          ],
          [
            3.235527,
            43.94808
          ],
          [
            3.227354,
            43.947839
          ],
          [
            3.21857,
            43.951689
          ],
          [
            3.218624,
            43.951734
          ],
          [
            3.218805,
            43.952925
          ],
          [
            3.214189,
            43.954802
          ],
          [
            3.212536,
            43.95464
          ],
          [
            3.212393,
            43.954797
          ],
          [
            3.194274,
            43.959008
          ],
          [
            3.185582,
            43.958893
          ],
          [
            3.184726,
            43.958767
          ],
          [
            3.184739,
            43.958522
          ],
          [
            3.183797,
            43.956937
          ],
          [
            3.148627,
            43.952694
          ],
          [
            3.147351,
            43.960961
          ],
          [
            3.120755,
            43.958039
          ],
          [
            3.120617,
            43.957918
          ],
          [
            3.120039,
            43.957859
          ],
          [
            3.082032,
            43.957923
          ],
          [
            3.081435,
            43.957771
          ],
          [
            3.078197,
            43.956694
          ],
          [
            3.071195,
            43.955229
          ],
          [
            3.065746,
            43.958185
          ],
          [
            3.056525,
            43.957081
          ],
          [
            3.05512,
            43.956529
          ],
          [
            3.054787,
            43.956562
          ],
          [
            3.054232,
            43.956932
          ],
          [
            3.053593,
            43.956763
          ]
        ]
      }
    }
  ]
}