{
  "type": "FeatureCollection",
  "features": [
    {
      "type": "Feature",
      "properties": {
        "name": "GraphHopper Track",
        "source": "Patrimoine_village.gpx",
        "type": "track"
      },
      "geometry": {
        "type": "LineString",
        "coordinates": [
          [
            1.236099,
            44.4691,
            121.25
          ],
          [
            1.236143,
            44.469022,
            121.03
          ],
          [
            1.236544,
            44.468433,
            120.43
          ],
          [
            1.236643,
            44.468346,
            121.07
          ],
          [
            1.236706,
            44.468314,
            121.72
          ],
          [
            1.236724,
            44.468291,
            122.05
          ],
          [
            1.236761,
            44.468184,
            123.14
          ],
          [
            1.236796,
            44.468023,
            124.63
          ],
          [
            1.236897,
            44.46779,
            126.82
          ],
          [
            1.237244,
            44.467875,
            130.32
          ],
          [
            1.237378,
            44.467923,
            132.77
          ],
          [
            1.23737,
            44.467988,
            132.49
          ],
          [
            1.237426,
            44.467981,
            133.74
          ],
          [
            1.237478,
            44.468009,
            134.79
          ],
          [
            1.237491,
            44.468054,
            135.32
          ],
          [
            1.237462,
            44.468137,
            134.06
          ],
          [
            1.237479,
            44.46818,
            133.83
          ],
          [
            1.237519,
            44.468198,
            133.85
          ],
          [
            1.237569,
            44.468197,
            133.83
          ],
          [
            1.237653,
            44.468179,
            133.81
          ],
          [
            1.237748,
            44.4681,
            134.93
          ],
          [
            1.23799,
            44.46799,
            136.27
          ],
          [
            1.238665,
            44.467766,
            139.4
          ],
          [
            1.238988,
            44.467728,
            139.69
          ],
          [
            1.239719,
            44.467538,
            137.2
          ],
          [
            1.240146,
            44.467479,
            134.94
          ],
          [
            1.240617,
            44.467516,
            132.62
          ],
          [
            1.240818,
            44.467506,
            131.8
          ],
          [
            1.241044,
            44.467467,
            130.98
          ],
          [
            1.241134,
            44.46748,
            129.89
          ],
          [
            1.241212,
            44.467521,
            129.12
          ],
          [
            1.241358,
            44.467629,
            127.54
          ],
          [
            1.241553,
            44.467647,
            126.06
          ],
          [
            1.241785,
            44.467578,
            123.36
          ],
          [
            1.241981,
            44.467574,
            122.23
          ],
          [
            1.242228,
            44.467644,
            116.38
          ],
          [
            1.242571,
            44.467619,
            116.69
          ],
          [
            1.242951,
            44.467654,
            115.93
          ],
          [
            1.243501,
            44.467758,
            114.53
          ],
          [
            1.244085,
            44.467937,
            113.05
          ],
          [
            1.244413,
            44.468061,
            112.21
          ],
          [
            1.244709,
            44.468197,
            111.43
          ],
          [
            1.245938,
            44.469013,
            108.45
          ],
          [
            1.246609,
            44.469537,
            107.13
          ],
          [
            1.248416,
            44.471368,
            108.54
          ],
          [
            1.249512,
            44.472254,
            111.18
          ],
          [
            1.250386,
            44.472702,
            110.21
          ],
          [
            1.250571,
            44.472762,
            109.09
          ],
          [
            1.250704,
            44.472542,
            109.72
          ],
          [
            1.25096,
            44.472255,
            109.93
          ],
          [
            1.25121,
            44.472064,
            109.99
          ],
          [
            1.251328,
            44.471929,
            110.07
          ],
          [
            1.251382,
            44.471805,
            110.12
          ],
          [
            1.251374,
            44.47091,
            111.17
          ],
          [
            1.251428,
            44.470691,
            111.3
          ],
          [
            1.25159,
            44.470204,
            111.43
          ],
          [
            1.251609,
            44.469853,
            111.65
          ],
          [
            1.251634,
            44.46965,
            112.86
          ],
          [
            1.251587,
            44.469577,
            113.47
          ],
          [
            1.251311,
            44.469152,
            114.98
          ],
          [
            1.251071,
            44.468692,
            116.73
          ],
          [
            1.250759,
            44.468046,
            119.18
          ],
          [
            1.250432,
            44.467281,
            121.48
          ],
          [
            1.250287,
            44.46684,
            121.91
          ],
          [
            1.250273,
            44.466799,
            121.95
          ],
          [
            1.249968,
            44.466462,
            121.13
          ],
          [
            1.248956,
            44.465934,
            122.67
          ],
          [
            1.248308,
            44.465769,
            124.49
          ],
          [
            1.247954,
            44.465644,
            125.67
          ],
          [
            1.247521,
            44.465315,
            128.31
          ],
          [
            1.246631,
            44.464479,
            134.99
          ],
          [
            1.246202,
            44.463974,
            137.37
          ],
          [
            1.245849,
            44.463306,
            140.55
          ],
          [
            1.245581,
            44.462626,
            143.58
          ],
          [
            1.245398,
            44.461973,
            145.46
          ],
          [
            1.245405,
            44.461471,
            146.45
          ],
          [
            1.245425,
            44.4611,
            147.47
          ],
          [
            1.24527,
            44.46058,
            149.18
          ],
          [
            1.24527,
            44.46058,
            149.18
          ],
          [
            1.245425,
            44.4611,
            147.47
          ],
          [
            1.245405,
            44.461471,
            146.45
          ],
          [
            1.245398,
            44.461973,
            145.46
          ],
          [
            1.245581,
            44.462626,
            143.58
          ],
          [
            1.245849,
            44.463306,
            140.55
          ],
          [
            1.246202,
            44.463974,
            137.37
          ],
          [
            1.246232,
            44.464009,
            137.09
          ],
          [
            1.247035,
            44.464107,
            153.51
          ],
          [
            1.247263,
            44.464107,
            156.18
          ],
          [
            1.247416,
            44.464131,
            158.06
          ],
          [
            1.247782,
            44.464319,
            162.05
          ],
          [
            1.248151,
            44.464442,
            164.71
          ],
          [
            1.248326,
            44.464466,
            165.92
          ],
          [
            1.248579,
            44.464454,
            168.17
          ],
          [
            1.248608,
            44.464413,
            168.82
          ],
          [
            1.248376,
            44.464068,
            176.06
          ],
          [
            1.248328,
            44.463931,
            179.7
          ],
          [
            1.248342,
            44.463861,
            181.7
          ],
          [
            1.248424,
            44.463745,
            185.57
          ],
          [
            1.248426,
            44.46368,
            187.51
          ],
          [
            1.248376,
            44.463442,
            194.48
          ],
          [
            1.248374,
            44.463311,
            198.19
          ],
          [
            1.248474,
            44.462658,
            214.5
          ],
          [
            1.248611,
            44.461957,
            225.05
          ],
          [
            1.248632,
            44.461431,
            229.89
          ],
          [
            1.248671,
            44.461231,
            231.41
          ],
          [
            1.248793,
            44.460896,
            233.53
          ],
          [
            1.248816,
            44.460723,
            234.38
          ],
          [
            1.248838,
            44.459204,
            236.92
          ],
          [
            1.24886,
            44.458982,
            237.53
          ],
          [
            1.249022,
            44.458324,
            241.78
          ],
          [
            1.249068,
            44.457666,
            248.38
          ],
          [
            1.249078,
            44.457326,
            251.98
          ],
          [
            1.249118,
            44.45723,
            252.95
          ],
          [
            1.249204,
            44.457126,
            254.07
          ],
          [
            1.249473,
            44.45695,
            256.25
          ],
          [
            1.25005,
            44.456637,
            259.75
          ],
          [
            1.250296,
            44.456519,
            260.77
          ],
          [
            1.250945,
            44.456273,
            261.92
          ],
          [
            1.251309,
            44.456102,
            261.8
          ],
          [
            1.252097,
            44.455617,
            259.42
          ],
          [
            1.252374,
            44.455484,
            258.09
          ],
          [
            1.25259,
            44.455415,
            257.27
          ],
          [
            1.252908,
            44.455497,
            255.38
          ],
          [
            1.252995,
            44.455484,
            255.27
          ],
          [
            1.253196,
            44.455366,
            255.48
          ],
          [
            1.25366,
            44.455157,
            257.04
          ],
          [
            1.253882,
            44.455085,
            258.2
          ],
          [
            1.254236,
            44.454996,
            260.92
          ],
          [
            1.254312,
            44.454964,
            261.61
          ],
          [
            1.254562,
            44.45468,
            264.24
          ],
          [
            1.254611,
            44.45458,
            264.98
          ],
          [
            1.254666,
            44.454203,
            265.48
          ],
          [
            1.254645,
            44.453874,
            264.7
          ],
          [
            1.254646,
            44.453792,
            264.38
          ],
          [
            1.254681,
            44.453707,
            264.15
          ],
          [
            1.254967,
            44.453496,
            263.49
          ],
          [
            1.255111,
            44.453466,
            263.14
          ],
          [
            1.25523,
            44.453272,
            262.3
          ],
          [
            1.255254,
            44.452849,
            261.81
          ],
          [
            1.25533,
            44.452664,
            262.81
          ],
          [
            1.255548,
            44.452354,
            266.45
          ],
          [
            1.255699,
            44.452241,
            268.14
          ],
          [
            1.256074,
            44.452112,
            271.18
          ],
          [
            1.256391,
            44.451946,
            274.01
          ],
          [
            1.257172,
            44.451379,
            280.43
          ],
          [
            1.257816,
            44.450814,
            285.13
          ],
          [
            1.258072,
            44.450518,
            287.22
          ],
          [
            1.258162,
            44.450226,
            288.83
          ],
          [
            1.258182,
            44.449511,
            291.99
          ],
          [
            1.258128,
            44.449079,
            293.59
          ],
          [
            1.257975,
            44.448793,
            294.64
          ],
          [
            1.258041,
            44.448192,
            296.64
          ],
          [
            1.258213,
            44.447726,
            298.23
          ],
          [
            1.258884,
            44.446821,
            302.09
          ],
          [
            1.259748,
            44.446454,
            298.7
          ],
          [
            1.26005,
            44.446491,
            299.0
          ],
          [
            1.26163,
            44.445655,
            293.12
          ],
          [
            1.261684,
            44.4456,
            292.76
          ],
          [
            1.262454,
            44.444687,
            290.64
          ],
          [
            1.262623,
            44.444533,
            290.86
          ],
          [
            1.262913,
            44.44432,
            291.67
          ],
          [
            1.262981,
            44.444242,
            292.04
          ],
          [
            1.263148,
            44.443761,
            294.95
          ],
          [
            1.26326,
            44.443595,
            296.74
          ],
          [
            1.263538,
            44.443301,
            300.86
          ],
          [
            1.263698,
            44.44303,
            304.24
          ],
          [
            1.263904,
            44.442636,
            308.91
          ],
          [
            1.264192,
            44.44227,
            312.09
          ],
          [
            1.264273,
            44.442068,
            312.35
          ],
          [
            1.264296,
            44.441779,
            312.63
          ],
          [
            1.264149,
            44.441562,
            313.08
          ],
          [
            1.264009,
            44.44147,
            313.4
          ],
          [
            1.263142,
            44.440774,
            315.42
          ],
          [
            1.262964,
            44.440579,
            314.87
          ],
          [
            1.262813,
            44.440546,
            315.0
          ],
          [
            1.261295,
            44.439969,
            315.73
          ],
          [
            1.261098,
            44.43993,
            315.46
          ],
          [
            1.260898,
            44.43996,
            314.92
          ],
          [
            1.261119,
            44.439717,
            314.4
          ],
          [
            1.261349,
            44.439375,
            312.21
          ],
          [
            1.261576,
            44.438929,
            309.75
          ],
          [
            1.261574,
            44.438652,
            308.92
          ],
          [
            1.261594,
            44.438539,
            308.96
          ],
          [
            1.260993,
            44.43814,
            306.65
          ],
          [
            1.260888,
            44.43801,
            306.42
          ],
          [
            1.260864,
            44.437847,
            306.05
          ],
          [
            1.260912,
            44.43753,
            305.27
          ],
          [
            1.260963,
            44.437396,
            304.93
          ],
          [
            1.260963,
            44.437304,
            304.68
          ],
          [
            1.26088,
            44.436973,
            303.62
          ],
          [
            1.260949,
            44.436745,
            302.7
          ],
          [
            1.260982,
            44.436293,
            301.63
          ],
          [
            1.261204,
            44.435689,
            301.46
          ],
          [
            1.261279,
            44.43555,
            301.45
          ],
          [
            1.261311,
            44.435438,
            301.37
          ],
          [
            1.261277,
            44.435086,
            300.55
          ],
          [
            1.261293,
            44.434737,
            298.93
          ],
          [
            1.261346,
            44.434201,
            295.86
          ],
          [
            1.261381,
            44.434002,
            294.87
          ],
          [
            1.261459,
            44.433799,
            294.05
          ],
          [
            1.261569,
            44.433579,
            293.42
          ],
          [
            1.261802,
            44.433203,
            293.0
          ],
          [
            1.261851,
            44.433152,
            292.97
          ],
          [
            1.261904,
            44.433132,
            292.96
          ],
          [
            1.262006,
            44.433142,
            292.95
          ],
          [
            1.262049,
            44.433121,
            292.95
          ],
          [
            1.262693,
            44.432568,
            293.13
          ],
          [
            1.262653,
            44.432544,
            293.04
          ],
          [
            1.262414,
            44.432349,
            292.3
          ],
          [
            1.262129,
            44.432079,
            292.85
          ],
          [
            1.262014,
            44.431958,
            292.94
          ],
          [
            1.261926,
            44.431834,
            293.22
          ],
          [
            1.261775,
            44.431577,
            293.91
          ],
          [
            1.261698,
            44.431421,
            293.87
          ],
          [
            1.261787,
            44.431215,
            294.69
          ],
          [
            1.261929,
            44.430786,
            296.26
          ],
          [
            1.261931,
            44.429774,
            297.96
          ],
          [
            1.261925,
            44.428491,
            290.5
          ],
          [
            1.261846,
            44.428163,
            288.9
          ],
          [
            1.261964,
            44.428079,
            288.24
          ],
          [
            1.261983,
            44.428036,
            288.1
          ],
          [
            1.262029,
            44.427599,
            286.95
          ],
          [
            1.262016,
            44.427537,
            286.67
          ],
          [
            1.262113,
            44.427515,
            286.44
          ],
          [
            1.262191,
            44.427472,
            286.24
          ],
          [
            1.262252,
            44.427411,
            286.12
          ],
          [
            1.262545,
            44.427046,
            285.99
          ],
          [
            1.262706,
            44.426868,
            286.03
          ],
          [
            1.26281,
            44.426705,
            286.14
          ],
          [
            1.262936,
            44.426202,
            287.7
          ],
          [
            1.2634,
            44.425399,
            289.56
          ],
          [
            1.263472,
            44.425195,
            289.94
          ],
          [
            1.263536,
            44.424877,
            290.65
          ],
          [
            1.263804,
            44.424186,
            291.8
          ],
          [
            1.264173,
            44.423518,
            291.02
          ],
          [
            1.264416,
            44.422852,
            289.73
          ],
          [
            1.264453,
            44.422706,
            289.52
          ],
          [
            1.264472,
            44.421977,
            288.87
          ],
          [
            1.264468,
            44.421869,
            288.78
          ],
          [
            1.264312,
            44.421302,
            288.56
          ],
          [
            1.264202,
            44.421191,
            288.0
          ],
          [
            1.264354,
            44.421132,
            287.9
          ],
          [
            1.264525,
            44.421037,
            287.56
          ],
          [
            1.264688,
            44.42098,
            287.27
          ],
          [
            1.264713,
            44.420978,
            287.28
          ],
          [
            1.26468,
            44.42093,
            286.77
          ],
          [
            1.264754,
            44.420738,
            284.61
          ],
          [
            1.264627,
            44.420085,
            278.36
          ],
          [
            1.264625,
            44.419959,
            277.35
          ],
          [
            1.264425,
            44.419003,
            270.75
          ],
          [
            1.264458,
            44.418358,
            267.42
          ],
          [
            1.264516,
            44.417699,
            266.1
          ],
          [
            1.264608,
            44.417597,
            265.45
          ],
          [
            1.264973,
            44.417343,
            265.92
          ],
          [
            1.264984,
            44.417363,
            265.82
          ],
          [
            1.265156,
            44.417183,
            268.26
          ],
          [
            1.265271,
            44.416995,
            270.34
          ],
          [
            1.265411,
            44.416723,
            273.16
          ],
          [
            1.265529,
            44.416362,
            276.44
          ],
          [
            1.265657,
            44.415565,
            281.58
          ],
          [
            1.265707,
            44.415067,
            284.56
          ],
          [
            1.26574,
            44.414982,
            285.07
          ],
          [
            1.265799,
            44.414935,
            285.42
          ],
          [
            1.265888,
            44.414911,
            285.93
          ],
          [
            1.26615,
            44.414502,
            286.75
          ],
          [
            1.266652,
            44.413773,
            288.65
          ],
          [
            1.266946,
            44.412796,
            289.68
          ],
          [
            1.267135,
            44.412399,
            289.34
          ],
          [
            1.267371,
            44.412103,
            288.93
          ],
          [
            1.26799,
            44.411621,
            287.85
          ],
          [
            1.268036,
            44.411545,
            287.66
          ],
          [
            1.268375,
            44.411189,
            287.83
          ],
          [
            1.268429,
            44.411108,
            288.05
          ],
          [
            1.268467,
            44.410986,
            288.71
          ],
          [
            1.268477,
            44.410798,
            288.82
          ],
          [
            1.268403,
            44.410492,
            288.94
          ],
          [
            1.268283,
            44.410255,
            289.01
          ],
          [
            1.268322,
            44.410235,
            289.24
          ],
          [
            1.26826,
            44.410149,
            289.63
          ],
          [
            1.26812,
            44.409697,
            291.47
          ],
          [
            1.26811,
            44.409619,
            291.77
          ],
          [
            1.268258,
            44.408374,
            290.34
          ],
          [
            1.268233,
            44.407956,
            289.11
          ],
          [
            1.268378,
            44.406641,
            282.64
          ],
          [
            1.268497,
            44.406239,
            281.3
          ],
          [
            1.268493,
            44.406046,
            280.96
          ],
          [
            1.268397,
            44.405503,
            280.37
          ],
          [
            1.268454,
            44.404578,
            278.96
          ],
          [
            1.268446,
            44.404399,
            278.49
          ],
          [
            1.268301,
            44.403855,
            276.72
          ],
          [
            1.268294,
            44.403765,
            276.08
          ],
          [
            1.268446,
            44.402836,
            276.41
          ],
          [
            1.268773,
            44.401596,
            274.85
          ],
          [
            1.268857,
            44.401024,
            272.87
          ],
          [
            1.268927,
            44.400751,
            271.86
          ],
          [
            1.269059,
            44.40034,
            269.61
          ],
          [
            1.269083,
            44.400156,
            269.64
          ],
          [
            1.269077,
            44.400026,
            269.76
          ],
          [
            1.269004,
            44.399735,
            269.99
          ],
          [
            1.268761,
            44.399178,
            272.63
          ],
          [
            1.268725,
            44.398546,
            273.38
          ],
          [
            1.268674,
            44.398399,
            273.74
          ],
          [
            1.268061,
            44.3971,
            278.17
          ],
          [
            1.267335,
            44.396162,
            279.88
          ],
          [
            1.26616,
            44.39455,
            285.4
          ],
          [
            1.265153,
            44.393804,
            288.35
          ],
          [
            1.264616,
            44.393112,
            292.51
          ],
          [
            1.264522,
            44.39293,
            292.99
          ],
          [
            1.264692,
            44.392755,
            293.73
          ],
          [
            1.265324,
            44.39176,
            292.31
          ],
          [
            1.265433,
            44.391549,
            291.3
          ],
          [
            1.265454,
            44.391393,
            290.92
          ],
          [
            1.265397,
            44.390493,
            289.93
          ],
          [
            1.265238,
            44.390397,
            291.38
          ],
          [
            1.26493,
            44.389973,
            293.68
          ],
          [
            1.264675,
            44.389728,
            293.97
          ],
          [
            1.264436,
            44.389542,
            293.45
          ],
          [
            1.264243,
            44.389407,
            292.66
          ],
          [
            1.264122,
            44.389298,
            291.95
          ],
          [
            1.263908,
            44.389041,
            289.96
          ],
          [
            1.263798,
            44.38893,
            288.92
          ],
          [
            1.263339,
            44.388631,
            285.25
          ],
          [
            1.263184,
            44.388501,
            283.79
          ],
          [
            1.262701,
            44.387972,
            278.44
          ],
          [
            1.2624,
            44.38761,
            275.41
          ],
          [
            1.262154,
            44.387284,
            273.35
          ],
          [
            1.261818,
            44.386787,
            271.84
          ],
          [
            1.261741,
            44.386649,
            271.72
          ],
          [
            1.261652,
            44.386398,
            271.68
          ],
          [
            1.261553,
            44.386218,
            271.58
          ],
          [
            1.261451,
            44.38594,
            271.7
          ],
          [
            1.26144,
            44.385829,
            271.8
          ],
          [
            1.26151,
            44.385528,
            272.11
          ],
          [
            1.261454,
            44.384913,
            272.93
          ],
          [
            1.261472,
            44.384746,
            273.0
          ],
          [
            1.26155,
            44.384512,
            273.06
          ],
          [
            1.261628,
            44.384359,
            272.82
          ],
          [
            1.261671,
            44.384234,
            272.44
          ],
          [
            1.261746,
            44.383885,
            271.37
          ],
          [
            1.261813,
            44.383462,
            269.68
          ],
          [
            1.261829,
            44.383195,
            268.33
          ],
          [
            1.261816,
            44.382689,
            264.86
          ],
          [
            1.261792,
            44.382486,
            263.56
          ],
          [
            1.2617,
            44.382112,
            262.53
          ],
          [
            1.261708,
            44.381999,
            262.56
          ],
          [
            1.261743,
            44.381901,
            262.7
          ],
          [
            1.261955,
            44.381518,
            264.09
          ],
          [
            1.261998,
            44.381412,
            264.6
          ],
          [
            1.262012,
            44.381311,
            265.12
          ],
          [
            1.261998,
            44.381144,
            265.91
          ],
          [
            1.261912,
            44.380789,
            267.05
          ],
          [
            1.261918,
            44.380682,
            267.26
          ],
          [
            1.261947,
            44.380601,
            267.39
          ],
          [
            1.262111,
            44.380352,
            268.19
          ],
          [
            1.262178,
            44.380115,
            268.94
          ],
          [
            1.262226,
            44.379998,
            269.36
          ],
          [
            1.263135,
            44.379501,
            266.68
          ],
          [
            1.263618,
            44.379217,
            264.81
          ],
          [
            1.265158,
            44.378426,
            255.59
          ],
          [
            1.265227,
            44.37837,
            254.84
          ],
          [
            1.265348,
            44.378215,
            252.9
          ],
          [
            1.265493,
            44.377962,
            249.45
          ],
          [
            1.26593,
            44.377448,
            239.86
          ],
          [
            1.266051,
            44.377356,
            237.79
          ],
          [
            1.266177,
            44.377293,
            236.06
          ],
          [
            1.266767,
            44.377118,
            229.68
          ],
          [
            1.266949,
            44.377041,
            228.04
          ],
          [
            1.267305,
            44.376825,
            226.47
          ],
          [
            1.267413,
            44.376636,
            223.38
          ],
          [
            1.267501,
            44.376458,
            220.4
          ],
          [
            1.267591,
            44.376332,
            217.58
          ],
          [
            1.267718,
            44.376223,
            215.15
          ],
          [
            1.267927,
            44.376121,
            211.07
          ],
          [
            1.26798,
            44.376052,
            209.26
          ],
          [
            1.267993,
            44.375957,
            207.52
          ],
          [
            1.267905,
            44.37581,
            206.48
          ],
          [
            1.267373,
            44.37523,
            207.38
          ],
          [
            1.267008,
            44.374942,
            208.98
          ],
          [
            1.26648,
            44.374321,
            205.41
          ],
          [
            1.266152,
            44.373829,
            207.13
          ],
          [
            1.266152,
            44.373728,
            207.65
          ],
          [
            1.265904,
            44.373658,
            209.99
          ],
          [
            1.265773,
            44.373569,
            211.88
          ],
          [
            1.26578,
            44.373491,
            212.28
          ],
          [
            1.265929,
            44.373415,
            210.5
          ],
          [
            1.26612,
            44.37323,
            207.3
          ],
          [
            1.266236,
            44.373063,
            205.27
          ],
          [
            1.266265,
            44.372884,
            203.51
          ],
          [
            1.26624,
            44.372747,
            202.24
          ],
          [
            1.266127,
            44.37261,
            200.94
          ],
          [
            1.265861,
            44.372383,
            198.89
          ],
          [
            1.26572,
            44.372221,
            197.77
          ],
          [
            1.265585,
            44.37193,
            196.16
          ],
          [
            1.265527,
            44.371744,
            195.32
          ],
          [
            1.265573,
            44.371521,
            194.41
          ],
          [
            1.265667,
            44.371368,
            193.77
          ],
          [
            1.265802,
            44.371203,
            193.19
          ],
          [
            1.265968,
            44.37108,
            192.8
          ],
          [
            1.265998,
            44.371024,
            192.69
          ],
          [
            1.265856,
            44.370852,
            192.4
          ],
          [
            1.26577,
            44.370675,
            192.22
          ],
          [
            1.265701,
            44.369909,
            191.91
          ],
          [
            1.265727,
            44.369002,
            192.05
          ],
          [
            1.265753,
            44.368932,
            192.08
          ],
          [
            1.266111,
            44.368857,
            192.41
          ],
          [
            1.265716,
            44.368196,
            193.12
          ],
          [
            1.266023,
            44.368088,
            196.48
          ],
          [
            1.266169,
            44.368071,
            198.13
          ],
          [
            1.266166,
            44.368009,
            198.06
          ],
          [
            1.26613,
            44.367945,
            197.96
          ],
          [
            1.266056,
            44.367849,
            198.1
          ],
          [
            1.266029,
            44.367724,
            198.34
          ],
          [
            1.265991,
            44.367357,
            198.92
          ],
          [
            1.265945,
            44.367278,
            198.7
          ],
          [
            1.26593,
            44.366823,
            199.91
          ],
          [
            1.265955,
            44.366765,
            200.32
          ],
          [
            1.266046,
            44.36655,
            201.6
          ],
          [
            1.266148,
            44.366366,
            202.33
          ],
          [
            1.266252,
            44.366222,
            202.91
          ],
          [
            1.266569,
            44.366084,
            205.93
          ],
          [
            1.266839,
            44.365994,
            206.41
          ],
          [
            1.267014,
            44.365973,
            206.52
          ],
          [
            1.267161,
            44.365981,
            206.79
          ],
          [
            1.267303,
            44.366006,
            207.11
          ],
          [
            1.267599,
            44.366082,
            207.4
          ],
          [
            1.267743,
            44.366134,
            207.38
          ],
          [
            1.267829,
            44.366176,
            207.33
          ],
          [
            1.268189,
            44.366247,
            207.19
          ],
          [
            1.268334,
            44.366264,
            207.26
          ],
          [
            1.268497,
            44.366257,
            207.19
          ],
          [
            1.269001,
            44.366195,
            205.06
          ],
          [
            1.270514,
            44.365998,
            196.98
          ],
          [
            1.270747,
            44.365958,
            196.11
          ],
          [
            1.271035,
            44.365858,
            195.01
          ],
          [
            1.272233,
            44.365664,
            191.42
          ],
          [
            1.272622,
            44.365593,
            190.7
          ],
          [
            1.272711,
            44.365561,
            190.35
          ],
          [
            1.272767,
            44.365509,
            190.06
          ],
          [
            1.272799,
            44.365434,
            189.76
          ],
          [
            1.272947,
            44.364551,
            188.0
          ],
          [
            1.273556,
            44.36341,
            187.97
          ],
          [
            1.273919,
            44.363012,
            188.57
          ],
          [
            1.274203,
            44.362833,
            189.09
          ],
          [
            1.275079,
            44.362477,
            190.68
          ],
          [
            1.275308,
            44.362274,
            191.42
          ],
          [
            1.275615,
            44.361679,
            193.59
          ],
          [
            1.275621,
            44.361612,
            193.91
          ],
          [
            1.276707,
            44.361138,
            209.36
          ],
          [
            1.277002,
            44.361223,
            208.86
          ],
          [
            1.27708,
            44.361225,
            209.06
          ],
          [
            1.277138,
            44.361208,
            209.3
          ],
          [
            1.277177,
            44.361175,
            209.56
          ],
          [
            1.277218,
            44.361105,
            210.05
          ],
          [
            1.277262,
            44.360989,
            210.9
          ],
          [
            1.277433,
            44.360664,
            212.73
          ],
          [
            1.277538,
            44.360531,
            213.81
          ],
          [
            1.277702,
            44.360425,
            215.1
          ],
          [
            1.277823,
            44.360352,
            216.05
          ],
          [
            1.277985,
            44.360293,
            217.1
          ],
          [
            1.278185,
            44.360279,
            218.07
          ],
          [
            1.278346,
            44.360256,
            219.17
          ],
          [
            1.278674,
            44.360181,
            222.36
          ],
          [
            1.278816,
            44.360123,
            223.53
          ],
          [
            1.278944,
            44.360064,
            223.57
          ],
          [
            1.279062,
            44.359943,
            224.11
          ],
          [
            1.279114,
            44.359855,
            224.33
          ],
          [
            1.279139,
            44.359693,
            224.69
          ],
          [
            1.27919,
            44.359593,
            225.15
          ],
          [
            1.279234,
            44.359548,
            225.39
          ],
          [
            1.279316,
            44.359501,
            225.66
          ],
          [
            1.279397,
            44.359479,
            225.91
          ],
          [
            1.27949,
            44.359472,
            226.16
          ],
          [
            1.279653,
            44.359485,
            226.65
          ],
          [
            1.279772,
            44.359534,
            227.19
          ],
          [
            1.280111,
            44.359758,
            229.72
          ],
          [
            1.280169,
            44.359788,
            230.22
          ],
          [
            1.280219,
            44.359795,
            230.58
          ],
          [
            1.280258,
            44.359781,
            230.9
          ],
          [
            1.280291,
            44.359744,
            231.36
          ],
          [
            1.280349,
            44.359514,
            233.97
          ],
          [
            1.280247,
            44.359059,
            240.06
          ],
          [
            1.2802,
            44.358907,
            242.13
          ],
          [
            1.280165,
            44.358837,
            243.06
          ],
          [
            1.280041,
            44.358764,
            244.48
          ],
          [
            1.279766,
            44.358517,
            248.07
          ],
          [
            1.279626,
            44.358338,
            250.17
          ],
          [
            1.279554,
            44.358227,
            251.36
          ],
          [
            1.279523,
            44.358161,
            252.01
          ],
          [
            1.279525,
            44.358079,
            252.73
          ],
          [
            1.279568,
            44.357936,
            253.96
          ],
          [
            1.279719,
            44.357257,
            258.37
          ],
          [
            1.279779,
            44.357079,
            259.06
          ],
          [
            1.27987,
            44.356982,
            259.36
          ],
          [
            1.279942,
            44.356938,
            259.49
          ],
          [
            1.280183,
            44.356807,
            259.77
          ],
          [
            1.280712,
            44.356556,
            259.98
          ],
          [
            1.281034,
            44.356415,
            260.08
          ],
          [
            1.281242,
            44.356286,
            260.2
          ],
          [
            1.281867,
            44.355831,
            260.9
          ],
          [
            1.282594,
            44.355246,
            263.17
          ],
          [
            1.282718,
            44.355098,
            264.0
          ],
          [
            1.282749,
            44.354872,
            265.24
          ],
          [
            1.282822,
            44.354676,
            266.42
          ],
          [
            1.282993,
            44.354383,
            268.15
          ],
          [
            1.283091,
            44.354157,
            269.23
          ],
          [
            1.283195,
            44.353709,
            270.65
          ],
          [
            1.283269,
            44.353569,
            271.15
          ],
          [
            1.283241,
            44.353484,
            271.6
          ],
          [
            1.283397,
            44.352882,
            273.02
          ],
          [
            1.283436,
            44.352636,
            273.57
          ],
          [
            1.283433,
            44.352413,
            274.06
          ],
          [
            1.283376,
            44.352206,
            274.44
          ],
          [
            1.283306,
            44.35205,
            274.9
          ],
          [
            1.283355,
            44.352027,
            274.84
          ],
          [
            1.283476,
            44.351913,
            274.53
          ],
          [
            1.283534,
            44.351811,
            274.28
          ],
          [
            1.283685,
            44.351433,
            273.42
          ],
          [
            1.284843,
            44.349851,
            273.27
          ],
          [
            1.285022,
            44.349685,
            273.05
          ],
          [
            1.285159,
            44.349586,
            272.5
          ],
          [
            1.284978,
            44.349469,
            273.62
          ],
          [
            1.284642,
            44.349287,
            273.58
          ],
          [
            1.284138,
            44.349094,
            273.32
          ],
          [
            1.283087,
            44.348615,
            272.21
          ],
          [
            1.282745,
            44.348475,
            272.0
          ],
          [
            1.282647,
            44.348451,
            272.0
          ],
          [
            1.282638,
            44.348421,
            271.94
          ],
          [
            1.282595,
            44.348363,
            271.72
          ],
          [
            1.281957,
            44.347799,
            272.44
          ],
          [
            1.281932,
            44.34775,
            272.45
          ],
          [
            1.281926,
            44.347689,
            272.46
          ],
          [
            1.281942,
            44.347635,
            272.47
          ],
          [
            1.281969,
            44.3476,
            272.47
          ],
          [
            1.28209,
            44.347505,
            272.47
          ],
          [
            1.282177,
            44.347448,
            272.46
          ],
          [
            1.282244,
            44.347359,
            272.43
          ],
          [
            1.282499,
            44.346685,
            272.07
          ],
          [
            1.282528,
            44.346495,
            272.05
          ],
          [
            1.282455,
            44.34611,
            271.91
          ],
          [
            1.282392,
            44.34595,
            271.8
          ],
          [
            1.282149,
            44.345549,
            271.39
          ],
          [
            1.282049,
            44.345362,
            271.0
          ],
          [
            1.281887,
            44.345171,
            271.02
          ],
          [
            1.281839,
            44.344892,
            270.69
          ],
          [
            1.281782,
            44.344695,
            269.52
          ],
          [
            1.281533,
            44.344063,
            265.46
          ],
          [
            1.2812,
            44.343169,
            261.93
          ],
          [
            1.281166,
            44.343058,
            261.85
          ],
          [
            1.281089,
            44.342579,
            262.61
          ],
          [
            1.280974,
            44.342096,
            265.31
          ],
          [
            1.280923,
            44.341588,
            267.41
          ],
          [
            1.2809,
            44.34147,
            267.58
          ],
          [
            1.280863,
            44.341335,
            267.63
          ],
          [
            1.280627,
            44.340773,
            267.38
          ],
          [
            1.280583,
            44.340636,
            267.5
          ],
          [
            1.280573,
            44.340424,
            268.04
          ],
          [
            1.28059,
            44.340322,
            268.45
          ],
          [
            1.280725,
            44.339973,
            271.06
          ],
          [
            1.280745,
            44.339864,
            272.06
          ],
          [
            1.280752,
            44.339749,
            273.13
          ],
          [
            1.280681,
            44.339322,
            277.24
          ],
          [
            1.280593,
            44.33896,
            280.84
          ],
          [
            1.280566,
            44.338801,
            282.3
          ],
          [
            1.280556,
            44.338662,
            283.48
          ],
          [
            1.280657,
            44.33802,
            288.87
          ],
          [
            1.280694,
            44.337924,
            289.75
          ],
          [
            1.280826,
            44.337724,
            291.93
          ],
          [
            1.280849,
            44.337656,
            292.32
          ],
          [
            1.280827,
            44.337522,
            292.39
          ],
          [
            1.280836,
            44.337437,
            291.8
          ],
          [
            1.280831,
            44.337205,
            289.39
          ],
          [
            1.280819,
            44.337105,
            288.56
          ],
          [
            1.280617,
            44.336339,
            283.7
          ],
          [
            1.280557,
            44.336082,
            282.38
          ],
          [
            1.280486,
            44.335678,
            280.49
          ],
          [
            1.280369,
            44.335352,
            278.51
          ],
          [
            1.280293,
            44.335272,
            278.42
          ],
          [
            1.280204,
            44.33508,
            278.18
          ],
          [
            1.280151,
            44.334999,
            278.0
          ],
          [
            1.28015,
            44.334578,
            276.41
          ],
          [
            1.280114,
            44.334205,
            275.56
          ],
          [
            1.280035,
            44.333846,
            274.92
          ],
          [
            1.280015,
            44.332915,
            272.97
          ],
          [
            1.280079,
            44.332603,
            272.79
          ],
          [
            1.280134,
            44.33226,
            271.55
          ],
          [
            1.280159,
            44.332022,
            270.57
          ],
          [
            1.280159,
            44.331679,
            268.48
          ],
          [
            1.280121,
            44.331529,
            267.47
          ],
          [
            1.280066,
            44.331387,
            267.0
          ],
          [
            1.28006,
            44.331218,
            267.26
          ],
          [
            1.279998,
            44.331116,
            267.81
          ],
          [
            1.279813,
            44.3309,
            268.65
          ],
          [
            1.279738,
            44.330794,
            268.57
          ],
          [
            1.279634,
            44.330502,
            268.46
          ],
          [
            1.279615,
            44.330334,
            268.35
          ],
          [
            1.279639,
            44.330098,
            268.17
          ],
          [
            1.279634,
            44.329954,
            268.05
          ],
          [
            1.279607,
            44.329777,
            267.89
          ],
          [
            1.279475,
            44.329449,
            267.69
          ],
          [
            1.279379,
            44.32928,
            267.68
          ],
          [
            1.278741,
            44.328409,
            265.13
          ],
          [
            1.277163,
            44.327143,
            264.1
          ],
          [
            1.276986,
            44.327054,
            264.79
          ],
          [
            1.276767,
            44.326984,
            264.73
          ],
          [
            1.277184,
            44.326951,
            264.34
          ],
          [
            1.27834,
            44.326974,
            264.11
          ],
          [
            1.27872,
            44.326954,
            263.93
          ],
          [
            1.279484,
            44.326928,
            262.28
          ],
          [
            1.27965,
            44.326871,
            261.64
          ],
          [
            1.279972,
            44.326789,
            260.2
          ],
          [
            1.280325,
            44.32679,
            258.31
          ],
          [
            1.280757,
            44.326821,
            255.72
          ],
          [
            1.281242,
            44.326963,
            251.58
          ],
          [
            1.281556,
            44.327086,
            247.91
          ],
          [
            1.28166,
            44.327099,
            246.81
          ],
          [
            1.282426,
            44.327009,
            237.84
          ],
          [
            1.282765,
            44.326933,
            233.99
          ],
          [
            1.283107,
            44.326828,
            230.31
          ],
          [
            1.283467,
            44.326684,
            227.4
          ],
          [
            1.283411,
            44.326629,
            227.27
          ],
          [
            1.283416,
            44.326532,
            227.44
          ],
          [
            1.283568,
            44.326438,
            227.53
          ],
          [
            1.283532,
            44.326508,
            226.61
          ],
          [
            1.283522,
            44.326573,
            225.9
          ],
          [
            1.283562,
            44.326607,
            225.32
          ],
          [
            1.283661,
            44.32662,
            224.34
          ],
          [
            1.28423,
            44.326557,
            219.37
          ],
          [
            1.285415,
            44.326315,
            211.49
          ],
          [
            1.286375,
            44.326028,
            206.24
          ],
          [
            1.287926,
            44.325894,
            194.89
          ],
          [
            1.288673,
            44.325566,
            191.28
          ],
          [
            1.288816,
            44.325464,
            190.69
          ],
          [
            1.289202,
            44.32491,
            188.3
          ],
          [
            1.289624,
            44.32385,
            183.66
          ],
          [
            1.289729,
            44.323755,
            183.09
          ],
          [
            1.290581,
            44.323591,
            180.07
          ],
          [
            1.291247,
            44.323358,
            177.88
          ],
          [
            1.291709,
            44.323114,
            176.24
          ],
          [
            1.293204,
            44.322204,
            171.13
          ],
          [
            1.29356,
            44.321958,
            169.17
          ],
          [
            1.293858,
            44.321497,
            165.45
          ],
          [
            1.293654,
            44.321295,
            165.29
          ],
          [
            1.291978,
            44.320015,
            165.78
          ],
          [
            1.291797,
            44.319833,
            165.06
          ],
          [
            1.29173,
            44.31975,
            164.76
          ],
          [
            1.291587,
            44.31942,
            164.17
          ],
          [
            1.291047,
            44.318029,
            163.43
          ],
          [
            1.290881,
            44.31772,
            163.16
          ],
          [
            1.290683,
            44.31743,
            162.84
          ],
          [
            1.289888,
            44.316567,
            162.54
          ],
          [
            1.289569,
            44.316262,
            162.76
          ],
          [
            1.292224,
            44.314536,
            160.38
          ],
          [
            1.29239,
            44.31439,
            160.42
          ],
          [
            1.292531,
            44.31423,
            160.5
          ],
          [
            1.292655,
            44.314007,
            160.58
          ],
          [
            1.292806,
            44.313508,
            160.87
          ],
          [
            1.293374,
            44.311459,
            167.2
          ],
          [
            1.29347,
            44.311291,
            167.61
          ],
          [
            1.293611,
            44.311132,
            168.09
          ],
          [
            1.293872,
            44.310911,
            168.96
          ],
          [
            1.294231,
            44.310686,
            170.18
          ],
          [
            1.29442,
            44.310615,
            170.76
          ],
          [
            1.294601,
            44.310571,
            171.29
          ],
          [
            1.295079,
            44.310539,
            172.55
          ],
          [
            1.295252,
            44.310499,
            173.07
          ],
          [
            1.295389,
            44.310427,
            173.6
          ],
          [
            1.29545,
            44.310316,
            174.07
          ],
          [
            1.295455,
            44.310186,
            174.55
          ],
          [
            1.295385,
            44.309998,
            175.18
          ],
          [
            1.295319,
            44.309899,
            175.5
          ],
          [
            1.295089,
            44.309676,
            176.39
          ],
          [
            1.295017,
            44.309545,
            176.91
          ],
          [
            1.295026,
            44.309373,
            177.51
          ],
          [
            1.295373,
            44.308718,
            179.61
          ],
          [
            1.295898,
            44.307956,
            182.3
          ],
          [
            1.296173,
            44.307637,
            183.74
          ],
          [
            1.296505,
            44.30735,
            185.41
          ],
          [
            1.296837,
            44.307179,
            186.79
          ],
          [
            1.297117,
            44.307067,
            187.87
          ],
          [
            1.297528,
            44.306971,
            189.22
          ],
          [
            1.29755,
            44.306897,
            187.9
          ],
          [
            1.297772,
            44.306852,
            187.23
          ],
          [
            1.297949,
            44.306778,
            185.86
          ],
          [
            1.298036,
            44.306693,
            185.0
          ],
          [
            1.298073,
            44.306609,
            184.61
          ],
          [
            1.298065,
            44.306485,
            184.25
          ],
          [
            1.298022,
            44.306383,
            183.92
          ],
          [
            1.2976,
            44.30578,
            183.8
          ],
          [
            1.297576,
            44.305724,
            184.85
          ],
          [
            1.297576,
            44.305674,
            185.73
          ],
          [
            1.297587,
            44.305619,
            186.52
          ],
          [
            1.297785,
            44.305163,
            192.93
          ],
          [
            1.297895,
            44.304983,
            196.03
          ],
          [
            1.298271,
            44.304453,
            205.84
          ],
          [
            1.298367,
            44.304349,
            207.79
          ],
          [
            1.298482,
            44.304255,
            209.58
          ],
          [
            1.298864,
            44.30405,
            214.35
          ],
          [
            1.298985,
            44.304011,
            215.37
          ],
          [
            1.299097,
            44.303998,
            216.03
          ],
          [
            1.299233,
            44.303965,
            216.57
          ],
          [
            1.299335,
            44.303928,
            216.93
          ],
          [
            1.299434,
            44.303861,
            217.69
          ],
          [
            1.299668,
            44.303668,
            220.16
          ],
          [
            1.299947,
            44.303421,
            222.77
          ],
          [
            1.300254,
            44.303181,
            226.84
          ],
          [
            1.300888,
            44.30275,
            235.66
          ],
          [
            1.301043,
            44.302689,
            237.47
          ],
          [
            1.301101,
            44.302623,
            238.51
          ],
          [
            1.301072,
            44.302553,
            239.44
          ],
          [
            1.300399,
            44.302144,
            244.57
          ],
          [
            1.300382,
            44.302048,
            244.97
          ],
          [
            1.30041,
            44.301569,
            246.21
          ],
          [
            1.300393,
            44.301146,
            246.44
          ],
          [
            1.300946,
            44.299733,
            246.97
          ],
          [
            1.301364,
            44.298743,
            247.84
          ],
          [
            1.301464,
            44.298336,
            248.98
          ],
          [
            1.301509,
            44.297941,
            251.01
          ],
          [
            1.301503,
            44.297797,
            252.05
          ],
          [
            1.30142,
            44.297602,
            253.78
          ],
          [
            1.301275,
            44.297466,
            255.28
          ],
          [
            1.301236,
            44.29737,
            256.14
          ],
          [
            1.301269,
            44.297035,
            258.93
          ],
          [
            1.301462,
            44.296408,
            263.03
          ],
          [
            1.301524,
            44.296253,
            263.84
          ],
          [
            1.301702,
            44.296075,
            265.11
          ],
          [
            1.302321,
            44.29509,
            270.51
          ],
          [
            1.30239,
            44.295066,
            270.37
          ],
          [
            1.304035,
            44.294318,
            266.96
          ],
          [
            1.304309,
            44.294194,
            266.47
          ],
          [
            1.304214,
            44.294205,
            266.69
          ],
          [
            1.304098,
            44.294198,
            267.03
          ],
          [
            1.303919,
            44.294167,
            267.82
          ],
          [
            1.303776,
            44.294103,
            267.92
          ],
          [
            1.303644,
            44.293992,
            268.07
          ],
          [
            1.30359,
            44.293913,
            268.16
          ],
          [
            1.303568,
            44.293772,
            268.44
          ],
          [
            1.303634,
            44.293345,
            268.87
          ],
          [
            1.303571,
            44.292647,
            269.71
          ],
          [
            1.30353,
            44.292416,
            270.22
          ],
          [
            1.30345,
            44.292235,
            270.55
          ],
          [
            1.30323,
            44.291533,
            271.31
          ],
          [
            1.303187,
            44.291272,
            270.97
          ],
          [
            1.303159,
            44.290633,
            269.65
          ],
          [
            1.303122,
            44.290342,
            268.81
          ],
          [
            1.303058,
            44.290108,
            268.04
          ],
          [
            1.302835,
            44.289702,
            266.48
          ],
          [
            1.302628,
            44.289411,
            265.14
          ],
          [
            1.302416,
            44.289081,
            263.62
          ],
          [
            1.30217,
            44.288806,
            261.55
          ],
          [
            1.302254,
            44.28872,
            260.6
          ],
          [
            1.303293,
            44.287954,
            245.23
          ],
          [
            1.303627,
            44.287697,
            240.4
          ],
          [
            1.303784,
            44.287558,
            238.15
          ],
          [
            1.303969,
            44.287295,
            234.48
          ],
          [
            1.304004,
            44.287129,
            232.37
          ],
          [
            1.303947,
            44.28676,
            227.91
          ],
          [
            1.30397,
            44.28662,
            223.61
          ],
          [
            1.304262,
            44.28648,
            217.95
          ],
          [
            1.304326,
            44.286379,
            216.43
          ],
          [
            1.304318,
            44.286259,
            215.43
          ],
          [
            1.304288,
            44.286135,
            214.21
          ],
          [
            1.304223,
            44.286013,
            212.66
          ],
          [
            1.304086,
            44.285833,
            209.58
          ],
          [
            1.303882,
            44.285612,
            205.54
          ],
          [
            1.303735,
            44.285416,
            202.12
          ],
          [
            1.303673,
            44.285232,
            199.08
          ],
          [
            1.303649,
            44.284996,
            195.2
          ],
          [
            1.303698,
            44.284645,
            190.75
          ],
          [
            1.303668,
            44.284618,
            190.54
          ],
          [
            1.303663,
            44.284584,
            190.27
          ],
          [
            1.303631,
            44.284542,
            189.97
          ],
          [
            1.302905,
            44.283872,
            185.65
          ],
          [
            1.302808,
            44.283755,
            184.94
          ],
          [
            1.302513,
            44.283167,
            181.73
          ],
          [
            1.302494,
            44.283059,
            180.9
          ],
          [
            1.302342,
            44.282592,
            179.23
          ],
          [
            1.302305,
            44.282438,
            178.73
          ],
          [
            1.302284,
            44.282117,
            177.78
          ],
          [
            1.302265,
            44.281993,
            177.41
          ],
          [
            1.302221,
            44.281853,
            176.98
          ],
          [
            1.301918,
            44.281257,
            175.12
          ],
          [
            1.301911,
            44.281218,
            175.04
          ],
          [
            1.301923,
            44.281155,
            175.0
          ],
          [
            1.301954,
            44.281105,
            175.0
          ],
          [
            1.30211,
            44.281003,
            174.61
          ],
          [
            1.302181,
            44.280928,
            174.47
          ],
          [
            1.30224,
            44.280814,
            174.37
          ],
          [
            1.302367,
            44.280502,
            174.32
          ],
          [
            1.302641,
            44.280028,
            174.47
          ],
          [
            1.302803,
            44.279801,
            174.83
          ],
          [
            1.302944,
            44.27952,
            174.4
          ],
          [
            1.30314,
            44.27933,
            173.82
          ],
          [
            1.303224,
            44.279228,
            173.55
          ],
          [
            1.303333,
            44.279047,
            173.04
          ],
          [
            1.303643,
            44.278455,
            171.44
          ],
          [
            1.303788,
            44.278287,
            170.9
          ],
          [
            1.304134,
            44.277961,
            169.73
          ],
          [
            1.304212,
            44.277854,
            169.39
          ],
          [
            1.304285,
            44.277687,
            168.84
          ],
          [
            1.304341,
            44.277517,
            168.27
          ],
          [
            1.304395,
            44.27678,
            165.15
          ],
          [
            1.304377,
            44.276669,
            164.56
          ],
          [
            1.304332,
            44.276572,
            164.04
          ],
          [
            1.304257,
            44.276501,
            163.59
          ],
          [
            1.304022,
            44.276387,
            162.6
          ],
          [
            1.303951,
            44.27633,
            162.24
          ],
          [
            1.303923,
            44.276253,
            161.87
          ],
          [
            1.303932,
            44.276166,
            161.48
          ],
          [
            1.304332,
            44.27455,
            156.7
          ],
          [
            1.304413,
            44.273964,
            155.0
          ],
          [
            1.304473,
            44.273236,
            153.09
          ],
          [
            1.304526,
            44.273116,
            153.0
          ],
          [
            1.304722,
            44.273111,
            152.97
          ],
          [
            1.307077,
            44.272913,
            153.96
          ],
          [
            1.307642,
            44.272921,
            154.26
          ],
          [
            1.308097,
            44.272999,
            154.31
          ],
          [
            1.309849,
            44.273535,
            153.53
          ],
          [
            1.310079,
            44.273353,
            152.68
          ],
          [
            1.310283,
            44.273263,
            153.01
          ],
          [
            1.310477,
            44.273246,
            152.78
          ],
          [
            1.310625,
            44.273268,
            152.77
          ],
          [
            1.311064,
            44.273422,
            152.75
          ],
          [
            1.311198,
            44.273441,
            152.77
          ],
          [
            1.311313,
            44.273457,
            152.82
          ],
          [
            1.3115,
            44.273414,
            152.87
          ],
          [
            1.312265,
            44.273086,
            155.78
          ],
          [
            1.313155,
            44.272655,
            161.66
          ],
          [
            1.314387,
            44.271836,
            167.71
          ],
          [
            1.314682,
            44.271601,
            169.01
          ],
          [
            1.314857,
            44.271413,
            170.13
          ],
          [
            1.314972,
            44.27119,
            171.53
          ],
          [
            1.315103,
            44.270979,
            172.93
          ],
          [
            1.315398,
            44.270781,
            175.31
          ],
          [
            1.315554,
            44.270575,
            176.65
          ],
          [
            1.315702,
            44.270266,
            179.63
          ],
          [
            1.315771,
            44.270049,
            181.84
          ],
          [
            1.315777,
            44.269742,
            184.18
          ],
          [
            1.31583,
            44.269431,
            186.05
          ],
          [
            1.315913,
            44.269269,
            186.77
          ],
          [
            1.31623,
            44.268737,
            188.28
          ],
          [
            1.316367,
            44.268359,
            189.17
          ],
          [
            1.316477,
            44.267837,
            192.0
          ],
          [
            1.316471,
            44.267587,
            193.43
          ],
          [
            1.316369,
            44.267191,
            195.89
          ],
          [
            1.316195,
            44.266435,
            202.2
          ],
          [
            1.316147,
            44.266081,
            206.49
          ],
          [
            1.316187,
            44.265651,
            211.19
          ],
          [
            1.316286,
            44.265411,
            213.37
          ],
          [
            1.316557,
            44.265088,
            215.69
          ],
          [
            1.317024,
            44.264637,
            217.87
          ],
          [
            1.317914,
            44.263937,
            219.94
          ],
          [
            1.318,
            44.263797,
            220.08
          ],
          [
            1.318,
            44.263678,
            221.23
          ],
          [
            1.318027,
            44.263503,
            223.62
          ],
          [
            1.318105,
            44.263384,
            224.81
          ],
          [
            1.318295,
            44.263259,
            225.62
          ],
          [
            1.318464,
            44.263248,
            226.29
          ],
          [
            1.318698,
            44.263283,
            227.41
          ],
          [
            1.318869,
            44.263267,
            227.9
          ],
          [
            1.319017,
            44.263198,
            228.5
          ],
          [
            1.319371,
            44.262908,
            231.01
          ],
          [
            1.319639,
            44.262649,
            232.85
          ],
          [
            1.319682,
            44.262462,
            233.77
          ],
          [
            1.319674,
            44.262144,
            235.45
          ],
          [
            1.319625,
            44.261329,
            239.56
          ],
          [
            1.319608,
            44.260561,
            241.79
          ],
          [
            1.318429,
            44.260387,
            241.78
          ],
          [
            1.317535,
            44.260264,
            240.78
          ],
          [
            1.317847,
            44.258522,
            232.94
          ],
          [
            1.318197,
            44.257223,
            235.14
          ],
          [
            1.318219,
            44.256854,
            235.04
          ],
          [
            1.31808,
            44.256222,
            235.32
          ],
          [
            1.317873,
            44.255588,
            234.69
          ],
          [
            1.317856,
            44.255321,
            233.95
          ],
          [
            1.318106,
            44.254401,
            233.44
          ],
          [
            1.31824,
            44.253611,
            231.86
          ],
          [
            1.318284,
            44.253282,
            231.0
          ],
          [
            1.318262,
            44.252812,
            231.82
          ],
          [
            1.31839,
            44.251798,
            230.36
          ],
          [
            1.319378,
            44.248293,
            227.61
          ],
          [
            1.319442,
            44.247525,
            226.6
          ],
          [
            1.319356,
            44.246849,
            227.08
          ],
          [
            1.319163,
            44.245942,
            227.82
          ],
          [
            1.319155,
            44.24579,
            227.3
          ],
          [
            1.319141,
            44.245527,
            226.28
          ],
          [
            1.319485,
            44.245035,
            222.28
          ],
          [
            1.319999,
            44.244841,
            218.02
          ],
          [
            1.320256,
            44.244695,
            215.62
          ],
          [
            1.320472,
            44.244512,
            213.89
          ],
          [
            1.3206,
            44.244271,
            212.98
          ],
          [
            1.320614,
            44.244046,
            212.71
          ],
          [
            1.320565,
            44.243875,
            212.66
          ],
          [
            1.320635,
            44.243641,
            212.57
          ],
          [
            1.320767,
            44.243459,
            212.37
          ],
          [
            1.321244,
            44.243173,
            210.48
          ],
          [
            1.321867,
            44.242652,
            206.8
          ],
          [
            1.322002,
            44.242469,
            206.05
          ],
          [
            1.32215,
            44.24189,
            203.67
          ],
          [
            1.322725,
            44.241176,
            201.01
          ],
          [
            1.322955,
            44.241072,
            199.55
          ],
          [
            1.323525,
            44.240784,
            195.89
          ],
          [
            1.323755,
            44.240654,
            193.97
          ],
          [
            1.324172,
            44.240208,
            189.04
          ],
          [
            1.324335,
            44.240093,
            187.47
          ],
          [
            1.324849,
            44.23991,
            183.33
          ],
          [
            1.325053,
            44.239816,
            181.57
          ],
          [
            1.325188,
            44.239677,
            179.87
          ],
          [
            1.325386,
            44.239316,
            175.99
          ],
          [
            1.32618,
            44.238717,
            169.75
          ],
          [
            1.326215,
            44.238638,
            169.83
          ],
          [
            1.326695,
            44.237564,
            162.88
          ],
          [
            1.326845,
            44.237396,
            161.71
          ],
          [
            1.327059,
            44.237287,
            160.59
          ],
          [
            1.327654,
            44.237033,
            157.63
          ],
          [
            1.328149,
            44.236792,
            154.91
          ],
          [
            1.329338,
            44.235802,
            144.25
          ],
          [
            1.329673,
            44.235614,
            141.63
          ],
          [
            1.331813,
            44.235068,
            128.53
          ],
          [
            1.331932,
            44.234972,
            127.51
          ],
          [
            1.33212,
            44.234566,
            124.21
          ],
          [
            1.331396,
            44.234246,
            124.61
          ],
          [
            1.331189,
            44.234094,
            124.73
          ],
          [
            1.331087,
            44.233944,
            124.84
          ],
          [
            1.330388,
            44.233011,
            124.04
          ],
          [
            1.330239,
            44.232715,
            123.27
          ],
          [
            1.329045,
            44.229776,
            119.87
          ],
          [
            1.328828,
            44.229206,
            119.14
          ],
          [
            1.328738,
            44.228903,
            119.47
          ],
          [
            1.328795,
            44.22858,
            118.94
          ],
          [
            1.329267,
            44.227678,
            118.05
          ],
          [
            1.329579,
            44.226417,
            118.16
          ],
          [
            1.329616,
            44.226056,
            118.17
          ],
          [
            1.329546,
            44.225533,
            118.14
          ],
          [
            1.329117,
            44.224526,
            117.89
          ],
          [
            1.328623,
            44.223557,
            117.36
          ],
          [
            1.327862,
            44.222604,
            117.58
          ],
          [
            1.326515,
            44.221221,
            119.61
          ],
          [
            1.326309,
            44.220929,
            119.77
          ],
          [
            1.325728,
            44.219495,
            116.78
          ],
          [
            1.325824,
            44.219492,
            116.58
          ],
          [
            1.325937,
            44.219531,
            116.32
          ],
          [
            1.326096,
            44.219601,
            116.14
          ],
          [
            1.327121,
            44.219929,
            115.55
          ],
          [
            1.3274,
            44.219959,
            115.44
          ],
          [
            1.329278,
            44.219921,
            117.61
          ],
          [
            1.329299,
            44.219812,
            117.54
          ],
          [
            1.329494,
            44.219158,
            118.23
          ],
          [
            1.329487,
            44.219046,
            118.51
          ],
          [
            1.329451,
            44.218946,
            118.78
          ],
          [
            1.328157,
            44.21698,
            118.71
          ],
          [
            1.328083,
            44.216853,
            118.53
          ],
          [
            1.327973,
            44.216713,
            118.28
          ],
          [
            1.327561,
            44.216409,
            118.13
          ],
          [
            1.327299,
            44.216255,
            116.98
          ],
          [
            1.326412,
            44.215649,
            115.48
          ],
          [
            1.326291,
            44.215552,
            115.36
          ],
          [
            1.325938,
            44.215175,
            115.0
          ],
          [
            1.32586,
            44.215114,
            114.93
          ],
          [
            1.325742,
            44.215048,
            114.84
          ],
          [
            1.324453,
            44.214583,
            113.5
          ],
          [
            1.323616,
            44.214297,
            113.07
          ],
          [
            1.323451,
            44.214232,
            113.26
          ],
          [
            1.323301,
            44.214135,
            113.49
          ],
          [
            1.323081,
            44.213944,
            113.88
          ],
          [
            1.322948,
            44.213862,
            114.1
          ],
          [
            1.32255,
            44.21375,
            114.64
          ],
          [
            1.322421,
            44.213724,
            115.11
          ],
          [
            1.322362,
            44.213693,
            116.27
          ],
          [
            1.322334,
            44.213655,
            116.91
          ],
          [
            1.322334,
            44.2136,
            117.89
          ],
          [
            1.322353,
            44.213553,
            118.71
          ],
          [
            1.322417,
            44.213502,
            119.56
          ],
          [
            1.322609,
            44.213443,
            120.67
          ],
          [
            1.322753,
            44.213388,
            121.6
          ],
          [
            1.322886,
            44.213316,
            122.65
          ],
          [
            1.322969,
            44.213236,
            123.57
          ],
          [
            1.323297,
            44.21279,
            128.02
          ],
          [
            1.3234,
            44.212667,
            129.35
          ],
          [
            1.323498,
            44.21262,
            129.84
          ],
          [
            1.323601,
            44.212601,
            130.89
          ],
          [
            1.323747,
            44.212616,
            131.89
          ],
          [
            1.323937,
            44.212656,
            132.56
          ],
          [
            1.324064,
            44.212675,
            133.02
          ],
          [
            1.324181,
            44.212661,
            133.49
          ],
          [
            1.324278,
            44.212623,
            133.93
          ],
          [
            1.324346,
            44.212557,
            134.38
          ],
          [
            1.324394,
            44.21246,
            134.98
          ],
          [
            1.32461,
            44.211337,
            141.69
          ],
          [
            1.324665,
            44.211117,
            142.9
          ],
          [
            1.324747,
            44.210932,
            143.83
          ],
          [
            1.325441,
            44.209841,
            147.61
          ],
          [
            1.325553,
            44.209695,
            148.1
          ],
          [
            1.325653,
            44.209602,
            148.44
          ],
          [
            1.325826,
            44.209501,
            148.93
          ],
          [
            1.326514,
            44.209232,
            151.35
          ],
          [
            1.326677,
            44.209158,
            152.17
          ],
          [
            1.326818,
            44.209063,
            153.14
          ],
          [
            1.326956,
            44.208894,
            154.8
          ],
          [
            1.327129,
            44.208595,
            157.46
          ],
          [
            1.327173,
            44.208498,
            158.24
          ],
          [
            1.327192,
            44.20842,
            158.83
          ],
          [
            1.32718,
            44.20836,
            159.26
          ],
          [
            1.32714,
            44.208297,
            159.75
          ],
          [
            1.327028,
            44.208248,
            160.46
          ],
          [
            1.32626,
            44.208164,
            165.47
          ],
          [
            1.326175,
            44.208143,
            165.99
          ],
          [
            1.326114,
            44.208088,
            166.6
          ],
          [
            1.326091,
            44.208022,
            167.22
          ],
          [
            1.326108,
            44.207965,
            167.76
          ],
          [
            1.326169,
            44.207916,
            168.38
          ],
          [
            1.327085,
            44.207608,
            175.23
          ],
          [
            1.327326,
            44.207517,
            176.62
          ],
          [
            1.327687,
            44.207426,
            177.6
          ],
          [
            1.327789,
            44.207409,
            177.09
          ],
          [
            1.32776,
            44.207364,
            177.11
          ],
          [
            1.327713,
            44.207125,
            178.7
          ],
          [
            1.327698,
            44.206982,
            179.76
          ],
          [
            1.327723,
            44.206871,
            180.46
          ],
          [
            1.32803,
            44.206159,
            183.32
          ],
          [
            1.328054,
            44.206034,
            183.05
          ],
          [
            1.328051,
            44.205901,
            183.11
          ],
          [
            1.327988,
            44.205748,
            182.52
          ],
          [
            1.327812,
            44.205476,
            181.57
          ],
          [
            1.327711,
            44.205347,
            181.12
          ],
          [
            1.327338,
            44.205031,
            180.38
          ],
          [
            1.327274,
            44.204961,
            180.8
          ],
          [
            1.327406,
            44.204825,
            182.04
          ],
          [
            1.32793,
            44.203961,
            187.42
          ],
          [
            1.328078,
            44.203813,
            188.19
          ],
          [
            1.328623,
            44.203409,
            189.7
          ],
          [
            1.328584,
            44.203279,
            189.31
          ],
          [
            1.328558,
            44.202858,
            185.11
          ],
          [
            1.328565,
            44.202392,
            181.43
          ],
          [
            1.328624,
            44.202093,
            180.0
          ],
          [
            1.328699,
            44.201922,
            179.35
          ],
          [
            1.328997,
            44.201571,
            178.19
          ],
          [
            1.329099,
            44.201267,
            177.53
          ],
          [
            1.329168,
            44.200936,
            176.52
          ],
          [
            1.329158,
            44.200563,
            175.26
          ],
          [
            1.329109,
            44.200279,
            174.53
          ],
          [
            1.32891,
            44.199654,
            172.66
          ],
          [
            1.329074,
            44.199354,
            170.4
          ],
          [
            1.329244,
            44.199181,
            168.91
          ],
          [
            1.329308,
            44.199052,
            168.01
          ],
          [
            1.329354,
            44.198712,
            165.89
          ],
          [
            1.329418,
            44.198513,
            164.74
          ],
          [
            1.329797,
            44.197977,
            161.74
          ],
          [
            1.330387,
            44.197061,
            161.25
          ],
          [
            1.331721,
            44.195787,
            160.56
          ],
          [
            1.332021,
            44.195252,
            156.7
          ],
          [
            1.332317,
            44.194794,
            151.7
          ],
          [
            1.33205,
            44.194594,
            153.31
          ],
          [
            1.331675,
            44.194359,
            151.72
          ],
          [
            1.331573,
            44.194198,
            150.52
          ],
          [
            1.331621,
            44.194063,
            149.4
          ],
          [
            1.331868,
            44.193928,
            147.2
          ],
          [
            1.332372,
            44.193732,
            142.7
          ],
          [
            1.332533,
            44.19379,
            141.37
          ],
          [
            1.333112,
            44.194205,
            135.23
          ],
          [
            1.333252,
            44.194248,
            134.13
          ],
          [
            1.333547,
            44.194148,
            131.71
          ],
          [
            1.334282,
            44.193709,
            125.04
          ],
          [
            1.334715,
            44.193326,
            121.42
          ],
          [
            1.334935,
            44.193207,
            120.17
          ],
          [
            1.335346,
            44.193175,
            119.0
          ],
          [
            1.335321,
            44.193149,
            118.95
          ],
          [
            1.334963,
            44.192896,
            116.83
          ],
          [
            1.334239,
            44.192491,
            113.09
          ],
          [
            1.334077,
            44.192329,
            112.36
          ],
          [
            1.333988,
            44.192133,
            111.9
          ],
          [
            1.333904,
            44.191799,
            111.1
          ],
          [
            1.333882,
            44.191493,
            110.63
          ],
          [
            1.333837,
            44.191099,
            110.15
          ],
          [
            1.333737,
            44.190808,
            110.0
          ],
          [
            1.333532,
            44.190494,
            109.9
          ],
          [
            1.331985,
            44.188744,
            107.9
          ],
          [
            1.330713,
            44.187342,
            109.02
          ],
          [
            1.330685,
            44.187277,
            109.0
          ],
          [
            1.330703,
            44.187203,
            108.96
          ],
          [
            1.331425,
            44.186386,
            107.37
          ],
          [
            1.331474,
            44.18627,
            107.12
          ],
          [
            1.331469,
            44.186172,
            107.19
          ],
          [
            1.331194,
            44.185663,
            107.4
          ],
          [
            1.331071,
            44.185322,
            107.0
          ],
          [
            1.330941,
            44.184817,
            108.16
          ],
          [
            1.330952,
            44.184603,
            108.47
          ],
          [
            1.331047,
            44.184175,
            108.92
          ],
          [
            1.331066,
            44.183924,
            108.78
          ],
          [
            1.331039,
            44.183572,
            108.27
          ],
          [
            1.331079,
            44.183215,
            106.67
          ],
          [
            1.331082,
            44.183027,
            106.05
          ],
          [
            1.331013,
            44.182789,
            106.24
          ],
          [
            1.330898,
            44.182621,
            106.21
          ],
          [
            1.329564,
            44.181337,
            110.26
          ],
          [
            1.32932,
            44.181031,
            111.26
          ],
          [
            1.329172,
            44.180761,
            110.98
          ],
          [
            1.329096,
            44.180544,
            110.54
          ],
          [
            1.32908,
            44.180351,
            110.18
          ],
          [
            1.329135,
            44.179761,
            109.56
          ],
          [
            1.329117,
            44.179045,
            109.77
          ],
          [
            1.329046,
            44.178379,
            110.16
          ],
          [
            1.328985,
            44.177921,
            110.35
          ],
          [
            1.328998,
            44.17758,
            110.39
          ],
          [
            1.328969,
            44.177281,
            110.07
          ],
          [
            1.328926,
            44.17707,
            109.56
          ],
          [
            1.32728,
            44.174152,
            106.05
          ],
          [
            1.327253,
            44.174136,
            106.03
          ],
          [
            1.331494,
            44.172035,
            101.25
          ],
          [
            1.330566,
            44.171287,
            102.03
          ],
          [
            1.331615,
            44.169712,
            100.2
          ],
          [
            1.332105,
            44.169002,
            101.28
          ],
          [
            1.332592,
            44.167212,
            109.25
          ],
          [
            1.333346,
            44.164433,
            106.18
          ],
          [
            1.333599,
            44.163927,
            107.26
          ],
          [
            1.334515,
            44.162682,
            108.31
          ],
          [
            1.336821,
            44.159692,
            112.77
          ],
          [
            1.336981,
            44.159377,
            113.02
          ],
          [
            1.337505,
            44.158063,
            116.69
          ],
          [
            1.337934,
            44.157038,
            116.96
          ],
          [
            1.337985,
            44.156794,
            117.76
          ],
          [
            1.338063,
            44.156644,
            118.13
          ],
          [
            1.338019,
            44.156625,
            118.51
          ],
          [
            1.337969,
            44.156583,
            118.79
          ],
          [
            1.337913,
            44.156483,
            119.82
          ],
          [
            1.337718,
            44.156202,
            124.16
          ],
          [
            1.337502,
            44.155933,
            127.17
          ],
          [
            1.336994,
            44.155154,
            133.51
          ],
          [
            1.336617,
            44.154468,
            138.58
          ],
          [
            1.336606,
            44.154376,
            139.25
          ],
          [
            1.336733,
            44.152398,
            154.16
          ],
          [
            1.336755,
            44.152213,
            155.72
          ],
          [
            1.336752,
            44.151706,
            159.84
          ],
          [
            1.336721,
            44.151537,
            161.08
          ],
          [
            1.336634,
            44.151416,
            162.05
          ],
          [
            1.335853,
            44.150509,
            168.2
          ],
          [
            1.335514,
            44.150194,
            169.83
          ],
          [
            1.33515,
            44.150018,
            170.86
          ],
          [
            1.334925,
            44.149939,
            171.37
          ],
          [
            1.333378,
            44.149557,
            174.53
          ],
          [
            1.333061,
            44.149467,
            176.12
          ],
          [
            1.332963,
            44.149405,
            176.96
          ],
          [
            1.332522,
            44.148774,
            180.3
          ],
          [
            1.332314,
            44.148557,
            180.99
          ],
          [
            1.331949,
            44.148268,
            181.63
          ],
          [
            1.331362,
            44.147876,
            182.0
          ],
          [
            1.330187,
            44.14712,
            177.59
          ],
          [
            1.329424,
            44.146548,
            178.75
          ],
          [
            1.328993,
            44.146114,
            179.94
          ],
          [
            1.327522,
            44.144566,
            182.32
          ],
          [
            1.326592,
            44.14392,
            182.77
          ],
          [
            1.326145,
            44.143704,
            182.47
          ],
          [
            1.324852,
            44.143053,
            181.06
          ],
          [
            1.32455,
            44.142873,
            182.32
          ],
          [
            1.324523,
            44.142843,
            182.67
          ],
          [
            1.32453,
            44.142801,
            182.92
          ],
          [
            1.324946,
            44.141892,
            186.46
          ],
          [
            1.325007,
            44.141682,
            187.43
          ],
          [
            1.325165,
            44.140904,
            191.56
          ],
          [
            1.325246,
            44.140559,
            193.0
          ],
          [
            1.325239,
            44.140532,
            193.0
          ],
          [
            1.325716,
            44.140123,
            192.21
          ],
          [
            1.326021,
            44.139738,
            191.51
          ],
          [
            1.326249,
            44.139337,
            190.82
          ],
          [
            1.326894,
            44.137755,
            189.02
          ],
          [
            1.327027,
            44.137565,
            188.83
          ],
          [
            1.327185,
            44.13742,
            188.83
          ],
          [
            1.329424,
            44.135978,
            192.42
          ],
          [
            1.329794,
            44.135776,
            192.16
          ],
          [
            1.331664,
            44.135035,
            190.16
          ],
          [
            1.331919,
            44.13489,
            189.93
          ],
          [
            1.332142,
            44.134719,
            189.72
          ],
          [
            1.333416,
            44.133601,
            188.86
          ],
          [
            1.333637,
            44.133422,
            188.85
          ],
          [
            1.335285,
            44.132345,
            189.67
          ],
          [
            1.335685,
            44.131943,
            190.34
          ],
          [
            1.33638,
            44.131034,
            190.0
          ],
          [
            1.336533,
            44.130755,
            190.18
          ],
          [
            1.337292,
            44.129098,
            190.93
          ],
          [
            1.337414,
            44.128883,
            190.88
          ],
          [
            1.337834,
            44.128223,
            189.83
          ],
          [
            1.340723,
            44.124855,
            194.58
          ],
          [
            1.340981,
            44.124569,
            195.61
          ],
          [
            1.341139,
            44.124429,
            196.31
          ],
          [
            1.341313,
            44.124301,
            197.0
          ],
          [
            1.341636,
            44.124114,
            197.0
          ],
          [
            1.341704,
            44.12409,
            197.0
          ],
          [
            1.341742,
            44.12406,
            197.0
          ],
          [
            1.341765,
            44.124012,
            197.0
          ],
          [
            1.341761,
            44.123955,
            197.0
          ],
          [
            1.341927,
            44.123929,
            197.0
          ],
          [
            1.342133,
            44.123865,
            196.65
          ],
          [
            1.343585,
            44.123201,
            194.75
          ],
          [
            1.343532,
            44.123142,
            194.94
          ],
          [
            1.343502,
            44.123091,
            194.72
          ],
          [
            1.343261,
            44.12228,
            190.04
          ],
          [
            1.343079,
            44.121887,
            188.13
          ],
          [
            1.342628,
            44.12129,
            184.32
          ],
          [
            1.341952,
            44.120578,
            178.07
          ],
          [
            1.34178,
            44.120424,
            176.87
          ],
          [
            1.341735,
            44.120314,
            175.82
          ],
          [
            1.341627,
            44.12019,
            173.61
          ],
          [
            1.34157,
            44.120111,
            171.93
          ],
          [
            1.341529,
            44.120006,
            170.12
          ],
          [
            1.341492,
            44.119948,
            168.83
          ],
          [
            1.341429,
            44.119894,
            167.28
          ],
          [
            1.341344,
            44.119858,
            165.94
          ],
          [
            1.341325,
            44.119833,
            165.3
          ],
          [
            1.341333,
            44.119803,
            164.63
          ],
          [
            1.34139,
            44.119752,
            163.7
          ],
          [
            1.341475,
            44.119732,
            163.11
          ],
          [
            1.341654,
            44.119742,
            162.27
          ],
          [
            1.341978,
            44.119827,
            159.96
          ],
          [
            1.342154,
            44.1199,
            158.59
          ],
          [
            1.342241,
            44.11995,
            157.89
          ],
          [
            1.34228,
            44.119961,
            157.64
          ],
          [
            1.342309,
            44.119959,
            157.46
          ],
          [
            1.342357,
            44.119917,
            156.98
          ],
          [
            1.342359,
            44.119901,
            156.83
          ],
          [
            1.34233,
            44.119869,
            156.45
          ],
          [
            1.341965,
            44.119635,
            153.02
          ],
          [
            1.34189,
            44.119562,
            151.01
          ],
          [
            1.34192,
            44.1187,
            130.47
          ],
          [
            1.341901,
            44.118546,
            127.9
          ],
          [
            1.341845,
            44.118444,
            126.84
          ],
          [
            1.341792,
            44.118381,
            126.56
          ],
          [
            1.341731,
            44.118229,
            125.36
          ],
          [
            1.341724,
            44.11817,
            124.9
          ],
          [
            1.341735,
            44.118113,
            124.45
          ],
          [
            1.34178,
            44.118005,
            124.0
          ],
          [
            1.341942,
            44.117044,
            120.75
          ],
          [
            1.341856,
            44.116428,
            119.04
          ],
          [
            1.341856,
            44.116206,
            118.61
          ],
          [
            1.341829,
            44.115951,
            118.36
          ],
          [
            1.341762,
            44.11558,
            117.28
          ],
          [
            1.341697,
            44.11536,
            117.0
          ],
          [
            1.341709,
            44.115256,
            117.0
          ],
          [
            1.341843,
            44.115104,
            116.58
          ],
          [
            1.342453,
            44.114654,
            115.08
          ],
          [
            1.343416,
            44.114089,
            114.47
          ],
          [
            1.343362,
            44.113774,
            115.14
          ],
          [
            1.343665,
            44.113444,
            116.35
          ],
          [
            1.344884,
            44.1123,
            114.97
          ],
          [
            1.345069,
            44.111896,
            111.6
          ],
          [
            1.34508,
            44.111855,
            111.35
          ],
          [
            1.345074,
            44.111803,
            111.0
          ],
          [
            1.344958,
            44.111664,
            110.3
          ],
          [
            1.344862,
            44.111421,
            108.75
          ],
          [
            1.344881,
            44.111247,
            107.61
          ],
          [
            1.344788,
            44.111134,
            107.0
          ],
          [
            1.34564,
            44.110795,
            105.85
          ],
          [
            1.346794,
            44.110036,
            108.64
          ],
          [
            1.347992,
            44.109236,
            118.4
          ],
          [
            1.348681,
            44.109152,
            122.68
          ],
          [
            1.348776,
            44.109081,
            123.3
          ],
          [
            1.348745,
            44.10897,
            124.31
          ],
          [
            1.348499,
            44.108909,
            126.4
          ],
          [
            1.348447,
            44.108808,
            127.26
          ],
          [
            1.349136,
            44.107808,
            122.61
          ],
          [
            1.349712,
            44.1076,
            117.98
          ],
          [
            1.350366,
            44.107022,
            108.45
          ],
          [
            1.350943,
            44.106742,
            101.34
          ],
          [
            1.351122,
            44.106728,
            100.01
          ],
          [
            1.351238,
            44.103578,
            98.09
          ],
          [
            1.351256,
            44.103308,
            98.23
          ],
          [
            1.35132,
            44.103033,
            98.24
          ],
          [
            1.351422,
            44.102835,
            98.11
          ],
          [
            1.351604,
            44.102576,
            97.9
          ],
          [
            1.351868,
            44.102268,
            96.49
          ],
          [
            1.352461,
            44.101665,
            93.73
          ],
          [
            1.352735,
            44.101153,
            93.1
          ],
          [
            1.352805,
            44.100982,
            93.0
          ],
          [
            1.352825,
            44.100823,
            92.92
          ],
          [
            1.352728,
            44.099669,
            92.18
          ],
          [
            1.352685,
            44.098801,
            93.3
          ],
          [
            1.352625,
            44.098538,
            93.93
          ],
          [
            1.352225,
            44.097746,
            95.59
          ],
          [
            1.352156,
            44.097516,
            95.96
          ],
          [
            1.352126,
            44.097305,
            96.25
          ],
          [
            1.352033,
            44.096337,
            97.88
          ],
          [
            1.352541,
            44.096319,
            94.24
          ],
          [
            1.352594,
            44.09631,
            94.08
          ],
          [
            1.352617,
            44.096282,
            93.96
          ],
          [
            1.35264,
            44.095754,
            92.24
          ],
          [
            1.35249,
            44.094538,
            91.56
          ],
          [
            1.352466,
            44.094483,
            91.72
          ],
          [
            1.352423,
            44.094434,
            91.86
          ],
          [
            1.352354,
            44.094393,
            91.91
          ],
          [
            1.35228,
            44.094374,
            91.91
          ],
          [
            1.3522,
            44.094371,
            91.97
          ],
          [
            1.352118,
            44.094388,
            91.96
          ],
          [
            1.352075,
            44.094406,
            91.95
          ],
          [
            1.351982,
            44.094465,
            91.84
          ],
          [
            1.351996,
            44.094438,
            91.76
          ],
          [
            1.351996,
            44.094409,
            91.64
          ],
          [
            1.351984,
            44.094382,
            91.51
          ],
          [
            1.351891,
            44.09429,
            91.06
          ],
          [
            1.351826,
            44.094193,
            90.78
          ],
          [
            1.351759,
            44.093965,
            89.36
          ],
          [
            1.3517,
            44.093812,
            88.93
          ],
          [
            1.351624,
            44.093649,
            88.39
          ],
          [
            1.351498,
            44.093429,
            87.2
          ],
          [
            1.351258,
            44.093075,
            84.59
          ],
          [
            1.350978,
            44.092698,
            82.28
          ],
          [
            1.350798,
            44.092512,
            81.35
          ],
          [
            1.350645,
            44.092396,
            81.27
          ],
          [
            1.35022,
            44.092155,
            81.0
          ],
          [
            1.349962,
            44.092023,
            81.02
          ],
          [
            1.349609,
            44.091888,
            81.0
          ],
          [
            1.349047,
            44.091686,
            82.21
          ],
          [
            1.34875,
            44.091561,
            83.0
          ],
          [
            1.348624,
            44.091499,
            83.32
          ],
          [
            1.348724,
            44.091411,
            84.57
          ],
          [
            1.348976,
            44.091242,
            86.37
          ],
          [
            1.349277,
            44.091089,
            87.64
          ],
          [
            1.349293,
            44.090961,
            88.14
          ],
          [
            1.349401,
            44.090596,
            91.31
          ],
          [
            1.349492,
            44.090423,
            93.23
          ],
          [
            1.349566,
            44.090325,
            94.27
          ],
          [
            1.349863,
            44.090056,
            97.9
          ],
          [
            1.350189,
            44.08981,
            101.06
          ],
          [
            1.350764,
            44.089556,
            107.83
          ],
          [
            1.350989,
            44.089233,
            111.58
          ],
          [
            1.352251,
            44.088847,
            121.64
          ],
          [
            1.35264,
            44.088442,
            126.38
          ],
          [
            1.353508,
            44.088078,
            130.82
          ],
          [
            1.354356,
            44.087168,
            139.26
          ],
          [
            1.354677,
            44.087008,
            142.05
          ],
          [
            1.355168,
            44.086716,
            146.71
          ],
          [
            1.357055,
            44.085944,
            157.98
          ],
          [
            1.357566,
            44.085502,
            158.85
          ],
          [
            1.358033,
            44.085273,
            158.67
          ],
          [
            1.358615,
            44.085143,
            157.36
          ],
          [
            1.359326,
            44.084932,
            161.58
          ],
          [
            1.359418,
            44.084922,
            161.37
          ],
          [
            1.359923,
            44.084987,
            159.94
          ],
          [
            1.360058,
            44.084957,
            159.22
          ],
          [
            1.360393,
            44.084819,
            157.62
          ],
          [
            1.361953,
            44.084039,
            159.01
          ],
          [
            1.362332,
            44.083753,
            162.47
          ],
          [
            1.362667,
            44.083363,
            168.22
          ],
          [
            1.36356,
            44.082698,
            170.76
          ],
          [
            1.363999,
            44.082325,
            168.77
          ],
          [
            1.364327,
            44.082004,
            165.74
          ],
          [
            1.364482,
            44.081782,
            160.94
          ],
          [
            1.364723,
            44.081393,
            151.87
          ],
          [
            1.364872,
            44.081216,
            148.51
          ],
          [
            1.365098,
            44.081069,
            145.09
          ],
          [
            1.3656,
            44.080898,
            140.25
          ],
          [
            1.366455,
            44.080233,
            135.69
          ],
          [
            1.366678,
            44.079982,
            137.96
          ],
          [
            1.366838,
            44.079817,
            138.74
          ],
          [
            1.36692,
            44.079717,
            137.63
          ],
          [
            1.367312,
            44.079486,
            128.44
          ],
          [
            1.36793,
            44.079326,
            117.11
          ],
          [
            1.36848,
            44.078913,
            109.2
          ],
          [
            1.368599,
            44.078806,
            107.37
          ],
          [
            1.368699,
            44.078744,
            106.22
          ],
          [
            1.369066,
            44.078598,
            102.6
          ],
          [
            1.369685,
            44.078481,
            97.37
          ],
          [
            1.369962,
            44.078351,
            94.5
          ],
          [
            1.370283,
            44.078161,
            91.82
          ],
          [
            1.370394,
            44.078061,
            90.56
          ],
          [
            1.370512,
            44.077897,
            88.49
          ],
          [
            1.370488,
            44.077815,
            87.06
          ],
          [
            1.370699,
            44.077781,
            88.22
          ],
          [
            1.370872,
            44.077781,
            89.06
          ],
          [
            1.370934,
            44.077128,
            85.06
          ],
          [
            1.371138,
            44.076536,
            83.01
          ],
          [
            1.37116,
            44.076512,
            83.0
          ],
          [
            1.371055,
            44.076364,
            82.98
          ],
          [
            1.370974,
            44.076213,
            82.73
          ],
          [
            1.370822,
            44.075885,
            82.0
          ],
          [
            1.370735,
            44.07566,
            82.0
          ],
          [
            1.370694,
            44.07558,
            82.0
          ],
          [
            1.37063,
            44.0755,
            82.0
          ],
          [
            1.370497,
            44.075218,
            82.0
          ],
          [
            1.370228,
            44.074748,
            82.0
          ],
          [
            1.370158,
            44.074633,
            82.0
          ],
          [
            1.370102,
            44.074563,
            81.99
          ],
          [
            1.369871,
            44.074347,
            81.93
          ],
          [
            1.369766,
            44.074265,
            81.95
          ],
          [
            1.369637,
            44.074187,
            81.79
          ],
          [
            1.369499,
            44.074116,
            81.84
          ],
          [
            1.369183,
            44.073991,
            82.34
          ],
          [
            1.368546,
            44.073779,
            83.19
          ],
          [
            1.368403,
            44.073714,
            83.37
          ],
          [
            1.368308,
            44.073645,
            83.5
          ],
          [
            1.368255,
            44.073569,
            83.17
          ],
          [
            1.368225,
            44.073474,
            81.35
          ],
          [
            1.368144,
            44.072622,
            84.01
          ],
          [
            1.368123,
            44.072522,
            84.88
          ],
          [
            1.368082,
            44.072446,
            84.31
          ],
          [
            1.368004,
            44.072366,
            83.72
          ],
          [
            1.367668,
            44.072109,
            82.81
          ],
          [
            1.367394,
            44.071788,
            82.18
          ],
          [
            1.367176,
            44.071457,
            81.75
          ],
          [
            1.366835,
            44.070774,
            81.0
          ],
          [
            1.365829,
            44.06869,
            80.93
          ],
          [
            1.36564,
            44.068423,
            80.89
          ],
          [
            1.365435,
            44.068256,
            80.86
          ],
          [
            1.364166,
            44.067594,
            80.56
          ],
          [
            1.363843,
            44.067359,
            80.37
          ],
          [
            1.363651,
            44.067173,
            80.3
          ],
          [
            1.363501,
            44.066954,
            80.28
          ],
          [
            1.362873,
            44.065703,
            80.72
          ],
          [
            1.362037,
            44.064685,
            80.41
          ],
          [
            1.361709,
            44.064207,
            80.78
          ],
          [
            1.361468,
            44.063772,
            80.24
          ],
          [
            1.361409,
            44.063492,
            80.15
          ],
          [
            1.361421,
            44.063249,
            80.6
          ],
          [
            1.361446,
            44.06311,
            80.59
          ],
          [
            1.361356,
            44.062778,
            80.98
          ],
          [
            1.361465,
            44.062665,
            80.83
          ],
          [
            1.361623,
            44.062394,
            80.94
          ],
          [
            1.361784,
            44.061837,
            81.34
          ],
          [
            1.361868,
            44.060862,
            82.78
          ],
          [
            1.361664,
            44.059643,
            83.2
          ],
          [
            1.361462,
            44.058968,
            83.71
          ],
          [
            1.361173,
            44.058583,
            84.2
          ],
          [
            1.360471,
            44.057868,
            86.0
          ],
          [
            1.360187,
            44.05749,
            87.54
          ],
          [
            1.359846,
            44.056958,
            88.63
          ],
          [
            1.359283,
            44.055967,
            89.0
          ],
          [
            1.359209,
            44.055852,
            89.0
          ],
          [
            1.35896,
            44.055406,
            89.0
          ],
          [
            1.358837,
            44.05514,
            89.0
          ],
          [
            1.358763,
            44.05488,
            89.0
          ],
          [
            1.358769,
            44.054593,
            89.0
          ],
          [
            1.358964,
            44.0538,
            90.0
          ],
          [
            1.359105,
            44.053369,
            90.08
          ],
          [
            1.359155,
            44.05318,
            90.33
          ],
          [
            1.359282,
            44.052799,
            91.0
          ],
          [
            1.359399,
            44.052772,
            91.0
          ],
          [
            1.359441,
            44.052625,
            91.19
          ],
          [
            1.359426,
            44.052321,
            92.0
          ],
          [
            1.3594,
            44.052099,
            92.7
          ],
          [
            1.359261,
            44.05145,
            94.4
          ],
          [
            1.359058,
            44.050592,
            95.25
          ],
          [
            1.358878,
            44.04993,
            96.0
          ],
          [
            1.358466,
            44.04897,
            96.0
          ],
          [
            1.358311,
            44.04856,
            96.0
          ],
          [
            1.358078,
            44.048041,
            96.0
          ],
          [
            1.357688,
            44.047359,
            96.0
          ],
          [
            1.357142,
            44.046593,
            96.0
          ],
          [
            1.356669,
            44.045874,
            95.23
          ],
          [
            1.356507,
            44.045544,
            95.08
          ],
          [
            1.356397,
            44.045078,
            95.29
          ],
          [
            1.356423,
            44.04452,
            95.71
          ],
          [
            1.356476,
            44.043986,
            95.99
          ],
          [
            1.356513,
            44.043395,
            96.0
          ],
          [
            1.356548,
            44.04317,
            96.0
          ],
          [
            1.356599,
            44.042591,
            95.39
          ],
          [
            1.356658,
            44.042153,
            95.07
          ],
          [
            1.356725,
            44.041809,
            94.98
          ],
          [
            1.35668,
            44.041771,
            95.0
          ],
          [
            1.356559,
            44.041767,
            95.0
          ],
          [
            1.356532,
            44.041709,
            94.85
          ],
          [
            1.356459,
            44.041629,
            94.57
          ],
          [
            1.356421,
            44.041598,
            94.67
          ],
          [
            1.356377,
            44.041522,
            94.37
          ],
          [
            1.356382,
            44.041441,
            94.4
          ],
          [
            1.356403,
            44.041402,
            94.74
          ],
          [
            1.356291,
            44.041367,
            94.94
          ],
          [
            1.356495,
            44.041261,
            94.99
          ],
          [
            1.356542,
            44.041201,
            95.02
          ],
          [
            1.356565,
            44.041086,
            95.14
          ],
          [
            1.356586,
            44.040512,
            95.83
          ],
          [
            1.356575,
            44.040099,
            96.05
          ],
          [
            1.356674,
            44.039855,
            96.76
          ],
          [
            1.356728,
            44.039197,
            97.0
          ],
          [
            1.356785,
            44.039166,
            97.0
          ],
          [
            1.356803,
            44.039011,
            97.0
          ],
          [
            1.356754,
            44.038946,
            97.0
          ],
          [
            1.356815,
            44.037983,
            97.04
          ],
          [
            1.356982,
            44.036655,
            98.0
          ],
          [
            1.357191,
            44.035751,
            98.0
          ],
          [
            1.357243,
            44.035259,
            98.0
          ],
          [
            1.357212,
            44.034944,
            98.0
          ],
          [
            1.357284,
            44.034937,
            98.0
          ],
          [
            1.357233,
            44.034777,
            98.0
          ],
          [
            1.357152,
            44.034696,
            98.0
          ],
          [
            1.357079,
            44.034681,
            98.0
          ],
          [
            1.35702,
            44.034644,
            98.0
          ],
          [
            1.356987,
            44.034582,
            98.0
          ],
          [
            1.356997,
            44.034521,
            98.0
          ],
          [
            1.357027,
            44.034485,
            98.01
          ],
          [
            1.357098,
            44.034448,
            98.23
          ],
          [
            1.357152,
            44.034367,
            98.23
          ],
          [
            1.357126,
            44.034345,
            98.13
          ],
          [
            1.357002,
            44.033182,
            97.33
          ],
          [
            1.357089,
            44.03235,
            97.76
          ],
          [
            1.357066,
            44.032283,
            97.96
          ],
          [
            1.357164,
            44.031553,
            98.0
          ],
          [
            1.357137,
            44.031486,
            98.0
          ],
          [
            1.357262,
            44.031453,
            98.0
          ],
          [
            1.357251,
            44.031361,
            98.06
          ],
          [
            1.357263,
            44.031307,
            98.26
          ],
          [
            1.357286,
            44.031278,
            98.39
          ],
          [
            1.357295,
            44.031244,
            98.52
          ],
          [
            1.357283,
            44.031132,
            98.65
          ],
          [
            1.357307,
            44.031062,
            98.53
          ],
          [
            1.357351,
            44.030998,
            98.3
          ],
          [
            1.357275,
            44.030979,
            98.74
          ],
          [
            1.357291,
            44.030907,
            98.84
          ],
          [
            1.357302,
            44.030773,
            98.94
          ],
          [
            1.357384,
            44.030387,
            99.16
          ],
          [
            1.357442,
            44.030043,
            99.44
          ],
          [
            1.357585,
            44.029437,
            100.08
          ],
          [
            1.357697,
            44.028834,
            101.0
          ],
          [
            1.357868,
            44.02805,
            102.0
          ],
          [
            1.357931,
            44.027636,
            102.0
          ],
          [
            1.357936,
            44.027591,
            102.37
          ],
          [
            1.357918,
            44.027558,
            102.64
          ],
          [
            1.358002,
            44.02755,
            102.7
          ],
          [
            1.358007,
            44.027499,
            103.0
          ],
          [
            1.357936,
            44.027295,
            103.0
          ],
          [
            1.357654,
            44.026828,
            103.0
          ],
          [
            1.35759,
            44.026737,
            103.0
          ],
          [
            1.357682,
            44.026737,
            103.0
          ],
          [
            1.358969,
            44.026827,
            103.0
          ],
          [
            1.359099,
            44.02682,
            103.0
          ],
          [
            1.359254,
            44.026767,
            103.0
          ],
          [
            1.359704,
            44.026333,
            103.0
          ],
          [
            1.359755,
            44.026303,
            103.0
          ],
          [
            1.359269,
            44.025592,
            103.0
          ],
          [
            1.359199,
            44.025438,
            103.26
          ],
          [
            1.359079,
            44.025086,
            103.52
          ],
          [
            1.359058,
            44.025048,
            103.51
          ],
          [
            1.359007,
            44.025016,
            103.26
          ],
          [
            1.359137,
            44.024901,
            102.83
          ],
          [
            1.359121,
            44.024853,
            102.49
          ],
          [
            1.359072,
            44.024862,
            102.56
          ],
          [
            1.359041,
            44.024797,
            102.04
          ],
          [
            1.359225,
            44.024761,
            102.0
          ],
          [
            1.359091,
            44.024405,
            103.0
          ],
          [
            1.360212,
            44.024176,
            103.0
          ],
          [
            1.36016,
            44.024044,
            103.05
          ],
          [
            1.36183,
            44.023698,
            103.0
          ],
          [
            1.361882,
            44.023581,
            103.0
          ],
          [
            1.361877,
            44.023528,
            103.0
          ],
          [
            1.361585,
            44.022812,
            103.92
          ],
          [
            1.361476,
            44.022595,
            104.0
          ],
          [
            1.361559,
            44.022599,
            104.0
          ],
          [
            1.36164,
            44.02257,
            104.0
          ],
          [
            1.361765,
            44.022492,
            104.0
          ],
          [
            1.361722,
            44.022453,
            104.0
          ],
          [
            1.361736,
            44.022417,
            104.0
          ],
          [
            1.361761,
            44.022389,
            104.0
          ],
          [
            1.361794,
            44.022381,
            104.0
          ],
          [
            1.361775,
            44.022299,
            104.0
          ],
          [
            1.361734,
            44.022188,
            104.0
          ],
          [
            1.361655,
            44.022092,
            104.0
          ],
          [
            1.361761,
            44.021833,
            104.0
          ],
          [
            1.362056,
            44.021166,
            104.0
          ],
          [
            1.364354,
            44.015922,
            104.0
          ],
          [
            1.364448,
            44.015723,
            103.95
          ],
          [
            1.364507,
            44.01568,
            103.79
          ],
          [
            1.364534,
            44.015616,
            103.54
          ],
          [
            1.364586,
            44.015479,
            103.17
          ],
          [
            1.364624,
            44.015401,
            103.0
          ],
          [
            1.364308,
            44.015335,
            103.0
          ],
          [
            1.364476,
            44.014936,
            102.92
          ],
          [
            1.364505,
            44.014768,
            102.35
          ],
          [
            1.364435,
            44.014612,
            101.83
          ],
          [
            1.364212,
            44.014275,
            102.64
          ],
          [
            1.363329,
            44.013022,
            104.13
          ],
          [
            1.362898,
            44.012439,
            104.99
          ],
          [
            1.362864,
            44.012408,
            105.0
          ],
          [
            1.363163,
            44.012263,
            105.64
          ],
          [
            1.363113,
            44.012216,
            105.74
          ],
          [
            1.363773,
            44.011863,
            107.55
          ],
          [
            1.36261,
            44.010057,
            108.04
          ],
          [
            1.363412,
            44.009712,
            109.0
          ],
          [
            1.362979,
            44.009179,
            109.45
          ],
          [
            1.362515,
            44.009363,
            109.24
          ],
          [
            1.362376,
            44.009162,
            109.37
          ],
          [
            1.361962,
            44.008415,
            110.0
          ],
          [
            1.362762,
            44.008269,
            110.92
          ],
          [
            1.363145,
            44.008167,
            111.0
          ],
          [
            1.363738,
            44.007997,
            112.0
          ],
          [
            1.363388,
            44.007075,
            106.93
          ],
          [
            1.363267,
            44.00689,
            103.32
          ],
          [
            1.363204,
            44.006824,
            102.46
          ],
          [
            1.361976,
            44.006447,
            96.31
          ]
        ]
      }
    },
    {
      "type": "Feature",
      "properties": {
        "source": "Patrimoine_village.gpx",
        "type": "route"
      },
      "geometry": {
        "type": "LineString",
        "coordinates": [
          [
            1.236099,
            44.4691
          ],
          [
            1.236643,
            44.468346
          ],
          [
            1.236897,
            44.46779
          ],
          [
            1.23737,
            44.467988
          ],
          [
            1.240617,
            44.467516
          ],
          [
            1.242228,
            44.467644
          ],
          [
            1.250571,
            44.472762
          ],
          [
            1.251587,
            44.469577
          ],
          [
            1.250287,
            44.46684
          ],
          [
            1.24527,
            44.46058
          ],
          [
            1.24527,
            44.46058
          ],
          [
            1.246232,
            44.464009
          ],
          [
            1.25259,
            44.455415
          ],
          [
            1.254645,
            44.453874
          ],
          [
            1.254967,
            44.453496
          ],
          [
            1.255254,
            44.452849
          ],
          [
            1.258884,
            44.446821
          ],
          [
            1.259748,
            44.446454
          ],
          [
            1.26005,
            44.446491
          ],
          [
            1.262964,
            44.440579
          ],
          [
            1.260898,
            44.43996
          ],
          [
            1.261594,
            44.438539
          ],
          [
            1.262693,
            44.432568
          ],
          [
            1.261698,
            44.431421
          ],
          [
            1.261846,
            44.428163
          ],
          [
            1.262016,
            44.427537
          ],
          [
            1.264202,
            44.421191
          ],
          [
            1.264713,
            44.420978
          ],
          [
            1.264973,
            44.417343
          ],
          [
            1.264984,
            44.417363
          ],
          [
            1.265657,
            44.415565
          ],
          [
            1.265888,
            44.414911
          ],
          [
            1.26799,
            44.411621
          ],
          [
            1.268429,
            44.411108
          ],
          [
            1.268283,
            44.410255
          ],
          [
            1.268322,
            44.410235
          ],
          [
            1.264522,
            44.39293
          ],
          [
            1.265397,
            44.390493
          ],
          [
            1.261472,
            44.384746
          ],
          [
            1.262226,
            44.379998
          ],
          [
            1.266152,
            44.373728
          ],
          [
            1.266111,
            44.368857
          ],
          [
            1.265716,
            44.368196
          ],
          [
            1.266169,
            44.368071
          ],
          [
            1.265945,
            44.367278
          ],
          [
            1.265955,
            44.366765
          ],
          [
            1.266252,
            44.366222
          ],
          [
            1.269001,
            44.366195
          ],
          [
            1.275621,
            44.361612
          ],
          [
            1.278816,
            44.360123
          ],
          [
            1.283306,
            44.35205
          ],
          [
            1.285159,
            44.349586
          ],
          [
            1.282647,
            44.348451
          ],
          [
            1.282049,
            44.345362
          ],
          [
            1.281887,
            44.345171
          ],
          [
            1.280827,
            44.337522
          ],
          [
            1.280369,
            44.335352
          ],
          [
            1.280151,
            44.334999
          ],
          [
            1.276767,
            44.326984
          ],
          [
            1.283467,
            44.326684
          ],
          [
            1.283568,
            44.326438
          ],
          [
            1.293858,
            44.321497
          ],
          [
            1.289569,
            44.316262
          ],
          [
            1.297528,
            44.306971
          ],
          [
            1.301524,
            44.296253
          ],
          [
            1.302321,
            44.29509
          ],
          [
            1.304035,
            44.294318
          ],
          [
            1.304309,
            44.294194
          ],
          [
            1.30217,
            44.288806
          ],
          [
            1.30397,
            44.28662
          ],
          [
            1.303698,
            44.284645
          ],
          [
            1.304526,
            44.273116
          ],
          [
            1.309849,
            44.273535
          ],
          [
            1.311198,
            44.273441
          ],
          [
            1.319608,
            44.260561
          ],
          [
            1.317535,
            44.260264
          ],
          [
            1.319378,
            44.248293
          ],
          [
            1.319155,
            44.24579
          ],
          [
            1.326215,
            44.238638
          ],
          [
            1.33212,
            44.234566
          ],
          [
            1.325728,
            44.219495
          ],
          [
            1.329278,
            44.219921
          ],
          [
            1.322362,
            44.213693
          ],
          [
            1.327789,
            44.207409
          ],
          [
            1.327274,
            44.204961
          ],
          [
            1.328623,
            44.203409
          ],
          [
            1.335346,
            44.193175
          ],
          [
            1.331474,
            44.18627
          ],
          [
            1.327253,
            44.174136
          ],
          [
            1.331494,
            44.172035
          ],
          [
            1.330566,
            44.171287
          ],
          [
            1.338063,
            44.156644
          ],
          [
            1.324523,
            44.142843
          ],
          [
            1.325239,
            44.140532
          ],
          [
            1.341636,
            44.124114
          ],
          [
            1.341761,
            44.123955
          ],
          [
            1.343585,
            44.123201
          ],
          [
            1.34178,
            44.120424
          ],
          [
            1.344788,
            44.111134
          ],
          [
            1.348447,
            44.108808
          ],
          [
            1.351122,
            44.106728
          ],
          [
            1.352033,
            44.096337
          ],
          [
            1.351982,
            44.094465
          ],
          [
            1.348624,
            44.091499
          ],
          [
            1.349277,
            44.091089
          ],
          [
            1.370488,
            44.077815
          ],
          [
            1.370872,
            44.077781
          ],
          [
            1.37116,
            44.076512
          ],
          [
            1.361421,
            44.063249
          ],
          [
            1.361356,
            44.062778
          ],
          [
            1.359282,
            44.052799
          ],
          [
            1.35668,
            44.041771
          ],
          [
            1.356559,
            44.041767
          ],
          [
            1.356459,
            44.041629
          ],
          [
            1.356291,
            44.041367
          ],
          [
            1.356785,
            44.039166
          ],
          [
            1.356803,
            44.039011
          ],
          [
            1.357284,
            44.034937
          ],
          [
            1.357152,
            44.034696
          ],
          [
            1.357152,
            44.034367
          ],
          [
            1.357137,
            44.031486
          ],
          [
            1.357262,
            44.031453
          ],
          [
            1.357263,
            44.031307
          ],
          [
            1.357351,
            44.030998
          ],
          [
            1.357275,
            44.030979
          ],
          [
            1.357931,
            44.027636
          ],
          [
            1.357918,
            44.027558
          ],
          [
            1.358002,
            44.02755
          ],
          [
            1.35759,
            44.026737
          ],
          [
            1.359755,
            44.026303
          ],
          [
            1.359007,
            44.025016
          ],
          [
            1.359121,
            44.024853
          ],
          [
            1.359072,
            44.024862
          ],
          [
            1.359041,
            44.024797
          ],
          [
            1.359225,
            44.024761
          ],
          [
            1.359091,
            44.024405
          ],
          [
            1.360212,
            44.024176
          ],
          [
            1.36016,
            44.024044
          ],
          [
            1.36183,
            44.023698
          ],
          [
            1.361476,
            44.022595
          ],
          [
            1.361761,
            44.021833
          ],
          [
            1.362056,
            44.021166
          ],
          [
            1.364507,
            44.01568
          ],
          [
            1.364534,
            44.015616
          ],
          [
            1.364586,
            44.015479
          ],
          [
            1.364624,
            44.015401
          ],
          [
            1.364308,
            44.015335
          ],
          [
            1.362864,
            44.012408
          ],
          [
            1.363163,
            44.012263
          ],
          [
            1.363773,
            44.011863
          ],
          [
            1.36261,
            44.010057
          ],
          [
            1.363412,
            44.009712
          ],
          [
            1.362376,
            44.009162
          ],
          [
            1.361962,
            44.008415
          ],
          [
            1.363738,
            44.007997
          ],
          [
            1.363204,
            44.006824
          ],
          [
            1.361976,
            44.006447
          ]
        ]
      }
    }
  ]
}