{
    "type": "FeatureCollection",
    "name": "GR 651",
    "crs": {
        "type": "name",
        "properties": {
            "name": "urn:ogc:def:crs:OGC:1.3:CRS84"
        }
    },
    "features": [
        {
            "type": "Feature",
            "properties": {
                "nom": "GR 651"
            },
            "geometry": {
                "type": "MultiLineString",
                "coordinates": [
                    [
                        [
                            1.828840677408707,
                            44.58980630440385
                        ],
                        [
                            1.829209312980522,
                            44.58940329431623
                        ],
                        [
                            1.829540350429526,
                            44.588982122781125
                        ],
                        [
                            1.829717436560665,
                            44.58888401043806
                        ],
                        [
                            1.829681631854382,
                            44.58866799794379
                        ],
                        [
                            1.829898665232732,
                            44.58832724164105
                        ],
                        [
                            1.830040105590766,
                            44.58799512921043
                        ],
                        [
                            1.830306499368438,
                            44.58776252420996
                        ],
                        [
                            1.831165672762441,
                            44.58738874936925
                        ],
                        [
                            1.831633900764769,
                            44.58710310844663
                        ],
                        [
                            1.83157478392293,
                            44.58668013518897
                        ],
                        [
                            1.831377723112697,
                            44.58620256725856
                        ],
                        [
                            1.831179775551829,
                            44.585823923304616
                        ],
                        [
                            1.830981424386072,
                            44.58549024614837
                        ],
                        [
                            1.830986531917128,
                            44.58492367185791
                        ],
                        [
                            1.83127067702782,
                            44.58411555373508
                        ],
                        [
                            1.831540448227747,
                            44.58350522954433
                        ],
                        [
                            1.83201284926774,
                            44.58275193866583
                        ],
                        [
                            1.832207993489851,
                            44.58204234013069
                        ],
                        [
                            1.832149767227019,
                            44.581520443976466
                        ],
                        [
                            1.83162636264201,
                            44.58095143999738
                        ],
                        [
                            1.831366811294667,
                            44.58042861707416
                        ],
                        [
                            1.831795935131389,
                            44.58028669392087
                        ],
                        [
                            1.832025425524598,
                            44.57995498559771
                        ],
                        [
                            1.831592040375318,
                            44.579585846328875
                        ],
                        [
                            1.830874429562257,
                            44.579212214014326
                        ],
                        [
                            1.830827699579253,
                            44.578528096477655
                        ],
                        [
                            1.831251488077692,
                            44.57786491216004
                        ],
                        [
                            1.830485650842902,
                            44.577672518517396
                        ],
                        [
                            1.829830544148231,
                            44.57775943205386
                        ],
                        [
                            1.829528805760786,
                            44.57773105732352
                        ],
                        [
                            1.829229995206591,
                            44.577378926713024
                        ],
                        [
                            1.828004759369073,
                            44.57738820198355
                        ],
                        [
                            1.827343923412468,
                            44.57722629567753
                        ],
                        [
                            1.826616265360253,
                            44.5769890848424
                        ],
                        [
                            1.826188707307468,
                            44.57696011621
                        ]
                    ]
                ]
            }
        },
        {
            "type": "Feature",
            "properties": {
                "nom": "GR 651"
            },
            "geometry": {
                "type": "MultiLineString",
                "coordinates": [
                    [
                        [
                            1.828840677408707,
                            44.58980630440385
                        ],
                        [
                            1.828976510913142,
                            44.59009472915425
                        ],
                        [
                            1.82867169220292,
                            44.59039910313952
                        ],
                        [
                            1.828619151000367,
                            44.59064168884564
                        ],
                        [
                            1.828277142098382,
                            44.59088293490228
                        ],
                        [
                            1.827685458322349,
                            44.590898180862624
                        ],
                        [
                            1.827420018034221,
                            44.591022861808604
                        ],
                        [
                            1.827216524969242,
                            44.59125575263305
                        ],
                        [
                            1.827742592160385,
                            44.59153699479259
                        ],
                        [
                            1.827614531078815,
                            44.591779230045795
                        ],
                        [
                            1.827333970278165,
                            44.59218264351426
                        ],
                        [
                            1.827507559666759,
                            44.5924712459575
                        ],
                        [
                            1.827997022842009,
                            44.5926264061309
                        ],
                        [
                            1.828233873163488,
                            44.59287932498405
                        ],
                        [
                            1.828396268417604,
                            44.59301498202582
                        ],
                        [
                            1.828658457018946,
                            44.593250030185864
                        ],
                        [
                            1.828983579584016,
                            44.59348536833257
                        ],
                        [
                            1.829056898411065,
                            44.5937285364853
                        ],
                        [
                            1.828978286981107,
                            44.594069931717954
                        ],
                        [
                            1.829048351325854,
                            44.59467283081012
                        ],
                        [
                            1.829310550347883,
                            44.59490787757847
                        ],
                        [
                            1.829372995353043,
                            44.594962127942175
                        ],
                        [
                            1.829759842560642,
                            44.59533265519083
                        ],
                        [
                            1.830699047214326,
                            44.59586761217783
                        ],
                        [
                            1.830959961656735,
                            44.596246547974836
                        ],
                        [
                            1.830653416024699,
                            44.59673978742968
                        ],
                        [
                            1.831213665936465,
                            44.597425886796174
                        ],
                        [
                            1.832139387348301,
                            44.59767774473027
                        ],
                        [
                            1.836426133478732,
                            44.5964561401561
                        ],
                        [
                            1.838254849272129,
                            44.59689146422083
                        ]
                    ]
                ]
            }
        },
        {
            "type": "Feature",
            "properties": {
                "nom": "GR 651"
            },
            "geometry": {
                "type": "MultiLineString",
                "coordinates": [
                    [
                        [
                            1.723336348501555,
                            44.526186625460745
                        ],
                        [
                            1.723326919824985,
                            44.52704994581863
                        ],
                        [
                            1.723322009632663,
                            44.52749959271991
                        ],
                        [
                            1.723468150717972,
                            44.527932096689135
                        ],
                        [
                            1.723464223177147,
                            44.528291813438145
                        ],
                        [
                            1.723461375955233,
                            44.52855260841075
                        ],
                        [
                            1.723345088648268,
                            44.52883974994046
                        ],
                        [
                            1.723077549117272,
                            44.52916201888978
                        ],
                        [
                            1.722948294675216,
                            44.529485061696796
                        ],
                        [
                            1.723008992153091,
                            44.52968325815619
                        ],
                        [
                            1.723005060308003,
                            44.53004297513765
                        ]
                    ]
                ]
            }
        },
        {
            "type": "Feature",
            "properties": {
                "nom": "GR 651"
            },
            "geometry": {
                "type": "MultiLineString",
                "coordinates": [
                    [
                        [
                            1.641826152726153,
                            44.50746188914096
                        ],
                        [
                            1.641825596523777,
                            44.50750685306344
                        ],
                        [
                            1.641748973947128,
                            44.5076052951632
                        ],
                        [
                            1.642098841230423,
                            44.50776939336084
                        ],
                        [
                            1.642561589392409,
                            44.50795219213178
                        ],
                        [
                            1.642925359845125,
                            44.508008453430655
                        ],
                        [
                            1.64323908590463,
                            44.508046410737435
                        ],
                        [
                            1.643563605058594,
                            44.5082283310159
                        ],
                        [
                            1.643724867461063,
                            44.50840022600641
                        ],
                        [
                            1.643684060944657,
                            44.50865178597524
                        ],
                        [
                            1.643808511300361,
                            44.508751500000066
                        ],
                        [
                            1.644012686612703,
                            44.508500971878696
                        ],
                        [
                            1.644052604200493,
                            44.50832135429967
                        ],
                        [
                            1.643954951426958,
                            44.50808690727382
                        ],
                        [
                            1.64395927607651,
                            44.50773618978532
                        ],
                        [
                            1.643923682226586,
                            44.50756508890883
                        ],
                        [
                            1.644039110257432,
                            44.50737695478169
                        ],
                        [
                            1.644216706400665,
                            44.50724317340959
                        ],
                        [
                            1.644444013618169,
                            44.507154673456704
                        ],
                        [
                            1.644845923562725,
                            44.507175195709024
                        ],
                        [
                            1.644819351604974,
                            44.50729194288647
                        ],
                        [
                            1.644618285507262,
                            44.507290675042505
                        ],
                        [
                            1.644477171040369,
                            44.50752361527117
                        ],
                        [
                            1.644806117782385,
                            44.507591742228165
                        ],
                        [
                            1.645057436524991,
                            44.50773570857298
                        ],
                        [
                            1.645393372461325,
                            44.50773154666444
                        ],
                        [
                            1.645808026604781,
                            44.507630931936184
                        ],
                        [
                            1.646223170186206,
                            44.50759757158869
                        ],
                        [
                            1.646485393367372,
                            44.5075874941438
                        ],
                        [
                            1.646877427993924,
                            44.50765859916701
                        ],
                        [
                            1.647329152748379,
                            44.50759553324228
                        ],
                        [
                            1.647732501019688,
                            44.507499139433705
                        ],
                        [
                            1.648060337698297,
                            44.50741126270985
                        ],
                        [
                            1.648463132509331,
                            44.507359829288944
                        ],
                        [
                            1.648853909992102,
                            44.507263352175805
                        ],
                        [
                            1.649057837635985,
                            44.50703080028057
                        ],
                        [
                            1.649487742405676,
                            44.50681765101416
                        ],
                        [
                            1.649930648984549,
                            44.506568608321764
                        ],
                        [
                            1.650524789250036,
                            44.5062845345727
                        ],
                        [
                            1.651374856872293,
                            44.50562433314971
                        ],
                        [
                            1.651731316949233,
                            44.505248834342915
                        ],
                        [
                            1.652199662484535,
                            44.50497296004298
                        ],
                        [
                            1.652687443857807,
                            44.505164865045316
                        ]
                    ]
                ]
            }
        },
        {
            "type": "Feature",
            "properties": {
                "nom": "GR 651"
            },
            "geometry": {
                "type": "MultiLineString",
                "coordinates": [
                    [
                        [
                            1.721803993521726,
                            44.51802098404178
                        ],
                        [
                            1.722143950887548,
                            44.517968928952286
                        ],
                        [
                            1.722419684367189,
                            44.51804242096588
                        ],
                        [
                            1.722594866046867,
                            44.518115349823944
                        ],
                        [
                            1.722919699687041,
                            44.51829703651662
                        ],
                        [
                            1.72307975855909,
                            44.51860370884678
                        ],
                        [
                            1.723164992861492,
                            44.51885600171412
                        ],
                        [
                            1.723163126615345,
                            44.51902686747459
                        ],
                        [
                            1.723248363186494,
                            44.51927916033704
                        ],
                        [
                            1.723358149054704,
                            44.51958555141896
                        ],
                        [
                            1.723480014879321,
                            44.51993697674877
                        ],
                        [
                            1.723785127797994,
                            44.52077507223124
                        ],
                        [
                            1.723778454830143,
                            44.52138658972664
                        ],
                        [
                            1.723776492920606,
                            44.52156644716361
                        ],
                        [
                            1.72390042586924,
                            44.52172902158773
                        ],
                        [
                            1.723985767233218,
                            44.52197232178127
                        ],
                        [
                            1.723981548573104,
                            44.522359016583884
                        ],
                        [
                            1.723978409205845,
                            44.52264678985843
                        ],
                        [
                            1.72408800948313,
                            44.522971166313255
                        ],
                        [
                            1.723909769785858,
                            44.52317701973794
                        ],
                        [
                            1.723905256901253,
                            44.52359069369522
                        ],
                        [
                            1.723895052684908,
                            44.52452595676919
                        ],
                        [
                            1.723888380463962,
                            44.52513747523403
                        ],
                        [
                            1.72361172539989,
                            44.52514492266244
                        ],
                        [
                            1.723385649154861,
                            44.52512567225793
                        ],
                        [
                            1.723259647734193,
                            44.52515194800473
                        ],
                        [
                            1.723395470575207,
                            44.52537754426572
                        ],
                        [
                            1.723391640293499,
                            44.525728267327565
                        ],
                        [
                            1.723364436575154,
                            44.52591697882044
                        ],
                        [
                            1.7233374290405,
                            44.5260877037336
                        ],
                        [
                            1.723335955809838,
                            44.5262225968379
                        ],
                        [
                            1.723322991600962,
                            44.526258498427424
                        ]
                    ]
                ]
            }
        },
        {
            "type": "Feature",
            "properties": {
                "nom": "GR 651"
            },
            "geometry": {
                "type": "MultiLineString",
                "coordinates": [
                    [
                        [
                            1.842001780762386,
                            44.59307710778274
                        ],
                        [
                            1.841434852770504,
                            44.593137508093875
                        ],
                        [
                            1.841134296024674,
                            44.592965272997986
                        ],
                        [
                            1.840684858053193,
                            44.59254953657431
                        ],
                        [
                            1.840485153164218,
                            44.59235976739253
                        ],
                        [
                            1.840155054599167,
                            44.59268204682388
                        ],
                        [
                            1.84015210863678,
                            44.59301479868354
                        ],
                        [
                            1.84015163061704,
                            44.59306875778863
                        ],
                        [
                            1.839672643209144,
                            44.59314753434443
                        ],
                        [
                            1.839206799157155,
                            44.59316341267431
                        ],
                        [
                            1.838551125771647,
                            44.593295344827474
                        ],
                        [
                            1.83844907853873,
                            44.59344777427486
                        ],
                        [
                            1.838470016775858,
                            44.593924533219564
                        ],
                        [
                            1.838832943199117,
                            44.594160013358476
                        ],
                        [
                            1.839145207286055,
                            44.59443123780974
                        ],
                        [
                            1.839935597834558,
                            44.5947226130684
                        ],
                        [
                            1.840261571231329,
                            44.59486798534954
                        ],
                        [
                            1.840600610883201,
                            44.59495945396271
                        ]
                    ]
                ]
            }
        },
        {
            "type": "Feature",
            "properties": {
                "nom": "GR 651"
            },
            "geometry": {
                "type": "MultiLineString",
                "coordinates": [
                    [
                        [
                            1.840600610883201,
                            44.59495945396271
                        ],
                        [
                            1.840119218915396,
                            44.59530803099185
                        ],
                        [
                            1.839928509302167,
                            44.5955230166221
                        ],
                        [
                            1.839666263189145,
                            44.5952879949905
                        ],
                        [
                            1.839139303232315,
                            44.59509674198368
                        ],
                        [
                            1.83853794680894,
                            44.594779238267876
                        ],
                        [
                            1.838397977406393,
                            44.59494948233985
                        ],
                        [
                            1.838594729166015,
                            44.59547200763377
                        ],
                        [
                            1.838729827150765,
                            44.59585035387507
                        ],
                        [
                            1.838526763667049,
                            44.59603829956025
                        ],
                        [
                            1.837996442257072,
                            44.596224759711255
                        ],
                        [
                            1.837729959510082,
                            44.59646637857463
                        ],
                        [
                            1.838055138447567,
                            44.596701690332395
                        ],
                        [
                            1.838254849272129,
                            44.59689146422083
                        ]
                    ]
                ]
            }
        },
        {
            "type": "Feature",
            "properties": {
                "nom": "GR 651"
            },
            "geometry": {
                "type": "MultiLineString",
                "coordinates": [
                    [
                        [
                            1.831364629050152,
                            44.597435574806866
                        ],
                        [
                            1.831213665936465,
                            44.597425886796174
                        ],
                        [
                            1.830814693157224,
                            44.59700134671699
                        ],
                        [
                            1.830653416024699,
                            44.59673978742968
                        ],
                        [
                            1.830959961656735,
                            44.596246547974836
                        ],
                        [
                            1.830699047214326,
                            44.59586761217783
                        ],
                        [
                            1.830323477339285,
                            44.595641039420194
                        ],
                        [
                            1.829759842560642,
                            44.59533265519083
                        ]
                    ]
                ]
            }
        },
        {
            "type": "Feature",
            "properties": {
                "nom": "GR 651"
            },
            "geometry": {
                "type": "MultiLineString",
                "coordinates": [
                    [
                        [
                            1.826188707307468,
                            44.57696011621
                        ],
                        [
                            1.825601675245036,
                            44.576480725528164
                        ],
                        [
                            1.824750099347097,
                            44.576036071800345
                        ],
                        [
                            1.824376655923232,
                            44.57559364417658
                        ],
                        [
                            1.823749769713306,
                            44.575347890812026
                        ],
                        [
                            1.823186376048485,
                            44.575039474696325
                        ],
                        [
                            1.822433270188894,
                            44.57483809122114
                        ],
                        [
                            1.821829336974224,
                            44.574835261026394
                        ],
                        [
                            1.82150220615118,
                            44.57483372613425
                        ],
                        [
                            1.820707807027056,
                            44.575018860865335
                        ],
                        [
                            1.820177210767188,
                            44.57525019901377
                        ],
                        [
                            1.819709438272614,
                            44.57549082405039
                        ],
                        [
                            1.819238675769819,
                            44.576055202590005
                        ],
                        [
                            1.818770560369903,
                            44.57633179706314
                        ],
                        [
                            1.818301941610997,
                            44.57666234823659
                        ],
                        [
                            1.817668497893457,
                            44.57712702267964
                        ],
                        [
                            1.817687585372883,
                            44.57651874477489
                        ],
                        [
                            1.817693144801926,
                            44.57625338071554
                        ],
                        [
                            1.817652595979316,
                            44.57606184217035
                        ],
                        [
                            1.817549754320872,
                            44.576007657040364
                        ],
                        [
                            1.817417877887397,
                            44.57592131038279
                        ],
                        [
                            1.817284223517912,
                            44.57591987948319
                        ],
                        [
                            1.816930480859247,
                            44.57578868820829
                        ],
                        [
                            1.816515333567222,
                            44.57575239067238
                        ],
                        [
                            1.816024599811114,
                            44.57577898268616
                        ],
                        [
                            1.815533418775255,
                            44.57582680147403
                        ],
                        [
                            1.815384245782128,
                            44.57585705339275
                        ],
                        [
                            1.814893955122928,
                            44.57586241140474
                        ],
                        [
                            1.814666515117407,
                            44.57608292641217
                        ],
                        [
                            1.814347962832693,
                            44.57639801500445
                        ],
                        [
                            1.814282984990573,
                            44.576662740421284
                        ],
                        [
                            1.813585000974791,
                            44.57665524632751
                        ],
                        [
                            1.812796348802547,
                            44.576721092513225
                        ],
                        [
                            1.812006577578003,
                            44.57684000457421
                        ],
                        [
                            1.811708444557548,
                            44.5768898833166
                        ],
                        [
                            1.811319865153554,
                            44.57700248847453
                        ],
                        [
                            1.810723148296591,
                            44.577123469514675
                        ],
                        [
                            1.810393521063674,
                            44.57725793988878
                        ],
                        [
                            1.810094041562176,
                            44.57737150116124
                        ],
                        [
                            1.809673737603054,
                            44.57757931182361
                        ],
                        [
                            1.809449630527267,
                            44.57764059815825
                        ],
                        [
                            1.808927829732382,
                            44.577730526324
                        ],
                        [
                            1.808718570940295,
                            44.57779197128606
                        ],
                        [
                            1.808299829081581,
                            44.57792547541739
                        ],
                        [
                            1.808162806315088,
                            44.57808325154264
                        ],
                        [
                            1.808100263597234,
                            44.57823121333029
                        ],
                        [
                            1.807706541533714,
                            44.57805978361355
                        ]
                    ]
                ]
            }
        },
        {
            "type": "Feature",
            "properties": {
                "nom": "GR 651"
            },
            "geometry": {
                "type": "MultiLineString",
                "coordinates": [
                    [
                        [
                            1.807706541533714,
                            44.57805978361355
                        ],
                        [
                            1.807394266433937,
                            44.577815451015596
                        ],
                        [
                            1.807006073066564,
                            44.57761571931882
                        ],
                        [
                            1.806718543899247,
                            44.577416473128764
                        ],
                        [
                            1.806418858330427,
                            44.5771721981148
                        ],
                        [
                            1.80594157637283,
                            44.57707995588
                        ],
                        [
                            1.805603042201771,
                            44.57695240921353
                        ],
                        [
                            1.80466328446162,
                            44.57653415379149
                        ],
                        [
                            1.804337425226524,
                            44.576397670259325
                        ],
                        [
                            1.803798266037379,
                            44.57619719521274
                        ],
                        [
                            1.80348473517782,
                            44.57608774952466
                        ],
                        [
                            1.803120878614934,
                            44.575978058397176
                        ],
                        [
                            1.80274520938355,
                            44.57578736701569
                        ],
                        [
                            1.802394794168483,
                            44.57558780330702
                        ],
                        [
                            1.801654509334264,
                            44.57536835184178
                        ],
                        [
                            1.800838909690649,
                            44.57513053993862
                        ],
                        [
                            1.800525477074102,
                            44.57501209326668
                        ],
                        [
                            1.800200236825103,
                            44.574812645524
                        ],
                        [
                            1.799850094237152,
                            44.57458609410286
                        ],
                        [
                            1.799987462632785,
                            44.57469468822842
                        ],
                        [
                            1.799348800754275,
                            44.57437678896113
                        ],
                        [
                            1.798707729863578,
                            44.574310694206346
                        ]
                    ]
                ]
            }
        },
        {
            "type": "Feature",
            "properties": {
                "nom": "GR 651"
            },
            "geometry": {
                "type": "MultiLineString",
                "coordinates": [
                    [
                        [
                            1.721766384802807,
                            44.51801178001017
                        ],
                        [
                            1.721600426052475,
                            44.51824467902266
                        ],
                        [
                            1.721089675553329,
                            44.51897028174486
                        ],
                        [
                            1.720644619413375,
                            44.51943544155341
                        ],
                        [
                            1.720301691193461,
                            44.51975727924438
                        ],
                        [
                            1.719922137613628,
                            44.51997998218026
                        ],
                        [
                            1.719214879658986,
                            44.520281780097044
                        ],
                        [
                            1.718220492151115,
                            44.520402085682676
                        ],
                        [
                            1.717153459032568,
                            44.5202701551626
                        ],
                        [
                            1.716965807351701,
                            44.520188153830716
                        ],
                        [
                            1.716240047689432,
                            44.51988726721964
                        ],
                        [
                            1.715438779423451,
                            44.51959494147866
                        ],
                        [
                            1.714704969914865,
                            44.520022468475034
                        ],
                        [
                            1.714285590960192,
                            44.52043378839338
                        ],
                        [
                            1.714006266488433,
                            44.52068401997638
                        ],
                        [
                            1.713434940665669,
                            44.52119340165997
                        ],
                        [
                            1.713244596831756,
                            44.5213542022619
                        ],
                        [
                            1.712879071989488,
                            44.52144205934085
                        ],
                        [
                            1.712737906036221,
                            44.52170206619642
                        ],
                        [
                            1.712568401478734,
                            44.522249703789846
                        ],
                        [
                            1.712562006464177,
                            44.52282524879184
                        ],
                        [
                            1.712338040966606,
                            44.522617124270404
                        ],
                        [
                            1.712126548412837,
                            44.52241806455479
                        ],
                        [
                            1.711971006262386,
                            44.52283987115345
                        ],
                        [
                            1.71196690524798,
                            44.52320857998757
                        ],
                        [
                            1.711799990149281,
                            44.523522400626916
                        ],
                        [
                            1.711322216085384,
                            44.52352867144679
                        ],
                        [
                            1.710958477982271,
                            44.523454649637934
                        ],
                        [
                            1.710355603440623,
                            44.5234062419688
                        ],
                        [
                            1.709558350024331,
                            44.52387834095952
                        ],
                        [
                            1.708886287155162,
                            44.524396117707575
                        ],
                        [
                            1.708138486181247,
                            44.52494043855644
                        ],
                        [
                            1.707971644695083,
                            44.52524526034945
                        ],
                        [
                            1.707343285281767,
                            44.526347856581886
                        ],
                        [
                            1.706960508959182,
                            44.5268492946543
                        ],
                        [
                            1.706164289207881,
                            44.52722244819842
                        ],
                        [
                            1.70569652967901,
                            44.52745358948898
                        ],
                        [
                            1.705153842764717,
                            44.52763933040042
                        ],
                        [
                            1.704702289948488,
                            44.52754679468213
                        ],
                        [
                            1.70466326032324,
                            44.52766348532906
                        ],
                        [
                            1.70462311717293,
                            44.52787909847922
                        ],
                        [
                            1.704518295667188,
                            44.528256221254026
                        ],
                        [
                            1.704087727403687,
                            44.52853253800588
                        ],
                        [
                            1.703619339350904,
                            44.52881762852575
                        ],
                        [
                            1.703400553136327,
                            44.52926604117726
                        ],
                        [
                            1.703195857152353,
                            44.52957963163315
                        ],
                        [
                            1.702675849567951,
                            44.529981335529804
                        ]
                    ]
                ]
            }
        },
        {
            "type": "Feature",
            "properties": {
                "nom": "GR 651"
            },
            "geometry": {
                "type": "MultiLineString",
                "coordinates": [
                    [
                        [
                            1.798707729863578,
                            44.574310694206346
                        ],
                        [
                            1.798080624336853,
                            44.57410076675974
                        ],
                        [
                            1.797239807816875,
                            44.573871798493194
                        ],
                        [
                            1.796574187509729,
                            44.57374261570616
                        ],
                        [
                            1.795957424515351,
                            44.57376656051573
                        ],
                        [
                            1.795315324327135,
                            44.57380836397906
                        ],
                        [
                            1.794911928586108,
                            44.5738873162917
                        ],
                        [
                            1.794268608857186,
                            44.574055018610565
                        ],
                        [
                            1.793965690131666,
                            44.5741524508306
                        ],
                        [
                            1.793588322701032,
                            44.574141591867324
                        ],
                        [
                            1.793402557664217,
                            44.5738348894566
                        ],
                        [
                            1.793353710270889,
                            44.5736817567222
                        ],
                        [
                            1.793393632217388,
                            44.57345711382474
                        ],
                        [
                            1.79339755081127,
                            44.573052421286675
                        ],
                        [
                            1.793378571259977,
                            44.57241378166601
                        ],
                        [
                            1.793258766621127,
                            44.571792630225715
                        ],
                        [
                            1.793412962745791,
                            44.571460630552
                        ],
                        [
                            1.79347865500787,
                            44.571173160391396
                        ],
                        [
                            1.793418100290236,
                            44.570930033572765
                        ],
                        [
                            1.793217674421594,
                            44.570839105779065
                        ],
                        [
                            1.792953472616728,
                            44.570837798153384
                        ],
                        [
                            1.792687963429812,
                            44.570971386376016
                        ],
                        [
                            1.792272177270224,
                            44.571032280030444
                        ],
                        [
                            1.792069047155543,
                            44.57122013843084
                        ],
                        [
                            1.791639716417092,
                            44.57137989286893
                        ],
                        [
                            1.791337157179125,
                            44.57144134549807
                        ],
                        [
                            1.790908697581349,
                            44.57151116461382
                        ],
                        [
                            1.7905183296274,
                            44.571545197984065
                        ],
                        [
                            1.790141595463943,
                            44.571471374447945
                        ],
                        [
                            1.790092584992028,
                            44.57133622656761
                        ],
                        [
                            1.790307514810999,
                            44.571229372904114
                        ],
                        [
                            1.789944677343553,
                            44.57102071348993
                        ],
                        [
                            1.789330573425162,
                            44.570774826592334
                        ],
                        [
                            1.788548279092733,
                            44.57026819662253
                        ]
                    ]
                ]
            }
        },
        {
            "type": "Feature",
            "properties": {
                "nom": "GR 651"
            },
            "geometry": {
                "type": "MultiLineString",
                "coordinates": [
                    [
                        [
                            1.75959041165949,
                            44.56927348359215
                        ],
                        [
                            1.759483014106007,
                            44.56870632025555
                        ],
                        [
                            1.759290793891636,
                            44.56782393524455
                        ],
                        [
                            1.759148806432384,
                            44.56695080830711
                        ],
                        [
                            1.758956135202291,
                            44.566113388917614
                        ],
                        [
                            1.758787424557258,
                            44.5653930115741
                        ],
                        [
                            1.758666534891111,
                            44.56491571455928
                        ],
                        [
                            1.75877022872362,
                            44.56461947144451
                        ],
                        [
                            1.758898524799041,
                            44.564377319633756
                        ],
                        [
                            1.75910322259399,
                            44.56404563362513
                        ],
                        [
                            1.759232996291594,
                            44.56365959144773
                        ],
                        [
                            1.759171671821758,
                            44.56350637765971
                        ],
                        [
                            1.758882995403436,
                            44.56344190380883
                        ],
                        [
                            1.758784027211214,
                            44.56327949825149
                        ],
                        [
                            1.758584425326067,
                            44.563116562013235
                        ],
                        [
                            1.758812333538273,
                            44.56297386462172
                        ],
                        [
                            1.759065399986877,
                            44.56283129910931
                        ],
                        [
                            1.758776725882886,
                            44.562766824984294
                        ],
                        [
                            1.758388438753116,
                            44.562602894869926
                        ],
                        [
                            1.758025590579796,
                            44.56241211739556
                        ],
                        [
                            1.757826087311471,
                            44.56224018729337
                        ],
                        [
                            1.757752096551696,
                            44.56209589950962
                        ],
                        [
                            1.757778368612984,
                            44.56198811515582
                        ],
                        [
                            1.7577560856141,
                            44.561709196173155
                        ]
                    ]
                ]
            }
        },
        {
            "type": "Feature",
            "properties": {
                "nom": "GR 651"
            },
            "geometry": {
                "type": "MultiLineString",
                "coordinates": [
                    [
                        [
                            1.765375229705637,
                            44.57570720243818
                        ],
                        [
                            1.764549670725551,
                            44.575226240870535
                        ],
                        [
                            1.763823037141564,
                            44.57491666863069
                        ],
                        [
                            1.763372477539697,
                            44.57468048218221
                        ],
                        [
                            1.761920350648752,
                            44.573953399157986
                        ],
                        [
                            1.761746049233971,
                            44.57377261439082
                        ],
                        [
                            1.761201127089885,
                            44.57292435759084
                        ],
                        [
                            1.760893141761267,
                            44.57228419457334
                        ],
                        [
                            1.760422716280381,
                            44.571535254977476
                        ],
                        [
                            1.759999855549488,
                            44.571056372705186
                        ],
                        [
                            1.759938891916119,
                            44.57086718582987
                        ],
                        [
                            1.759808450598636,
                            44.57009304904614
                        ],
                        [
                            1.75959041165949,
                            44.56927348359215
                        ]
                    ]
                ]
            }
        },
        {
            "type": "Feature",
            "properties": {
                "nom": "GR 651"
            },
            "geometry": {
                "type": "MultiLineString",
                "coordinates": [
                    [
                        [
                            1.769714759595449,
                            44.55344357881048
                        ],
                        [
                            1.76990205355211,
                            44.55357944948767
                        ],
                        [
                            1.770253216166881,
                            44.55368019115239
                        ],
                        [
                            1.770252761788117,
                            44.55372515653044
                        ],
                        [
                            1.770149058067353,
                            44.55403040254678
                        ],
                        [
                            1.770020380466905,
                            44.554317530900036
                        ],
                        [
                            1.769890703260441,
                            44.554703584286884
                        ],
                        [
                            1.769762657988821,
                            44.55492776102273
                        ],
                        [
                            1.769507292589156,
                            44.55530417108565
                        ],
                        [
                            1.769086232098376,
                            44.55589556865176
                        ],
                        [
                            1.769058893138953,
                            44.55611127226216
                        ],
                        [
                            1.769156878728049,
                            44.55637259244598
                        ],
                        [
                            1.769053254563009,
                            44.55666884341057
                        ],
                        [
                            1.768688498040347,
                            44.55666695661675
                        ],
                        [
                            1.768389452644149,
                            44.556386608564814
                        ],
                        [
                            1.767839493520872,
                            44.55604200442724
                        ],
                        [
                            1.767563422299682,
                            44.55597761816561
                        ],
                        [
                            1.767398635377881,
                            44.556102673757316
                        ],
                        [
                            1.767559500816479,
                            44.55636432094641
                        ],
                        [
                            1.767842956712767,
                            44.55694137766413
                        ],
                        [
                            1.768002552251972,
                            44.557328928086314
                        ],
                        [
                            1.767901016896926,
                            44.55741833776029
                        ],
                        [
                            1.767576176920918,
                            44.55720080853361
                        ],
                        [
                            1.767203035679893,
                            44.556785168823815
                        ],
                        [
                            1.766929517489761,
                            44.55646897529325
                        ],
                        [
                            1.766667210084256,
                            44.556287742223034
                        ],
                        [
                            1.766530039914777,
                            44.556259334781515
                        ]
                    ]
                ]
            }
        },
        {
            "type": "Feature",
            "properties": {
                "nom": "GR 651"
            },
            "geometry": {
                "type": "MultiLineString",
                "coordinates": [
                    [
                        [
                            1.760447625389021,
                            44.55195634602636
                        ],
                        [
                            1.760133113194422,
                            44.55196368750044
                        ],
                        [
                            1.759570949593584,
                            44.55159199697506
                        ],
                        [
                            1.758943317780827,
                            44.55147177904437
                        ],
                        [
                            1.758177161117823,
                            44.551368814227025
                        ],
                        [
                            1.757814477957019,
                            44.55116904351253
                        ],
                        [
                            1.757500342164335,
                            44.551140405630974
                        ],
                        [
                            1.757199431662714,
                            44.551048881551615
                        ],
                        [
                            1.756623046999122,
                            44.550838985402045
                        ],
                        [
                            1.75586892195528,
                            44.5507900283818
                        ],
                        [
                            1.755455292987929,
                            44.55065293594033
                        ],
                        [
                            1.754688501864278,
                            44.550612898152295
                        ],
                        [
                            1.75423649508531,
                            44.550538551903855
                        ],
                        [
                            1.753507527482437,
                            44.550489712169465
                        ]
                    ]
                ]
            }
        },
        {
            "type": "Feature",
            "properties": {
                "nom": "GR 651"
            },
            "geometry": {
                "type": "MultiLineString",
                "coordinates": [
                    [
                        [
                            1.662494081924968,
                            44.52366221068614
                        ],
                        [
                            1.662766150025259,
                            44.522989368036214
                        ],
                        [
                            1.662433663389018,
                            44.5224117398747
                        ],
                        [
                            1.662048420163557,
                            44.52204063798442
                        ],
                        [
                            1.661751927468031,
                            44.52160712617707
                        ],
                        [
                            1.661165901678159,
                            44.52120780557385
                        ],
                        [
                            1.661463114081136,
                            44.52053512146273
                        ],
                        [
                            1.661683713531655,
                            44.51996089407952
                        ],
                        [
                            1.661399479786937,
                            44.51955443723977
                        ]
                    ]
                ]
            }
        },
        {
            "type": "Feature",
            "properties": {
                "nom": "GR 651"
            },
            "geometry": {
                "type": "MultiLineString",
                "coordinates": [
                    [
                        [
                            1.702675849567951,
                            44.529981335529804
                        ],
                        [
                            1.702373008180294,
                            44.53007851385514
                        ],
                        [
                            1.702022805170144,
                            44.53012063631617
                        ],
                        [
                            1.70088994229711,
                            44.53003395539432
                        ],
                        [
                            1.700422646424204,
                            44.53022010995398
                        ],
                        [
                            1.699889225432665,
                            44.530693672055
                        ],
                        [
                            1.699418143967001,
                            44.531212561552906
                        ],
                        [
                            1.698844535854269,
                            44.53190173039161
                        ],
                        [
                            1.698827767816151,
                            44.531164164157246
                        ],
                        [
                            1.698675977554862,
                            44.53013802085371
                        ],
                        [
                            1.698508658236848,
                            44.52937259867244
                        ],
                        [
                            1.698515811240412,
                            44.52874309504134
                        ],
                        [
                            1.698584594337351,
                            44.52822187123152
                        ],
                        [
                            1.698267449010912,
                            44.52736564342838
                        ],
                        [
                            1.69780671378674,
                            44.526976241416556
                        ],
                        [
                            1.697283640675606,
                            44.52654150745183
                        ],
                        [
                            1.696316327747649,
                            44.52537570521624
                        ],
                        [
                            1.695523548156155,
                            44.525443024193166
                        ],
                        [
                            1.69415415583263,
                            44.52536306592139
                        ],
                        [
                            1.693160550437955,
                            44.525402211069
                        ],
                        [
                            1.691939947801364,
                            44.52550296822044
                        ],
                        [
                            1.690820838364374,
                            44.52552336765326
                        ],
                        [
                            1.690001458800438,
                            44.52571639936327
                        ],
                        [
                            1.689432144190759,
                            44.526027815951416
                        ],
                        [
                            1.689126502825838,
                            44.52636776597977
                        ],
                        [
                            1.688849422526112,
                            44.52641109753644
                        ],
                        [
                            1.688432918593801,
                            44.52655253404775
                        ],
                        [
                            1.687839795363852,
                            44.526746886186054
                        ],
                        [
                            1.687131032771193,
                            44.52715639490354
                        ],
                        [
                            1.686110790198917,
                            44.52732122820618
                        ],
                        [
                            1.686060296457454,
                            44.52733891592972
                        ],
                        [
                            1.685492403871937,
                            44.52752441120869
                        ],
                        [
                            1.684974478673257,
                            44.52773718087513
                        ],
                        [
                            1.68459702782612,
                            44.5277619193135
                        ],
                        [
                            1.684146237984916,
                            44.52760635024615
                        ],
                        [
                            1.683731699280883,
                            44.527576903383455
                        ],
                        [
                            1.683203812484235,
                            44.527564767898234
                        ],
                        [
                            1.682562365353811,
                            44.52758792685788
                        ],
                        [
                            1.682736268206476,
                            44.5277688339021
                        ],
                        [
                            1.682847211563109,
                            44.52795835841065
                        ],
                        [
                            1.683018395674581,
                            44.52837308090886
                        ],
                        [
                            1.682840302515286,
                            44.52855189044358
                        ],
                        [
                            1.682637797477792,
                            44.52866759890491
                        ],
                        [
                            1.681935157722012,
                            44.52854649348889
                        ],
                        [
                            1.681546386163156,
                            44.52846323142129
                        ],
                        [
                            1.681307529319808,
                            44.52846180588876
                        ],
                        [
                            1.68094201188787,
                            44.52854056416589
                        ],
                        [
                            1.680535313358657,
                            44.528915861494006
                        ],
                        [
                            1.679800063755532,
                            44.529433087068305
                        ],
                        [
                            1.679267633847276,
                            44.529807627894314
                        ],
                        [
                            1.679201932679525,
                            44.5300500594772
                        ],
                        [
                            1.678996887757171,
                            44.53038159167096
                        ],
                        [
                            1.678595220270205,
                            44.53032522232153
                        ],
                        [
                            1.678120758467048,
                            44.530043576578244
                        ],
                        [
                            1.678024719086406,
                            44.52965627836947
                        ],
                        [
                            1.677938088390792,
                            44.52953884220215
                        ],
                        [
                            1.677964920462481,
                            44.529395107094835
                        ],
                        [
                            1.677916214943408,
                            44.52925991192358
                        ],
                        [
                            1.677830746630877,
                            44.52904355431805
                        ],
                        [
                            1.677421056973982,
                            44.52860041082567
                        ],
                        [
                            1.676899393889448,
                            44.52805766358804
                        ],
                        [
                            1.676438906625783,
                            44.52765917903813
                        ],
                        [
                            1.675625479207799,
                            44.527339508431574
                        ],
                        [
                            1.675184641157652,
                            44.52740880035103
                        ],
                        [
                            1.674516035443564,
                            44.5276026257366
                        ],
                        [
                            1.673936485533023,
                            44.527707049645805
                        ],
                        [
                            1.67354921824691,
                            44.527497859305164
                        ],
                        [
                            1.673323892055061,
                            44.52741555537054
                        ],
                        [
                            1.673084508355819,
                            44.527459075600646
                        ],
                        [
                            1.67246915755003,
                            44.52740139214499
                        ],
                        [
                            1.671991666057865,
                            44.527380513877915
                        ],
                        [
                            1.671604728083878,
                            44.52714433790042
                        ],
                        [
                            1.671005577622808,
                            44.526780964132186
                        ],
                        [
                            1.670815945251652,
                            44.52686974861298
                        ],
                        [
                            1.670272615554152,
                            44.527100282406714
                        ],
                        [
                            1.669753249093944,
                            44.527429888347484
                        ],
                        [
                            1.669351504414256,
                            44.527382478674284
                        ],
                        [
                            1.668687477889827,
                            44.52718957439983
                        ],
                        [
                            1.667794285821448,
                            44.52723809518855
                        ],
                        [
                            1.667052695201976,
                            44.527224578522954
                        ],
                        [
                            1.666303472104875,
                            44.52679730851834
                        ],
                        [
                            1.665854565559948,
                            44.5264887851003
                        ],
                        [
                            1.665168322506863,
                            44.52605289859705
                        ],
                        [
                            1.664394633237314,
                            44.52557150450646
                        ],
                        [
                            1.663957026543639,
                            44.52537096526194
                        ],
                        [
                            1.66363482045832,
                            44.52498226736704
                        ],
                        [
                            1.663334526657572,
                            44.52486350979219
                        ],
                        [
                            1.662870817520699,
                            44.524743747657084
                        ],
                        [
                            1.662233065236215,
                            44.52446103029834
                        ],
                        [
                            1.662237060629532,
                            44.524128294324186
                        ],
                        [
                            1.662352677264446,
                            44.523922154172595
                        ],
                        [
                            1.662494081924968,
                            44.52366221068614
                        ]
                    ]
                ]
            }
        },
        {
            "type": "Feature",
            "properties": {
                "nom": "GR 651"
            },
            "geometry": {
                "type": "MultiLineString",
                "coordinates": [
                    [
                        [
                            1.893904928212307,
                            44.60151882411973
                        ],
                        [
                            1.89391010883371,
                            44.60086230910966
                        ],
                        [
                            1.89361091253809,
                            44.6004923629566
                        ],
                        [
                            1.893248000422098,
                            44.60022108918133
                        ],
                        [
                            1.892809493749426,
                            44.59995850146158
                        ],
                        [
                            1.892106154187162,
                            44.599757796514574
                        ],
                        [
                            1.891352040943033,
                            44.59961084308877
                        ],
                        [
                            1.890836879393592,
                            44.599491835585724
                        ],
                        [
                            1.89058548691588,
                            44.599445846403036
                        ],
                        [
                            1.890234181516454,
                            44.59930052076953
                        ],
                        [
                            1.889581495683122,
                            44.599064030831855
                        ],
                        [
                            1.888715763878681,
                            44.59870975138858
                        ],
                        [
                            1.88787456917638,
                            44.59843650778331
                        ],
                        [
                            1.887347199364039,
                            44.59827246549724
                        ],
                        [
                            1.886558316929059,
                            44.59775659854647
                        ],
                        [
                            1.885643577710151,
                            44.59724020864954
                        ],
                        [
                            1.885255117552412,
                            44.597022764874836
                        ],
                        [
                            1.884577377363391,
                            44.59677714922957
                        ],
                        [
                            1.883509378538683,
                            44.596538912546634
                        ],
                        [
                            1.882239999696788,
                            44.59629983247401
                        ],
                        [
                            1.880906673458227,
                            44.59618638290316
                        ],
                        [
                            1.880428668236798,
                            44.59614842383611
                        ],
                        [
                            1.879837088861926,
                            44.596145964410155
                        ],
                        [
                            1.878792827325032,
                            44.59608765329164
                        ],
                        [
                            1.878126831486125,
                            44.59594996983006
                        ],
                        [
                            1.877435960735547,
                            44.59577620412259
                        ],
                        [
                            1.876784476256824,
                            44.59540473840645
                        ],
                        [
                            1.876485570224247,
                            44.59501676028401
                        ],
                        [
                            1.876287729984393,
                            44.594584237451755
                        ],
                        [
                            1.875966023703849,
                            44.59390836688471
                        ],
                        [
                            1.876033016732573,
                            44.593413998134686
                        ],
                        [
                            1.876021982516946,
                            44.593225086067285
                        ],
                        [
                            1.876050035363258,
                            44.59287445250927
                        ],
                        [
                            1.87595244977281,
                            44.59249631137035
                        ],
                        [
                            1.875693245526838,
                            44.59187466450449
                        ],
                        [
                            1.875519631733657,
                            44.59155915869687
                        ],
                        [
                            1.875361416427341,
                            44.590901960731614
                        ],
                        [
                            1.875465872901438,
                            44.590443725832216
                        ],
                        [
                            1.875406126531323,
                            44.59005674920357
                        ],
                        [
                            1.874979036132308,
                            44.58995602455576
                        ],
                        [
                            1.874739469853164,
                            44.59000897854918
                        ],
                        [
                            1.874511820659144,
                            44.59014292471739
                        ],
                        [
                            1.874179927972754,
                            44.59070812503338
                        ],
                        [
                            1.87391370117623,
                            44.590940836945336
                        ],
                        [
                            1.873514452999284,
                            44.59051645397781
                        ],
                        [
                            1.873115284619021,
                            44.59008307598683
                        ],
                        [
                            1.872525705105985,
                            44.589846751616854
                        ],
                        [
                            1.871999503217418,
                            44.58955673102392
                        ],
                        [
                            1.871269930297742,
                            44.58950867338339
                        ],
                        [
                            1.870337796495087,
                            44.58960364813347
                        ],
                        [
                            1.869341608485222,
                            44.58983324581923
                        ],
                        [
                            1.868532993233867,
                            44.590207533527874
                        ],
                        [
                            1.867937870244539,
                            44.59063668740623
                        ],
                        [
                            1.867204370784425,
                            44.5910562545047
                        ],
                        [
                            1.866609681442675,
                            44.591431442190725
                        ],
                        [
                            1.865863954013037,
                            44.59180597881769
                        ],
                        [
                            1.865473340993441,
                            44.5918582655399
                        ],
                        [
                            1.86460454099244,
                            44.59189950167246
                        ],
                        [
                            1.862625451858496,
                            44.59225971432787
                        ],
                        [
                            1.861882427977807,
                            44.592310466355926
                        ],
                        [
                            1.860951833678847,
                            44.592216502631715
                        ],
                        [
                            1.860989972609399,
                            44.592171699422295
                        ],
                        [
                            1.860372348258984,
                            44.59227694595789
                        ],
                        [
                            1.859892631836193,
                            44.59244574300315
                        ],
                        [
                            1.859287664874597,
                            44.592542044070086
                        ],
                        [
                            1.858545553883771,
                            44.592484854403175
                        ],
                        [
                            1.857828462250512,
                            44.5924457550747
                        ],
                        [
                            1.857021655886409,
                            44.59259512587655
                        ],
                        [
                            1.856303640011054,
                            44.592663935899836
                        ],
                        [
                            1.855635734740438,
                            44.592759941967145
                        ],
                        [
                            1.855043420285241,
                            44.59284728268018
                        ],
                        [
                            1.854374273476594,
                            44.5930871740582
                        ],
                        [
                            1.853767741445171,
                            44.59336331064657
                        ],
                        [
                            1.853175340808736,
                            44.593459634119576
                        ],
                        [
                            1.852381170118585,
                            44.59360003333679
                        ],
                        [
                            1.851575654437585,
                            44.59359647785829
                        ],
                        [
                            1.850783192116719,
                            44.59353901260743
                        ],
                        [
                            1.850506686843408,
                            44.59349282093815
                        ],
                        [
                            1.849727047504581,
                            44.593408423384794
                        ],
                        [
                            1.849060373002347,
                            44.59336049774666
                        ],
                        [
                            1.848368371015304,
                            44.593330441588414
                        ],
                        [
                            1.846985468147066,
                            44.59314441070435
                        ],
                        [
                            1.845929104086001,
                            44.59304076522849
                        ],
                        [
                            1.844923007837764,
                            44.59294632883864
                        ],
                        [
                            1.843690288675893,
                            44.59285985879509
                        ],
                        [
                            1.842733911174492,
                            44.592837574082985
                        ],
                        [
                            1.842646679747313,
                            44.592738251649685
                        ],
                        [
                            1.842609318666545,
                            44.5926931157884
                        ],
                        [
                            1.842276212518806,
                            44.59292698022135
                        ],
                        [
                            1.841851999839297,
                            44.593093065984476
                        ],
                        [
                            1.841434852770504,
                            44.593137508093875
                        ],
                        [
                            1.840952831690912,
                            44.59279741683468
                        ],
                        [
                            1.840485153164218,
                            44.59235976739253
                        ],
                        [
                            1.840155054599167,
                            44.59268204682388
                        ],
                        [
                            1.84015210863678,
                            44.59301479868354
                        ],
                        [
                            1.838923998339628,
                            44.59322031732384
                        ],
                        [
                            1.838551125771647,
                            44.593295344827474
                        ],
                        [
                            1.838466027604375,
                            44.59383370199662
                        ],
                        [
                            1.838832943199117,
                            44.594160013358476
                        ],
                        [
                            1.839145207286055,
                            44.59443123780974
                        ],
                        [
                            1.839731109652081,
                            44.59464723003464
                        ],
                        [
                            1.840600610883201,
                            44.59495945396271
                        ]
                    ]
                ]
            }
        },
        {
            "type": "Feature",
            "properties": {
                "nom": "GR 651"
            },
            "geometry": {
                "type": "MultiLineString",
                "coordinates": [
                    [
                        [
                            1.642615779516155,
                            44.48525310348245
                        ],
                        [
                            1.642839004308294,
                            44.48548834434048
                        ],
                        [
                            1.643036995950024,
                            44.48573241818171
                        ],
                        [
                            1.643433761942488,
                            44.486157617037556
                        ],
                        [
                            1.644153005456391,
                            44.4859013533788
                        ],
                        [
                            1.644898251858291,
                            44.48557330158041
                        ],
                        [
                            1.645694511297376,
                            44.48518261236281
                        ],
                        [
                            1.646100573853495,
                            44.484852414811336
                        ],
                        [
                            1.646418370193572,
                            44.484548640763535
                        ],
                        [
                            1.647081723440907,
                            44.483725423453066
                        ],
                        [
                            1.647581541704034,
                            44.482919161292976
                        ],
                        [
                            1.6477894654763,
                            44.48235388555637
                        ],
                        [
                            1.648202986394858,
                            44.48141217926803
                        ],
                        [
                            1.648280223737161,
                            44.48125977639635
                        ],
                        [
                            1.648615612444411,
                            44.48054241258851
                        ],
                        [
                            1.649042217583478,
                            44.47955581876696
                        ],
                        [
                            1.649348177038381,
                            44.47918901012177
                        ],
                        [
                            1.649815658323374,
                            44.47896710546961
                        ],
                        [
                            1.650205468537512,
                            44.47893357334312
                        ],
                        [
                            1.650519476831761,
                            44.47893553909987
                        ],
                        [
                            1.650732014437816,
                            44.479017808914044
                        ],
                        [
                            1.650703272418351,
                            44.47931440979001
                        ],
                        [
                            1.650469390534839,
                            44.47995147491355
                        ],
                        [
                            1.650238578159523,
                            44.480336744236396
                        ],
                        [
                            1.649994212859254,
                            44.480802868856316
                        ],
                        [
                            1.649788624441024,
                            44.48117930237849
                        ],
                        [
                            1.649660268338421,
                            44.48140333264663
                        ],
                        [
                            1.649507339367176,
                            44.48158224115332
                        ],
                        [
                            1.6493774419051,
                            44.48193216848767
                        ],
                        [
                            1.64923729069879,
                            44.482093170542164
                        ],
                        [
                            1.649572041376841,
                            44.48245500324354
                        ],
                        [
                            1.649239073475622,
                            44.48297453227333
                        ],
                        [
                            1.648970115041393,
                            44.48339553430551
                        ],
                        [
                            1.648840649886866,
                            44.4837094908343
                        ],
                        [
                            1.648927480344601,
                            44.483799969265405
                        ],
                        [
                            1.648823796583052,
                            44.4840601266531
                        ],
                        [
                            1.648592625604277,
                            44.48447237150048
                        ],
                        [
                            1.648487728319104,
                            44.48483144876068
                        ],
                        [
                            1.648057437220107,
                            44.48508955566517
                        ],
                        [
                            1.648358147806688,
                            44.48515439709202
                        ],
                        [
                            1.648482113357206,
                            44.48529007619772
                        ],
                        [
                            1.648341069734569,
                            44.485523019176306
                        ],
                        [
                            1.648012699923722,
                            44.485664851621564
                        ],
                        [
                            1.647756392783215,
                            44.48607693738419
                        ],
                        [
                            1.6479347937049,
                            44.48689645633022
                        ],
                        [
                            1.647965977742941,
                            44.48742726291754
                        ],
                        [
                            1.64811220721928,
                            44.48779691024264
                        ],
                        [
                            1.648469246047439,
                            44.48839271578171
                        ],
                        [
                            1.648751248044431,
                            44.488961068766045
                        ],
                        [
                            1.648754233829656,
                            44.48974351368361
                        ],
                        [
                            1.648481165629144,
                            44.490497246435844
                        ],
                        [
                            1.6482725584474,
                            44.49111648309524
                        ],
                        [
                            1.648001240079893,
                            44.49172633104174
                        ],
                        [
                            1.647934346696107,
                            44.49205866740118
                        ],
                        [
                            1.6479071262561,
                            44.492229371315126
                        ],
                        [
                            1.648101858261559,
                            44.492743219693196
                        ],
                        [
                            1.64804366924727,
                            44.493390380368076
                        ],
                        [
                            1.647772779310898,
                            44.49396425776054
                        ],
                        [
                            1.647553682480023,
                            44.49441255296858
                        ],
                        [
                            1.647314971698076,
                            44.49441105301737
                        ],
                        [
                            1.646976080334423,
                            44.49438194186459
                        ],
                        [
                            1.646413361265533,
                            44.49416256019413
                        ],
                        [
                            1.645962615195548,
                            44.49403381404143
                        ],
                        [
                            1.645310519198182,
                            44.49393077784875
                        ],
                        [
                            1.644960064733138,
                            44.49382064668273
                        ],
                        [
                            1.644722020269385,
                            44.49376518524106
                        ],
                        [
                            1.644386235681331,
                            44.493484269390166
                        ],
                        [
                            1.643973522209032,
                            44.49332877576936
                        ],
                        [
                            1.643322548972752,
                            44.49313580055424
                        ],
                        [
                            1.643419728708905,
                            44.4934062172044
                        ],
                        [
                            1.643350253811592,
                            44.49394538407706
                        ],
                        [
                            1.643343708213741,
                            44.494475955112144
                        ],
                        [
                            1.643110456201514,
                            44.49505005977542
                        ],
                        [
                            1.642802037576315,
                            44.4956057024035
                        ],
                        [
                            1.642558210765621,
                            44.4960178576871
                        ],
                        [
                            1.642375424339897,
                            44.49657429448383
                        ],
                        [
                            1.642332619622012,
                            44.496987721364825
                        ],
                        [
                            1.642317944803448,
                            44.49715850417091
                        ],
                        [
                            1.642567677055114,
                            44.49728599291195
                        ],
                        [
                            1.642689211737701,
                            44.49761951949313
                        ],
                        [
                            1.642684547705451,
                            44.49799721476094
                        ],
                        [
                            1.642809637203098,
                            44.4980429734796
                        ],
                        [
                            1.643259632621325,
                            44.498234681827
                        ],
                        [
                            1.643797027977445,
                            44.49847190760499
                        ],
                        [
                            1.644257821545113,
                            44.498807575162715
                        ],
                        [
                            1.644654578513058,
                            44.499241764235336
                        ],
                        [
                            1.645012760355524,
                            44.49974765720335
                        ],
                        [
                            1.645369953183579,
                            44.50033448270875
                        ],
                        [
                            1.645630502858967,
                            44.500605927008074
                        ],
                        [
                            1.645855680552949,
                            44.50068828652106
                        ],
                        [
                            1.64629270006471,
                            44.50091587390122
                        ],
                        [
                            1.646553809209884,
                            44.50114235316339
                        ],
                        [
                            1.64661023101048,
                            44.50166432731101
                        ],
                        [
                            1.646263341662995,
                            44.50228269214079
                        ],
                        [
                            1.645994491300478,
                            44.50268570505181
                        ],
                        [
                            1.645788354733744,
                            44.50309810538333
                        ],
                        [
                            1.646058611701966,
                            44.50360344008202
                        ],
                        [
                            1.646115362015975,
                            44.50409843740974
                        ],
                        [
                            1.646110942477595,
                            44.504458147602676
                        ],
                        [
                            1.646006986961014,
                            44.50473629002316
                        ],
                        [
                            1.64561389955873,
                            44.50502160566901
                        ],
                        [
                            1.645436203811647,
                            44.505164381412094
                        ],
                        [
                            1.644917779120466,
                            44.50542192319715
                        ],
                        [
                            1.644589506421104,
                            44.50554576127543
                        ],
                        [
                            1.644236985721472,
                            44.50559749747934
                        ],
                        [
                            1.643569975991336,
                            44.50567422641796
                        ],
                        [
                            1.642978248879678,
                            44.50576042075727
                        ],
                        [
                            1.642510851468509,
                            44.50595532044465
                        ],
                        [
                            1.641915563421836,
                            44.50632927791649
                        ],
                        [
                            1.641761762705853,
                            44.50657112776699
                        ],
                        [
                            1.641708605246633,
                            44.50680462056033
                        ],
                        [
                            1.641792678658442,
                            44.507119925065744
                        ],
                        [
                            1.641826152726153,
                            44.50746188914096
                        ]
                    ]
                ]
            }
        },
        {
            "type": "Feature",
            "properties": {
                "nom": "GR 651"
            },
            "geometry": {
                "type": "MultiLineString",
                "coordinates": [
                    [
                        [
                            1.954446621580669,
                            44.576897065018876
                        ],
                        [
                            1.954104194557597,
                            44.57729158557493
                        ],
                        [
                            1.953700261929158,
                            44.577479039715996
                        ],
                        [
                            1.953433752360463,
                            44.577810869362764
                        ],
                        [
                            1.953243412979117,
                            44.578044035236665
                        ],
                        [
                            1.953163673253685,
                            44.57866430790492
                        ],
                        [
                            1.952983268386823,
                            44.57928422900167
                        ],
                        [
                            1.952942442620677,
                            44.5797337612559
                        ],
                        [
                            1.95285116031509,
                            44.58020110454021
                        ],
                        [
                            1.952596846335498,
                            44.580586935447116
                        ],
                        [
                            1.9523819440278,
                            44.5807300797223
                        ],
                        [
                            1.952104924052615,
                            44.58075609003138
                        ],
                        [
                            1.951652169553948,
                            44.5807185285397
                        ],
                        [
                            1.95102349456209,
                            44.580644373153355
                        ],
                        [
                            1.950331161904188,
                            44.58067791310463
                        ],
                        [
                            1.949928617781337,
                            44.58065850847602
                        ],
                        [
                            1.9497271592592,
                            44.580675784791325
                        ],
                        [
                            1.949676019618362,
                            44.58079252008839
                        ],
                        [
                            1.949661078310119,
                            44.58113422085393
                        ],
                        [
                            1.949294356057231,
                            44.58139373959086
                        ],
                        [
                            1.948764230146738,
                            44.58162569834892
                        ],
                        [
                            1.947907362032273,
                            44.58179354375366
                        ],
                        [
                            1.947328140286051,
                            44.58184545182194
                        ],
                        [
                            1.946748606020281,
                            44.581942323386585
                        ],
                        [
                            1.946420116975859,
                            44.58213001995674
                        ],
                        [
                            1.947100199267539,
                            44.582051494580234
                        ],
                        [
                            1.947465001117433,
                            44.58207077495903
                        ],
                        [
                            1.947943055725557,
                            44.58209045650653
                        ],
                        [
                            1.948761928959687,
                            44.58195845045016
                        ],
                        [
                            1.948962956778531,
                            44.58200412884137
                        ],
                        [
                            1.948697020327969,
                            44.58224601370045
                        ],
                        [
                            1.948567884115307,
                            44.5827222134208
                        ],
                        [
                            1.948565706483177,
                            44.58303697922902
                        ],
                        [
                            1.948727804470706,
                            44.58325339729261
                        ],
                        [
                            1.948952450951963,
                            44.583523996721304
                        ],
                        [
                            1.949138290140854,
                            44.58394734875672
                        ],
                        [
                            1.949337338138042,
                            44.58428081145927
                        ],
                        [
                            1.949536697735015,
                            44.58456930725994
                        ],
                        [
                            1.95011544958414,
                            44.58458933426191
                        ],
                        [
                            1.950629300009737,
                            44.58489692292437
                        ],
                        [
                            1.950854889271162,
                            44.58503261888694
                        ],
                        [
                            1.950955130781324,
                            44.58509592554965
                        ],
                        [
                            1.950824647618586,
                            44.585769982232165
                        ],
                        [
                            1.950593668246827,
                            44.58641670402144
                        ],
                        [
                            1.950516612490508,
                            44.58664127186927
                        ],
                        [
                            1.950389340622432,
                            44.586847674827695
                        ],
                        [
                            1.95008377231788,
                            44.58735923147032
                        ],
                        [
                            1.950119543758088,
                            44.58764715050424
                        ],
                        [
                            1.949791714926441,
                            44.58773593056599
                        ],
                        [
                            1.949513541658251,
                            44.587923814520586
                        ],
                        [
                            1.949247268894892,
                            44.58821066882004
                        ],
                        [
                            1.949045348909676,
                            44.58829089797215
                        ],
                        [
                            1.94864237668513,
                            44.588325448020385
                        ],
                        [
                            1.948466123293829,
                            44.58833381844859
                        ],
                        [
                            1.948100408692346,
                            44.588440447566555
                        ],
                        [
                            1.947331405566017,
                            44.58862658739277
                        ],
                        [
                            1.946233991976676,
                            44.588982431027
                        ],
                        [
                            1.944909087746053,
                            44.589472356744565
                        ],
                        [
                            1.943736949983728,
                            44.58971099310621
                        ],
                        [
                            1.943220191831906,
                            44.58981706534155
                        ],
                        [
                            1.942564675604704,
                            44.58996760443602
                        ],
                        [
                            1.941933249859916,
                            44.590271116770666
                        ],
                        [
                            1.941706014381348,
                            44.59036922838375
                        ],
                        [
                            1.941189563574746,
                            44.5904303244914
                        ],
                        [
                            1.940634464907279,
                            44.5906171884649
                        ],
                        [
                            1.940444347223774,
                            44.59080536682114
                        ],
                        [
                            1.940138921004934,
                            44.591280922884515
                        ],
                        [
                            1.940110252475886,
                            44.591775465229446
                        ],
                        [
                            1.939630906696713,
                            44.591926623615265
                        ],
                        [
                            1.939530093181654,
                            44.59194424617613
                        ],
                        [
                            1.939454386617227,
                            44.59197095267257
                        ],
                        [
                            1.938406755389364,
                            44.59238985559843
                        ],
                        [
                            1.937321029921578,
                            44.59285357731941
                        ],
                        [
                            1.936374440721915,
                            44.59321886667807
                        ],
                        [
                            1.935503163066014,
                            44.59361140371643
                        ],
                        [
                            1.93492155316083,
                            44.59397801390229
                        ],
                        [
                            1.934757029073447,
                            44.59410332178547
                        ],
                        [
                            1.93449245690236,
                            44.594138327474994
                        ],
                        [
                            1.934115058702189,
                            44.59410996378329
                        ],
                        [
                            1.933660721247229,
                            44.59427917537375
                        ],
                        [
                            1.933181144287053,
                            44.59445728525167
                        ],
                        [
                            1.932588089972463,
                            44.59466195704625
                        ],
                        [
                            1.932059976507043,
                            44.59458806360746
                        ],
                        [
                            1.931392243387617,
                            44.594675536584795
                        ],
                        [
                            1.930976368258572,
                            44.594745949213916
                        ],
                        [
                            1.93037097706147,
                            44.59491458909137
                        ],
                        [
                            1.929803081891676,
                            44.59511933839164
                        ],
                        [
                            1.929349311870215,
                            44.595207591709745
                        ],
                        [
                            1.928883803337037,
                            44.59517888316728
                        ],
                        [
                            1.928684641742429,
                            44.59487236147704
                        ],
                        [
                            1.928446479499405,
                            44.59473657239362
                        ],
                        [
                            1.927804108236332,
                            44.594797137234266
                        ],
                        [
                            1.926858804589901,
                            44.59497348575231
                        ],
                        [
                            1.92596450078386,
                            44.59506007964421
                        ],
                        [
                            1.925221033754277,
                            44.59517421347406
                        ],
                        [
                            1.924326591741452,
                            44.59527878061483
                        ],
                        [
                            1.923356759030411,
                            44.595365070230486
                        ],
                        [
                            1.922588773778339,
                            44.59538915807002
                        ],
                        [
                            1.92170764215804,
                            44.59539482492781
                        ],
                        [
                            1.920876389281475,
                            44.59546362978735
                        ],
                        [
                            1.919920136532933,
                            44.59541503646172
                        ],
                        [
                            1.919555123820574,
                            44.59541365062384
                        ],
                        [
                            1.918950361233946,
                            44.595492293710016
                        ],
                        [
                            1.918307635720933,
                            44.595597770052095
                        ],
                        [
                            1.918016799555753,
                            44.59577653401674
                        ],
                        [
                            1.917410148609942,
                            44.596106982324834
                        ],
                        [
                            1.917070237995186,
                            44.59611467733645
                        ],
                        [
                            1.917002323407076,
                            44.596779944531015
                        ],
                        [
                            1.917034229427139,
                            44.59756251002601
                        ],
                        [
                            1.917117494188858,
                            44.59821036733441
                        ],
                        [
                            1.917087609714945,
                            44.598839806147055
                        ],
                        [
                            1.917447668824865,
                            44.59950670848446
                        ]
                    ]
                ]
            }
        },
        {
            "type": "Feature",
            "properties": {
                "nom": "GR 651"
            },
            "geometry": {
                "type": "MultiLineString",
                "coordinates": [
                    [
                        [
                            1.788548279092733,
                            44.57026819662253
                        ],
                        [
                            1.788304905657568,
                            44.570158143470934
                        ],
                        [
                            1.788167220359353,
                            44.57008550727954
                        ],
                        [
                            1.787641815036371,
                            44.56977709776139
                        ],
                        [
                            1.787315066710205,
                            44.56973948939769
                        ],
                        [
                            1.786723681134836,
                            44.56974552148284
                        ],
                        [
                            1.786573770330154,
                            44.5696368476119
                        ],
                        [
                            1.786487380372819,
                            44.56946553644892
                        ],
                        [
                            1.786451489469904,
                            44.56927649129994
                        ],
                        [
                            1.78635322625995,
                            44.569033171217434
                        ],
                        [
                            1.786156612225753,
                            44.568555525246296
                        ],
                        [
                            1.785996771404101,
                            44.568176992789425
                        ],
                        [
                            1.785737704003991,
                            44.567654064590734
                        ],
                        [
                            1.785764277149097,
                            44.56751030112731
                        ],
                        [
                            1.785601793394187,
                            44.56740156245687
                        ],
                        [
                            1.785339021777748,
                            44.567256345128506
                        ],
                        [
                            1.785279036572974,
                            44.56695925594793
                        ],
                        [
                            1.785572796599036,
                            44.56651105134968
                        ],
                        [
                            1.785739250758434,
                            44.56621509888228
                        ],
                        [
                            1.785617159277291,
                            44.5658367560597
                        ],
                        [
                            1.78529290958195,
                            44.5655473329567
                        ],
                        [
                            1.78495696719619,
                            44.5651679148536
                        ],
                        [
                            1.78482035850295,
                            44.56498735633623
                        ],
                        [
                            1.78470899883495,
                            44.564797931566595
                        ],
                        [
                            1.784382458332594,
                            44.564742327625545
                        ],
                        [
                            1.783842861766564,
                            44.56460470787025
                        ],
                        [
                            1.783042555938847,
                            44.564115020776654
                        ],
                        [
                            1.782353969658498,
                            44.563778783926104
                        ],
                        [
                            1.781803496308775,
                            44.563470221308634
                        ],
                        [
                            1.781053007734257,
                            44.56303473340219
                        ],
                        [
                            1.780628698388139,
                            44.56269082854185
                        ],
                        [
                            1.780491486216167,
                            44.56257321740628
                        ],
                        [
                            1.780341783525675,
                            44.562446548426315
                        ],
                        [
                            1.780293339343267,
                            44.56225743763462
                        ],
                        [
                            1.780446428745653,
                            44.56204236805771
                        ],
                        [
                            1.780649386281923,
                            44.56187251868445
                        ],
                        [
                            1.780588808299067,
                            44.561638379238346
                        ],
                        [
                            1.780413505188914,
                            44.56155654855785
                        ],
                        [
                            1.78003479857305,
                            44.56168953265671
                        ],
                        [
                            1.779391663627444,
                            44.561848153137866
                        ],
                        [
                            1.778999926911003,
                            44.56202603498141
                        ],
                        [
                            1.778718895273316,
                            44.562456297793204
                        ],
                        [
                            1.778561954105244,
                            44.563058069266305
                        ],
                        [
                            1.778344885751455,
                            44.563380734212735
                        ],
                        [
                            1.778179743101259,
                            44.563541778387886
                        ],
                        [
                            1.777814403233214,
                            44.56359388079505
                        ],
                        [
                            1.777482858102072,
                            44.564041871581
                        ],
                        [
                            1.777350430245905,
                            44.564706721523976
                        ],
                        [
                            1.776824706593943,
                            44.56570232975083
                        ],
                        [
                            1.776353055752393,
                            44.56632048052354
                        ],
                        [
                            1.776122123962889,
                            44.5667689812366
                        ],
                        [
                            1.77597466731642,
                            44.567676581801486
                        ],
                        [
                            1.775968916177556,
                            44.56825214202368
                        ],
                        [
                            1.775914370413399,
                            44.56867456316339
                        ],
                        [
                            1.775992100518787,
                            44.56970922423478
                        ],
                        [
                            1.776112607889834,
                            44.57024046242063
                        ],
                        [
                            1.776007467746521,
                            44.57068960665827
                        ],
                        [
                            1.775877883135512,
                            44.57106667614142
                        ],
                        [
                            1.775874198588945,
                            44.571435395495406
                        ],
                        [
                            1.775869074580852,
                            44.571948005623206
                        ],
                        [
                            1.775664447915702,
                            44.57227972377563
                        ],
                        [
                            1.775295989980743,
                            44.57263758478947
                        ],
                        [
                            1.775116790764658,
                            44.57294245191657
                        ],
                        [
                            1.775064843900715,
                            44.57310407146713
                        ],
                        [
                            1.774822823564513,
                            44.573399622479116
                        ],
                        [
                            1.774289889967123,
                            44.57384657537061
                        ],
                        [
                            1.773860217700406,
                            44.5740332396112
                        ],
                        [
                            1.773557083343408,
                            44.5741486028954
                        ],
                        [
                            1.773026209900393,
                            44.5743887061523
                        ],
                        [
                            1.772660614267962,
                            44.574458777872394
                        ],
                        [
                            1.772394768064725,
                            44.574619297150626
                        ],
                        [
                            1.771765221829004,
                            44.57466102883022
                        ],
                        [
                            1.771349295961877,
                            44.57473083644294
                        ],
                        [
                            1.77093454719798,
                            44.574683732193606
                        ],
                        [
                            1.770081976371015,
                            44.57438254650582
                        ],
                        [
                            1.769403922832747,
                            44.574244140233176
                        ],
                        [
                            1.768623215704069,
                            44.57430305928851
                        ],
                        [
                            1.768120034626177,
                            44.57429146160213
                        ],
                        [
                            1.767744039669051,
                            44.57414561530507
                        ],
                        [
                            1.767401413832224,
                            44.57443163612618
                        ],
                        [
                            1.766703293411745,
                            44.57503058764639
                        ],
                        [
                            1.766335217096924,
                            44.57534345429422
                        ],
                        [
                            1.765752509992736,
                            44.57572715219021
                        ],
                        [
                            1.765375229705637,
                            44.57570720243818
                        ]
                    ]
                ]
            }
        },
        {
            "type": "Feature",
            "properties": {
                "nom": "GR 651"
            },
            "geometry": {
                "type": "MultiLineString",
                "coordinates": [
                    [
                        [
                            1.753507527482437,
                            44.550489712169465
                        ],
                        [
                            1.752677483655506,
                            44.55048529871547
                        ],
                        [
                            1.751519608109582,
                            44.5505600730971
                        ],
                        [
                            1.751027437428287,
                            44.550719330944226
                        ],
                        [
                            1.750449106579514,
                            44.55069825609014
                        ],
                        [
                            1.75000864737476,
                            44.550722883127506
                        ],
                        [
                            1.749543129723774,
                            44.55073838141719
                        ],
                        [
                            1.749251047643913,
                            44.551006624459184
                        ],
                        [
                            1.749048221714444,
                            44.55115842943152
                        ],
                        [
                            1.748850293282584,
                            44.5508425947815
                        ],
                        [
                            1.748648503553828,
                            44.55089547511863
                        ],
                        [
                            1.748443321551038,
                            44.55127210521801
                        ],
                        [
                            1.748239833383409,
                            44.55148685900217
                        ],
                        [
                            1.748079637045006,
                            44.55117122554855
                        ],
                        [
                            1.747868192598882,
                            44.55094525263224
                        ],
                        [
                            1.747858163892396,
                            44.5507023726536
                        ],
                        [
                            1.748100793693605,
                            44.55035292573565
                        ],
                        [
                            1.748067213742529,
                            44.54995702942179
                        ],
                        [
                            1.748031088010596,
                            44.54980394515021
                        ],
                        [
                            1.747767269348314,
                            44.54977554925896
                        ],
                        [
                            1.747540612567611,
                            44.5498013133302
                        ],
                        [
                            1.747198787474324,
                            44.55001532320564
                        ],
                        [
                            1.747205113889,
                            44.5494127895165
                        ],
                        [
                            1.746560136292628,
                            44.54975107796294
                        ],
                        [
                            1.745829766609787,
                            44.54983708410657
                        ],
                        [
                            1.744948384003371,
                            44.549931263872374
                        ],
                        [
                            1.74513930233729,
                            44.54971644808696
                        ],
                        [
                            1.745431209146367,
                            44.54946620197869
                        ],
                        [
                            1.74568632999587,
                            44.54912582120684
                        ],
                        [
                            1.745223003746201,
                            44.54893446030126
                        ],
                        [
                            1.744699834419873,
                            44.54845498194427
                        ],
                        [
                            1.744451729658903,
                            44.548129875143786
                        ],
                        [
                            1.74377073256886,
                            44.548306069270105
                        ],
                        [
                            1.743546265374406,
                            44.548124985160975
                        ],
                        [
                            1.743548450869397,
                            44.547918145217096
                        ],
                        [
                            1.743462890358412,
                            44.547683850914595
                        ],
                        [
                            1.743112194372163,
                            44.54754705166258
                        ],
                        [
                            1.742586486292662,
                            44.547310374291506
                        ],
                        [
                            1.741709046307172,
                            44.547035814446325
                        ],
                        [
                            1.741657408848583,
                            44.547161443905836
                        ],
                        [
                            1.741453719018457,
                            44.547394171599706
                        ],
                        [
                            1.741126749544602,
                            44.54739239782032
                        ],
                        [
                            1.740500159754779,
                            44.54718214410609
                        ],
                        [
                            1.740299713697544,
                            44.54710910619277
                        ],
                        [
                            1.739798695121347,
                            44.546917518226834
                        ],
                        [
                            1.739802232523867,
                            44.54658477646776
                        ],
                        [
                            1.739615607918953,
                            44.54639489663711
                        ],
                        [
                            1.739016099740379,
                            44.54600491087847
                        ],
                        [
                            1.738882271006246,
                            44.54558148562984
                        ],
                        [
                            1.738886772299214,
                            44.54515881390779
                        ],
                        [
                            1.738763797421663,
                            44.544897331162254
                        ],
                        [
                            1.738502018617475,
                            44.54468005947594
                        ],
                        [
                            1.738252144692453,
                            44.544525807087645
                        ],
                        [
                            1.738104216029166,
                            44.544246200759396
                        ],
                        [
                            1.738195597232991,
                            44.54393192554433
                        ],
                        [
                            1.738146351611651,
                            44.54383272786392
                        ],
                        [
                            1.737983932454168,
                            44.54373291360441
                        ],
                        [
                            1.737669272569271,
                            44.54375817693421
                        ],
                        [
                            1.737291928508176,
                            44.54376510986271
                        ],
                        [
                            1.736852190666043,
                            44.543726732553154
                        ],
                        [
                            1.736385958082337,
                            44.54381411870771
                        ],
                        [
                            1.736527262667165,
                            44.54353609157845
                        ],
                        [
                            1.736995125867544,
                            44.54329582384462
                        ],
                        [
                            1.737138057609018,
                            44.542864915913576
                        ],
                        [
                            1.737244801401385,
                            44.54228991303938
                        ],
                        [
                            1.737399439393256,
                            44.541940010733235
                        ],
                        [
                            1.737565307323141,
                            44.54171607813446
                        ],
                        [
                            1.737694696709833,
                            44.54137503073131
                        ],
                        [
                            1.737800088209291,
                            44.540925929326534
                        ],
                        [
                            1.738168193420141,
                            44.54060417151287
                        ],
                        [
                            1.738308714673049,
                            44.540398086656516
                        ],
                        [
                            1.738119813980651,
                            44.54042403731761
                        ],
                        [
                            1.737264290725756,
                            44.540464334123996
                        ],
                        [
                            1.736095469972244,
                            44.5404039823833
                        ],
                        [
                            1.735493931919372,
                            44.540211824236664
                        ],
                        [
                            1.735307247188903,
                            44.54003093098926
                        ],
                        [
                            1.734968325310675,
                            44.53997511132923
                        ],
                        [
                            1.734186996807787,
                            44.5401327077347
                        ],
                        [
                            1.733670975938651,
                            44.54017484041552
                        ],
                        [
                            1.733569126758503,
                            44.54029119614625
                        ],
                        [
                            1.7336162356199,
                            44.54058824145976
                        ],
                        [
                            1.733433626488431,
                            44.54119879759954
                        ],
                        [
                            1.733032311714338,
                            44.541097662003324
                        ],
                        [
                            1.732632449831564,
                            44.540861629094614
                        ],
                        [
                            1.732243712365489,
                            44.54076056026004
                        ],
                        [
                            1.731730106530484,
                            44.5405778589766
                        ],
                        [
                            1.73165776206898,
                            44.5402896676441
                        ],
                        [
                            1.731635617896987,
                            44.54001074591201
                        ],
                        [
                            1.731601288197498,
                            44.53969578376748
                        ],
                        [
                            1.731604098411813,
                            44.539434986475754
                        ],
                        [
                            1.731168568902558,
                            44.539009888756375
                        ],
                        [
                            1.730944276670088,
                            44.5388197872872
                        ],
                        [
                            1.730946313993803,
                            44.53863093418692
                        ],
                        [
                            1.731024278366063,
                            44.53839753322993
                        ],
                        [
                            1.731290944576904,
                            44.53815618030286
                        ],
                        [
                            1.731544840635035,
                            44.53793274279474
                        ],
                        [
                            1.731686831759264,
                            44.53759177182065
                        ],
                        [
                            1.731564683008715,
                            44.53725833874647
                        ],
                        [
                            1.731240294120304,
                            44.53702271780629
                        ],
                        [
                            1.730738813681671,
                            44.5368850468809
                        ],
                        [
                            1.729963054930286,
                            44.53653001260178
                        ],
                        [
                            1.729249879625766,
                            44.53620230028755
                        ],
                        [
                            1.728787688336337,
                            44.535920941687095
                        ],
                        [
                            1.728727938443901,
                            44.535632819058584
                        ],
                        [
                            1.728794990660383,
                            44.535246469548134
                        ],
                        [
                            1.728633294797213,
                            44.53508369036908
                        ],
                        [
                            1.728140025362761,
                            44.53535076067793
                        ],
                        [
                            1.727859323896567,
                            44.53572693105526
                        ],
                        [
                            1.727433789284445,
                            44.535544698597064
                        ],
                        [
                            1.726872786635782,
                            44.53510090023307
                        ],
                        [
                            1.726461983858731,
                            44.5347208883196
                        ],
                        [
                            1.726122711593129,
                            44.53470101404472
                        ],
                        [
                            1.725807607114809,
                            44.53477120831275
                        ],
                        [
                            1.724965420274336,
                            44.53474852863384
                        ],
                        [
                            1.724173131665836,
                            44.53476209547588
                        ],
                        [
                            1.723898099084296,
                            44.53461666341628
                        ],
                        [
                            1.723697816586226,
                            44.534534603314185
                        ],
                        [
                            1.723521993588309,
                            44.53451563385885
                        ],
                        [
                            1.723332811855146,
                            44.53456853734088
                        ],
                        [
                            1.72316847996247,
                            44.534648560071886
                        ],
                        [
                            1.723106473595689,
                            44.53462384589243
                        ],
                        [
                            1.723048550287907,
                            44.5341172729668
                        ],
                        [
                            1.722976750276652,
                            44.53378411101575
                        ],
                        [
                            1.722955732872909,
                            44.53340626627257
                        ],
                        [
                            1.722724423931949,
                            44.532712472662176
                        ],
                        [
                            1.722413575258082,
                            44.53124479254172
                        ],
                        [
                            1.722493925561911,
                            44.530795567874776
                        ],
                        [
                            1.722597058972358,
                            44.53056231429573
                        ],
                        [
                            1.722737513137767,
                            44.53036524342482
                        ],
                        [
                            1.72277660491864,
                            44.53023955384216
                        ],
                        [
                            1.722967345789772,
                            44.53004276388448
                        ]
                    ]
                ]
            }
        },
        {
            "type": "Feature",
            "properties": {
                "nom": "GR 651"
            },
            "geometry": {
                "type": "MultiLineString",
                "coordinates": [
                    [
                        [
                            1.917447668824865,
                            44.59950670848446
                        ],
                        [
                            1.91725791368512,
                            44.59963189432377
                        ],
                        [
                            1.917105852648813,
                            44.59976621849991
                        ],
                        [
                            1.916813711329142,
                            44.60011585291149
                        ],
                        [
                            1.916496527436874,
                            44.60044740362578
                        ],
                        [
                            1.916231441944206,
                            44.60054531897236
                        ],
                        [
                            1.915979618510404,
                            44.60055334800547
                        ],
                        [
                            1.915665800678963,
                            44.60043522870696
                        ],
                        [
                            1.91531327551675,
                            44.60044286954343
                        ],
                        [
                            1.914406210547933,
                            44.6005383158689
                        ],
                        [
                            1.913964756769432,
                            44.600653534458225
                        ],
                        [
                            1.913674626480272,
                            44.60073336011292
                        ],
                        [
                            1.913384021203804,
                            44.60087613830449
                        ],
                        [
                            1.913081300587085,
                            44.600955914264546
                        ],
                        [
                            1.912325006343686,
                            44.60108789905929
                        ],
                        [
                            1.911719629174891,
                            44.601238449771714
                        ],
                        [
                            1.910975575074373,
                            44.6014154404458
                        ],
                        [
                            1.910153730957196,
                            44.601888914154806
                        ],
                        [
                            1.909356297076401,
                            44.602461407223366
                        ],
                        [
                            1.908824024350916,
                            44.60292700479394
                        ],
                        [
                            1.908087030577979,
                            44.60382349532181
                        ],
                        [
                            1.90741509031247,
                            44.60444143258046
                        ],
                        [
                            1.907145289091222,
                            44.605150876070724
                        ],
                        [
                            1.907002127945878,
                            44.605761884037946
                        ],
                        [
                            1.906808193590192,
                            44.60642665609424
                        ],
                        [
                            1.906802749434645,
                            44.60713713373496
                        ],
                        [
                            1.9069485155795,
                            44.60783021517198
                        ],
                        [
                            1.90710838995404,
                            44.60832549227723
                        ],
                        [
                            1.907179589388124,
                            44.60889237186667
                        ],
                        [
                            1.907049698393363,
                            44.609413496757085
                        ],
                        [
                            1.90658132489235,
                            44.609744429284966
                        ],
                        [
                            1.90581078805104,
                            44.61007417524536
                        ],
                        [
                            1.904891099218458,
                            44.61015150734393
                        ],
                        [
                            1.904702319574428,
                            44.61014177144669
                        ],
                        [
                            1.904136465598683,
                            44.61004960833495
                        ],
                        [
                            1.903446658857464,
                            44.60970513041191
                        ],
                        [
                            1.902782249480832,
                            44.60933376752605
                        ],
                        [
                            1.902318796802056,
                            44.60902615102383
                        ],
                        [
                            1.901734746923285,
                            44.60848262123882
                        ],
                        [
                            1.901305127553719,
                            44.60849681757878
                        ],
                        [
                            1.900745558984828,
                            44.60822126534967
                        ],
                        [
                            1.900474526055591,
                            44.608268595252646
                        ],
                        [
                            1.900286435281367,
                            44.60816667338232
                        ],
                        [
                            1.900230044842928,
                            44.607980303126816
                        ],
                        [
                            1.900100853182075,
                            44.60793613875106
                        ],
                        [
                            1.899812186197009,
                            44.60786180105162
                        ],
                        [
                            1.899597577376068,
                            44.60758095178752
                        ],
                        [
                            1.899432003950585,
                            44.60735061524215
                        ],
                        [
                            1.899330696815078,
                            44.607163837802744
                        ],
                        [
                            1.899291176425515,
                            44.60687754489803
                        ],
                        [
                            1.899165196588191,
                            44.60666904214096
                        ],
                        [
                            1.898858486460605,
                            44.606494471623655
                        ],
                        [
                            1.898332435554817,
                            44.6062819813804
                        ],
                        [
                            1.898014612263996,
                            44.606164469487446
                        ],
                        [
                            1.897736795963919,
                            44.606047355668736
                        ],
                        [
                            1.897548579161471,
                            44.60595257386866
                        ],
                        [
                            1.8973399392989,
                            44.605879027854215
                        ],
                        [
                            1.897161585089003,
                            44.60579148980361
                        ],
                        [
                            1.896938949848114,
                            44.60565302462244
                        ],
                        [
                            1.89711108444475,
                            44.60522809351618
                        ],
                        [
                            1.897139080894476,
                            44.60486845921029
                        ],
                        [
                            1.897027896613283,
                            44.604598204967274
                        ],
                        [
                            1.896651081579412,
                            44.60448877157343
                        ],
                        [
                            1.895908774348677,
                            44.60443183344536
                        ],
                        [
                            1.894637320564165,
                            44.60442672346203
                        ],
                        [
                            1.893718420013417,
                            44.604414027109065
                        ],
                        [
                            1.892673917857783,
                            44.60436484155896
                        ],
                        [
                            1.892057288474839,
                            44.604335365407394
                        ],
                        [
                            1.891477925790128,
                            44.604368993700156
                        ],
                        [
                            1.891606238429077,
                            44.604063729109235
                        ],
                        [
                            1.891960143404864,
                            44.603885289682566
                        ],
                        [
                            1.892629186464804,
                            44.603654161611075
                        ],
                        [
                            1.893059186516459,
                            44.60340407743029
                        ],
                        [
                            1.893375957675576,
                            44.60314454058183
                        ],
                        [
                            1.893858078066122,
                            44.60266982132976
                        ],
                        [
                            1.894163316986673,
                            44.60227533175154
                        ],
                        [
                            1.894139560030656,
                            44.6020953632958
                        ],
                        [
                            1.893904928212307,
                            44.60151882411973
                        ]
                    ]
                ]
            }
        },
        {
            "type": "Feature",
            "properties": {
                "nom": "GR 651"
            },
            "geometry": {
                "type": "MultiLineString",
                "coordinates": [
                    [
                        [
                            1.769714759595449,
                            44.55344357881048
                        ],
                        [
                            1.769261527949319,
                            44.55348620413407
                        ],
                        [
                            1.768744773666838,
                            44.55359145411626
                        ],
                        [
                            1.768216351799206,
                            44.553606705371394
                        ],
                        [
                            1.767728668719041,
                            44.553325378456236
                        ],
                        [
                            1.767352815651568,
                            44.55317953208841
                        ],
                        [
                            1.767001935759416,
                            44.55305180183259
                        ],
                        [
                            1.766611499663799,
                            44.55310373554083
                        ],
                        [
                            1.766108052769005,
                            44.55313709417032
                        ],
                        [
                            1.76501476535381,
                            44.55304146936848
                        ],
                        [
                            1.763859699140886,
                            44.55283758859743
                        ],
                        [
                            1.763231768137766,
                            44.55274437345666
                        ],
                        [
                            1.762516261495035,
                            44.55260572951931
                        ],
                        [
                            1.761701802297194,
                            44.552304677855005
                        ],
                        [
                            1.761173666508171,
                            44.55229291692117
                        ],
                        [
                            1.760735137718105,
                            44.55212873206195
                        ],
                        [
                            1.76058578452033,
                            44.551975058389466
                        ],
                        [
                            1.760447625389021,
                            44.55195634602636
                        ]
                    ]
                ]
            }
        },
        {
            "type": "Feature",
            "properties": {
                "nom": "GR 651"
            },
            "geometry": {
                "type": "MultiLineString",
                "coordinates": [
                    [
                        [
                            1.760447625389021,
                            44.55195634602636
                        ],
                        [
                            1.760558047085307,
                            44.55222673145492
                        ],
                        [
                            1.760643961606483,
                            44.55243403446366
                        ],
                        [
                            1.760805800710493,
                            44.55259676702572
                        ],
                        [
                            1.760928802821308,
                            44.55286721947482
                        ],
                        [
                            1.761178406835745,
                            44.55305739297652
                        ],
                        [
                            1.761379085352414,
                            44.553112406309545
                        ],
                        [
                            1.76199526778825,
                            44.55312462845387
                        ],
                        [
                            1.762536356960893,
                            44.55310047977288
                        ],
                        [
                            1.763302086418653,
                            44.55324837977332
                        ],
                        [
                            1.763965551382439,
                            44.55355762423433
                        ],
                        [
                            1.764490031601305,
                            44.553929095604865
                        ],
                        [
                            1.764699263493027,
                            44.55437986383573
                        ],
                        [
                            1.764691014915536,
                            44.555189240699
                        ],
                        [
                            1.765016106336308,
                            44.55537979880859
                        ],
                        [
                            1.765944925308101,
                            44.55557349767091
                        ],
                        [
                            1.766530039914777,
                            44.556259334781515
                        ]
                    ]
                ]
            }
        },
        {
            "type": "Feature",
            "properties": {
                "nom": "GR 651"
            },
            "geometry": {
                "type": "MultiLineString",
                "coordinates": [
                    [
                        [
                            1.766530039914777,
                            44.556259334781515
                        ],
                        [
                            1.766774384181421,
                            44.556881873356474
                        ],
                        [
                            1.766206367861582,
                            44.557076780409666
                        ],
                        [
                            1.765435819692456,
                            44.55739654149689
                        ],
                        [
                            1.764716490923695,
                            44.55762662756388
                        ],
                        [
                            1.763997339774294,
                            44.55783872387319
                        ],
                        [
                            1.763076750117006,
                            44.55806774950087
                        ],
                        [
                            1.762178085695087,
                            44.55861165714682
                        ],
                        [
                            1.761369667014858,
                            44.558940184735306
                        ],
                        [
                            1.761205410932485,
                            44.55901127234124
                        ],
                        [
                            1.760835009886426,
                            44.559557937541
                        ],
                        [
                            1.760366281744798,
                            44.5598792462472
                        ],
                        [
                            1.759847695809345,
                            44.56015532325779
                        ],
                        [
                            1.759341037092725,
                            44.56049441593002
                        ],
                        [
                            1.758895413335438,
                            44.561013699575255
                        ],
                        [
                            1.758299297549804,
                            44.56148722024363
                        ],
                        [
                            1.7577560856141,
                            44.561709196173155
                        ],
                        [
                            1.757826087311471,
                            44.56224018729337
                        ],
                        [
                            1.759065399986877,
                            44.56283129910931
                        ],
                        [
                            1.758584425326067,
                            44.563116562013235
                        ],
                        [
                            1.758882995403436,
                            44.56344190380883
                        ],
                        [
                            1.759232996291594,
                            44.56365959144773
                        ],
                        [
                            1.758898524799041,
                            44.564377319633756
                        ],
                        [
                            1.758666534891111,
                            44.56491571455928
                        ],
                        [
                            1.75876272893638,
                            44.56529550868272
                        ],
                        [
                            1.759175358566329,
                            44.56711408472749
                        ],
                        [
                            1.75959041165949,
                            44.56927348359215
                        ]
                    ]
                ]
            }
        },
        {
            "type": "Feature",
            "properties": {
                "nom": "GR 651"
            },
            "geometry": {
                "type": "MultiLineString",
                "coordinates": [
                    [
                        [
                            1.661399479786937,
                            44.51955443723977
                        ],
                        [
                            1.661014911325445,
                            44.51912937562894
                        ],
                        [
                            1.660680408864177,
                            44.51872260684272
                        ],
                        [
                            1.660472901981521,
                            44.51820869894188
                        ],
                        [
                            1.660179799233517,
                            44.517496406050164
                        ],
                        [
                            1.660279908606781,
                            44.51648975147782
                        ],
                        [
                            1.660543405439328,
                            44.51548410469023
                        ],
                        [
                            1.660980252157796,
                            44.51469536897004
                        ],
                        [
                            1.66098760779768,
                            44.514083857234425
                        ],
                        [
                            1.661209051206773,
                            44.51343769045849
                        ],
                        [
                            1.661391598052636,
                            44.51289021166268
                        ],
                        [
                            1.66161303216343,
                            44.512244044402074
                        ],
                        [
                            1.661782246789868,
                            44.511759437984104
                        ],
                        [
                            1.662000324889758,
                            44.51139204711888
                        ],
                        [
                            1.662217644396094,
                            44.5110876054314
                        ],
                        [
                            1.662223474686891,
                            44.51060199362183
                        ],
                        [
                            1.662103307246461,
                            44.51014258855693
                        ],
                        [
                            1.661554450721035,
                            44.5097974612432
                        ],
                        [
                            1.660955550095703,
                            44.50943403559572
                        ],
                        [
                            1.660454378463555,
                            44.509305038441845
                        ],
                        [
                            1.65999145246258,
                            44.50913130866985
                        ],
                        [
                            1.659466561708162,
                            44.508885246373474
                        ],
                        [
                            1.658753170574371,
                            44.50863801662256
                        ],
                        [
                            1.658140104479895,
                            44.50820399782648
                        ],
                        [
                            1.657761640517276,
                            44.50796492824988
                        ],
                        [
                            1.657671139903275,
                            44.50787092295974
                        ],
                        [
                            1.657045225451723,
                            44.50734919809414
                        ],
                        [
                            1.656849283690335,
                            44.50737170309168
                        ],
                        [
                            1.656459355723577,
                            44.507094930490624
                        ],
                        [
                            1.656263844081516,
                            44.50663505174961
                        ],
                        [
                            1.655815153787149,
                            44.50632649014277
                        ],
                        [
                            1.655489952482875,
                            44.506198563172354
                        ],
                        [
                            1.65525268565064,
                            44.50605972070302
                        ],
                        [
                            1.655113436830217,
                            44.505670409851035
                        ],
                        [
                            1.654832516629687,
                            44.505360645199836
                        ],
                        [
                            1.654435385966692,
                            44.505161995341055
                        ],
                        [
                            1.654057268386938,
                            44.50516440410663
                        ],
                        [
                            1.653760072437473,
                            44.50527254196738
                        ],
                        [
                            1.653240028373076,
                            44.50519528997951
                        ],
                        [
                            1.652944272225691,
                            44.50518311703632
                        ],
                        [
                            1.652687443857807,
                            44.505164865045316
                        ]
                    ]
                ]
            }
        }
    ]
}