{
  "type": "FeatureCollection",
  "features": [
    {
      "type": "Feature",
      "properties": {
        "name": "GraphHopper Track",
        "source": "Plats__Ruisseaux.gpx",
        "type": "track"
      },
      "geometry": {
        "type": "LineString",
        "coordinates": [
          [
            1.835969,
            44.471062,
            156.92
          ],
          [
            1.836045,
            44.471013,
            157.19
          ],
          [
            1.836142,
            44.47101,
            157.54
          ],
          [
            1.836331,
            44.47104,
            158.99
          ],
          [
            1.836144,
            44.471226,
            159.09
          ],
          [
            1.835912,
            44.47151,
            158.94
          ],
          [
            1.835832,
            44.471707,
            159.42
          ],
          [
            1.835828,
            44.471891,
            159.91
          ],
          [
            1.835841,
            44.472054,
            160.41
          ],
          [
            1.835898,
            44.472341,
            161.57
          ],
          [
            1.8359,
            44.472529,
            162.6
          ],
          [
            1.835841,
            44.472718,
            163.68
          ],
          [
            1.83556,
            44.473243,
            165.71
          ],
          [
            1.835491,
            44.4734,
            166.34
          ],
          [
            1.835453,
            44.47361,
            167.19
          ],
          [
            1.835411,
            44.47481,
            173.69
          ],
          [
            1.83543,
            44.475272,
            176.29
          ],
          [
            1.835483,
            44.475496,
            177.39
          ],
          [
            1.83558,
            44.475699,
            177.96
          ],
          [
            1.835527,
            44.475735,
            178.35
          ],
          [
            1.835432,
            44.475782,
            178.82
          ],
          [
            1.835368,
            44.475799,
            179.11
          ],
          [
            1.835245,
            44.475795,
            179.58
          ],
          [
            1.835177,
            44.47578,
            179.88
          ],
          [
            1.834764,
            44.475938,
            183.4
          ],
          [
            1.834671,
            44.476928,
            190.82
          ],
          [
            1.834495,
            44.476985,
            190.44
          ],
          [
            1.834205,
            44.477097,
            187.96
          ],
          [
            1.833886,
            44.47718,
            185.05
          ],
          [
            1.833718,
            44.477206,
            183.89
          ],
          [
            1.833542,
            44.477209,
            182.42
          ],
          [
            1.833399,
            44.477221,
            181.23
          ],
          [
            1.833297,
            44.477219,
            180.41
          ],
          [
            1.833039,
            44.477248,
            178.89
          ],
          [
            1.833001,
            44.477258,
            178.75
          ],
          [
            1.83285,
            44.477351,
            177.84
          ],
          [
            1.832845,
            44.477373,
            177.92
          ],
          [
            1.832741,
            44.477523,
            178.59
          ],
          [
            1.832609,
            44.477642,
            179.28
          ],
          [
            1.832411,
            44.477745,
            179.94
          ],
          [
            1.832367,
            44.477797,
            180.29
          ],
          [
            1.832282,
            44.477821,
            180.03
          ],
          [
            1.832185,
            44.477834,
            179.43
          ],
          [
            1.832082,
            44.477875,
            178.59
          ],
          [
            1.832025,
            44.477923,
            177.85
          ],
          [
            1.831919,
            44.478097,
            176.3
          ],
          [
            1.83182,
            44.478223,
            176.22
          ],
          [
            1.831821,
            44.478331,
            176.14
          ],
          [
            1.831962,
            44.478556,
            175.36
          ],
          [
            1.831985,
            44.478654,
            175.69
          ],
          [
            1.831967,
            44.478829,
            177.58
          ],
          [
            1.832015,
            44.479019,
            181.15
          ],
          [
            1.831851,
            44.479014,
            183.88
          ],
          [
            1.831669,
            44.478885,
            186.21
          ],
          [
            1.831506,
            44.478813,
            187.64
          ],
          [
            1.831124,
            44.478552,
            191.59
          ],
          [
            1.831098,
            44.478478,
            192.54
          ],
          [
            1.831033,
            44.478437,
            193.38
          ],
          [
            1.830748,
            44.478393,
            196.49
          ],
          [
            1.830645,
            44.478402,
            197.63
          ],
          [
            1.830516,
            44.478432,
            199.09
          ],
          [
            1.830419,
            44.478439,
            200.17
          ],
          [
            1.830287,
            44.478428,
            201.66
          ],
          [
            1.830165,
            44.478453,
            203.22
          ],
          [
            1.830042,
            44.478507,
            205.07
          ],
          [
            1.829618,
            44.478534,
            210.48
          ],
          [
            1.829404,
            44.478562,
            213.1
          ],
          [
            1.829144,
            44.478612,
            216.21
          ],
          [
            1.828947,
            44.478641,
            218.33
          ],
          [
            1.828769,
            44.478682,
            220.32
          ],
          [
            1.828573,
            44.478707,
            222.47
          ],
          [
            1.827697,
            44.478714,
            231.83
          ],
          [
            1.827181,
            44.478695,
            237.31
          ],
          [
            1.826925,
            44.478732,
            240.06
          ],
          [
            1.826701,
            44.47877,
            242.34
          ],
          [
            1.826575,
            44.478804,
            243.66
          ],
          [
            1.826518,
            44.478808,
            244.23
          ],
          [
            1.826391,
            44.478784,
            245.51
          ],
          [
            1.826081,
            44.478677,
            248.67
          ],
          [
            1.825931,
            44.478668,
            249.91
          ],
          [
            1.825718,
            44.4787,
            251.57
          ],
          [
            1.825505,
            44.478716,
            253.0
          ],
          [
            1.82523,
            44.478717,
            254.73
          ],
          [
            1.82475,
            44.478787,
            257.14
          ],
          [
            1.824572,
            44.478804,
            257.65
          ],
          [
            1.824424,
            44.478807,
            257.95
          ],
          [
            1.824304,
            44.478788,
            258.19
          ],
          [
            1.823922,
            44.478662,
            259.06
          ],
          [
            1.823749,
            44.478637,
            259.61
          ],
          [
            1.823542,
            44.478628,
            259.93
          ],
          [
            1.823351,
            44.478646,
            259.99
          ],
          [
            1.822928,
            44.478655,
            260.4
          ],
          [
            1.822841,
            44.478631,
            260.49
          ],
          [
            1.822727,
            44.478577,
            260.6
          ],
          [
            1.822521,
            44.478515,
            260.73
          ],
          [
            1.822322,
            44.4785,
            260.68
          ],
          [
            1.821941,
            44.478533,
            259.75
          ],
          [
            1.821736,
            44.478543,
            258.89
          ],
          [
            1.821608,
            44.478541,
            258.32
          ],
          [
            1.821332,
            44.478478,
            256.92
          ],
          [
            1.821077,
            44.478406,
            255.59
          ],
          [
            1.820927,
            44.478381,
            254.94
          ],
          [
            1.820764,
            44.478382,
            254.3
          ],
          [
            1.82058,
            44.478395,
            253.57
          ],
          [
            1.820453,
            44.478392,
            253.08
          ],
          [
            1.820372,
            44.478351,
            252.7
          ],
          [
            1.819906,
            44.478079,
            251.45
          ],
          [
            1.819376,
            44.477818,
            251.05
          ],
          [
            1.819005,
            44.477615,
            250.68
          ],
          [
            1.818822,
            44.477488,
            250.44
          ],
          [
            1.818709,
            44.477424,
            250.25
          ],
          [
            1.818619,
            44.47738,
            250.05
          ],
          [
            1.818516,
            44.477343,
            249.73
          ],
          [
            1.81831,
            44.47728,
            248.8
          ],
          [
            1.818206,
            44.477224,
            248.15
          ],
          [
            1.817987,
            44.477075,
            246.28
          ],
          [
            1.817653,
            44.476963,
            243.51
          ],
          [
            1.817445,
            44.476921,
            240.69
          ],
          [
            1.817347,
            44.47684,
            238.71
          ],
          [
            1.817234,
            44.476772,
            236.38
          ],
          [
            1.817127,
            44.476649,
            233.19
          ],
          [
            1.817065,
            44.476452,
            228.62
          ],
          [
            1.816964,
            44.476343,
            225.75
          ],
          [
            1.816822,
            44.476271,
            223.03
          ],
          [
            1.816345,
            44.476133,
            215.47
          ],
          [
            1.816149,
            44.476094,
            212.56
          ],
          [
            1.815821,
            44.476118,
            207.92
          ],
          [
            1.815533,
            44.476087,
            204.32
          ],
          [
            1.815273,
            44.476075,
            201.17
          ],
          [
            1.814989,
            44.476005,
            196.57
          ],
          [
            1.814684,
            44.475949,
            191.77
          ],
          [
            1.814456,
            44.475949,
            187.98
          ],
          [
            1.814355,
            44.475939,
            186.56
          ],
          [
            1.813753,
            44.476041,
            179.65
          ],
          [
            1.813579,
            44.476037,
            178.54
          ],
          [
            1.813246,
            44.476588,
            176.75
          ],
          [
            1.812885,
            44.476883,
            177.68
          ],
          [
            1.812556,
            44.476923,
            178.12
          ],
          [
            1.811743,
            44.47678,
            179.29
          ],
          [
            1.810607,
            44.476472,
            179.73
          ],
          [
            1.810135,
            44.476447,
            179.55
          ],
          [
            1.808418,
            44.476575,
            179.29
          ],
          [
            1.807963,
            44.476659,
            179.25
          ],
          [
            1.807461,
            44.476799,
            179.41
          ],
          [
            1.807063,
            44.476979,
            179.48
          ],
          [
            1.806707,
            44.47719,
            179.46
          ],
          [
            1.804541,
            44.478757,
            180.19
          ],
          [
            1.804403,
            44.47891,
            182.29
          ],
          [
            1.804238,
            44.479137,
            186.64
          ],
          [
            1.803933,
            44.479266,
            192.21
          ],
          [
            1.803678,
            44.479507,
            198.33
          ],
          [
            1.803469,
            44.479677,
            202.93
          ],
          [
            1.802847,
            44.479901,
            211.8
          ],
          [
            1.802378,
            44.480145,
            217.76
          ],
          [
            1.801887,
            44.480569,
            226.04
          ],
          [
            1.801616,
            44.480726,
            229.5
          ],
          [
            1.801439,
            44.480807,
            231.21
          ],
          [
            1.801379,
            44.480847,
            231.78
          ],
          [
            1.801202,
            44.480884,
            232.94
          ],
          [
            1.800824,
            44.480918,
            234.73
          ],
          [
            1.800538,
            44.480955,
            235.26
          ],
          [
            1.800382,
            44.481014,
            235.18
          ],
          [
            1.80004,
            44.481226,
            234.48
          ],
          [
            1.799854,
            44.481424,
            233.68
          ],
          [
            1.799742,
            44.481473,
            233.2
          ],
          [
            1.799645,
            44.481559,
            232.74
          ],
          [
            1.799494,
            44.481755,
            233.67
          ],
          [
            1.799523,
            44.481978,
            236.56
          ],
          [
            1.799582,
            44.482268,
            241.09
          ],
          [
            1.799493,
            44.482265,
            239.97
          ],
          [
            1.799375,
            44.482211,
            240.27
          ],
          [
            1.799102,
            44.482146,
            245.9
          ],
          [
            1.798978,
            44.482106,
            247.72
          ],
          [
            1.798875,
            44.482044,
            249.13
          ],
          [
            1.798748,
            44.481928,
            251.02
          ],
          [
            1.798551,
            44.481665,
            255.61
          ],
          [
            1.798454,
            44.481449,
            258.16
          ],
          [
            1.798151,
            44.48111,
            261.52
          ],
          [
            1.797849,
            44.480812,
            264.31
          ],
          [
            1.797748,
            44.480792,
            264.91
          ],
          [
            1.797591,
            44.480812,
            265.93
          ],
          [
            1.797496,
            44.480795,
            266.59
          ],
          [
            1.797373,
            44.480747,
            267.42
          ],
          [
            1.797237,
            44.480724,
            268.02
          ],
          [
            1.797163,
            44.480701,
            268.2
          ],
          [
            1.7971,
            44.480649,
            268.32
          ],
          [
            1.796706,
            44.480533,
            268.46
          ],
          [
            1.796565,
            44.480522,
            268.24
          ],
          [
            1.796486,
            44.480501,
            268.22
          ],
          [
            1.796428,
            44.480467,
            268.23
          ],
          [
            1.796384,
            44.480419,
            268.2
          ],
          [
            1.796273,
            44.480366,
            268.2
          ],
          [
            1.796031,
            44.480294,
            268.1
          ],
          [
            1.795922,
            44.480224,
            267.72
          ],
          [
            1.795835,
            44.480145,
            267.22
          ],
          [
            1.795497,
            44.480086,
            266.66
          ],
          [
            1.795345,
            44.480052,
            266.85
          ],
          [
            1.795162,
            44.479976,
            266.94
          ],
          [
            1.795018,
            44.479892,
            266.92
          ],
          [
            1.794878,
            44.479751,
            266.79
          ],
          [
            1.79478,
            44.479705,
            266.82
          ],
          [
            1.794638,
            44.479602,
            266.84
          ],
          [
            1.794599,
            44.479549,
            266.78
          ],
          [
            1.794558,
            44.479447,
            266.71
          ],
          [
            1.794539,
            44.479309,
            266.74
          ],
          [
            1.794515,
            44.479249,
            266.71
          ],
          [
            1.794382,
            44.479192,
            266.61
          ],
          [
            1.79426,
            44.479121,
            266.48
          ],
          [
            1.794117,
            44.478964,
            266.1
          ],
          [
            1.794073,
            44.478942,
            266.0
          ],
          [
            1.793967,
            44.478922,
            265.75
          ],
          [
            1.793786,
            44.478811,
            265.15
          ],
          [
            1.793727,
            44.478761,
            264.81
          ],
          [
            1.7936,
            44.478691,
            264.16
          ],
          [
            1.793541,
            44.478584,
            263.59
          ],
          [
            1.793514,
            44.478385,
            262.85
          ],
          [
            1.793521,
            44.478313,
            262.6
          ],
          [
            1.793562,
            44.478235,
            262.44
          ],
          [
            1.793568,
            44.478175,
            262.37
          ],
          [
            1.793523,
            44.478063,
            262.24
          ],
          [
            1.793473,
            44.477977,
            262.11
          ],
          [
            1.793345,
            44.477841,
            262.19
          ],
          [
            1.793169,
            44.477706,
            262.77
          ],
          [
            1.793078,
            44.477613,
            263.32
          ],
          [
            1.792704,
            44.477331,
            264.43
          ],
          [
            1.792566,
            44.477204,
            264.71
          ],
          [
            1.792512,
            44.477119,
            264.9
          ],
          [
            1.792437,
            44.477049,
            264.86
          ],
          [
            1.792268,
            44.476852,
            263.0
          ],
          [
            1.792308,
            44.47679,
            261.46
          ],
          [
            1.792313,
            44.476735,
            260.59
          ],
          [
            1.792304,
            44.476665,
            260.05
          ],
          [
            1.792259,
            44.476567,
            259.08
          ],
          [
            1.792121,
            44.476379,
            257.35
          ],
          [
            1.792059,
            44.476258,
            256.26
          ],
          [
            1.791999,
            44.4761,
            255.76
          ],
          [
            1.791838,
            44.476021,
            255.0
          ],
          [
            1.791521,
            44.475824,
            252.8
          ],
          [
            1.791381,
            44.475785,
            251.26
          ],
          [
            1.791154,
            44.475781,
            248.95
          ],
          [
            1.790817,
            44.47584,
            245.91
          ],
          [
            1.790566,
            44.475856,
            243.67
          ],
          [
            1.790262,
            44.475858,
            240.95
          ],
          [
            1.789982,
            44.475774,
            238.15
          ],
          [
            1.789693,
            44.475607,
            235.0
          ],
          [
            1.789503,
            44.475515,
            233.29
          ],
          [
            1.788745,
            44.475339,
            226.46
          ],
          [
            1.788444,
            44.475204,
            223.1
          ],
          [
            1.788068,
            44.474968,
            218.69
          ],
          [
            1.787635,
            44.474609,
            212.4
          ],
          [
            1.787294,
            44.474359,
            207.41
          ],
          [
            1.786836,
            44.474145,
            201.74
          ],
          [
            1.786236,
            44.473675,
            191.55
          ],
          [
            1.786161,
            44.473659,
            190.02
          ],
          [
            1.786105,
            44.473679,
            188.05
          ],
          [
            1.786195,
            44.473858,
            186.39
          ],
          [
            1.786283,
            44.474,
            185.4
          ],
          [
            1.786428,
            44.474144,
            184.37
          ],
          [
            1.786492,
            44.47424,
            183.18
          ],
          [
            1.786124,
            44.474013,
            179.53
          ],
          [
            1.785328,
            44.47347,
            168.26
          ],
          [
            1.785029,
            44.473235,
            163.4
          ],
          [
            1.784745,
            44.473066,
            159.55
          ],
          [
            1.784035,
            44.47276,
            151.09
          ],
          [
            1.783516,
            44.472591,
            146.22
          ],
          [
            1.783441,
            44.472607,
            145.26
          ],
          [
            1.783351,
            44.472587,
            144.38
          ],
          [
            1.783313,
            44.472692,
            142.86
          ],
          [
            1.78326,
            44.472787,
            143.28
          ],
          [
            1.783192,
            44.472841,
            143.61
          ],
          [
            1.783101,
            44.472886,
            144.01
          ],
          [
            1.783001,
            44.472913,
            145.15
          ],
          [
            1.783019,
            44.47297,
            146.12
          ],
          [
            1.783067,
            44.473028,
            147.09
          ],
          [
            1.783271,
            44.473279,
            150.64
          ],
          [
            1.783452,
            44.473557,
            155.56
          ],
          [
            1.78355,
            44.473744,
            159.81
          ],
          [
            1.783684,
            44.473841,
            159.19
          ],
          [
            1.78371,
            44.473985,
            162.46
          ],
          [
            1.783831,
            44.474259,
            165.41
          ],
          [
            1.783894,
            44.474356,
            166.3
          ],
          [
            1.784178,
            44.474918,
            172.88
          ],
          [
            1.784427,
            44.475316,
            179.36
          ],
          [
            1.784467,
            44.475395,
            180.71
          ],
          [
            1.784808,
            44.475869,
            189.63
          ],
          [
            1.784907,
            44.476137,
            194.43
          ],
          [
            1.784951,
            44.476522,
            200.82
          ],
          [
            1.784941,
            44.476689,
            203.73
          ],
          [
            1.784982,
            44.476961,
            208.6
          ],
          [
            1.785017,
            44.477019,
            209.71
          ],
          [
            1.78504,
            44.477133,
            211.69
          ],
          [
            1.785049,
            44.477308,
            214.57
          ],
          [
            1.78517,
            44.477831,
            221.78
          ],
          [
            1.785175,
            44.478171,
            225.01
          ],
          [
            1.785135,
            44.47847,
            227.11
          ],
          [
            1.785007,
            44.478971,
            231.62
          ],
          [
            1.784829,
            44.479326,
            236.02
          ],
          [
            1.784703,
            44.479634,
            240.55
          ],
          [
            1.784581,
            44.479942,
            245.19
          ],
          [
            1.784375,
            44.480548,
            253.19
          ],
          [
            1.784336,
            44.480785,
            255.54
          ],
          [
            1.784329,
            44.481032,
            257.74
          ],
          [
            1.784374,
            44.481191,
            259.32
          ],
          [
            1.784463,
            44.481348,
            261.15
          ],
          [
            1.784553,
            44.481646,
            264.9
          ],
          [
            1.784504,
            44.481822,
            267.23
          ],
          [
            1.784393,
            44.482016,
            270.19
          ],
          [
            1.784307,
            44.48221,
            273.33
          ],
          [
            1.784203,
            44.48262,
            279.09
          ],
          [
            1.78403,
            44.482985,
            282.49
          ],
          [
            1.783989,
            44.483286,
            284.32
          ],
          [
            1.783816,
            44.483731,
            286.01
          ],
          [
            1.783637,
            44.483978,
            287.09
          ],
          [
            1.783333,
            44.484272,
            288.9
          ],
          [
            1.782922,
            44.485012,
            294.43
          ],
          [
            1.782825,
            44.485214,
            296.37
          ],
          [
            1.782784,
            44.485277,
            297.26
          ],
          [
            1.782762,
            44.485365,
            297.15
          ],
          [
            1.782737,
            44.485889,
            297.22
          ],
          [
            1.782744,
            44.486027,
            297.2
          ],
          [
            1.782617,
            44.486168,
            300.17
          ],
          [
            1.78252,
            44.486363,
            303.66
          ],
          [
            1.78226,
            44.486517,
            306.05
          ],
          [
            1.78212,
            44.486737,
            308.03
          ],
          [
            1.781866,
            44.487041,
            310.13
          ],
          [
            1.781665,
            44.487333,
            311.44
          ],
          [
            1.781524,
            44.487424,
            312.04
          ],
          [
            1.781368,
            44.487559,
            312.78
          ],
          [
            1.781242,
            44.487622,
            313.24
          ],
          [
            1.780634,
            44.488086,
            315.47
          ],
          [
            1.780149,
            44.488311,
            315.68
          ],
          [
            1.779499,
            44.488526,
            315.48
          ],
          [
            1.77886,
            44.488877,
            315.7
          ],
          [
            1.778562,
            44.489097,
            315.58
          ],
          [
            1.778171,
            44.489255,
            318.35
          ],
          [
            1.777718,
            44.489492,
            321.64
          ],
          [
            1.777453,
            44.489659,
            323.66
          ],
          [
            1.77686,
            44.489901,
            327.7
          ],
          [
            1.776397,
            44.490033,
            330.63
          ],
          [
            1.775733,
            44.490249,
            334.97
          ],
          [
            1.775302,
            44.490493,
            338.02
          ],
          [
            1.775002,
            44.490744,
            340.56
          ],
          [
            1.774456,
            44.491099,
            344.05
          ],
          [
            1.773875,
            44.491503,
            347.89
          ],
          [
            1.773471,
            44.491716,
            350.43
          ],
          [
            1.773154,
            44.491909,
            353.34
          ],
          [
            1.772685,
            44.492178,
            356.93
          ],
          [
            1.77244,
            44.492268,
            358.91
          ],
          [
            1.771893,
            44.4923,
            362.0
          ],
          [
            1.771562,
            44.492346,
            362.6
          ],
          [
            1.770563,
            44.492403,
            360.97
          ],
          [
            1.769422,
            44.492583,
            359.24
          ],
          [
            1.768539,
            44.492878,
            359.13
          ],
          [
            1.767837,
            44.493237,
            359.5
          ],
          [
            1.767563,
            44.493464,
            359.76
          ],
          [
            1.767281,
            44.493624,
            360.24
          ],
          [
            1.766821,
            44.493762,
            361.45
          ],
          [
            1.766173,
            44.493898,
            363.85
          ],
          [
            1.765834,
            44.49398,
            365.83
          ],
          [
            1.765743,
            44.494011,
            366.35
          ],
          [
            1.764488,
            44.494448,
            365.88
          ],
          [
            1.764098,
            44.494546,
            364.09
          ],
          [
            1.763891,
            44.494568,
            363.29
          ],
          [
            1.763577,
            44.494573,
            362.2
          ],
          [
            1.762551,
            44.494496,
            360.97
          ],
          [
            1.762209,
            44.494451,
            360.47
          ],
          [
            1.761675,
            44.494311,
            359.26
          ],
          [
            1.761192,
            44.494211,
            357.98
          ],
          [
            1.760843,
            44.494155,
            357.04
          ],
          [
            1.760542,
            44.494133,
            356.32
          ],
          [
            1.760315,
            44.494107,
            355.93
          ],
          [
            1.760061,
            44.494061,
            355.66
          ],
          [
            1.759902,
            44.494051,
            355.56
          ],
          [
            1.759697,
            44.494049,
            355.5
          ],
          [
            1.758895,
            44.49388,
            356.08
          ],
          [
            1.758314,
            44.49374,
            356.37
          ],
          [
            1.7581,
            44.49368,
            356.3
          ],
          [
            1.757884,
            44.493661,
            356.09
          ],
          [
            1.757622,
            44.493593,
            355.6
          ],
          [
            1.757316,
            44.493561,
            354.68
          ],
          [
            1.757083,
            44.493514,
            353.72
          ],
          [
            1.756938,
            44.493473,
            353.03
          ],
          [
            1.756301,
            44.493186,
            349.11
          ],
          [
            1.755553,
            44.492997,
            344.89
          ],
          [
            1.754672,
            44.492859,
            340.8
          ],
          [
            1.754403,
            44.492791,
            339.62
          ],
          [
            1.753729,
            44.492684,
            337.02
          ],
          [
            1.753369,
            44.492615,
            336.06
          ],
          [
            1.753073,
            44.492598,
            335.24
          ],
          [
            1.752516,
            44.492451,
            335.55
          ],
          [
            1.752226,
            44.49247,
            335.22
          ],
          [
            1.751614,
            44.492414,
            334.85
          ],
          [
            1.751434,
            44.492362,
            335.27
          ],
          [
            1.751311,
            44.492356,
            335.26
          ],
          [
            1.751064,
            44.49232,
            334.87
          ],
          [
            1.750868,
            44.492333,
            334.96
          ],
          [
            1.750701,
            44.492354,
            335.56
          ],
          [
            1.750522,
            44.49233,
            336.21
          ],
          [
            1.750271,
            44.49228,
            336.84
          ],
          [
            1.750073,
            44.49226,
            337.44
          ],
          [
            1.749878,
            44.492278,
            338.1
          ],
          [
            1.74967,
            44.492319,
            338.86
          ],
          [
            1.749401,
            44.492392,
            339.78
          ],
          [
            1.749226,
            44.492408,
            340.17
          ],
          [
            1.748941,
            44.492402,
            340.57
          ],
          [
            1.748588,
            44.492455,
            340.94
          ],
          [
            1.748254,
            44.492527,
            341.09
          ],
          [
            1.74798,
            44.492524,
            341.09
          ],
          [
            1.747712,
            44.492553,
            341.06
          ],
          [
            1.747259,
            44.492635,
            341.1
          ],
          [
            1.746896,
            44.492682,
            341.14
          ],
          [
            1.746617,
            44.49268,
            341.29
          ],
          [
            1.746332,
            44.49265,
            342.0
          ],
          [
            1.746033,
            44.492708,
            343.56
          ],
          [
            1.745874,
            44.492703,
            344.41
          ],
          [
            1.745553,
            44.49262,
            346.28
          ],
          [
            1.74535,
            44.492607,
            347.4
          ],
          [
            1.745194,
            44.492548,
            348.29
          ],
          [
            1.744878,
            44.49241,
            349.96
          ],
          [
            1.744409,
            44.492225,
            351.53
          ],
          [
            1.74408,
            44.492072,
            352.01
          ],
          [
            1.743822,
            44.491906,
            352.04
          ],
          [
            1.743715,
            44.491773,
            351.88
          ],
          [
            1.743585,
            44.491708,
            351.69
          ],
          [
            1.743391,
            44.491626,
            351.34
          ],
          [
            1.743281,
            44.491594,
            351.15
          ],
          [
            1.742518,
            44.491207,
            350.0
          ],
          [
            1.742383,
            44.491138,
            350.24
          ],
          [
            1.742057,
            44.491014,
            351.73
          ],
          [
            1.74162,
            44.490887,
            355.09
          ],
          [
            1.741432,
            44.490814,
            356.68
          ],
          [
            1.741246,
            44.490753,
            358.35
          ],
          [
            1.741019,
            44.49065,
            360.61
          ],
          [
            1.740862,
            44.490559,
            362.25
          ],
          [
            1.740555,
            44.490492,
            364.77
          ],
          [
            1.740301,
            44.490452,
            366.89
          ],
          [
            1.739982,
            44.490444,
            368.55
          ],
          [
            1.739714,
            44.490445,
            369.02
          ],
          [
            1.739428,
            44.49051,
            369.57
          ],
          [
            1.739154,
            44.490595,
            370.01
          ],
          [
            1.738899,
            44.49072,
            370.41
          ],
          [
            1.738544,
            44.490856,
            371.05
          ],
          [
            1.738365,
            44.490953,
            371.52
          ],
          [
            1.738242,
            44.491059,
            372.01
          ],
          [
            1.73808,
            44.491157,
            372.7
          ],
          [
            1.737576,
            44.4914,
            375.1
          ],
          [
            1.737171,
            44.491479,
            376.98
          ],
          [
            1.736757,
            44.491622,
            378.47
          ],
          [
            1.736437,
            44.491773,
            378.77
          ],
          [
            1.736205,
            44.491835,
            378.39
          ],
          [
            1.736003,
            44.491875,
            377.78
          ],
          [
            1.735864,
            44.491926,
            377.16
          ],
          [
            1.735769,
            44.492005,
            376.48
          ],
          [
            1.735656,
            44.492153,
            375.23
          ],
          [
            1.73551,
            44.492286,
            373.91
          ],
          [
            1.735235,
            44.492418,
            371.95
          ],
          [
            1.734824,
            44.492585,
            369.53
          ],
          [
            1.734682,
            44.492656,
            368.81
          ],
          [
            1.734592,
            44.49274,
            368.27
          ],
          [
            1.734459,
            44.4928,
            367.77
          ],
          [
            1.733938,
            44.492916,
            366.22
          ],
          [
            1.73368,
            44.492981,
            365.54
          ],
          [
            1.733056,
            44.493111,
            364.13
          ],
          [
            1.732587,
            44.493225,
            363.11
          ],
          [
            1.732307,
            44.493285,
            362.6
          ],
          [
            1.732102,
            44.4933,
            362.28
          ],
          [
            1.731617,
            44.493373,
            361.68
          ],
          [
            1.731289,
            44.493381,
            361.32
          ],
          [
            1.731165,
            44.493405,
            361.14
          ],
          [
            1.730669,
            44.493571,
            360.41
          ],
          [
            1.730298,
            44.493685,
            360.24
          ],
          [
            1.72997,
            44.493751,
            360.21
          ],
          [
            1.729481,
            44.493904,
            360.66
          ],
          [
            1.729297,
            44.493952,
            361.0
          ],
          [
            1.729194,
            44.493943,
            361.0
          ],
          [
            1.729115,
            44.493906,
            361.0
          ],
          [
            1.729105,
            44.493832,
            361.3
          ],
          [
            1.729112,
            44.493735,
            361.57
          ],
          [
            1.729062,
            44.493666,
            361.82
          ],
          [
            1.728943,
            44.493578,
            362.4
          ],
          [
            1.728766,
            44.493484,
            364.0
          ],
          [
            1.728564,
            44.493426,
            365.48
          ],
          [
            1.728146,
            44.493413,
            366.17
          ],
          [
            1.727712,
            44.493439,
            366.31
          ],
          [
            1.727369,
            44.493496,
            365.67
          ],
          [
            1.726872,
            44.49353,
            363.36
          ],
          [
            1.726331,
            44.493607,
            363.96
          ],
          [
            1.725882,
            44.493716,
            365.36
          ],
          [
            1.725319,
            44.493796,
            366.24
          ],
          [
            1.72463,
            44.493923,
            365.16
          ],
          [
            1.72412,
            44.494059,
            362.94
          ],
          [
            1.723856,
            44.494071,
            361.63
          ],
          [
            1.723563,
            44.494182,
            359.88
          ],
          [
            1.722914,
            44.494326,
            356.86
          ],
          [
            1.722516,
            44.494443,
            355.23
          ],
          [
            1.72189,
            44.494644,
            354.0
          ],
          [
            1.722006,
            44.494779,
            353.4
          ],
          [
            1.722296,
            44.495008,
            351.25
          ],
          [
            1.722657,
            44.495152,
            349.16
          ],
          [
            1.723102,
            44.495293,
            346.39
          ],
          [
            1.72324,
            44.49539,
            345.2
          ],
          [
            1.723268,
            44.49552,
            344.04
          ],
          [
            1.72322,
            44.495661,
            342.74
          ],
          [
            1.723051,
            44.495754,
            341.36
          ],
          [
            1.721903,
            44.496019,
            333.47
          ],
          [
            1.72156,
            44.49618,
            330.97
          ],
          [
            1.720818,
            44.496607,
            325.0
          ],
          [
            1.720688,
            44.496768,
            323.34
          ],
          [
            1.720573,
            44.497093,
            320.4
          ],
          [
            1.720431,
            44.497815,
            314.44
          ],
          [
            1.720303,
            44.498085,
            312.22
          ],
          [
            1.720047,
            44.498502,
            308.57
          ],
          [
            1.719994,
            44.498695,
            307.4
          ],
          [
            1.720011,
            44.49944,
            301.2
          ],
          [
            1.719987,
            44.499555,
            300.09
          ],
          [
            1.719929,
            44.499653,
            299.1
          ],
          [
            1.719214,
            44.500573,
            291.47
          ],
          [
            1.719008,
            44.500621,
            291.4
          ],
          [
            1.718839,
            44.500684,
            291.3
          ],
          [
            1.718745,
            44.500694,
            291.2
          ],
          [
            1.718654,
            44.500674,
            291.07
          ],
          [
            1.71832,
            44.500518,
            291.49
          ],
          [
            1.717937,
            44.500273,
            292.35
          ],
          [
            1.717725,
            44.500228,
            292.78
          ],
          [
            1.717142,
            44.500191,
            293.92
          ],
          [
            1.716563,
            44.500143,
            294.01
          ],
          [
            1.716105,
            44.500157,
            293.66
          ],
          [
            1.71589,
            44.500071,
            293.47
          ],
          [
            1.715737,
            44.499949,
            293.32
          ],
          [
            1.715474,
            44.49983,
            293.21
          ],
          [
            1.715015,
            44.499777,
            293.32
          ],
          [
            1.714796,
            44.499791,
            293.33
          ],
          [
            1.714188,
            44.499929,
            292.99
          ],
          [
            1.713918,
            44.499952,
            292.81
          ],
          [
            1.713581,
            44.499959,
            292.5
          ],
          [
            1.713282,
            44.50002,
            292.16
          ],
          [
            1.712143,
            44.50055,
            291.06
          ],
          [
            1.712064,
            44.50062,
            290.93
          ],
          [
            1.711906,
            44.500913,
            290.32
          ],
          [
            1.711742,
            44.501185,
            289.73
          ],
          [
            1.71173,
            44.501324,
            289.52
          ],
          [
            1.711758,
            44.501694,
            289.16
          ],
          [
            1.711719,
            44.501808,
            289.13
          ],
          [
            1.711393,
            44.502293,
            289.48
          ],
          [
            1.7111,
            44.502631,
            289.06
          ],
          [
            1.710395,
            44.503064,
            286.08
          ],
          [
            1.709828,
            44.503493,
            281.93
          ],
          [
            1.709718,
            44.503605,
            280.91
          ],
          [
            1.709646,
            44.503721,
            280.02
          ],
          [
            1.709541,
            44.503971,
            278.45
          ],
          [
            1.709506,
            44.504213,
            277.4
          ],
          [
            1.709497,
            44.504502,
            276.87
          ],
          [
            1.709415,
            44.504619,
            276.91
          ],
          [
            1.709305,
            44.504711,
            277.13
          ],
          [
            1.709164,
            44.504778,
            277.5
          ],
          [
            1.708686,
            44.504889,
            279.06
          ],
          [
            1.708566,
            44.504942,
            279.58
          ],
          [
            1.708454,
            44.505006,
            280.12
          ],
          [
            1.708155,
            44.505236,
            281.92
          ],
          [
            1.707864,
            44.505473,
            283.2
          ],
          [
            1.707416,
            44.505695,
            282.69
          ],
          [
            1.707275,
            44.505755,
            282.23
          ],
          [
            1.706875,
            44.505975,
            281.33
          ],
          [
            1.706025,
            44.506361,
            278.73
          ],
          [
            1.705773,
            44.506621,
            279.95
          ],
          [
            1.705651,
            44.506801,
            281.01
          ],
          [
            1.705638,
            44.506913,
            281.95
          ],
          [
            1.705296,
            44.507327,
            285.5
          ],
          [
            1.70511,
            44.507674,
            288.27
          ],
          [
            1.704755,
            44.50782,
            289.11
          ],
          [
            1.70398,
            44.508073,
            291.52
          ],
          [
            1.703274,
            44.508142,
            294.12
          ],
          [
            1.702616,
            44.50809,
            296.63
          ],
          [
            1.702158,
            44.507993,
            297.99
          ],
          [
            1.70166,
            44.507795,
            299.63
          ],
          [
            1.70115,
            44.507724,
            301.45
          ],
          [
            1.700414,
            44.50769,
            306.07
          ],
          [
            1.699977,
            44.507734,
            308.15
          ],
          [
            1.699427,
            44.507692,
            306.61
          ],
          [
            1.698384,
            44.507546,
            301.09
          ],
          [
            1.698111,
            44.507543,
            300.23
          ],
          [
            1.697881,
            44.507604,
            300.01
          ],
          [
            1.697633,
            44.507733,
            300.36
          ],
          [
            1.697264,
            44.507771,
            301.65
          ],
          [
            1.696963,
            44.507826,
            303.61
          ],
          [
            1.696606,
            44.507827,
            306.09
          ],
          [
            1.696273,
            44.507794,
            308.03
          ],
          [
            1.695,
            44.507568,
            312.18
          ],
          [
            1.694552,
            44.507458,
            312.6
          ],
          [
            1.693572,
            44.506984,
            312.17
          ],
          [
            1.693321,
            44.50688,
            311.7
          ],
          [
            1.693026,
            44.5067,
            310.9
          ],
          [
            1.692627,
            44.506546,
            309.65
          ],
          [
            1.692133,
            44.506389,
            307.88
          ],
          [
            1.691808,
            44.506251,
            306.59
          ],
          [
            1.691333,
            44.506205,
            304.83
          ],
          [
            1.690996,
            44.506112,
            303.91
          ],
          [
            1.690871,
            44.506055,
            303.35
          ],
          [
            1.690437,
            44.505785,
            302.28
          ],
          [
            1.690125,
            44.505631,
            301.95
          ],
          [
            1.689903,
            44.50578,
            301.81
          ],
          [
            1.689266,
            44.506113,
            299.92
          ],
          [
            1.688756,
            44.506245,
            298.22
          ],
          [
            1.68855,
            44.506248,
            297.57
          ],
          [
            1.688284,
            44.506323,
            296.67
          ],
          [
            1.687965,
            44.506344,
            295.72
          ],
          [
            1.68757,
            44.506416,
            294.64
          ],
          [
            1.686661,
            44.506557,
            293.98
          ],
          [
            1.686175,
            44.506557,
            294.68
          ],
          [
            1.68585,
            44.50664,
            295.17
          ],
          [
            1.685557,
            44.50677,
            295.69
          ],
          [
            1.685118,
            44.506921,
            296.06
          ],
          [
            1.684566,
            44.507163,
            294.64
          ],
          [
            1.684136,
            44.507468,
            292.21
          ],
          [
            1.683547,
            44.507528,
            287.36
          ],
          [
            1.68351,
            44.507689,
            287.0
          ],
          [
            1.683265,
            44.507627,
            283.99
          ],
          [
            1.682322,
            44.507489,
            271.74
          ],
          [
            1.682023,
            44.507538,
            268.11
          ],
          [
            1.6809,
            44.50721,
            255.27
          ],
          [
            1.679956,
            44.507025,
            245.76
          ],
          [
            1.679782,
            44.506859,
            243.22
          ],
          [
            1.678754,
            44.507222,
            240.34
          ],
          [
            1.677797,
            44.507676,
            238.05
          ],
          [
            1.677033,
            44.507915,
            237.28
          ],
          [
            1.675263,
            44.509048,
            235.06
          ],
          [
            1.674377,
            44.509175,
            232.19
          ],
          [
            1.673542,
            44.509348,
            229.12
          ],
          [
            1.67311,
            44.509524,
            227.46
          ],
          [
            1.672474,
            44.509669,
            225.41
          ],
          [
            1.672147,
            44.509717,
            224.2
          ],
          [
            1.671611,
            44.509746,
            221.62
          ],
          [
            1.671677,
            44.509569,
            219.29
          ],
          [
            1.671669,
            44.509488,
            218.5
          ],
          [
            1.671593,
            44.509436,
            217.9
          ],
          [
            1.671421,
            44.509402,
            216.84
          ],
          [
            1.671186,
            44.509399,
            215.06
          ],
          [
            1.670974,
            44.509425,
            213.72
          ],
          [
            1.670812,
            44.50942,
            212.43
          ],
          [
            1.670286,
            44.509298,
            206.95
          ],
          [
            1.669836,
            44.509254,
            202.13
          ],
          [
            1.669672,
            44.509189,
            200.04
          ],
          [
            1.66897,
            44.508644,
            189.08
          ],
          [
            1.668687,
            44.508181,
            182.9
          ],
          [
            1.668386,
            44.50783,
            178.32
          ],
          [
            1.667698,
            44.507136,
            171.11
          ],
          [
            1.666977,
            44.5065,
            168.43
          ],
          [
            1.666395,
            44.506272,
            169.6
          ],
          [
            1.665899,
            44.50631,
            170.25
          ],
          [
            1.665351,
            44.5064,
            169.44
          ],
          [
            1.665093,
            44.506433,
            168.87
          ],
          [
            1.664805,
            44.506441,
            167.04
          ],
          [
            1.664634,
            44.506398,
            166.58
          ],
          [
            1.664473,
            44.506328,
            167.44
          ],
          [
            1.664345,
            44.506312,
            167.95
          ],
          [
            1.664061,
            44.506394,
            168.73
          ],
          [
            1.663732,
            44.506408,
            169.46
          ],
          [
            1.663054,
            44.506512,
            172.08
          ],
          [
            1.662746,
            44.506624,
            171.63
          ],
          [
            1.662289,
            44.506722,
            169.6
          ],
          [
            1.661982,
            44.506826,
            167.05
          ],
          [
            1.661277,
            44.507103,
            157.69
          ],
          [
            1.660454,
            44.507268,
            150.83
          ],
          [
            1.659547,
            44.507425,
            144.47
          ],
          [
            1.659031,
            44.507418,
            140.59
          ],
          [
            1.658959,
            44.507461,
            139.6
          ],
          [
            1.658237,
            44.507678,
            133.48
          ],
          [
            1.657687,
            44.507858,
            138.67
          ],
          [
            1.657447,
            44.507624,
            138.57
          ],
          [
            1.6572,
            44.507356,
            137.01
          ],
          [
            1.657035,
            44.507156,
            136.75
          ],
          [
            1.656914,
            44.507202,
            140.97
          ],
          [
            1.656739,
            44.507022,
            142.16
          ],
          [
            1.656592,
            44.506695,
            141.18
          ],
          [
            1.656462,
            44.506541,
            141.64
          ],
          [
            1.656347,
            44.506449,
            141.05
          ],
          [
            1.656238,
            44.506384,
            140.94
          ],
          [
            1.656079,
            44.506333,
            141.18
          ],
          [
            1.655734,
            44.506326,
            142.18
          ],
          [
            1.655637,
            44.506403,
            143.85
          ],
          [
            1.655513,
            44.506475,
            145.03
          ],
          [
            1.655341,
            44.506538,
            145.97
          ],
          [
            1.655175,
            44.506582,
            146.21
          ],
          [
            1.655067,
            44.506576,
            145.56
          ],
          [
            1.654852,
            44.506521,
            144.54
          ],
          [
            1.654667,
            44.506526,
            144.33
          ],
          [
            1.654478,
            44.506513,
            144.1
          ],
          [
            1.654213,
            44.506438,
            144.18
          ],
          [
            1.654078,
            44.506442,
            144.52
          ],
          [
            1.653829,
            44.506387,
            144.97
          ],
          [
            1.653702,
            44.506373,
            145.11
          ],
          [
            1.653518,
            44.506296,
            145.29
          ],
          [
            1.653404,
            44.506211,
            145.0
          ],
          [
            1.653166,
            44.506258,
            145.14
          ],
          [
            1.653106,
            44.506283,
            145.27
          ],
          [
            1.653052,
            44.50632,
            145.51
          ],
          [
            1.652946,
            44.506327,
            145.63
          ],
          [
            1.652931,
            44.506343,
            145.67
          ],
          [
            1.652713,
            44.506421,
            145.9
          ],
          [
            1.65265,
            44.506481,
            146.01
          ],
          [
            1.652628,
            44.506542,
            146.1
          ],
          [
            1.652557,
            44.507035,
            147.01
          ],
          [
            1.652743,
            44.507082,
            148.53
          ],
          [
            1.652668,
            44.50728,
            148.79
          ],
          [
            1.65249,
            44.507487,
            150.16
          ],
          [
            1.652324,
            44.507635,
            152.07
          ],
          [
            1.65219,
            44.507771,
            153.07
          ],
          [
            1.652051,
            44.507881,
            154.05
          ],
          [
            1.651668,
            44.508035,
            155.59
          ],
          [
            1.651282,
            44.508148,
            156.73
          ],
          [
            1.650955,
            44.508193,
            156.18
          ],
          [
            1.65076,
            44.508243,
            155.77
          ],
          [
            1.65059,
            44.508268,
            155.5
          ],
          [
            1.650454,
            44.508307,
            156.43
          ],
          [
            1.650217,
            44.508493,
            156.57
          ],
          [
            1.649763,
            44.508932,
            157.14
          ],
          [
            1.649552,
            44.509388,
            157.59
          ],
          [
            1.649515,
            44.509444,
            157.63
          ],
          [
            1.649214,
            44.509703,
            157.85
          ],
          [
            1.649177,
            44.509752,
            157.87
          ],
          [
            1.649135,
            44.509886,
            157.86
          ],
          [
            1.64898,
            44.510141,
            158.03
          ],
          [
            1.648953,
            44.510219,
            158.22
          ],
          [
            1.648951,
            44.510281,
            158.43
          ],
          [
            1.649031,
            44.510583,
            159.3
          ],
          [
            1.649043,
            44.510669,
            159.69
          ],
          [
            1.649037,
            44.510748,
            159.62
          ],
          [
            1.648925,
            44.510863,
            160.63
          ],
          [
            1.648616,
            44.51108,
            164.04
          ],
          [
            1.648249,
            44.5113,
            166.23
          ],
          [
            1.648049,
            44.511507,
            167.8
          ],
          [
            1.64781,
            44.511879,
            169.74
          ],
          [
            1.64755,
            44.512231,
            171.6
          ],
          [
            1.647469,
            44.512357,
            172.24
          ],
          [
            1.64743,
            44.512456,
            171.64
          ],
          [
            1.647413,
            44.512547,
            170.79
          ],
          [
            1.647412,
            44.51268,
            171.12
          ],
          [
            1.647431,
            44.512768,
            171.42
          ],
          [
            1.647436,
            44.512979,
            174.18
          ],
          [
            1.647142,
            44.513498,
            178.51
          ],
          [
            1.647086,
            44.513577,
            179.09
          ],
          [
            1.64703,
            44.51363,
            179.52
          ],
          [
            1.646884,
            44.513721,
            180.36
          ],
          [
            1.646779,
            44.513828,
            181.11
          ],
          [
            1.646734,
            44.51391,
            181.58
          ],
          [
            1.646702,
            44.513983,
            181.98
          ],
          [
            1.64666,
            44.514127,
            182.78
          ],
          [
            1.646642,
            44.514451,
            183.98
          ],
          [
            1.646625,
            44.514507,
            184.2
          ],
          [
            1.646582,
            44.514578,
            184.5
          ],
          [
            1.646524,
            44.514613,
            184.73
          ],
          [
            1.646459,
            44.514633,
            185.08
          ],
          [
            1.646384,
            44.514627,
            185.58
          ],
          [
            1.646318,
            44.514656,
            186.43
          ],
          [
            1.646214,
            44.514681,
            187.52
          ],
          [
            1.645791,
            44.514869,
            190.44
          ],
          [
            1.645337,
            44.515192,
            193.45
          ],
          [
            1.644942,
            44.515576,
            196.24
          ],
          [
            1.644673,
            44.515979,
            198.74
          ],
          [
            1.644517,
            44.51631,
            200.64
          ],
          [
            1.644302,
            44.516477,
            201.94
          ],
          [
            1.644055,
            44.516523,
            202.98
          ],
          [
            1.642845,
            44.516497,
            208.12
          ],
          [
            1.642165,
            44.516475,
            210.31
          ],
          [
            1.641831,
            44.516521,
            211.31
          ],
          [
            1.64155,
            44.516622,
            211.81
          ],
          [
            1.641292,
            44.516789,
            212.53
          ],
          [
            1.641216,
            44.516823,
            213.05
          ],
          [
            1.641096,
            44.516859,
            213.74
          ],
          [
            1.64081,
            44.516859,
            215.35
          ],
          [
            1.640344,
            44.51677,
            217.68
          ],
          [
            1.640059,
            44.516704,
            219.19
          ],
          [
            1.638882,
            44.516579,
            224.82
          ],
          [
            1.637669,
            44.516416,
            231.12
          ],
          [
            1.636685,
            44.516305,
            236.5
          ],
          [
            1.636203,
            44.516239,
            239.21
          ],
          [
            1.635817,
            44.516191,
            240.92
          ],
          [
            1.634778,
            44.516095,
            245.08
          ],
          [
            1.633696,
            44.51594,
            249.7
          ],
          [
            1.632206,
            44.515993,
            255.03
          ],
          [
            1.631843,
            44.515979,
            256.01
          ],
          [
            1.631501,
            44.515917,
            256.46
          ],
          [
            1.631216,
            44.515851,
            256.93
          ],
          [
            1.629466,
            44.515118,
            261.08
          ],
          [
            1.629026,
            44.514884,
            262.3
          ],
          [
            1.628602,
            44.514715,
            263.49
          ],
          [
            1.62829,
            44.514634,
            264.32
          ],
          [
            1.627334,
            44.514504,
            266.9
          ],
          [
            1.626568,
            44.514468,
            269.06
          ],
          [
            1.62614,
            44.514462,
            269.89
          ],
          [
            1.625478,
            44.514491,
            271.06
          ],
          [
            1.625191,
            44.514437,
            271.82
          ],
          [
            1.624641,
            44.514118,
            274.23
          ],
          [
            1.624045,
            44.513613,
            278.23
          ],
          [
            1.6233,
            44.513376,
            281.11
          ],
          [
            1.621948,
            44.513047,
            283.8
          ],
          [
            1.620955,
            44.512542,
            286.23
          ],
          [
            1.619872,
            44.512163,
            289.23
          ],
          [
            1.618917,
            44.511651,
            293.22
          ],
          [
            1.617726,
            44.510947,
            298.64
          ],
          [
            1.616905,
            44.510216,
            302.98
          ],
          [
            1.61602,
            44.509627,
            307.94
          ],
          [
            1.615221,
            44.509122,
            313.67
          ],
          [
            1.614405,
            44.508288,
            321.14
          ],
          [
            1.614078,
            44.507783,
            324.6
          ],
          [
            1.612909,
            44.507007,
            328.65
          ],
          [
            1.612266,
            44.506685,
            329.41
          ],
          [
            1.611906,
            44.506554,
            329.0
          ],
          [
            1.611584,
            44.506491,
            328.87
          ],
          [
            1.610973,
            44.506407,
            327.99
          ],
          [
            1.610351,
            44.506392,
            327.1
          ],
          [
            1.609857,
            44.506422,
            326.31
          ],
          [
            1.609055,
            44.506698,
            325.05
          ],
          [
            1.608899,
            44.506744,
            324.93
          ],
          [
            1.608693,
            44.506771,
            324.82
          ],
          [
            1.607022,
            44.506788,
            325.08
          ],
          [
            1.606126,
            44.50683,
            324.79
          ],
          [
            1.605058,
            44.506855,
            323.92
          ],
          [
            1.604945,
            44.506832,
            323.82
          ],
          [
            1.604667,
            44.506742,
            323.54
          ],
          [
            1.604385,
            44.506744,
            323.28
          ],
          [
            1.603892,
            44.506851,
            322.71
          ],
          [
            1.603119,
            44.506973,
            321.93
          ],
          [
            1.602607,
            44.50704,
            321.26
          ],
          [
            1.602473,
            44.507082,
            321.1
          ],
          [
            1.602199,
            44.507191,
            320.85
          ],
          [
            1.601931,
            44.507285,
            320.7
          ],
          [
            1.601698,
            44.507327,
            320.68
          ],
          [
            1.601531,
            44.507333,
            320.73
          ],
          [
            1.601349,
            44.50732,
            320.8
          ],
          [
            1.600362,
            44.507193,
            322.19
          ],
          [
            1.599622,
            44.507192,
            324.62
          ],
          [
            1.597781,
            44.50731,
            326.09
          ],
          [
            1.596638,
            44.507463,
            321.3
          ],
          [
            1.596182,
            44.507543,
            318.73
          ],
          [
            1.595871,
            44.507647,
            316.75
          ],
          [
            1.595142,
            44.508228,
            310.34
          ],
          [
            1.594434,
            44.508595,
            306.1
          ],
          [
            1.593833,
            44.508779,
            304.85
          ],
          [
            1.593253,
            44.50884,
            305.54
          ],
          [
            1.592738,
            44.50881,
            307.08
          ],
          [
            1.591966,
            44.508657,
            309.88
          ],
          [
            1.591215,
            44.508435,
            311.6
          ],
          [
            1.590636,
            44.508335,
            312.01
          ],
          [
            1.590432,
            44.508324,
            311.85
          ],
          [
            1.590244,
            44.508357,
            311.78
          ],
          [
            1.590216,
            44.508316,
            311.33
          ],
          [
            1.590156,
            44.508281,
            310.83
          ],
          [
            1.59007,
            44.508261,
            310.42
          ],
          [
            1.589592,
            44.508232,
            308.15
          ],
          [
            1.589416,
            44.50824,
            307.2
          ],
          [
            1.589186,
            44.508288,
            305.9
          ],
          [
            1.589004,
            44.508337,
            304.88
          ],
          [
            1.588742,
            44.508388,
            303.42
          ],
          [
            1.588519,
            44.508463,
            301.9
          ],
          [
            1.588365,
            44.508539,
            300.74
          ],
          [
            1.588294,
            44.508565,
            300.29
          ],
          [
            1.588275,
            44.508564,
            300.16
          ],
          [
            1.588246,
            44.508645,
            300.04
          ],
          [
            1.588133,
            44.508726,
            299.33
          ],
          [
            1.587915,
            44.508909,
            297.7
          ],
          [
            1.587703,
            44.509107,
            296.34
          ],
          [
            1.587532,
            44.509253,
            295.27
          ],
          [
            1.586575,
            44.509792,
            302.34
          ],
          [
            1.586044,
            44.510159,
            309.11
          ],
          [
            1.585905,
            44.510241,
            310.66
          ],
          [
            1.585424,
            44.510435,
            315.18
          ],
          [
            1.584978,
            44.510578,
            319.38
          ],
          [
            1.584949,
            44.510602,
            319.86
          ],
          [
            1.584938,
            44.510647,
            320.64
          ],
          [
            1.584795,
            44.510656,
            321.49
          ],
          [
            1.584337,
            44.51061,
            324.53
          ],
          [
            1.584099,
            44.510641,
            326.01
          ],
          [
            1.583748,
            44.510734,
            328.14
          ],
          [
            1.583214,
            44.510961,
            330.8
          ],
          [
            1.582905,
            44.511079,
            331.83
          ],
          [
            1.582611,
            44.511147,
            332.67
          ],
          [
            1.582182,
            44.51123,
            333.85
          ],
          [
            1.581825,
            44.511242,
            334.78
          ],
          [
            1.581584,
            44.51122,
            335.78
          ],
          [
            1.581348,
            44.511179,
            336.9
          ],
          [
            1.581219,
            44.51117,
            337.09
          ],
          [
            1.581039,
            44.511096,
            337.68
          ],
          [
            1.580596,
            44.510943,
            338.19
          ],
          [
            1.580486,
            44.511032,
            338.93
          ],
          [
            1.580411,
            44.511067,
            339.48
          ],
          [
            1.580245,
            44.511095,
            340.38
          ],
          [
            1.579976,
            44.511103,
            341.72
          ],
          [
            1.579767,
            44.511145,
            343.02
          ],
          [
            1.57951,
            44.511308,
            344.75
          ],
          [
            1.579209,
            44.511581,
            346.86
          ],
          [
            1.578995,
            44.511736,
            347.65
          ],
          [
            1.578909,
            44.511905,
            348.0
          ],
          [
            1.578828,
            44.511974,
            348.1
          ],
          [
            1.578646,
            44.512082,
            348.17
          ],
          [
            1.578469,
            44.512239,
            348.07
          ],
          [
            1.578206,
            44.512564,
            347.5
          ],
          [
            1.578099,
            44.512736,
            347.28
          ],
          [
            1.578008,
            44.512842,
            347.18
          ],
          [
            1.57731,
            44.513188,
            347.05
          ],
          [
            1.575631,
            44.513872,
            343.89
          ],
          [
            1.575229,
            44.514106,
            342.93
          ],
          [
            1.574703,
            44.514442,
            340.44
          ],
          [
            1.57392,
            44.515035,
            334.93
          ],
          [
            1.573587,
            44.515272,
            332.8
          ],
          [
            1.573335,
            44.515441,
            331.28
          ],
          [
            1.573121,
            44.515678,
            329.43
          ],
          [
            1.573008,
            44.515858,
            328.11
          ],
          [
            1.57282,
            44.516045,
            326.52
          ],
          [
            1.571967,
            44.516439,
            321.58
          ],
          [
            1.571614,
            44.516628,
            319.67
          ],
          [
            1.571077,
            44.516944,
            317.52
          ],
          [
            1.570397,
            44.517421,
            317.37
          ],
          [
            1.570314,
            44.517458,
            317.48
          ],
          [
            1.570105,
            44.517522,
            317.78
          ],
          [
            1.569112,
            44.51774,
            318.97
          ],
          [
            1.568684,
            44.517763,
            318.97
          ],
          [
            1.568172,
            44.517777,
            318.83
          ],
          [
            1.567722,
            44.51777,
            318.64
          ],
          [
            1.567351,
            44.517755,
            318.63
          ],
          [
            1.567047,
            44.517721,
            318.52
          ],
          [
            1.566796,
            44.517678,
            318.29
          ],
          [
            1.566081,
            44.517653,
            315.8
          ],
          [
            1.56542,
            44.517619,
            311.14
          ],
          [
            1.564767,
            44.517568,
            305.26
          ],
          [
            1.564414,
            44.517497,
            301.92
          ],
          [
            1.564141,
            44.517463,
            299.44
          ],
          [
            1.563671,
            44.517457,
            295.35
          ],
          [
            1.563284,
            44.51746,
            291.69
          ],
          [
            1.563171,
            44.517474,
            290.55
          ],
          [
            1.562887,
            44.517537,
            287.49
          ],
          [
            1.562608,
            44.517583,
            284.35
          ],
          [
            1.562542,
            44.517603,
            283.48
          ],
          [
            1.562499,
            44.517629,
            282.81
          ],
          [
            1.56203,
            44.518157,
            271.12
          ],
          [
            1.561999,
            44.518309,
            268.15
          ],
          [
            1.561995,
            44.518426,
            265.71
          ],
          [
            1.562004,
            44.518498,
            264.15
          ],
          [
            1.562026,
            44.518563,
            262.82
          ],
          [
            1.562085,
            44.518631,
            261.2
          ],
          [
            1.562389,
            44.518841,
            254.95
          ],
          [
            1.562507,
            44.518876,
            252.46
          ],
          [
            1.563214,
            44.518895,
            240.62
          ],
          [
            1.563321,
            44.518905,
            238.84
          ],
          [
            1.563388,
            44.518919,
            237.68
          ],
          [
            1.563445,
            44.518949,
            236.51
          ],
          [
            1.563455,
            44.518981,
            235.78
          ],
          [
            1.563415,
            44.519035,
            234.4
          ],
          [
            1.563061,
            44.519306,
            226.54
          ],
          [
            1.562997,
            44.51937,
            224.95
          ],
          [
            1.56297,
            44.519418,
            223.92
          ],
          [
            1.56291,
            44.519587,
            220.51
          ],
          [
            1.562822,
            44.519716,
            217.92
          ],
          [
            1.562546,
            44.520032,
            211.37
          ],
          [
            1.562486,
            44.520086,
            210.19
          ],
          [
            1.562389,
            44.520128,
            208.75
          ],
          [
            1.5623,
            44.52014,
            207.58
          ],
          [
            1.562189,
            44.52014,
            206.15
          ],
          [
            1.561427,
            44.5201,
            196.17
          ],
          [
            1.56083,
            44.520123,
            188.07
          ],
          [
            1.560634,
            44.520109,
            185.54
          ],
          [
            1.560438,
            44.520075,
            183.02
          ],
          [
            1.560365,
            44.52004,
            181.94
          ],
          [
            1.560018,
            44.519837,
            176.44
          ],
          [
            1.559568,
            44.519639,
            170.3
          ],
          [
            1.559293,
            44.519444,
            165.75
          ],
          [
            1.559156,
            44.519366,
            164.25
          ],
          [
            1.558941,
            44.519281,
            162.49
          ],
          [
            1.558876,
            44.519245,
            161.97
          ],
          [
            1.558825,
            44.519201,
            161.38
          ],
          [
            1.558769,
            44.519112,
            160.15
          ],
          [
            1.558698,
            44.518883,
            157.11
          ],
          [
            1.558672,
            44.518853,
            156.47
          ],
          [
            1.558443,
            44.518766,
            153.16
          ],
          [
            1.55832,
            44.518734,
            154.14
          ],
          [
            1.557611,
            44.518816,
            155.48
          ],
          [
            1.557137,
            44.518844,
            155.35
          ],
          [
            1.556696,
            44.518943,
            155.32
          ],
          [
            1.556475,
            44.519003,
            155.33
          ],
          [
            1.556292,
            44.519137,
            155.43
          ],
          [
            1.556163,
            44.519175,
            155.52
          ],
          [
            1.556024,
            44.519145,
            155.68
          ],
          [
            1.555917,
            44.51903,
            155.97
          ],
          [
            1.555788,
            44.518869,
            156.48
          ],
          [
            1.555638,
            44.518778,
            156.97
          ],
          [
            1.555504,
            44.518742,
            157.31
          ],
          [
            1.555305,
            44.518793,
            157.91
          ],
          [
            1.555222,
            44.518822,
            158.0
          ],
          [
            1.555185,
            44.518691,
            157.63
          ],
          [
            1.554982,
            44.518623,
            160.17
          ],
          [
            1.554866,
            44.518554,
            162.93
          ],
          [
            1.554807,
            44.518481,
            164.66
          ],
          [
            1.554788,
            44.518374,
            166.27
          ],
          [
            1.55481,
            44.518257,
            167.83
          ],
          [
            1.554783,
            44.518133,
            169.61
          ],
          [
            1.55467,
            44.517902,
            173.24
          ],
          [
            1.554493,
            44.517659,
            176.52
          ],
          [
            1.554343,
            44.517471,
            179.16
          ],
          [
            1.5542,
            44.51725,
            181.83
          ],
          [
            1.554147,
            44.517198,
            182.85
          ],
          [
            1.554094,
            44.517189,
            184.05
          ],
          [
            1.554047,
            44.517198,
            185.81
          ],
          [
            1.554088,
            44.517347,
            187.15
          ],
          [
            1.554166,
            44.517527,
            187.78
          ],
          [
            1.554277,
            44.517729,
            189.25
          ],
          [
            1.554338,
            44.517928,
            191.01
          ],
          [
            1.554335,
            44.518036,
            191.92
          ],
          [
            1.554268,
            44.518238,
            194.0
          ],
          [
            1.554112,
            44.51842,
            196.7
          ],
          [
            1.553799,
            44.518711,
            200.91
          ],
          [
            1.553584,
            44.518818,
            203.15
          ],
          [
            1.553192,
            44.519051,
            207.54
          ],
          [
            1.552809,
            44.51925,
            211.34
          ],
          [
            1.552479,
            44.51948,
            215.71
          ],
          [
            1.552189,
            44.51973,
            220.47
          ],
          [
            1.551929,
            44.519791,
            223.11
          ],
          [
            1.55158,
            44.519858,
            226.94
          ],
          [
            1.551181,
            44.519877,
            231.23
          ],
          [
            1.550513,
            44.519891,
            237.64
          ],
          [
            1.550132,
            44.51982,
            241.22
          ],
          [
            1.549756,
            44.519719,
            244.73
          ],
          [
            1.549459,
            44.519625,
            246.78
          ],
          [
            1.549129,
            44.519545,
            249.15
          ],
          [
            1.54866,
            44.519411,
            251.23
          ],
          [
            1.548405,
            44.519365,
            252.56
          ],
          [
            1.548155,
            44.519246,
            255.12
          ],
          [
            1.547922,
            44.519183,
            256.97
          ],
          [
            1.547262,
            44.519074,
            260.62
          ],
          [
            1.546546,
            44.518982,
            264.03
          ],
          [
            1.546034,
            44.518948,
            267.12
          ],
          [
            1.545403,
            44.519057,
            272.44
          ],
          [
            1.54502,
            44.519139,
            276.5
          ],
          [
            1.544765,
            44.519302,
            280.6
          ],
          [
            1.544379,
            44.519625,
            287.94
          ],
          [
            1.543617,
            44.520149,
            303.64
          ],
          [
            1.543491,
            44.520218,
            306.2
          ],
          [
            1.543311,
            44.52025,
            309.21
          ],
          [
            1.543215,
            44.520221,
            310.9
          ],
          [
            1.543129,
            44.520139,
            313.22
          ],
          [
            1.543115,
            44.51974,
            322.15
          ],
          [
            1.543005,
            44.519372,
            329.76
          ],
          [
            1.542881,
            44.519127,
            335.5
          ],
          [
            1.54286,
            44.519082,
            336.03
          ],
          [
            1.542736,
            44.518974,
            337.96
          ],
          [
            1.54261,
            44.518893,
            339.52
          ],
          [
            1.542579,
            44.518858,
            339.77
          ],
          [
            1.542545,
            44.518871,
            340.43
          ],
          [
            1.542512,
            44.518867,
            340.85
          ],
          [
            1.542223,
            44.518756,
            344.44
          ],
          [
            1.542094,
            44.518732,
            345.78
          ],
          [
            1.54195,
            44.518732,
            347.34
          ],
          [
            1.541573,
            44.518792,
            351.04
          ],
          [
            1.541572,
            44.518836,
            351.16
          ],
          [
            1.541546,
            44.518874,
            351.36
          ],
          [
            1.541498,
            44.518899,
            351.66
          ],
          [
            1.541448,
            44.518915,
            351.96
          ],
          [
            1.541346,
            44.518928,
            352.6
          ],
          [
            1.541058,
            44.518945,
            353.72
          ],
          [
            1.540799,
            44.518942,
            354.13
          ],
          [
            1.540667,
            44.518933,
            353.83
          ],
          [
            1.540582,
            44.518944,
            353.56
          ],
          [
            1.540466,
            44.518974,
            353.03
          ],
          [
            1.540167,
            44.518998,
            351.55
          ],
          [
            1.54008,
            44.519197,
            351.54
          ],
          [
            1.540047,
            44.519232,
            351.66
          ],
          [
            1.540005,
            44.519253,
            351.63
          ],
          [
            1.54002,
            44.519361,
            351.67
          ],
          [
            1.539995,
            44.519452,
            351.31
          ],
          [
            1.539962,
            44.519516,
            350.8
          ],
          [
            1.539851,
            44.519639,
            349.45
          ],
          [
            1.539652,
            44.519887,
            346.7
          ],
          [
            1.539539,
            44.520134,
            343.93
          ],
          [
            1.539439,
            44.520407,
            341.01
          ],
          [
            1.539503,
            44.520715,
            340.31
          ],
          [
            1.539704,
            44.52125,
            341.17
          ],
          [
            1.539454,
            44.521323,
            341.12
          ],
          [
            1.538349,
            44.521748,
            338.78
          ],
          [
            1.537992,
            44.521955,
            337.59
          ],
          [
            1.537616,
            44.522269,
            336.04
          ],
          [
            1.537491,
            44.522444,
            335.19
          ],
          [
            1.537464,
            44.52258,
            334.54
          ],
          [
            1.537482,
            44.522762,
            333.49
          ],
          [
            1.537587,
            44.523116,
            330.68
          ],
          [
            1.537622,
            44.523282,
            329.22
          ],
          [
            1.537611,
            44.52373,
            325.9
          ],
          [
            1.53759,
            44.523944,
            325.03
          ],
          [
            1.537531,
            44.524007,
            324.94
          ],
          [
            1.53741,
            44.524039,
            325.0
          ],
          [
            1.53727,
            44.52403,
            325.31
          ],
          [
            1.537086,
            44.523997,
            326.12
          ],
          [
            1.536847,
            44.523896,
            327.98
          ],
          [
            1.536699,
            44.523877,
            329.16
          ],
          [
            1.536286,
            44.523892,
            332.98
          ],
          [
            1.536166,
            44.523923,
            334.31
          ],
          [
            1.535309,
            44.52433,
            344.43
          ],
          [
            1.535088,
            44.524414,
            342.18
          ],
          [
            1.534971,
            44.524439,
            341.29
          ],
          [
            1.53475,
            44.524468,
            340.1
          ],
          [
            1.534595,
            44.524523,
            339.51
          ],
          [
            1.534316,
            44.524525,
            338.58
          ],
          [
            1.534092,
            44.524567,
            337.79
          ],
          [
            1.533911,
            44.524649,
            337.24
          ],
          [
            1.533612,
            44.524803,
            336.66
          ],
          [
            1.533492,
            44.524882,
            336.49
          ],
          [
            1.533057,
            44.52525,
            336.35
          ],
          [
            1.532932,
            44.525329,
            336.53
          ],
          [
            1.532504,
            44.525567,
            337.77
          ],
          [
            1.532094,
            44.525767,
            339.0
          ],
          [
            1.531863,
            44.525891,
            339.5
          ],
          [
            1.531732,
            44.525973,
            339.73
          ],
          [
            1.53161,
            44.526062,
            339.86
          ],
          [
            1.531542,
            44.526127,
            339.87
          ],
          [
            1.531143,
            44.526573,
            338.67
          ],
          [
            1.530943,
            44.526827,
            337.6
          ],
          [
            1.530863,
            44.526894,
            337.31
          ],
          [
            1.530622,
            44.527045,
            336.68
          ],
          [
            1.530334,
            44.527192,
            336.31
          ],
          [
            1.530112,
            44.527317,
            336.31
          ],
          [
            1.529874,
            44.527522,
            336.27
          ],
          [
            1.529588,
            44.527727,
            336.28
          ],
          [
            1.529438,
            44.527891,
            336.31
          ],
          [
            1.529308,
            44.528009,
            336.4
          ],
          [
            1.52913,
            44.52813,
            336.42
          ],
          [
            1.529066,
            44.528169,
            336.38
          ],
          [
            1.528965,
            44.528214,
            336.28
          ],
          [
            1.528744,
            44.528292,
            336.08
          ],
          [
            1.528625,
            44.528342,
            336.06
          ],
          [
            1.528245,
            44.528529,
            336.07
          ],
          [
            1.52778,
            44.52874,
            335.86
          ],
          [
            1.527585,
            44.528808,
            335.74
          ],
          [
            1.527326,
            44.528853,
            335.24
          ],
          [
            1.527275,
            44.528887,
            335.5
          ],
          [
            1.527026,
            44.529002,
            336.43
          ],
          [
            1.526709,
            44.52909,
            337.27
          ],
          [
            1.524583,
            44.529453,
            338.81
          ],
          [
            1.523527,
            44.529579,
            336.12
          ],
          [
            1.523311,
            44.529615,
            335.6
          ],
          [
            1.522702,
            44.529849,
            334.95
          ],
          [
            1.521729,
            44.530117,
            335.84
          ],
          [
            1.519684,
            44.530797,
            342.55
          ],
          [
            1.519505,
            44.530839,
            343.23
          ],
          [
            1.51924,
            44.53086,
            344.03
          ],
          [
            1.518918,
            44.530848,
            344.97
          ],
          [
            1.518545,
            44.530859,
            346.19
          ],
          [
            1.51836,
            44.530899,
            347.01
          ],
          [
            1.517698,
            44.531084,
            347.32
          ],
          [
            1.517006,
            44.531296,
            346.9
          ],
          [
            1.516586,
            44.531514,
            346.32
          ],
          [
            1.51622,
            44.531755,
            345.35
          ],
          [
            1.515544,
            44.53227,
            343.81
          ],
          [
            1.515151,
            44.53251,
            343.36
          ],
          [
            1.514869,
            44.532644,
            342.96
          ],
          [
            1.514628,
            44.532734,
            342.67
          ],
          [
            1.514394,
            44.532804,
            342.38
          ],
          [
            1.514136,
            44.532865,
            341.55
          ],
          [
            1.513855,
            44.53291,
            340.2
          ],
          [
            1.513195,
            44.532963,
            337.37
          ],
          [
            1.512501,
            44.533006,
            334.85
          ],
          [
            1.50988,
            44.533189,
            344.43
          ],
          [
            1.508625,
            44.533266,
            345.48
          ],
          [
            1.508183,
            44.533278,
            345.28
          ],
          [
            1.50719,
            44.533258,
            343.66
          ],
          [
            1.50667,
            44.533293,
            341.24
          ],
          [
            1.506271,
            44.533337,
            341.17
          ],
          [
            1.505846,
            44.533428,
            341.7
          ],
          [
            1.505165,
            44.533615,
            342.69
          ],
          [
            1.503848,
            44.53412,
            344.8
          ],
          [
            1.50317,
            44.534331,
            347.95
          ],
          [
            1.501607,
            44.534647,
            357.89
          ],
          [
            1.501174,
            44.534781,
            360.16
          ],
          [
            1.50072,
            44.534964,
            361.86
          ],
          [
            1.500332,
            44.535156,
            362.78
          ],
          [
            1.499357,
            44.53576,
            361.44
          ],
          [
            1.499029,
            44.535929,
            361.02
          ],
          [
            1.498664,
            44.536097,
            360.5
          ],
          [
            1.497478,
            44.536562,
            358.38
          ],
          [
            1.497127,
            44.536717,
            356.83
          ],
          [
            1.496339,
            44.537113,
            351.55
          ],
          [
            1.496096,
            44.537208,
            350.23
          ],
          [
            1.495953,
            44.53723,
            349.45
          ],
          [
            1.495308,
            44.537284,
            347.26
          ],
          [
            1.495139,
            44.537334,
            347.08
          ],
          [
            1.495004,
            44.537419,
            346.85
          ],
          [
            1.494888,
            44.537556,
            346.75
          ],
          [
            1.494638,
            44.537978,
            346.95
          ],
          [
            1.4945,
            44.538125,
            347.13
          ],
          [
            1.493985,
            44.538471,
            347.4
          ],
          [
            1.493774,
            44.538638,
            347.39
          ],
          [
            1.493218,
            44.539164,
            348.08
          ],
          [
            1.49278,
            44.539594,
            349.84
          ],
          [
            1.492441,
            44.539942,
            350.45
          ],
          [
            1.492193,
            44.540137,
            350.75
          ],
          [
            1.491842,
            44.540346,
            351.89
          ],
          [
            1.491428,
            44.540539,
            353.71
          ],
          [
            1.490238,
            44.540982,
            355.98
          ],
          [
            1.489442,
            44.541213,
            355.01
          ],
          [
            1.489197,
            44.541333,
            354.67
          ],
          [
            1.489013,
            44.541491,
            354.84
          ],
          [
            1.488866,
            44.541657,
            354.78
          ],
          [
            1.488565,
            44.5424,
            355.61
          ],
          [
            1.488528,
            44.542518,
            355.81
          ],
          [
            1.488414,
            44.542766,
            356.38
          ],
          [
            1.488285,
            44.542937,
            355.81
          ],
          [
            1.488069,
            44.543148,
            355.04
          ],
          [
            1.487601,
            44.5435,
            351.2
          ],
          [
            1.486704,
            44.544099,
            344.23
          ],
          [
            1.486148,
            44.544614,
            343.02
          ],
          [
            1.485466,
            44.545217,
            345.75
          ],
          [
            1.485103,
            44.545518,
            348.84
          ],
          [
            1.485031,
            44.545611,
            349.56
          ],
          [
            1.484974,
            44.54572,
            350.38
          ],
          [
            1.484926,
            44.54591,
            351.78
          ],
          [
            1.484873,
            44.546198,
            353.81
          ],
          [
            1.484689,
            44.54661,
            356.57
          ],
          [
            1.484362,
            44.547133,
            359.9
          ],
          [
            1.484223,
            44.547263,
            360.74
          ],
          [
            1.484025,
            44.547396,
            361.81
          ],
          [
            1.483701,
            44.547522,
            363.36
          ],
          [
            1.483667,
            44.547647,
            364.06
          ],
          [
            1.48346,
            44.547828,
            365.78
          ],
          [
            1.483122,
            44.548094,
            367.36
          ],
          [
            1.482315,
            44.548861,
            370.43
          ],
          [
            1.482059,
            44.549172,
            370.32
          ],
          [
            1.481835,
            44.549681,
            368.7
          ],
          [
            1.481696,
            44.55026,
            366.25
          ],
          [
            1.481626,
            44.550403,
            365.74
          ],
          [
            1.481177,
            44.550887,
            364.64
          ],
          [
            1.480945,
            44.551025,
            364.69
          ],
          [
            1.480292,
            44.551334,
            364.72
          ],
          [
            1.47806,
            44.552134,
            362.37
          ],
          [
            1.477866,
            44.552167,
            362.48
          ],
          [
            1.478149,
            44.551743,
            363.0
          ],
          [
            1.478131,
            44.551572,
            362.53
          ],
          [
            1.47827,
            44.551172,
            362.49
          ],
          [
            1.478436,
            44.55044,
            362.15
          ],
          [
            1.478521,
            44.55018,
            361.39
          ],
          [
            1.478447,
            44.550056,
            359.64
          ],
          [
            1.478957,
            44.549238,
            350.81
          ],
          [
            1.479056,
            44.548821,
            346.97
          ],
          [
            1.479013,
            44.548754,
            346.18
          ],
          [
            1.478938,
            44.548768,
            345.57
          ],
          [
            1.478734,
            44.549007,
            342.18
          ],
          [
            1.478565,
            44.548697,
            337.31
          ],
          [
            1.478455,
            44.549114,
            331.92
          ],
          [
            1.478326,
            44.54923,
            330.27
          ],
          [
            1.478104,
            44.549469,
            327.02
          ],
          [
            1.477908,
            44.54949,
            325.35
          ],
          [
            1.477506,
            44.549372,
            321.29
          ],
          [
            1.477468,
            44.549316,
            320.4
          ],
          [
            1.477841,
            44.549286,
            316.13
          ],
          [
            1.477876,
            44.549205,
            314.72
          ],
          [
            1.477798,
            44.548949,
            310.56
          ],
          [
            1.477511,
            44.548848,
            307.31
          ],
          [
            1.477366,
            44.548844,
            305.88
          ],
          [
            1.477235,
            44.548907,
            304.35
          ],
          [
            1.477031,
            44.548921,
            302.48
          ],
          [
            1.476905,
            44.548877,
            301.31
          ],
          [
            1.476671,
            44.548856,
            299.52
          ],
          [
            1.476433,
            44.548796,
            297.76
          ],
          [
            1.47613,
            44.548766,
            295.65
          ],
          [
            1.475853,
            44.548777,
            293.5
          ],
          [
            1.475126,
            44.548628,
            288.62
          ],
          [
            1.474252,
            44.548651,
            285.16
          ],
          [
            1.474054,
            44.548617,
            284.31
          ],
          [
            1.473874,
            44.548607,
            283.6
          ],
          [
            1.473699,
            44.548626,
            282.92
          ],
          [
            1.47279,
            44.548854,
            279.25
          ],
          [
            1.472635,
            44.548877,
            278.62
          ],
          [
            1.47246,
            44.548875,
            277.9
          ],
          [
            1.471817,
            44.548787,
            274.8
          ],
          [
            1.471326,
            44.548758,
            272.19
          ],
          [
            1.47094,
            44.548705,
            270.35
          ],
          [
            1.470017,
            44.548521,
            267.12
          ],
          [
            1.46984,
            44.548477,
            266.79
          ],
          [
            1.469258,
            44.548225,
            265.73
          ],
          [
            1.468641,
            44.548011,
            264.26
          ],
          [
            1.468456,
            44.547917,
            263.46
          ],
          [
            1.468069,
            44.54765,
            260.19
          ],
          [
            1.467956,
            44.547549,
            259.57
          ],
          [
            1.467829,
            44.547368,
            258.76
          ],
          [
            1.467638,
            44.547297,
            258.46
          ],
          [
            1.466498,
            44.54714,
            256.76
          ],
          [
            1.466355,
            44.547115,
            256.5
          ],
          [
            1.466222,
            44.547055,
            256.23
          ],
          [
            1.4657,
            44.546653,
            255.31
          ],
          [
            1.465406,
            44.546453,
            254.49
          ],
          [
            1.465233,
            44.546366,
            254.16
          ],
          [
            1.465063,
            44.546312,
            253.82
          ],
          [
            1.464764,
            44.546271,
            253.1
          ],
          [
            1.464207,
            44.546233,
            251.87
          ],
          [
            1.463719,
            44.546178,
            250.85
          ],
          [
            1.463117,
            44.546155,
            249.7
          ],
          [
            1.462611,
            44.546114,
            249.07
          ],
          [
            1.462295,
            44.546061,
            248.66
          ],
          [
            1.462183,
            44.546012,
            248.72
          ],
          [
            1.462141,
            44.545962,
            248.62
          ],
          [
            1.461938,
            44.546042,
            250.41
          ],
          [
            1.461764,
            44.546074,
            251.22
          ],
          [
            1.461643,
            44.546051,
            251.27
          ],
          [
            1.461512,
            44.545956,
            251.06
          ],
          [
            1.46142,
            44.545763,
            250.58
          ],
          [
            1.461219,
            44.545499,
            249.8
          ],
          [
            1.461037,
            44.54505,
            247.52
          ],
          [
            1.460857,
            44.544669,
            245.78
          ],
          [
            1.460699,
            44.544511,
            245.06
          ],
          [
            1.46039,
            44.544365,
            244.36
          ],
          [
            1.460052,
            44.544247,
            243.96
          ],
          [
            1.459336,
            44.54409,
            243.16
          ],
          [
            1.458306,
            44.543811,
            240.16
          ],
          [
            1.45803,
            44.543767,
            239.23
          ],
          [
            1.457732,
            44.543737,
            238.42
          ],
          [
            1.456748,
            44.543389,
            237.12
          ],
          [
            1.456305,
            44.543219,
            236.59
          ],
          [
            1.455772,
            44.54297,
            235.55
          ],
          [
            1.455482,
            44.542762,
            234.73
          ],
          [
            1.455173,
            44.542656,
            233.97
          ],
          [
            1.455023,
            44.542505,
            233.31
          ],
          [
            1.454868,
            44.54241,
            232.8
          ],
          [
            1.454286,
            44.541863,
            230.38
          ],
          [
            1.454004,
            44.541615,
            229.64
          ],
          [
            1.453795,
            44.541408,
            229.34
          ],
          [
            1.453347,
            44.541127,
            229.11
          ],
          [
            1.452894,
            44.540777,
            229.19
          ],
          [
            1.45269,
            44.54068,
            229.05
          ],
          [
            1.452084,
            44.540284,
            227.96
          ],
          [
            1.452022,
            44.540204,
            227.91
          ],
          [
            1.451826,
            44.540074,
            227.63
          ],
          [
            1.451499,
            44.539932,
            226.96
          ],
          [
            1.451268,
            44.539906,
            226.51
          ],
          [
            1.451156,
            44.53986,
            226.34
          ],
          [
            1.451043,
            44.53971,
            226.06
          ],
          [
            1.450836,
            44.539638,
            225.72
          ],
          [
            1.450319,
            44.53928,
            224.32
          ],
          [
            1.450061,
            44.539032,
            223.53
          ],
          [
            1.449873,
            44.538946,
            223.13
          ],
          [
            1.44964,
            44.538665,
            222.29
          ],
          [
            1.449345,
            44.538401,
            221.23
          ],
          [
            1.448889,
            44.538051,
            219.71
          ],
          [
            1.448616,
            44.537948,
            219.43
          ],
          [
            1.448127,
            44.537846,
            218.76
          ],
          [
            1.44802,
            44.537844,
            218.56
          ],
          [
            1.447755,
            44.537869,
            218.18
          ],
          [
            1.447548,
            44.53786,
            217.89
          ],
          [
            1.447371,
            44.537816,
            217.56
          ],
          [
            1.447234,
            44.537808,
            217.27
          ],
          [
            1.446912,
            44.537894,
            216.28
          ],
          [
            1.446609,
            44.537931,
            215.2
          ],
          [
            1.446234,
            44.537946,
            214.41
          ],
          [
            1.445837,
            44.538024,
            213.47
          ],
          [
            1.445196,
            44.53808,
            214.67
          ],
          [
            1.444986,
            44.538013,
            214.42
          ],
          [
            1.443959,
            44.537804,
            212.48
          ],
          [
            1.442854,
            44.537942,
            213.0
          ],
          [
            1.442036,
            44.537909,
            212.16
          ],
          [
            1.441344,
            44.537848,
            211.36
          ],
          [
            1.440746,
            44.537808,
            210.65
          ],
          [
            1.439987,
            44.537785,
            209.37
          ],
          [
            1.439477,
            44.537806,
            208.04
          ],
          [
            1.438968,
            44.537793,
            206.88
          ],
          [
            1.438386,
            44.537791,
            205.53
          ],
          [
            1.437857,
            44.53777,
            206.51
          ],
          [
            1.437447,
            44.53769,
            205.21
          ],
          [
            1.437085,
            44.537701,
            205.61
          ],
          [
            1.436505,
            44.537785,
            206.15
          ],
          [
            1.436022,
            44.53781,
            206.6
          ],
          [
            1.435604,
            44.537846,
            206.08
          ],
          [
            1.434896,
            44.537766,
            204.68
          ],
          [
            1.434443,
            44.537835,
            203.29
          ],
          [
            1.433887,
            44.537841,
            202.51
          ],
          [
            1.433509,
            44.537915,
            201.71
          ],
          [
            1.433056,
            44.53798,
            200.94
          ],
          [
            1.43274,
            44.53799,
            200.69
          ],
          [
            1.431943,
            44.538171,
            199.19
          ],
          [
            1.430875,
            44.538225,
            197.02
          ],
          [
            1.430473,
            44.538336,
            196.45
          ],
          [
            1.429676,
            44.538638,
            197.3
          ],
          [
            1.429366,
            44.538815,
            197.07
          ],
          [
            1.429249,
            44.538836,
            196.96
          ],
          [
            1.428837,
            44.538869,
            196.38
          ],
          [
            1.428553,
            44.538969,
            195.41
          ],
          [
            1.428193,
            44.539139,
            193.54
          ],
          [
            1.427938,
            44.539208,
            192.72
          ],
          [
            1.427692,
            44.539352,
            191.55
          ],
          [
            1.427505,
            44.539404,
            190.31
          ],
          [
            1.427503,
            44.539322,
            188.74
          ],
          [
            1.427357,
            44.539378,
            188.05
          ],
          [
            1.427029,
            44.539479,
            187.0
          ],
          [
            1.426618,
            44.539562,
            185.48
          ],
          [
            1.426214,
            44.539589,
            184.2
          ],
          [
            1.425895,
            44.539621,
            183.12
          ],
          [
            1.42565,
            44.539687,
            182.36
          ],
          [
            1.425206,
            44.539929,
            182.57
          ],
          [
            1.42484,
            44.540013,
            182.88
          ],
          [
            1.424457,
            44.540055,
            183.39
          ],
          [
            1.42429,
            44.540127,
            183.86
          ],
          [
            1.423957,
            44.540425,
            186.72
          ],
          [
            1.423812,
            44.540411,
            188.31
          ],
          [
            1.42378,
            44.540407,
            188.49
          ],
          [
            1.423479,
            44.540431,
            190.58
          ],
          [
            1.423347,
            44.54051,
            191.74
          ],
          [
            1.423204,
            44.540646,
            192.15
          ],
          [
            1.423106,
            44.540663,
            190.56
          ],
          [
            1.422937,
            44.540638,
            189.51
          ],
          [
            1.422758,
            44.540519,
            188.82
          ],
          [
            1.422584,
            44.540223,
            188.33
          ],
          [
            1.422437,
            44.540066,
            188.05
          ],
          [
            1.42199,
            44.539757,
            187.74
          ],
          [
            1.421634,
            44.539559,
            187.54
          ],
          [
            1.421035,
            44.539118,
            186.96
          ],
          [
            1.420572,
            44.538597,
            184.63
          ],
          [
            1.420438,
            44.538318,
            183.11
          ],
          [
            1.420335,
            44.537938,
            180.71
          ],
          [
            1.420353,
            44.537503,
            180.0
          ],
          [
            1.420335,
            44.53737,
            179.53
          ],
          [
            1.420063,
            44.537183,
            179.23
          ],
          [
            1.419345,
            44.536919,
            179.75
          ],
          [
            1.418778,
            44.536682,
            178.72
          ],
          [
            1.418275,
            44.536219,
            177.65
          ],
          [
            1.417681,
            44.535894,
            177.7
          ],
          [
            1.416889,
            44.535576,
            179.42
          ],
          [
            1.416425,
            44.535445,
            180.89
          ],
          [
            1.415749,
            44.535358,
            182.49
          ],
          [
            1.415219,
            44.535375,
            180.65
          ],
          [
            1.415112,
            44.535336,
            179.31
          ],
          [
            1.415007,
            44.535279,
            178.22
          ],
          [
            1.414901,
            44.535208,
            177.52
          ],
          [
            1.414849,
            44.535046,
            177.74
          ],
          [
            1.414769,
            44.53489,
            178.3
          ],
          [
            1.414573,
            44.534788,
            178.69
          ],
          [
            1.413784,
            44.534564,
            179.04
          ],
          [
            1.413466,
            44.53441,
            178.53
          ],
          [
            1.413285,
            44.534275,
            178.02
          ],
          [
            1.412813,
            44.534049,
            176.51
          ],
          [
            1.412267,
            44.533704,
            174.74
          ],
          [
            1.411514,
            44.533259,
            172.72
          ],
          [
            1.411127,
            44.532912,
            171.55
          ],
          [
            1.410111,
            44.532119,
            171.66
          ],
          [
            1.409887,
            44.532,
            172.18
          ],
          [
            1.409261,
            44.531849,
            173.49
          ],
          [
            1.408264,
            44.531365,
            173.69
          ],
          [
            1.407623,
            44.531166,
            171.47
          ],
          [
            1.407399,
            44.531086,
            170.34
          ],
          [
            1.407178,
            44.530979,
            168.49
          ],
          [
            1.40698,
            44.530872,
            166.33
          ],
          [
            1.40688,
            44.530728,
            164.94
          ],
          [
            1.406782,
            44.530347,
            163.04
          ],
          [
            1.406732,
            44.530276,
            162.74
          ],
          [
            1.406616,
            44.53018,
            162.31
          ],
          [
            1.40644,
            44.529992,
            161.49
          ],
          [
            1.406356,
            44.529858,
            161.04
          ],
          [
            1.406342,
            44.529771,
            160.85
          ],
          [
            1.406459,
            44.529625,
            160.2
          ],
          [
            1.406566,
            44.529457,
            160.15
          ],
          [
            1.406743,
            44.529218,
            160.61
          ],
          [
            1.406994,
            44.528919,
            161.22
          ],
          [
            1.407217,
            44.528619,
            162.67
          ],
          [
            1.407027,
            44.528667,
            162.36
          ],
          [
            1.406883,
            44.52867,
            162.29
          ],
          [
            1.406702,
            44.528654,
            162.09
          ],
          [
            1.406551,
            44.528616,
            161.76
          ],
          [
            1.406276,
            44.52856,
            161.22
          ],
          [
            1.406144,
            44.528548,
            161.01
          ],
          [
            1.405946,
            44.528567,
            160.68
          ],
          [
            1.405806,
            44.528562,
            160.44
          ],
          [
            1.405477,
            44.528503,
            159.82
          ],
          [
            1.405169,
            44.528423,
            159.26
          ],
          [
            1.404918,
            44.528338,
            158.86
          ],
          [
            1.404626,
            44.528258,
            158.39
          ],
          [
            1.40433,
            44.528203,
            157.98
          ],
          [
            1.403895,
            44.528143,
            157.5
          ],
          [
            1.403613,
            44.52809,
            157.27
          ],
          [
            1.403353,
            44.527995,
            157.04
          ],
          [
            1.403146,
            44.527905,
            156.85
          ],
          [
            1.401916,
            44.527272,
            156.05
          ],
          [
            1.401004,
            44.526989,
            155.75
          ],
          [
            1.400822,
            44.526744,
            155.55
          ],
          [
            1.400286,
            44.526476,
            155.14
          ],
          [
            1.399923,
            44.526241,
            155.15
          ],
          [
            1.399815,
            44.526284,
            155.0
          ],
          [
            1.399676,
            44.526321,
            155.05
          ],
          [
            1.398933,
            44.526455,
            156.39
          ],
          [
            1.398814,
            44.526482,
            157.46
          ],
          [
            1.398441,
            44.526272,
            156.47
          ],
          [
            1.398278,
            44.526195,
            156.6
          ],
          [
            1.398098,
            44.526159,
            156.9
          ],
          [
            1.397935,
            44.526138,
            157.16
          ],
          [
            1.397505,
            44.526125,
            157.82
          ],
          [
            1.396727,
            44.526176,
            160.2
          ],
          [
            1.396137,
            44.52618,
            161.44
          ],
          [
            1.395955,
            44.526174,
            161.59
          ],
          [
            1.395217,
            44.526098,
            161.2
          ],
          [
            1.394807,
            44.526067,
            160.02
          ],
          [
            1.394322,
            44.526019,
            160.26
          ],
          [
            1.394313,
            44.525976,
            158.99
          ],
          [
            1.394273,
            44.525941,
            157.96
          ],
          [
            1.394126,
            44.52591,
            156.34
          ],
          [
            1.39398,
            44.525861,
            154.53
          ],
          [
            1.393931,
            44.525826,
            153.86
          ],
          [
            1.393894,
            44.525773,
            153.03
          ],
          [
            1.393817,
            44.525732,
            151.93
          ],
          [
            1.393806,
            44.525663,
            151.3
          ],
          [
            1.393743,
            44.525613,
            150.86
          ],
          [
            1.393668,
            44.525572,
            150.52
          ],
          [
            1.393475,
            44.525483,
            150.07
          ],
          [
            1.393222,
            44.525405,
            149.67
          ],
          [
            1.392942,
            44.525333,
            149.33
          ],
          [
            1.392433,
            44.525166,
            148.25
          ],
          [
            1.391912,
            44.525132,
            148.06
          ],
          [
            1.391907,
            44.525088,
            148.28
          ],
          [
            1.391934,
            44.524969,
            148.87
          ],
          [
            1.392034,
            44.524612,
            148.49
          ],
          [
            1.392282,
            44.524053,
            148.98
          ],
          [
            1.391908,
            44.524041,
            148.54
          ],
          [
            1.391482,
            44.523986,
            147.97
          ],
          [
            1.390164,
            44.523687,
            146.9
          ],
          [
            1.38872,
            44.523377,
            146.08
          ],
          [
            1.38874,
            44.523569,
            146.0
          ],
          [
            1.388622,
            44.523547,
            145.87
          ],
          [
            1.388373,
            44.523523,
            145.24
          ],
          [
            1.387114,
            44.523419,
            143.98
          ],
          [
            1.386686,
            44.523398,
            144.5
          ],
          [
            1.386425,
            44.523187,
            144.34
          ],
          [
            1.385747,
            44.522701,
            144.02
          ],
          [
            1.385268,
            44.522394,
            143.58
          ],
          [
            1.384419,
            44.521792,
            142.55
          ],
          [
            1.383917,
            44.52141,
            142.02
          ],
          [
            1.383739,
            44.521204,
            141.75
          ],
          [
            1.383411,
            44.520443,
            140.93
          ],
          [
            1.383067,
            44.519462,
            140.84
          ],
          [
            1.38294,
            44.518572,
            140.81
          ],
          [
            1.382516,
            44.517927,
            141.02
          ],
          [
            1.38235,
            44.517705,
            140.93
          ],
          [
            1.382301,
            44.517889,
            141.71
          ],
          [
            1.382196,
            44.517988,
            142.17
          ],
          [
            1.382026,
            44.51805,
            142.45
          ],
          [
            1.381875,
            44.518069,
            142.63
          ],
          [
            1.381739,
            44.518027,
            142.78
          ],
          [
            1.381207,
            44.517566,
            143.91
          ],
          [
            1.381084,
            44.51754,
            144.06
          ],
          [
            1.380918,
            44.517384,
            144.46
          ],
          [
            1.380856,
            44.517373,
            144.58
          ],
          [
            1.380578,
            44.517453,
            145.86
          ],
          [
            1.380452,
            44.517474,
            146.89
          ],
          [
            1.380325,
            44.517365,
            146.41
          ],
          [
            1.380253,
            44.517113,
            146.12
          ],
          [
            1.380354,
            44.516625,
            146.12
          ],
          [
            1.380117,
            44.515331,
            145.83
          ],
          [
            1.379717,
            44.5146,
            147.79
          ],
          [
            1.379255,
            44.513908,
            150.37
          ],
          [
            1.378804,
            44.513615,
            154.28
          ],
          [
            1.37834,
            44.513211,
            156.44
          ],
          [
            1.378066,
            44.512941,
            156.21
          ],
          [
            1.377819,
            44.512645,
            154.04
          ],
          [
            1.377539,
            44.512451,
            152.93
          ],
          [
            1.377168,
            44.512301,
            152.1
          ],
          [
            1.377127,
            44.512252,
            151.93
          ],
          [
            1.377053,
            44.512211,
            151.92
          ],
          [
            1.376543,
            44.512081,
            153.07
          ],
          [
            1.376359,
            44.512057,
            153.62
          ],
          [
            1.376108,
            44.512046,
            153.43
          ],
          [
            1.375467,
            44.512072,
            153.0
          ],
          [
            1.375309,
            44.512068,
            153.27
          ],
          [
            1.375067,
            44.512019,
            152.78
          ],
          [
            1.374296,
            44.511735,
            149.82
          ],
          [
            1.374129,
            44.511663,
            148.86
          ],
          [
            1.373784,
            44.511411,
            145.9
          ],
          [
            1.373272,
            44.511214,
            142.81
          ],
          [
            1.372898,
            44.511105,
            140.89
          ],
          [
            1.372598,
            44.511104,
            140.01
          ],
          [
            1.372472,
            44.511046,
            139.96
          ],
          [
            1.372299,
            44.510812,
            140.38
          ],
          [
            1.372254,
            44.510778,
            140.65
          ],
          [
            1.372297,
            44.510747,
            140.4
          ],
          [
            1.372262,
            44.510712,
            140.62
          ],
          [
            1.372233,
            44.510626,
            141.13
          ],
          [
            1.372249,
            44.510521,
            141.68
          ],
          [
            1.37232,
            44.510254,
            141.97
          ],
          [
            1.372333,
            44.510036,
            142.35
          ],
          [
            1.372222,
            44.509312,
            144.57
          ],
          [
            1.372187,
            44.509164,
            145.27
          ],
          [
            1.372103,
            44.509029,
            146.35
          ],
          [
            1.371855,
            44.509037,
            146.99
          ],
          [
            1.371671,
            44.509092,
            147.86
          ],
          [
            1.371293,
            44.509229,
            149.49
          ],
          [
            1.370678,
            44.509409,
            152.44
          ],
          [
            1.369937,
            44.50969,
            159.25
          ],
          [
            1.368788,
            44.510167,
            173.51
          ],
          [
            1.368493,
            44.510351,
            177.94
          ],
          [
            1.368338,
            44.510508,
            181.01
          ],
          [
            1.368223,
            44.510865,
            186.91
          ],
          [
            1.368031,
            44.511114,
            191.52
          ],
          [
            1.367759,
            44.511388,
            196.96
          ],
          [
            1.367489,
            44.511611,
            201.56
          ],
          [
            1.367162,
            44.511816,
            206.18
          ],
          [
            1.366695,
            44.51203,
            211.7
          ],
          [
            1.366372,
            44.512169,
            215.23
          ],
          [
            1.365865,
            44.512327,
            220.2
          ],
          [
            1.364881,
            44.512586,
            229.24
          ],
          [
            1.364265,
            44.512729,
            234.71
          ],
          [
            1.36352,
            44.512964,
            238.68
          ],
          [
            1.362767,
            44.513216,
            239.14
          ],
          [
            1.361658,
            44.513611,
            235.88
          ],
          [
            1.361179,
            44.513698,
            234.61
          ],
          [
            1.360752,
            44.513742,
            234.54
          ],
          [
            1.360172,
            44.513706,
            237.23
          ],
          [
            1.359298,
            44.513677,
            242.52
          ],
          [
            1.357302,
            44.513568,
            253.03
          ],
          [
            1.356322,
            44.513625,
            254.98
          ],
          [
            1.355989,
            44.513632,
            254.52
          ],
          [
            1.355656,
            44.513702,
            253.68
          ],
          [
            1.355242,
            44.51376,
            252.34
          ],
          [
            1.354779,
            44.51384,
            251.12
          ],
          [
            1.354309,
            44.513855,
            251.48
          ],
          [
            1.354064,
            44.51381,
            251.88
          ],
          [
            1.353692,
            44.513685,
            254.6
          ],
          [
            1.353482,
            44.513598,
            257.26
          ],
          [
            1.352835,
            44.513527,
            261.93
          ],
          [
            1.351603,
            44.513358,
            265.37
          ],
          [
            1.35088,
            44.51325,
            268.69
          ],
          [
            1.350138,
            44.513083,
            273.31
          ],
          [
            1.349735,
            44.513006,
            276.26
          ],
          [
            1.349417,
            44.512991,
            278.67
          ],
          [
            1.349106,
            44.513029,
            281.83
          ],
          [
            1.348259,
            44.513185,
            286.19
          ],
          [
            1.347028,
            44.51337,
            288.26
          ],
          [
            1.346913,
            44.51338,
            288.53
          ],
          [
            1.346297,
            44.513323,
            290.29
          ],
          [
            1.346136,
            44.513329,
            291.16
          ],
          [
            1.346037,
            44.513342,
            291.77
          ],
          [
            1.345691,
            44.513403,
            291.89
          ],
          [
            1.345175,
            44.513404,
            291.02
          ],
          [
            1.344532,
            44.513443,
            290.5
          ],
          [
            1.344202,
            44.513433,
            290.44
          ],
          [
            1.34352,
            44.513479,
            291.24
          ],
          [
            1.343158,
            44.51344,
            291.86
          ],
          [
            1.342771,
            44.51334,
            292.4
          ],
          [
            1.342218,
            44.513262,
            292.83
          ],
          [
            1.341893,
            44.513268,
            292.93
          ],
          [
            1.341239,
            44.513377,
            292.95
          ],
          [
            1.340083,
            44.513639,
            292.83
          ],
          [
            1.339889,
            44.513691,
            292.06
          ],
          [
            1.339546,
            44.513763,
            290.58
          ],
          [
            1.339179,
            44.513802,
            288.82
          ],
          [
            1.338719,
            44.513832,
            286.46
          ],
          [
            1.338287,
            44.513843,
            283.87
          ],
          [
            1.337784,
            44.513876,
            280.26
          ],
          [
            1.337556,
            44.5139,
            278.49
          ],
          [
            1.337352,
            44.513957,
            276.8
          ],
          [
            1.337021,
            44.514164,
            273.4
          ],
          [
            1.336099,
            44.514719,
            265.56
          ],
          [
            1.335713,
            44.514895,
            263.44
          ],
          [
            1.335531,
            44.514969,
            262.85
          ],
          [
            1.334962,
            44.515141,
            261.56
          ],
          [
            1.334816,
            44.515241,
            261.51
          ],
          [
            1.334194,
            44.51518,
            260.05
          ],
          [
            1.333444,
            44.515228,
            259.71
          ],
          [
            1.33223,
            44.515517,
            256.89
          ],
          [
            1.330515,
            44.515955,
            249.73
          ],
          [
            1.330086,
            44.516032,
            248.58
          ],
          [
            1.329743,
            44.51607,
            248.81
          ],
          [
            1.329207,
            44.516152,
            250.52
          ],
          [
            1.328714,
            44.516215,
            251.93
          ],
          [
            1.328616,
            44.516199,
            252.0
          ],
          [
            1.328502,
            44.516237,
            252.07
          ],
          [
            1.32826,
            44.516273,
            252.51
          ],
          [
            1.327747,
            44.516285,
            253.21
          ],
          [
            1.327521,
            44.516276,
            253.81
          ],
          [
            1.327155,
            44.516236,
            254.73
          ],
          [
            1.326868,
            44.516152,
            256.93
          ],
          [
            1.326659,
            44.516028,
            258.75
          ],
          [
            1.326008,
            44.515703,
            264.83
          ],
          [
            1.325267,
            44.515479,
            269.49
          ],
          [
            1.324484,
            44.51528,
            272.22
          ],
          [
            1.323606,
            44.515098,
            274.76
          ],
          [
            1.323005,
            44.514945,
            276.72
          ],
          [
            1.322617,
            44.514813,
            277.72
          ],
          [
            1.321727,
            44.514339,
            278.49
          ],
          [
            1.321501,
            44.514147,
            279.05
          ],
          [
            1.321401,
            44.514048,
            279.65
          ],
          [
            1.320978,
            44.51389,
            279.94
          ],
          [
            1.320632,
            44.513727,
            281.08
          ],
          [
            1.319688,
            44.513206,
            283.5
          ],
          [
            1.319197,
            44.51291,
            283.74
          ],
          [
            1.318896,
            44.512543,
            282.9
          ],
          [
            1.318487,
            44.512166,
            280.56
          ],
          [
            1.318143,
            44.511768,
            276.93
          ],
          [
            1.317824,
            44.511519,
            274.29
          ],
          [
            1.317414,
            44.511324,
            272.34
          ],
          [
            1.316534,
            44.510988,
            270.89
          ],
          [
            1.316208,
            44.510891,
            271.0
          ],
          [
            1.315504,
            44.510712,
            266.7
          ],
          [
            1.314605,
            44.510432,
            262.4
          ],
          [
            1.314302,
            44.509993,
            261.57
          ],
          [
            1.314009,
            44.509384,
            262.72
          ],
          [
            1.313808,
            44.509128,
            263.68
          ],
          [
            1.312973,
            44.508427,
            260.37
          ],
          [
            1.312371,
            44.508096,
            261.86
          ],
          [
            1.311792,
            44.507881,
            264.75
          ],
          [
            1.311227,
            44.507793,
            267.81
          ],
          [
            1.310553,
            44.507781,
            272.16
          ],
          [
            1.310456,
            44.507757,
            273.22
          ],
          [
            1.310216,
            44.507644,
            275.77
          ],
          [
            1.30961,
            44.507218,
            280.47
          ],
          [
            1.308934,
            44.5068,
            282.06
          ],
          [
            1.308291,
            44.506445,
            280.59
          ],
          [
            1.307392,
            44.506109,
            276.13
          ],
          [
            1.307227,
            44.505895,
            275.34
          ],
          [
            1.306877,
            44.505604,
            275.92
          ],
          [
            1.30575,
            44.504902,
            277.72
          ],
          [
            1.305123,
            44.504557,
            277.8
          ],
          [
            1.304636,
            44.504305,
            278.22
          ],
          [
            1.304517,
            44.504233,
            278.35
          ],
          [
            1.30421,
            44.503996,
            279.03
          ],
          [
            1.303218,
            44.503168,
            280.2
          ],
          [
            1.302241,
            44.50208,
            279.07
          ],
          [
            1.301954,
            44.501827,
            277.62
          ],
          [
            1.30139,
            44.501529,
            275.15
          ],
          [
            1.301016,
            44.501417,
            274.09
          ],
          [
            1.300417,
            44.501317,
            273.5
          ],
          [
            1.299845,
            44.50126,
            273.84
          ],
          [
            1.299548,
            44.501318,
            274.38
          ],
          [
            1.299084,
            44.501508,
            275.52
          ],
          [
            1.29876,
            44.50164,
            274.8
          ],
          [
            1.298597,
            44.501684,
            273.94
          ],
          [
            1.29839,
            44.50169,
            272.88
          ],
          [
            1.298125,
            44.501595,
            271.42
          ],
          [
            1.297019,
            44.501157,
            265.51
          ],
          [
            1.296323,
            44.500682,
            260.76
          ],
          [
            1.295866,
            44.500464,
            258.71
          ],
          [
            1.295335,
            44.50034,
            257.85
          ],
          [
            1.294446,
            44.500235,
            256.8
          ],
          [
            1.294123,
            44.500253,
            257.22
          ],
          [
            1.293824,
            44.500209,
            258.28
          ],
          [
            1.293626,
            44.500159,
            259.75
          ],
          [
            1.292974,
            44.499892,
            264.08
          ],
          [
            1.292115,
            44.499862,
            267.82
          ],
          [
            1.291698,
            44.499804,
            269.35
          ],
          [
            1.291284,
            44.49971,
            271.19
          ],
          [
            1.290969,
            44.499682,
            271.24
          ],
          [
            1.290226,
            44.499601,
            271.0
          ],
          [
            1.288925,
            44.499382,
            274.71
          ],
          [
            1.288232,
            44.499358,
            276.25
          ],
          [
            1.287892,
            44.499455,
            276.42
          ],
          [
            1.287199,
            44.499868,
            275.31
          ],
          [
            1.286871,
            44.499905,
            275.11
          ],
          [
            1.286542,
            44.499905,
            275.15
          ],
          [
            1.285594,
            44.499637,
            276.13
          ],
          [
            1.284865,
            44.499625,
            275.96
          ],
          [
            1.284233,
            44.499722,
            274.8
          ],
          [
            1.283029,
            44.500123,
            270.94
          ],
          [
            1.282428,
            44.500249,
            270.34
          ],
          [
            1.282142,
            44.500251,
            270.33
          ],
          [
            1.281456,
            44.500176,
            273.07
          ],
          [
            1.281115,
            44.500184,
            274.79
          ],
          [
            1.28,
            44.500257,
            278.09
          ],
          [
            1.27973,
            44.500238,
            278.43
          ],
          [
            1.279433,
            44.500104,
            278.59
          ],
          [
            1.279076,
            44.49982,
            277.74
          ],
          [
            1.278911,
            44.499664,
            276.83
          ],
          [
            1.278779,
            44.499602,
            276.22
          ],
          [
            1.278645,
            44.499579,
            275.63
          ],
          [
            1.277523,
            44.499608,
            269.79
          ],
          [
            1.276985,
            44.499544,
            268.61
          ],
          [
            1.276511,
            44.49944,
            268.8
          ],
          [
            1.275765,
            44.499416,
            269.11
          ],
          [
            1.274351,
            44.4992,
            268.01
          ],
          [
            1.273581,
            44.499134,
            265.59
          ],
          [
            1.273305,
            44.499149,
            264.05
          ],
          [
            1.272688,
            44.49928,
            259.47
          ],
          [
            1.272627,
            44.499293,
            259.08
          ],
          [
            1.272124,
            44.499325,
            255.35
          ],
          [
            1.271828,
            44.499276,
            253.56
          ],
          [
            1.270882,
            44.49904,
            249.86
          ],
          [
            1.270547,
            44.498966,
            249.55
          ],
          [
            1.270326,
            44.498925,
            249.56
          ],
          [
            1.268946,
            44.498925,
            252.41
          ],
          [
            1.268573,
            44.498899,
            252.02
          ],
          [
            1.268216,
            44.498866,
            251.11
          ],
          [
            1.26798,
            44.498852,
            250.16
          ],
          [
            1.267724,
            44.49885,
            248.8
          ],
          [
            1.267508,
            44.498827,
            247.35
          ],
          [
            1.267204,
            44.498775,
            244.97
          ],
          [
            1.266908,
            44.498676,
            242.41
          ],
          [
            1.2666,
            44.498524,
            239.71
          ],
          [
            1.265918,
            44.498395,
            235.52
          ],
          [
            1.264825,
            44.498049,
            234.43
          ],
          [
            1.264608,
            44.498,
            235.05
          ],
          [
            1.263871,
            44.498001,
            237.05
          ],
          [
            1.26365,
            44.497976,
            237.4
          ],
          [
            1.263349,
            44.497873,
            238.06
          ],
          [
            1.263097,
            44.497685,
            237.21
          ],
          [
            1.262906,
            44.497587,
            236.59
          ],
          [
            1.261454,
            44.497223,
            230.42
          ],
          [
            1.260767,
            44.497156,
            230.61
          ],
          [
            1.259946,
            44.497454,
            235.15
          ],
          [
            1.25902,
            44.497586,
            240.07
          ],
          [
            1.258915,
            44.497564,
            240.54
          ],
          [
            1.258588,
            44.497576,
            241.31
          ],
          [
            1.258483,
            44.497573,
            241.7
          ],
          [
            1.257868,
            44.497496,
            244.06
          ],
          [
            1.257774,
            44.497481,
            244.27
          ],
          [
            1.257718,
            44.497455,
            244.19
          ],
          [
            1.257464,
            44.497545,
            242.88
          ],
          [
            1.257079,
            44.49771,
            240.57
          ],
          [
            1.256454,
            44.498,
            236.57
          ],
          [
            1.256284,
            44.498094,
            235.32
          ],
          [
            1.255924,
            44.49831,
            232.57
          ],
          [
            1.255784,
            44.498364,
            231.55
          ],
          [
            1.255693,
            44.498385,
            230.91
          ],
          [
            1.255615,
            44.498379,
            230.35
          ],
          [
            1.255548,
            44.498335,
            229.71
          ],
          [
            1.255443,
            44.498202,
            228.41
          ],
          [
            1.255317,
            44.498063,
            226.88
          ],
          [
            1.255247,
            44.498027,
            226.11
          ],
          [
            1.254944,
            44.497897,
            224.74
          ],
          [
            1.253973,
            44.497563,
            226.44
          ],
          [
            1.253835,
            44.49754,
            227.16
          ],
          [
            1.252897,
            44.497499,
            233.21
          ],
          [
            1.252785,
            44.497485,
            233.95
          ],
          [
            1.251561,
            44.497222,
            238.76
          ],
          [
            1.251569,
            44.497132,
            239.14
          ],
          [
            1.251544,
            44.497045,
            239.43
          ],
          [
            1.251292,
            44.496543,
            239.11
          ],
          [
            1.251086,
            44.496259,
            238.33
          ],
          [
            1.250815,
            44.496034,
            236.8
          ],
          [
            1.250462,
            44.496037,
            233.13
          ],
          [
            1.250224,
            44.495994,
            231.71
          ],
          [
            1.250012,
            44.495911,
            230.07
          ],
          [
            1.249537,
            44.495593,
            225.7
          ],
          [
            1.24932,
            44.495537,
            224.24
          ],
          [
            1.248654,
            44.495491,
            219.78
          ],
          [
            1.248295,
            44.495426,
            217.44
          ],
          [
            1.248062,
            44.495318,
            215.77
          ],
          [
            1.247059,
            44.494532,
            211.25
          ],
          [
            1.246687,
            44.494337,
            210.73
          ],
          [
            1.246509,
            44.49431,
            210.26
          ],
          [
            1.246293,
            44.494337,
            209.53
          ],
          [
            1.245553,
            44.494544,
            205.28
          ],
          [
            1.245316,
            44.494578,
            203.41
          ],
          [
            1.245069,
            44.494556,
            201.51
          ],
          [
            1.244602,
            44.494433,
            197.66
          ],
          [
            1.244204,
            44.49426,
            193.43
          ],
          [
            1.243227,
            44.493628,
            179.81
          ],
          [
            1.24305,
            44.493575,
            178.15
          ],
          [
            1.242812,
            44.493554,
            176.27
          ],
          [
            1.242535,
            44.49356,
            174.31
          ],
          [
            1.241873,
            44.493653,
            170.49
          ],
          [
            1.241639,
            44.493628,
            168.99
          ],
          [
            1.241555,
            44.49371,
            169.45
          ],
          [
            1.24145,
            44.493734,
            169.48
          ],
          [
            1.241171,
            44.493928,
            169.21
          ],
          [
            1.241086,
            44.493974,
            169.72
          ],
          [
            1.24097,
            44.493987,
            170.06
          ],
          [
            1.240755,
            44.493993,
            170.3
          ],
          [
            1.240658,
            44.494016,
            170.56
          ],
          [
            1.24059,
            44.494017,
            171.07
          ],
          [
            1.240412,
            44.494079,
            174.08
          ],
          [
            1.240359,
            44.494087,
            175.31
          ],
          [
            1.240305,
            44.494068,
            176.76
          ],
          [
            1.240273,
            44.494076,
            177.59
          ],
          [
            1.240214,
            44.494109,
            178.9
          ],
          [
            1.240111,
            44.494152,
            180.99
          ],
          [
            1.240055,
            44.494158,
            182.01
          ],
          [
            1.239917,
            44.494225,
            184.82
          ],
          [
            1.23989,
            44.494216,
            185.23
          ],
          [
            1.239856,
            44.494228,
            185.73
          ],
          [
            1.239761,
            44.494225,
            186.85
          ],
          [
            1.23942,
            44.494366,
            191.53
          ],
          [
            1.23936,
            44.494378,
            192.17
          ],
          [
            1.239132,
            44.494466,
            193.79
          ],
          [
            1.239108,
            44.494464,
            193.88
          ],
          [
            1.238949,
            44.494508,
            194.22
          ],
          [
            1.238645,
            44.49402,
            190.78
          ],
          [
            1.238138,
            44.494167,
            187.78
          ],
          [
            1.237816,
            44.494248,
            186.45
          ],
          [
            1.23742,
            44.494242,
            184.14
          ],
          [
            1.236849,
            44.494167,
            180.44
          ],
          [
            1.236498,
            44.494157,
            177.54
          ],
          [
            1.236239,
            44.49417,
            175.41
          ],
          [
            1.235946,
            44.494244,
            173.72
          ],
          [
            1.235775,
            44.494324,
            172.19
          ],
          [
            1.234893,
            44.494506,
            163.03
          ],
          [
            1.23382,
            44.494455,
            154.79
          ],
          [
            1.232666,
            44.494438,
            143.11
          ],
          [
            1.232629,
            44.494413,
            142.51
          ],
          [
            1.232671,
            44.494378,
            141.76
          ],
          [
            1.232793,
            44.494318,
            140.04
          ],
          [
            1.232851,
            44.494271,
            139.01
          ],
          [
            1.232795,
            44.494218,
            137.92
          ],
          [
            1.232391,
            44.493956,
            131.61
          ],
          [
            1.232281,
            44.493581,
            126.01
          ],
          [
            1.232232,
            44.493227,
            121.62
          ],
          [
            1.231761,
            44.492538,
            114.64
          ],
          [
            1.231744,
            44.492374,
            112.91
          ],
          [
            1.231708,
            44.492188,
            110.7
          ],
          [
            1.231124,
            44.491655,
            100.09
          ],
          [
            1.230978,
            44.491625,
            96.89
          ],
          [
            1.230876,
            44.491793,
            96.9
          ],
          [
            1.230466,
            44.492348,
            95.3
          ],
          [
            1.229766,
            44.493137,
            93.88
          ],
          [
            1.229086,
            44.493878,
            94.46
          ],
          [
            1.228879,
            44.494068,
            94.61
          ],
          [
            1.228278,
            44.49459,
            94.62
          ],
          [
            1.22758,
            44.49515,
            94.71
          ],
          [
            1.226441,
            44.496108,
            94.84
          ],
          [
            1.225921,
            44.496578,
            95.13
          ],
          [
            1.225422,
            44.497062,
            95.48
          ],
          [
            1.224934,
            44.497549,
            95.93
          ],
          [
            1.224494,
            44.498013,
            96.62
          ],
          [
            1.224263,
            44.498243,
            96.9
          ],
          [
            1.224041,
            44.49844,
            97.06
          ],
          [
            1.223757,
            44.498675,
            96.14
          ],
          [
            1.22328,
            44.499028,
            95.04
          ],
          [
            1.222651,
            44.499439,
            92.45
          ],
          [
            1.222086,
            44.499779,
            92.64
          ],
          [
            1.221693,
            44.499961,
            92.3
          ],
          [
            1.221066,
            44.500192,
            90.36
          ],
          [
            1.220851,
            44.500303,
            89.55
          ],
          [
            1.220752,
            44.500332,
            88.9
          ],
          [
            1.22048,
            44.500543,
            92.15
          ],
          [
            1.219708,
            44.500829,
            94.92
          ],
          [
            1.219312,
            44.500931,
            95.8
          ],
          [
            1.218857,
            44.501031,
            96.52
          ],
          [
            1.218124,
            44.501143,
            97.23
          ],
          [
            1.217439,
            44.501215,
            97.79
          ],
          [
            1.2168,
            44.501242,
            98.45
          ],
          [
            1.216155,
            44.501236,
            99.5
          ],
          [
            1.215281,
            44.501188,
            100.63
          ],
          [
            1.214962,
            44.501151,
            101.03
          ],
          [
            1.211701,
            44.500679,
            102.23
          ],
          [
            1.210352,
            44.500535,
            102.59
          ],
          [
            1.209802,
            44.500493,
            102.46
          ],
          [
            1.209505,
            44.500398,
            102.44
          ],
          [
            1.209202,
            44.50034,
            102.03
          ],
          [
            1.208984,
            44.50033,
            102.0
          ],
          [
            1.208268,
            44.500206,
            101.98
          ],
          [
            1.207551,
            44.50015,
            102.53
          ],
          [
            1.206776,
            44.500056,
            102.68
          ],
          [
            1.206423,
            44.499957,
            102.43
          ],
          [
            1.205761,
            44.499882,
            101.79
          ],
          [
            1.205441,
            44.499835,
            101.37
          ],
          [
            1.203671,
            44.499695,
            106.3
          ],
          [
            1.203691,
            44.499774,
            107.48
          ],
          [
            1.202876,
            44.499604,
            108.97
          ],
          [
            1.200165,
            44.498913,
            116.17
          ],
          [
            1.199718,
            44.498781,
            117.01
          ],
          [
            1.198548,
            44.498386,
            119.71
          ],
          [
            1.198446,
            44.498372,
            120.05
          ],
          [
            1.198344,
            44.498368,
            120.46
          ],
          [
            1.197453,
            44.49794,
            120.46
          ],
          [
            1.197031,
            44.497679,
            120.07
          ],
          [
            1.196674,
            44.49753,
            119.0
          ],
          [
            1.196492,
            44.497476,
            118.78
          ],
          [
            1.196281,
            44.497436,
            118.52
          ],
          [
            1.196008,
            44.497428,
            117.93
          ],
          [
            1.195831,
            44.49744,
            117.84
          ],
          [
            1.195594,
            44.49751,
            118.58
          ],
          [
            1.19542,
            44.497551,
            119.01
          ],
          [
            1.195301,
            44.497512,
            119.0
          ],
          [
            1.195083,
            44.497374,
            118.94
          ],
          [
            1.194976,
            44.497263,
            118.76
          ],
          [
            1.194024,
            44.497459,
            116.47
          ],
          [
            1.193788,
            44.497537,
            115.83
          ],
          [
            1.193772,
            44.49756,
            115.78
          ],
          [
            1.193808,
            44.497798,
            115.98
          ],
          [
            1.193792,
            44.497859,
            116.0
          ],
          [
            1.193724,
            44.497896,
            115.91
          ],
          [
            1.193658,
            44.497989,
            115.4
          ],
          [
            1.193571,
            44.498011,
            115.26
          ],
          [
            1.193281,
            44.498177,
            114.92
          ],
          [
            1.192755,
            44.498544,
            114.03
          ],
          [
            1.192299,
            44.498982,
            113.06
          ],
          [
            1.19196,
            44.499406,
            112.11
          ],
          [
            1.191731,
            44.499569,
            112.12
          ],
          [
            1.19134,
            44.49941,
            112.37
          ],
          [
            1.191277,
            44.499396,
            112.39
          ],
          [
            1.190718,
            44.499968,
            112.23
          ],
          [
            1.189733,
            44.500891,
            111.16
          ],
          [
            1.189658,
            44.50096,
            110.72
          ],
          [
            1.189219,
            44.501252,
            109.37
          ],
          [
            1.188851,
            44.50145,
            108.36
          ],
          [
            1.188794,
            44.501465,
            108.18
          ],
          [
            1.188642,
            44.501398,
            107.11
          ],
          [
            1.188404,
            44.501888,
            107.03
          ],
          [
            1.188101,
            44.502587,
            106.0
          ],
          [
            1.187427,
            44.502563,
            103.75
          ],
          [
            1.186074,
            44.502489,
            102.0
          ],
          [
            1.1856,
            44.502497,
            102.0
          ],
          [
            1.182832,
            44.502429,
            101.86
          ],
          [
            1.182725,
            44.502461,
            102.08
          ],
          [
            1.18267,
            44.502499,
            102.36
          ],
          [
            1.182556,
            44.502436,
            101.31
          ],
          [
            1.18254,
            44.502407,
            101.03
          ],
          [
            1.182542,
            44.502081,
            98.3
          ],
          [
            1.1815,
            44.5021,
            97.76
          ],
          [
            1.181438,
            44.502111,
            97.79
          ],
          [
            1.181411,
            44.502128,
            97.82
          ],
          [
            1.181278,
            44.502371,
            99.63
          ],
          [
            1.181252,
            44.502356,
            99.56
          ],
          [
            1.180757,
            44.502247,
            99.48
          ],
          [
            1.180538,
            44.50216,
            99.33
          ],
          [
            1.180238,
            44.502015,
            99.03
          ],
          [
            1.179836,
            44.501912,
            99.49
          ],
          [
            1.179461,
            44.501922,
            99.99
          ],
          [
            1.179055,
            44.502026,
            100.58
          ],
          [
            1.178704,
            44.502146,
            101.46
          ],
          [
            1.17919,
            44.502907,
            102.0
          ],
          [
            1.178179,
            44.503082,
            99.74
          ],
          [
            1.178107,
            44.503086,
            99.57
          ],
          [
            1.177852,
            44.503073,
            98.97
          ],
          [
            1.177187,
            44.503192,
            97.28
          ],
          [
            1.177152,
            44.503218,
            97.14
          ],
          [
            1.177128,
            44.503402,
            96.41
          ],
          [
            1.177092,
            44.503445,
            96.22
          ],
          [
            1.176633,
            44.503398,
            94.82
          ],
          [
            1.176299,
            44.503426,
            93.14
          ],
          [
            1.17599,
            44.503717,
            93.0
          ],
          [
            1.175386,
            44.504193,
            91.68
          ],
          [
            1.175189,
            44.504318,
            91.35
          ],
          [
            1.174674,
            44.504598,
            90.72
          ],
          [
            1.173915,
            44.504923,
            90.0
          ],
          [
            1.173741,
            44.504985,
            90.0
          ],
          [
            1.173703,
            44.504953,
            89.98
          ],
          [
            1.171836,
            44.505429,
            89.0
          ],
          [
            1.167944,
            44.506392,
            88.92
          ],
          [
            1.167504,
            44.506465,
            88.69
          ],
          [
            1.166988,
            44.506583,
            88.07
          ],
          [
            1.166786,
            44.506665,
            88.0
          ],
          [
            1.163086,
            44.5076,
            88.0
          ],
          [
            1.162906,
            44.507669,
            88.0
          ],
          [
            1.16278,
            44.507756,
            88.0
          ],
          [
            1.162529,
            44.508029,
            88.44
          ],
          [
            1.162647,
            44.508082,
            88.87
          ],
          [
            1.16276,
            44.508172,
            89.33
          ],
          [
            1.162793,
            44.508207,
            89.54
          ],
          [
            1.162863,
            44.508343,
            90.5
          ],
          [
            1.162874,
            44.508424,
            90.94
          ],
          [
            1.162857,
            44.50871,
            93.0
          ],
          [
            1.162172,
            44.508682,
            93.02
          ],
          [
            1.161856,
            44.508655,
            93.08
          ],
          [
            1.161518,
            44.508606,
            93.15
          ],
          [
            1.160512,
            44.508418,
            93.78
          ],
          [
            1.160108,
            44.50836,
            94.13
          ],
          [
            1.159722,
            44.508327,
            94.47
          ],
          [
            1.158789,
            44.508299,
            95.31
          ],
          [
            1.15827,
            44.508254,
            96.43
          ],
          [
            1.157567,
            44.508157,
            98.83
          ],
          [
            1.156999,
            44.508038,
            98.56
          ],
          [
            1.156216,
            44.507817,
            95.99
          ],
          [
            1.155597,
            44.507633,
            94.71
          ],
          [
            1.155331,
            44.507549,
            94.34
          ],
          [
            1.155071,
            44.507455,
            93.97
          ],
          [
            1.152988,
            44.506421,
            93.76
          ],
          [
            1.151677,
            44.505905,
            95.36
          ],
          [
            1.150883,
            44.505556,
            95.08
          ],
          [
            1.150256,
            44.505223,
            94.54
          ],
          [
            1.149613,
            44.504854,
            94.23
          ],
          [
            1.149146,
            44.504539,
            94.38
          ],
          [
            1.148485,
            44.504041,
            94.49
          ],
          [
            1.147727,
            44.503386,
            93.9
          ],
          [
            1.146979,
            44.502564,
            92.07
          ],
          [
            1.14684,
            44.502442,
            92.49
          ],
          [
            1.146799,
            44.502392,
            92.45
          ],
          [
            1.146602,
            44.502268,
            93.83
          ],
          [
            1.146308,
            44.502092,
            95.52
          ],
          [
            1.14617,
            44.50203,
            95.76
          ],
          [
            1.146252,
            44.501956,
            93.34
          ],
          [
            1.145975,
            44.501803,
            93.45
          ],
          [
            1.145684,
            44.501604,
            94.05
          ],
          [
            1.145417,
            44.501486,
            96.83
          ],
          [
            1.145413,
            44.501303,
            96.61
          ],
          [
            1.145443,
            44.501151,
            96.86
          ],
          [
            1.145406,
            44.501072,
            97.01
          ],
          [
            1.145235,
            44.500897,
            95.37
          ],
          [
            1.145085,
            44.500784,
            94.66
          ],
          [
            1.144978,
            44.500716,
            94.57
          ],
          [
            1.14484,
            44.500638,
            94.26
          ],
          [
            1.144727,
            44.500592,
            94.11
          ],
          [
            1.144608,
            44.500558,
            93.97
          ],
          [
            1.144483,
            44.500536,
            93.75
          ],
          [
            1.144389,
            44.500527,
            93.69
          ],
          [
            1.144216,
            44.500527,
            93.59
          ],
          [
            1.144078,
            44.500547,
            93.48
          ],
          [
            1.144005,
            44.500565,
            93.44
          ],
          [
            1.143623,
            44.500688,
            93.29
          ],
          [
            1.143392,
            44.500782,
            93.13
          ],
          [
            1.143151,
            44.500897,
            92.95
          ],
          [
            1.143037,
            44.500961,
            92.81
          ],
          [
            1.142168,
            44.501526,
            91.0
          ],
          [
            1.140827,
            44.502335,
            89.0
          ],
          [
            1.140724,
            44.502376,
            89.0
          ],
          [
            1.140027,
            44.502506,
            89.0
          ],
          [
            1.139805,
            44.502579,
            89.0
          ],
          [
            1.139788,
            44.502518,
            89.0
          ],
          [
            1.139627,
            44.502546,
            88.71
          ],
          [
            1.139566,
            44.502531,
            88.5
          ],
          [
            1.13942,
            44.502451,
            88.06
          ],
          [
            1.139246,
            44.502397,
            88.08
          ],
          [
            1.138851,
            44.502314,
            88.25
          ],
          [
            1.13818,
            44.502192,
            87.09
          ],
          [
            1.137572,
            44.502072,
            85.15
          ],
          [
            1.13753,
            44.502004,
            85.33
          ],
          [
            1.13744,
            44.502022,
            84.66
          ],
          [
            1.137416,
            44.502043,
            84.35
          ],
          [
            1.137018,
            44.501971,
            78.06
          ],
          [
            1.135439,
            44.501667,
            84.0
          ],
          [
            1.134922,
            44.501496,
            84.71
          ],
          [
            1.134643,
            44.50137,
            85.05
          ],
          [
            1.134569,
            44.501316,
            85.07
          ],
          [
            1.134523,
            44.501237,
            85.04
          ],
          [
            1.134444,
            44.501168,
            85.08
          ],
          [
            1.13442,
            44.501136,
            85.11
          ],
          [
            1.134328,
            44.501114,
            85.06
          ],
          [
            1.134261,
            44.501151,
            85.16
          ],
          [
            1.134203,
            44.501149,
            85.12
          ],
          [
            1.134149,
            44.501134,
            85.01
          ],
          [
            1.134026,
            44.501076,
            85.18
          ],
          [
            1.133893,
            44.501033,
            85.16
          ],
          [
            1.133153,
            44.500908,
            85.15
          ],
          [
            1.13292,
            44.500875,
            85.12
          ],
          [
            1.132544,
            44.500856,
            84.97
          ],
          [
            1.132201,
            44.500848,
            84.9
          ],
          [
            1.132195,
            44.500892,
            85.0
          ],
          [
            1.131665,
            44.500878,
            85.15
          ],
          [
            1.131432,
            44.500878,
            85.11
          ],
          [
            1.131232,
            44.500858,
            85.0
          ],
          [
            1.131145,
            44.500878,
            85.09
          ],
          [
            1.130987,
            44.500866,
            85.05
          ],
          [
            1.130885,
            44.500826,
            85.0
          ],
          [
            1.130497,
            44.500768,
            85.0
          ],
          [
            1.128995,
            44.500484,
            87.13
          ],
          [
            1.127781,
            44.500268,
            90.01
          ],
          [
            1.125299,
            44.499785,
            93.0
          ],
          [
            1.124943,
            44.499734,
            93.0
          ],
          [
            1.124807,
            44.499723,
            93.0
          ],
          [
            1.124548,
            44.499736,
            93.0
          ],
          [
            1.124266,
            44.499762,
            93.09
          ],
          [
            1.122836,
            44.500049,
            93.02
          ],
          [
            1.121324,
            44.50027,
            92.72
          ],
          [
            1.119828,
            44.500427,
            92.0
          ],
          [
            1.118032,
            44.500537,
            92.0
          ],
          [
            1.118293,
            44.501153,
            92.0
          ],
          [
            1.118127,
            44.501148,
            92.0
          ],
          [
            1.117899,
            44.501131,
            92.0
          ],
          [
            1.117516,
            44.501087,
            92.0
          ],
          [
            1.114914,
            44.501059,
            92.0
          ],
          [
            1.113554,
            44.501034,
            92.0
          ],
          [
            1.113455,
            44.501001,
            92.0
          ],
          [
            1.113425,
            44.500972,
            92.0
          ],
          [
            1.113297,
            44.500947,
            92.0
          ],
          [
            1.110706,
            44.500933,
            91.56
          ],
          [
            1.109511,
            44.500894,
            90.0
          ],
          [
            1.107423,
            44.500876,
            87.99
          ],
          [
            1.106293,
            44.500771,
            87.04
          ],
          [
            1.105101,
            44.500591,
            86.28
          ],
          [
            1.104864,
            44.500496,
            86.09
          ],
          [
            1.104304,
            44.500347,
            86.0
          ],
          [
            1.104255,
            44.500403,
            86.0
          ],
          [
            1.103824,
            44.500294,
            85.25
          ],
          [
            1.103387,
            44.500169,
            85.11
          ],
          [
            1.102535,
            44.499883,
            84.68
          ],
          [
            1.100548,
            44.499102,
            84.0
          ],
          [
            1.100102,
            44.498945,
            84.0
          ],
          [
            1.099745,
            44.498833,
            84.0
          ],
          [
            1.099424,
            44.498761,
            83.98
          ],
          [
            1.099031,
            44.498701,
            83.69
          ],
          [
            1.09859,
            44.498671,
            83.42
          ],
          [
            1.098086,
            44.498686,
            83.16
          ],
          [
            1.097612,
            44.498738,
            82.96
          ],
          [
            1.097161,
            44.498829,
            82.67
          ],
          [
            1.096756,
            44.498961,
            82.35
          ],
          [
            1.096269,
            44.499143,
            79.55
          ],
          [
            1.095012,
            44.499674,
            78.11
          ],
          [
            1.093765,
            44.500181,
            82.34
          ],
          [
            1.090834,
            44.501391,
            82.44
          ],
          [
            1.090781,
            44.501332,
            81.59
          ],
          [
            1.090695,
            44.501278,
            80.93
          ],
          [
            1.090282,
            44.501506,
            83.84
          ],
          [
            1.089879,
            44.501675,
            85.14
          ],
          [
            1.086502,
            44.503039,
            88.69
          ],
          [
            1.085938,
            44.503224,
            90.51
          ],
          [
            1.085163,
            44.503611,
            89.05
          ],
          [
            1.080411,
            44.505591,
            88.0
          ],
          [
            1.08032,
            44.506034,
            88.0
          ],
          [
            1.080127,
            44.50606,
            88.0
          ],
          [
            1.079016,
            44.506502,
            87.49
          ],
          [
            1.078916,
            44.506585,
            87.3
          ],
          [
            1.07885,
            44.506672,
            87.0
          ],
          [
            1.07873,
            44.506882,
            87.0
          ],
          [
            1.077029,
            44.507592,
            87.0
          ],
          [
            1.077138,
            44.508756,
            87.19
          ],
          [
            1.077139,
            44.50907,
            87.38
          ],
          [
            1.077116,
            44.509457,
            87.69
          ],
          [
            1.077116,
            44.509969,
            88.47
          ],
          [
            1.077205,
            44.510388,
            89.1
          ],
          [
            1.077191,
            44.510621,
            89.45
          ],
          [
            1.077199,
            44.511017,
            89.81
          ],
          [
            1.077173,
            44.511384,
            89.73
          ],
          [
            1.077122,
            44.511415,
            89.7
          ],
          [
            1.077033,
            44.511438,
            89.67
          ],
          [
            1.075898,
            44.511468,
            89.4
          ],
          [
            1.075726,
            44.511496,
            89.71
          ],
          [
            1.075807,
            44.511571,
            89.9
          ],
          [
            1.075907,
            44.511721,
            89.92
          ],
          [
            1.075983,
            44.511907,
            90.0
          ],
          [
            1.076224,
            44.512706,
            91.0
          ],
          [
            1.07633,
            44.512899,
            91.77
          ],
          [
            1.076417,
            44.513154,
            92.45
          ],
          [
            1.076644,
            44.513902,
            94.48
          ],
          [
            1.076751,
            44.514162,
            95.6
          ],
          [
            1.076604,
            44.514152,
            95.43
          ],
          [
            1.07617,
            44.514164,
            95.56
          ],
          [
            1.075525,
            44.51424,
            95.51
          ],
          [
            1.074752,
            44.514285,
            94.95
          ],
          [
            1.073596,
            44.514244,
            93.82
          ],
          [
            1.073132,
            44.514241,
            93.76
          ],
          [
            1.072477,
            44.514135,
            94.01
          ],
          [
            1.0719,
            44.514025,
            94.84
          ],
          [
            1.071533,
            44.513981,
            95.67
          ],
          [
            1.071388,
            44.514016,
            96.08
          ],
          [
            1.071338,
            44.5141,
            96.47
          ],
          [
            1.071379,
            44.514276,
            97.22
          ],
          [
            1.071363,
            44.514838,
            100.95
          ],
          [
            1.071484,
            44.514846,
            101.07
          ],
          [
            1.071398,
            44.514869,
            101.61
          ],
          [
            1.071344,
            44.514966,
            102.77
          ],
          [
            1.070409,
            44.515084,
            108.04
          ],
          [
            1.069776,
            44.515201,
            111.83
          ],
          [
            1.068821,
            44.51551,
            120.32
          ],
          [
            1.068509,
            44.515697,
            124.76
          ],
          [
            1.068165,
            44.51581,
            129.31
          ],
          [
            1.067424,
            44.516208,
            141.86
          ],
          [
            1.066994,
            44.516596,
            151.46
          ],
          [
            1.066771,
            44.516909,
            157.83
          ],
          [
            1.065644,
            44.517855,
            179.48
          ],
          [
            1.065567,
            44.517857,
            180.46
          ],
          [
            1.065144,
            44.517787,
            185.86
          ],
          [
            1.064856,
            44.517796,
            189.27
          ],
          [
            1.064404,
            44.517792,
            194.6
          ],
          [
            1.064153,
            44.517772,
            197.57
          ],
          [
            1.064051,
            44.517748,
            198.24
          ],
          [
            1.06384,
            44.518258,
            203.61
          ],
          [
            1.063758,
            44.51917,
            211.56
          ],
          [
            1.063762,
            44.519551,
            213.82
          ],
          [
            1.06361,
            44.519807,
            215.07
          ],
          [
            1.063095,
            44.520158,
            217.5
          ],
          [
            1.061904,
            44.520785,
            226.46
          ],
          [
            1.061897,
            44.520857,
            226.96
          ],
          [
            1.061992,
            44.521038,
            227.76
          ],
          [
            1.062216,
            44.521191,
            228.56
          ],
          [
            1.062155,
            44.521234,
            228.91
          ],
          [
            1.062065,
            44.521265,
            228.76
          ],
          [
            1.061621,
            44.521332,
            226.01
          ],
          [
            1.061134,
            44.521389,
            222.76
          ],
          [
            1.061058,
            44.521437,
            222.08
          ],
          [
            1.060686,
            44.521495,
            219.44
          ],
          [
            1.060427,
            44.521462,
            217.72
          ],
          [
            1.060118,
            44.521351,
            215.55
          ],
          [
            1.05998,
            44.521327,
            214.74
          ],
          [
            1.059765,
            44.52135,
            213.7
          ],
          [
            1.059575,
            44.521436,
            213.03
          ],
          [
            1.059454,
            44.521458,
            212.64
          ],
          [
            1.059117,
            44.521437,
            211.94
          ],
          [
            1.058932,
            44.521415,
            211.56
          ],
          [
            1.058806,
            44.521378,
            211.1
          ],
          [
            1.058758,
            44.521352,
            210.94
          ],
          [
            1.058735,
            44.521282,
            210.79
          ],
          [
            1.058669,
            44.52123,
            210.77
          ],
          [
            1.058618,
            44.521235,
            210.76
          ],
          [
            1.058394,
            44.521292,
            210.54
          ],
          [
            1.058338,
            44.521375,
            210.34
          ],
          [
            1.058085,
            44.521479,
            210.01
          ],
          [
            1.057952,
            44.521584,
            209.87
          ],
          [
            1.057881,
            44.521614,
            209.83
          ],
          [
            1.057662,
            44.521629,
            209.66
          ],
          [
            1.057517,
            44.521661,
            209.47
          ],
          [
            1.057296,
            44.52178,
            208.9
          ],
          [
            1.057099,
            44.521935,
            208.04
          ],
          [
            1.056401,
            44.522292,
            203.55
          ],
          [
            1.056194,
            44.522557,
            200.64
          ],
          [
            1.055979,
            44.522705,
            198.9
          ],
          [
            1.055685,
            44.522878,
            197.25
          ],
          [
            1.055197,
            44.523188,
            196.27
          ],
          [
            1.054726,
            44.523558,
            195.81
          ],
          [
            1.054638,
            44.523698,
            195.48
          ],
          [
            1.054611,
            44.523841,
            195.06
          ],
          [
            1.054407,
            44.52397,
            194.25
          ],
          [
            1.054316,
            44.524077,
            193.51
          ],
          [
            1.053954,
            44.524288,
            190.87
          ],
          [
            1.053926,
            44.524383,
            189.95
          ],
          [
            1.053839,
            44.524459,
            188.94
          ],
          [
            1.05383,
            44.524518,
            188.3
          ],
          [
            1.053851,
            44.524609,
            187.22
          ],
          [
            1.053839,
            44.524662,
            186.55
          ],
          [
            1.053757,
            44.524736,
            185.29
          ],
          [
            1.053769,
            44.524784,
            184.6
          ],
          [
            1.053755,
            44.524836,
            183.83
          ],
          [
            1.053711,
            44.524887,
            182.91
          ],
          [
            1.053657,
            44.524994,
            181.07
          ],
          [
            1.053657,
            44.524994,
            181.07
          ],
          [
            1.053711,
            44.524887,
            182.91
          ],
          [
            1.053755,
            44.524836,
            183.83
          ],
          [
            1.053769,
            44.524784,
            184.6
          ],
          [
            1.053757,
            44.524736,
            185.29
          ],
          [
            1.053839,
            44.524662,
            186.55
          ],
          [
            1.053851,
            44.524609,
            187.22
          ],
          [
            1.05383,
            44.524518,
            188.3
          ],
          [
            1.053839,
            44.524459,
            188.94
          ],
          [
            1.053926,
            44.524383,
            189.95
          ],
          [
            1.053954,
            44.524288,
            190.87
          ],
          [
            1.054316,
            44.524077,
            193.51
          ],
          [
            1.054407,
            44.52397,
            194.25
          ],
          [
            1.054611,
            44.523841,
            195.06
          ],
          [
            1.054638,
            44.523698,
            195.48
          ],
          [
            1.054726,
            44.523558,
            195.81
          ],
          [
            1.055197,
            44.523188,
            196.27
          ],
          [
            1.055685,
            44.522878,
            197.25
          ],
          [
            1.055979,
            44.522705,
            198.9
          ],
          [
            1.056194,
            44.522557,
            200.64
          ],
          [
            1.056401,
            44.522292,
            203.55
          ],
          [
            1.057099,
            44.521935,
            208.04
          ],
          [
            1.057296,
            44.52178,
            208.9
          ],
          [
            1.057517,
            44.521661,
            209.47
          ],
          [
            1.057662,
            44.521629,
            209.66
          ],
          [
            1.057881,
            44.521614,
            209.83
          ],
          [
            1.057952,
            44.521584,
            209.87
          ],
          [
            1.058085,
            44.521479,
            210.01
          ],
          [
            1.058338,
            44.521375,
            210.34
          ],
          [
            1.058394,
            44.521292,
            210.54
          ],
          [
            1.058618,
            44.521235,
            210.76
          ],
          [
            1.058669,
            44.52123,
            210.77
          ],
          [
            1.058735,
            44.521282,
            210.79
          ],
          [
            1.058758,
            44.521352,
            210.94
          ],
          [
            1.058806,
            44.521378,
            211.1
          ],
          [
            1.058932,
            44.521415,
            211.56
          ],
          [
            1.059117,
            44.521437,
            211.94
          ],
          [
            1.059454,
            44.521458,
            212.64
          ],
          [
            1.059575,
            44.521436,
            213.03
          ],
          [
            1.059765,
            44.52135,
            213.7
          ],
          [
            1.05998,
            44.521327,
            214.74
          ],
          [
            1.060118,
            44.521351,
            215.55
          ],
          [
            1.060427,
            44.521462,
            217.72
          ],
          [
            1.060686,
            44.521495,
            219.44
          ],
          [
            1.061058,
            44.521437,
            222.08
          ],
          [
            1.061134,
            44.521389,
            222.76
          ],
          [
            1.061621,
            44.521332,
            226.01
          ],
          [
            1.062065,
            44.521265,
            228.76
          ],
          [
            1.062155,
            44.521234,
            228.91
          ],
          [
            1.062216,
            44.521191,
            228.56
          ],
          [
            1.061992,
            44.521038,
            227.76
          ],
          [
            1.061897,
            44.520857,
            226.96
          ],
          [
            1.061904,
            44.520785,
            226.46
          ],
          [
            1.063095,
            44.520158,
            217.5
          ],
          [
            1.06361,
            44.519807,
            215.07
          ],
          [
            1.063762,
            44.519551,
            213.82
          ],
          [
            1.063758,
            44.51917,
            211.56
          ],
          [
            1.06384,
            44.518258,
            203.61
          ],
          [
            1.064051,
            44.517748,
            198.24
          ],
          [
            1.064153,
            44.517772,
            197.57
          ],
          [
            1.064404,
            44.517792,
            194.6
          ],
          [
            1.064856,
            44.517796,
            189.27
          ],
          [
            1.065144,
            44.517787,
            185.86
          ],
          [
            1.065567,
            44.517857,
            180.46
          ],
          [
            1.065644,
            44.517855,
            179.48
          ],
          [
            1.066771,
            44.516909,
            157.83
          ],
          [
            1.066994,
            44.516596,
            151.46
          ],
          [
            1.067424,
            44.516208,
            141.86
          ],
          [
            1.068165,
            44.51581,
            129.31
          ],
          [
            1.068509,
            44.515697,
            124.76
          ],
          [
            1.068821,
            44.51551,
            120.32
          ],
          [
            1.069776,
            44.515201,
            111.83
          ],
          [
            1.070409,
            44.515084,
            108.04
          ],
          [
            1.071344,
            44.514966,
            102.77
          ],
          [
            1.071398,
            44.514869,
            101.61
          ],
          [
            1.071484,
            44.514846,
            101.07
          ],
          [
            1.071363,
            44.514838,
            100.95
          ],
          [
            1.071379,
            44.514276,
            97.22
          ],
          [
            1.071338,
            44.5141,
            96.47
          ],
          [
            1.071388,
            44.514016,
            96.08
          ],
          [
            1.071533,
            44.513981,
            95.67
          ],
          [
            1.0719,
            44.514025,
            94.84
          ],
          [
            1.072477,
            44.514135,
            94.01
          ],
          [
            1.073132,
            44.514241,
            93.76
          ],
          [
            1.073596,
            44.514244,
            93.82
          ],
          [
            1.074752,
            44.514285,
            94.95
          ],
          [
            1.075525,
            44.51424,
            95.51
          ],
          [
            1.07617,
            44.514164,
            95.56
          ],
          [
            1.076604,
            44.514152,
            95.43
          ],
          [
            1.076751,
            44.514162,
            95.6
          ],
          [
            1.076644,
            44.513902,
            94.48
          ],
          [
            1.076417,
            44.513154,
            92.45
          ],
          [
            1.07633,
            44.512899,
            91.77
          ],
          [
            1.076224,
            44.512706,
            91.0
          ],
          [
            1.075983,
            44.511907,
            90.0
          ],
          [
            1.075907,
            44.511721,
            89.92
          ],
          [
            1.075807,
            44.511571,
            89.9
          ],
          [
            1.075726,
            44.511496,
            89.71
          ],
          [
            1.075898,
            44.511468,
            89.4
          ],
          [
            1.077033,
            44.511438,
            89.67
          ],
          [
            1.077122,
            44.511415,
            89.7
          ],
          [
            1.077173,
            44.511384,
            89.73
          ],
          [
            1.077199,
            44.511017,
            89.81
          ],
          [
            1.077191,
            44.510621,
            89.45
          ],
          [
            1.077205,
            44.510388,
            89.1
          ],
          [
            1.077116,
            44.509969,
            88.47
          ],
          [
            1.077116,
            44.509457,
            87.69
          ],
          [
            1.077139,
            44.50907,
            87.38
          ],
          [
            1.077138,
            44.508756,
            87.19
          ],
          [
            1.077029,
            44.507592,
            87.0
          ],
          [
            1.07873,
            44.506882,
            87.0
          ],
          [
            1.07885,
            44.506672,
            87.0
          ],
          [
            1.078916,
            44.506585,
            87.3
          ],
          [
            1.079016,
            44.506502,
            87.49
          ],
          [
            1.080127,
            44.50606,
            88.0
          ],
          [
            1.08032,
            44.506034,
            88.0
          ],
          [
            1.080411,
            44.505591,
            88.0
          ],
          [
            1.085163,
            44.503611,
            89.05
          ],
          [
            1.085938,
            44.503224,
            90.51
          ],
          [
            1.086502,
            44.503039,
            88.69
          ],
          [
            1.089879,
            44.501675,
            85.14
          ],
          [
            1.089985,
            44.501737,
            85.37
          ],
          [
            1.095012,
            44.499674,
            78.11
          ],
          [
            1.096269,
            44.499143,
            79.55
          ],
          [
            1.096756,
            44.498961,
            82.35
          ],
          [
            1.097161,
            44.498829,
            82.67
          ],
          [
            1.097612,
            44.498738,
            82.96
          ],
          [
            1.098086,
            44.498686,
            83.16
          ],
          [
            1.09859,
            44.498671,
            83.42
          ],
          [
            1.099031,
            44.498701,
            83.69
          ],
          [
            1.099424,
            44.498761,
            83.98
          ],
          [
            1.099745,
            44.498833,
            84.0
          ],
          [
            1.100012,
            44.498568,
            84.0
          ],
          [
            1.09999,
            44.498556,
            84.0
          ],
          [
            1.100096,
            44.498423,
            84.93
          ],
          [
            1.100779,
            44.497936,
            88.84
          ],
          [
            1.101355,
            44.497674,
            90.15
          ],
          [
            1.102402,
            44.497158,
            90.84
          ],
          [
            1.103543,
            44.496537,
            91.06
          ],
          [
            1.104158,
            44.496285,
            91.0
          ],
          [
            1.104436,
            44.496101,
            91.0
          ],
          [
            1.105082,
            44.495514,
            92.0
          ],
          [
            1.10421,
            44.495109,
            93.84
          ],
          [
            1.103943,
            44.494945,
            94.51
          ],
          [
            1.104153,
            44.494819,
            95.55
          ],
          [
            1.104684,
            44.494273,
            100.29
          ],
          [
            1.104817,
            44.49418,
            101.22
          ],
          [
            1.104994,
            44.494115,
            102.2
          ],
          [
            1.105169,
            44.494087,
            103.04
          ],
          [
            1.10535,
            44.494074,
            103.83
          ],
          [
            1.106122,
            44.494078,
            106.59
          ],
          [
            1.1066,
            44.493805,
            108.11
          ],
          [
            1.107905,
            44.492975,
            109.69
          ],
          [
            1.108575,
            44.492598,
            109.27
          ],
          [
            1.109266,
            44.492392,
            108.99
          ],
          [
            1.110353,
            44.491932,
            111.21
          ],
          [
            1.111103,
            44.491665,
            111.91
          ],
          [
            1.112013,
            44.491411,
            111.75
          ],
          [
            1.113854,
            44.491159,
            111.25
          ],
          [
            1.115026,
            44.490853,
            112.11
          ],
          [
            1.115283,
            44.490754,
            112.78
          ],
          [
            1.11606,
            44.490494,
            114.74
          ],
          [
            1.117158,
            44.490046,
            116.7
          ],
          [
            1.117828,
            44.489749,
            116.47
          ],
          [
            1.118098,
            44.489716,
            115.32
          ],
          [
            1.118452,
            44.489694,
            114.3
          ],
          [
            1.119419,
            44.489748,
            111.48
          ],
          [
            1.120318,
            44.489768,
            109.61
          ],
          [
            1.121409,
            44.489708,
            108.35
          ],
          [
            1.122483,
            44.489679,
            108.09
          ],
          [
            1.122873,
            44.489642,
            108.16
          ],
          [
            1.123572,
            44.489495,
            108.64
          ],
          [
            1.124677,
            44.489193,
            107.51
          ],
          [
            1.126498,
            44.488821,
            101.98
          ],
          [
            1.127657,
            44.488834,
            99.19
          ],
          [
            1.127892,
            44.488809,
            98.74
          ],
          [
            1.128199,
            44.488748,
            98.2
          ],
          [
            1.12915,
            44.488503,
            96.75
          ],
          [
            1.130693,
            44.488373,
            90.01
          ],
          [
            1.130935,
            44.488381,
            88.61
          ],
          [
            1.13109,
            44.487845,
            89.05
          ],
          [
            1.131288,
            44.487289,
            90.07
          ],
          [
            1.131558,
            44.486603,
            90.0
          ],
          [
            1.131784,
            44.485709,
            89.51
          ],
          [
            1.132147,
            44.484656,
            89.8
          ],
          [
            1.13224,
            44.484121,
            90.02
          ],
          [
            1.132424,
            44.483542,
            90.02
          ],
          [
            1.132587,
            44.483096,
            89.99
          ],
          [
            1.132843,
            44.482579,
            90.05
          ],
          [
            1.133765,
            44.480901,
            90.83
          ],
          [
            1.134972,
            44.479237,
            92.2
          ],
          [
            1.135795,
            44.47829,
            90.47
          ],
          [
            1.136615,
            44.477416,
            89.24
          ],
          [
            1.137025,
            44.47702,
            86.03
          ],
          [
            1.137361,
            44.476801,
            82.72
          ],
          [
            1.13777,
            44.4766,
            83.95
          ],
          [
            1.138629,
            44.476245,
            82.6
          ],
          [
            1.139061,
            44.476081,
            81.94
          ],
          [
            1.139515,
            44.475949,
            81.86
          ],
          [
            1.140769,
            44.475644,
            84.78
          ],
          [
            1.141805,
            44.475521,
            86.02
          ],
          [
            1.14281,
            44.475354,
            86.57
          ],
          [
            1.14536,
            44.474593,
            86.26
          ],
          [
            1.14615,
            44.474404,
            86.99
          ],
          [
            1.146543,
            44.474345,
            87.31
          ],
          [
            1.150127,
            44.474469,
            87.01
          ],
          [
            1.150474,
            44.474497,
            86.47
          ],
          [
            1.150739,
            44.474528,
            85.49
          ],
          [
            1.151107,
            44.4746,
            86.59
          ],
          [
            1.151388,
            44.474692,
            87.8
          ],
          [
            1.151574,
            44.474427,
            87.57
          ],
          [
            1.151977,
            44.474295,
            87.5
          ],
          [
            1.152306,
            44.474102,
            87.7
          ],
          [
            1.152395,
            44.474015,
            87.94
          ],
          [
            1.15243,
            44.473923,
            88.15
          ],
          [
            1.152932,
            44.473961,
            91.23
          ],
          [
            1.154463,
            44.47329,
            96.54
          ],
          [
            1.156058,
            44.472665,
            99.76
          ],
          [
            1.156436,
            44.472395,
            100.66
          ],
          [
            1.157921,
            44.470996,
            105.36
          ],
          [
            1.158524,
            44.470766,
            105.36
          ],
          [
            1.159205,
            44.470469,
            106.57
          ],
          [
            1.159697,
            44.470053,
            109.9
          ],
          [
            1.159857,
            44.469988,
            110.28
          ],
          [
            1.16001,
            44.469945,
            110.24
          ],
          [
            1.160593,
            44.469901,
            109.11
          ],
          [
            1.162563,
            44.469835,
            111.12
          ],
          [
            1.163027,
            44.469744,
            112.59
          ],
          [
            1.163398,
            44.469507,
            113.77
          ],
          [
            1.16407,
            44.468728,
            115.21
          ],
          [
            1.164471,
            44.468375,
            115.39
          ],
          [
            1.166286,
            44.467673,
            117.96
          ],
          [
            1.167214,
            44.467236,
            120.01
          ],
          [
            1.167409,
            44.467163,
            120.0
          ],
          [
            1.167545,
            44.467115,
            120.16
          ],
          [
            1.169027,
            44.466711,
            124.87
          ],
          [
            1.17044,
            44.466501,
            129.17
          ],
          [
            1.170877,
            44.466454,
            130.39
          ],
          [
            1.172133,
            44.466168,
            134.41
          ],
          [
            1.173032,
            44.46604,
            137.0
          ],
          [
            1.173151,
            44.466003,
            137.22
          ],
          [
            1.174079,
            44.465665,
            139.97
          ],
          [
            1.174884,
            44.465272,
            143.4
          ],
          [
            1.175192,
            44.465164,
            144.88
          ],
          [
            1.175364,
            44.465117,
            146.07
          ],
          [
            1.17552,
            44.4651,
            147.1
          ],
          [
            1.175637,
            44.465118,
            146.74
          ],
          [
            1.175715,
            44.465242,
            145.66
          ],
          [
            1.175847,
            44.465504,
            148.71
          ],
          [
            1.175939,
            44.465567,
            149.57
          ],
          [
            1.176033,
            44.4656,
            150.06
          ],
          [
            1.176892,
            44.465639,
            152.95
          ],
          [
            1.177363,
            44.465833,
            155.06
          ],
          [
            1.177521,
            44.465832,
            155.73
          ],
          [
            1.177751,
            44.465806,
            156.74
          ],
          [
            1.177966,
            44.465803,
            157.69
          ],
          [
            1.178165,
            44.465812,
            158.63
          ],
          [
            1.178915,
            44.465892,
            162.2
          ],
          [
            1.179109,
            44.4659,
            163.13
          ],
          [
            1.179347,
            44.465884,
            163.76
          ],
          [
            1.179453,
            44.465863,
            164.26
          ],
          [
            1.17952,
            44.465839,
            164.7
          ],
          [
            1.180377,
            44.465384,
            170.18
          ],
          [
            1.18067,
            44.465263,
            172.0
          ],
          [
            1.180844,
            44.465247,
            172.92
          ],
          [
            1.180917,
            44.465266,
            173.32
          ],
          [
            1.180963,
            44.465299,
            173.65
          ],
          [
            1.181168,
            44.465584,
            175.75
          ],
          [
            1.181314,
            44.465721,
            176.86
          ],
          [
            1.181432,
            44.465807,
            177.59
          ],
          [
            1.181561,
            44.465848,
            178.21
          ],
          [
            1.181684,
            44.465851,
            178.76
          ],
          [
            1.181764,
            44.465831,
            179.14
          ],
          [
            1.181815,
            44.465804,
            179.43
          ],
          [
            1.181888,
            44.465709,
            180.07
          ],
          [
            1.181981,
            44.465439,
            181.5
          ],
          [
            1.182063,
            44.465321,
            182.16
          ],
          [
            1.182203,
            44.46523,
            182.86
          ],
          [
            1.182908,
            44.464882,
            186.29
          ],
          [
            1.183333,
            44.464686,
            188.51
          ],
          [
            1.183763,
            44.464439,
            191.61
          ],
          [
            1.184241,
            44.464061,
            196.24
          ],
          [
            1.184525,
            44.463924,
            197.65
          ],
          [
            1.185037,
            44.463696,
            200.88
          ],
          [
            1.185885,
            44.46333,
            206.75
          ],
          [
            1.186631,
            44.463018,
            205.83
          ],
          [
            1.186843,
            44.463003,
            203.96
          ],
          [
            1.186903,
            44.463034,
            203.81
          ],
          [
            1.187001,
            44.463062,
            203.43
          ],
          [
            1.187933,
            44.463264,
            201.59
          ],
          [
            1.188201,
            44.463301,
            201.79
          ],
          [
            1.188487,
            44.463287,
            202.4
          ],
          [
            1.18946,
            44.463164,
            202.98
          ],
          [
            1.189554,
            44.463161,
            202.97
          ],
          [
            1.189636,
            44.463169,
            202.94
          ],
          [
            1.189734,
            44.463188,
            202.7
          ],
          [
            1.189812,
            44.463227,
            202.41
          ],
          [
            1.18991,
            44.463016,
            197.38
          ],
          [
            1.189874,
            44.462854,
            194.05
          ],
          [
            1.189442,
            44.462404,
            186.5
          ],
          [
            1.189326,
            44.46218,
            183.66
          ],
          [
            1.189491,
            44.46191,
            180.95
          ],
          [
            1.189578,
            44.461567,
            178.1
          ],
          [
            1.189573,
            44.461527,
            177.69
          ],
          [
            1.189426,
            44.461424,
            176.07
          ],
          [
            1.18935,
            44.461294,
            174.4
          ],
          [
            1.189485,
            44.460964,
            170.37
          ],
          [
            1.189521,
            44.460636,
            164.96
          ],
          [
            1.189596,
            44.460589,
            163.47
          ],
          [
            1.189634,
            44.460499,
            161.58
          ],
          [
            1.189693,
            44.460442,
            160.48
          ],
          [
            1.189672,
            44.460291,
            161.24
          ],
          [
            1.189687,
            44.46015,
            162.72
          ],
          [
            1.18982,
            44.460081,
            164.6
          ],
          [
            1.189895,
            44.460058,
            165.28
          ],
          [
            1.189962,
            44.460057,
            165.94
          ],
          [
            1.190067,
            44.460091,
            167.49
          ],
          [
            1.190143,
            44.460139,
            169.34
          ],
          [
            1.190228,
            44.460245,
            171.22
          ],
          [
            1.190132,
            44.459632,
            178.93
          ],
          [
            1.189756,
            44.459004,
            185.59
          ],
          [
            1.189773,
            44.458836,
            187.21
          ],
          [
            1.190179,
            44.457946,
            198.15
          ],
          [
            1.190793,
            44.457287,
            207.06
          ],
          [
            1.192467,
            44.456378,
            212.03
          ],
          [
            1.193175,
            44.456002,
            215.36
          ],
          [
            1.193493,
            44.455915,
            216.7
          ],
          [
            1.194046,
            44.455799,
            219.05
          ],
          [
            1.194448,
            44.455691,
            220.18
          ],
          [
            1.19478,
            44.455557,
            220.4
          ],
          [
            1.195094,
            44.455369,
            221.04
          ],
          [
            1.19532,
            44.455086,
            221.92
          ],
          [
            1.195474,
            44.454528,
            223.33
          ],
          [
            1.195617,
            44.453752,
            223.32
          ],
          [
            1.195534,
            44.453505,
            222.32
          ],
          [
            1.195578,
            44.453308,
            220.92
          ],
          [
            1.195895,
            44.452898,
            216.46
          ],
          [
            1.196136,
            44.45225,
            209.5
          ],
          [
            1.196294,
            44.452168,
            208.14
          ],
          [
            1.196505,
            44.452218,
            206.65
          ],
          [
            1.196916,
            44.452653,
            202.0
          ],
          [
            1.197139,
            44.452734,
            200.43
          ],
          [
            1.197688,
            44.452625,
            196.78
          ],
          [
            1.199424,
            44.45203,
            185.61
          ],
          [
            1.199809,
            44.45187,
            182.96
          ],
          [
            1.200069,
            44.4517,
            180.83
          ],
          [
            1.200321,
            44.451501,
            178.74
          ],
          [
            1.200407,
            44.451456,
            178.0
          ],
          [
            1.200568,
            44.451444,
            176.04
          ],
          [
            1.200712,
            44.451476,
            175.35
          ],
          [
            1.200918,
            44.451612,
            173.44
          ],
          [
            1.201137,
            44.451701,
            171.61
          ],
          [
            1.201292,
            44.451722,
            170.5
          ],
          [
            1.201844,
            44.451723,
            166.76
          ],
          [
            1.203197,
            44.451842,
            157.62
          ],
          [
            1.204929,
            44.452151,
            146.16
          ],
          [
            1.205163,
            44.452244,
            144.48
          ],
          [
            1.206802,
            44.453082,
            133.66
          ],
          [
            1.20701,
            44.45315,
            132.6
          ],
          [
            1.207199,
            44.453184,
            131.71
          ],
          [
            1.207777,
            44.453244,
            129.06
          ],
          [
            1.208121,
            44.453291,
            127.41
          ],
          [
            1.208531,
            44.453371,
            125.69
          ],
          [
            1.208665,
            44.453378,
            125.23
          ],
          [
            1.208928,
            44.453374,
            124.22
          ],
          [
            1.20912,
            44.453393,
            123.47
          ],
          [
            1.209259,
            44.453433,
            123.0
          ],
          [
            1.209441,
            44.45351,
            122.79
          ],
          [
            1.209597,
            44.453526,
            122.07
          ],
          [
            1.209666,
            44.453514,
            121.0
          ],
          [
            1.209784,
            44.453416,
            119.52
          ],
          [
            1.20994,
            44.452873,
            116.65
          ],
          [
            1.21003,
            44.452751,
            115.9
          ],
          [
            1.210141,
            44.452705,
            115.44
          ],
          [
            1.210427,
            44.452719,
            114.41
          ],
          [
            1.211272,
            44.45279,
            112.07
          ],
          [
            1.212488,
            44.452918,
            113.57
          ],
          [
            1.2126,
            44.453136,
            113.29
          ],
          [
            1.212713,
            44.453441,
            113.0
          ],
          [
            1.212745,
            44.453617,
            112.94
          ],
          [
            1.212721,
            44.453821,
            112.95
          ],
          [
            1.212566,
            44.454228,
            113.03
          ],
          [
            1.21258,
            44.454379,
            113.15
          ],
          [
            1.212645,
            44.454529,
            113.35
          ],
          [
            1.212724,
            44.454651,
            113.25
          ],
          [
            1.212786,
            44.45478,
            113.19
          ],
          [
            1.21281,
            44.454948,
            112.45
          ],
          [
            1.212785,
            44.455084,
            113.18
          ],
          [
            1.212899,
            44.455137,
            113.79
          ],
          [
            1.213004,
            44.455271,
            114.5
          ],
          [
            1.213139,
            44.455341,
            115.13
          ],
          [
            1.213354,
            44.455408,
            115.93
          ],
          [
            1.214943,
            44.455638,
            119.68
          ],
          [
            1.215549,
            44.455741,
            120.87
          ],
          [
            1.216469,
            44.45582,
            122.1
          ],
          [
            1.217397,
            44.455804,
            123.9
          ],
          [
            1.218483,
            44.456065,
            126.54
          ],
          [
            1.219143,
            44.456161,
            127.73
          ],
          [
            1.220428,
            44.456181,
            129.54
          ],
          [
            1.220894,
            44.456118,
            129.91
          ],
          [
            1.22144,
            44.455931,
            130.35
          ],
          [
            1.222097,
            44.455732,
            130.86
          ],
          [
            1.223,
            44.455414,
            132.27
          ],
          [
            1.223675,
            44.454751,
            133.87
          ],
          [
            1.224008,
            44.454579,
            134.54
          ],
          [
            1.224876,
            44.454605,
            136.43
          ],
          [
            1.225584,
            44.454531,
            137.97
          ],
          [
            1.226523,
            44.454171,
            140.2
          ],
          [
            1.226794,
            44.45394,
            141.07
          ],
          [
            1.226988,
            44.453837,
            141.57
          ],
          [
            1.227978,
            44.453409,
            143.52
          ],
          [
            1.229317,
            44.452672,
            145.93
          ],
          [
            1.229824,
            44.452363,
            146.52
          ],
          [
            1.23052,
            44.452149,
            148.44
          ],
          [
            1.231415,
            44.451825,
            150.81
          ],
          [
            1.231616,
            44.451793,
            151.21
          ],
          [
            1.232105,
            44.451762,
            152.08
          ],
          [
            1.232607,
            44.451663,
            152.95
          ],
          [
            1.233623,
            44.451256,
            154.98
          ],
          [
            1.234104,
            44.451045,
            155.8
          ],
          [
            1.234404,
            44.45089,
            157.35
          ],
          [
            1.234856,
            44.450745,
            158.12
          ],
          [
            1.23571,
            44.450341,
            160.77
          ],
          [
            1.236261,
            44.449986,
            162.79
          ],
          [
            1.236607,
            44.449541,
            164.16
          ],
          [
            1.236851,
            44.449325,
            164.63
          ],
          [
            1.237181,
            44.449111,
            165.11
          ],
          [
            1.237405,
            44.449029,
            165.46
          ],
          [
            1.237576,
            44.449004,
            165.83
          ],
          [
            1.237869,
            44.449024,
            166.02
          ],
          [
            1.237884,
            44.449079,
            166.35
          ],
          [
            1.23813,
            44.449123,
            167.5
          ],
          [
            1.23903,
            44.449323,
            172.57
          ],
          [
            1.239918,
            44.449355,
            177.36
          ],
          [
            1.240444,
            44.449256,
            179.35
          ],
          [
            1.240816,
            44.449076,
            180.65
          ],
          [
            1.241368,
            44.44896,
            182.14
          ],
          [
            1.242132,
            44.448862,
            184.76
          ],
          [
            1.242422,
            44.448851,
            185.74
          ],
          [
            1.243155,
            44.448933,
            188.39
          ],
          [
            1.24376,
            44.448918,
            190.78
          ],
          [
            1.24444,
            44.448809,
            193.88
          ],
          [
            1.244529,
            44.448755,
            193.79
          ],
          [
            1.244907,
            44.448684,
            195.32
          ],
          [
            1.24527,
            44.448644,
            196.73
          ],
          [
            1.246247,
            44.448609,
            201.79
          ],
          [
            1.246722,
            44.448551,
            204.9
          ],
          [
            1.247535,
            44.44836,
            210.99
          ],
          [
            1.247928,
            44.448312,
            214.09
          ],
          [
            1.248488,
            44.448261,
            219.15
          ],
          [
            1.248876,
            44.448267,
            223.18
          ],
          [
            1.249293,
            44.448298,
            228.0
          ],
          [
            1.249853,
            44.448291,
            234.75
          ],
          [
            1.250294,
            44.448274,
            239.42
          ],
          [
            1.250543,
            44.448356,
            241.9
          ],
          [
            1.250605,
            44.448459,
            243.25
          ],
          [
            1.250591,
            44.448657,
            245.65
          ],
          [
            1.250418,
            44.448804,
            247.67
          ],
          [
            1.25015,
            44.448975,
            250.41
          ],
          [
            1.250059,
            44.449061,
            252.08
          ],
          [
            1.249949,
            44.449205,
            254.15
          ],
          [
            1.250076,
            44.449321,
            255.96
          ],
          [
            1.2505,
            44.449531,
            260.32
          ],
          [
            1.250615,
            44.449702,
            262.78
          ],
          [
            1.250668,
            44.449861,
            264.18
          ],
          [
            1.25073,
            44.449874,
            264.69
          ],
          [
            1.251754,
            44.450325,
            275.18
          ],
          [
            1.252109,
            44.450366,
            278.56
          ],
          [
            1.252371,
            44.450384,
            280.92
          ],
          [
            1.253972,
            44.448421,
            301.02
          ],
          [
            1.254273,
            44.448138,
            303.8
          ],
          [
            1.254747,
            44.447932,
            308.27
          ],
          [
            1.255461,
            44.447707,
            312.17
          ],
          [
            1.25713,
            44.447319,
            308.99
          ],
          [
            1.257372,
            44.447259,
            307.58
          ],
          [
            1.258884,
            44.446821,
            302.09
          ],
          [
            1.259748,
            44.446454,
            298.7
          ],
          [
            1.261056,
            44.446616,
            301.93
          ],
          [
            1.262485,
            44.446556,
            306.25
          ],
          [
            1.263063,
            44.446606,
            307.75
          ],
          [
            1.263726,
            44.44662,
            308.96
          ],
          [
            1.26499,
            44.446906,
            311.58
          ],
          [
            1.265559,
            44.447013,
            313.83
          ],
          [
            1.266051,
            44.447173,
            316.19
          ],
          [
            1.266175,
            44.447204,
            316.73
          ],
          [
            1.26627,
            44.447202,
            317.11
          ],
          [
            1.266466,
            44.447152,
            318.07
          ],
          [
            1.266818,
            44.446986,
            319.33
          ],
          [
            1.266996,
            44.446961,
            319.7
          ],
          [
            1.267114,
            44.446985,
            319.98
          ],
          [
            1.267255,
            44.447046,
            320.17
          ],
          [
            1.267424,
            44.447167,
            320.48
          ],
          [
            1.267634,
            44.447381,
            319.95
          ],
          [
            1.267822,
            44.447706,
            318.75
          ],
          [
            1.267967,
            44.44802,
            317.23
          ],
          [
            1.268074,
            44.448135,
            316.52
          ],
          [
            1.268209,
            44.448211,
            315.91
          ],
          [
            1.268732,
            44.448396,
            313.89
          ],
          [
            1.268984,
            44.448443,
            313.06
          ],
          [
            1.269828,
            44.448516,
            310.77
          ],
          [
            1.270151,
            44.448506,
            310.42
          ],
          [
            1.270293,
            44.448542,
            310.88
          ],
          [
            1.271531,
            44.448687,
            311.07
          ],
          [
            1.271641,
            44.448728,
            310.72
          ],
          [
            1.271747,
            44.448811,
            310.19
          ],
          [
            1.271767,
            44.448923,
            309.56
          ],
          [
            1.27177,
            44.44926,
            307.55
          ],
          [
            1.271819,
            44.449437,
            306.52
          ],
          [
            1.271937,
            44.449592,
            305.62
          ],
          [
            1.2721,
            44.449708,
            305.02
          ],
          [
            1.272711,
            44.449971,
            304.07
          ],
          [
            1.272857,
            44.450046,
            304.34
          ],
          [
            1.272976,
            44.450172,
            304.99
          ],
          [
            1.273176,
            44.450114,
            304.69
          ],
          [
            1.274526,
            44.45029,
            307.08
          ],
          [
            1.275078,
            44.450571,
            308.98
          ],
          [
            1.275249,
            44.450608,
            309.52
          ],
          [
            1.27557,
            44.4506,
            310.47
          ],
          [
            1.276198,
            44.450442,
            311.75
          ],
          [
            1.276484,
            44.450432,
            312.11
          ],
          [
            1.277097,
            44.45055,
            312.88
          ],
          [
            1.277734,
            44.450589,
            313.54
          ],
          [
            1.278057,
            44.45055,
            313.73
          ],
          [
            1.278207,
            44.450457,
            313.78
          ],
          [
            1.278337,
            44.450207,
            313.63
          ],
          [
            1.278501,
            44.450131,
            313.42
          ],
          [
            1.279279,
            44.449964,
            311.41
          ],
          [
            1.279794,
            44.449795,
            309.79
          ],
          [
            1.281427,
            44.449599,
            304.65
          ],
          [
            1.281863,
            44.449603,
            303.54
          ],
          [
            1.282945,
            44.44967,
            300.6
          ],
          [
            1.284947,
            44.449995,
            300.29
          ],
          [
            1.285415,
            44.449955,
            297.93
          ],
          [
            1.286068,
            44.449993,
            293.57
          ],
          [
            1.287057,
            44.449833,
            288.41
          ],
          [
            1.287897,
            44.449755,
            290.18
          ],
          [
            1.28959,
            44.449739,
            291.5
          ],
          [
            1.289942,
            44.449754,
            291.22
          ],
          [
            1.290237,
            44.449793,
            290.97
          ],
          [
            1.290469,
            44.449879,
            290.65
          ],
          [
            1.290815,
            44.450057,
            289.95
          ],
          [
            1.291036,
            44.450186,
            289.15
          ],
          [
            1.291192,
            44.450234,
            288.53
          ],
          [
            1.292074,
            44.450409,
            284.13
          ],
          [
            1.292239,
            44.450473,
            283.08
          ],
          [
            1.29236,
            44.450534,
            282.13
          ],
          [
            1.292405,
            44.4505,
            282.77
          ],
          [
            1.292422,
            44.450451,
            283.53
          ],
          [
            1.292395,
            44.450373,
            284.77
          ],
          [
            1.292399,
            44.450219,
            286.54
          ],
          [
            1.292488,
            44.449788,
            288.23
          ],
          [
            1.292549,
            44.449671,
            288.69
          ],
          [
            1.292614,
            44.449629,
            288.84
          ],
          [
            1.292662,
            44.449612,
            288.89
          ],
          [
            1.292803,
            44.44962,
            288.8
          ],
          [
            1.292909,
            44.449661,
            288.29
          ],
          [
            1.292973,
            44.449666,
            287.85
          ],
          [
            1.293086,
            44.449612,
            286.92
          ],
          [
            1.293309,
            44.449643,
            285.53
          ],
          [
            1.29342,
            44.449598,
            284.26
          ],
          [
            1.293624,
            44.449471,
            281.05
          ],
          [
            1.293705,
            44.449377,
            278.24
          ],
          [
            1.293691,
            44.449326,
            276.72
          ],
          [
            1.293702,
            44.449276,
            275.02
          ],
          [
            1.293804,
            44.449236,
            272.41
          ],
          [
            1.293876,
            44.449167,
            269.78
          ],
          [
            1.29405,
            44.449211,
            265.94
          ],
          [
            1.294249,
            44.449131,
            260.75
          ],
          [
            1.294458,
            44.449148,
            255.47
          ],
          [
            1.294676,
            44.449119,
            249.49
          ],
          [
            1.294952,
            44.449062,
            241.5
          ],
          [
            1.295091,
            44.448995,
            236.86
          ],
          [
            1.295386,
            44.448673,
            221.87
          ],
          [
            1.295534,
            44.448623,
            217.25
          ],
          [
            1.295705,
            44.448616,
            212.36
          ],
          [
            1.295853,
            44.44865,
            207.93
          ],
          [
            1.295958,
            44.448621,
            204.75
          ],
          [
            1.296086,
            44.448472,
            197.84
          ],
          [
            1.296143,
            44.448349,
            192.78
          ],
          [
            1.296336,
            44.448198,
            184.62
          ],
          [
            1.296529,
            44.448129,
            178.31
          ],
          [
            1.296585,
            44.448051,
            174.73
          ],
          [
            1.296658,
            44.447999,
            171.75
          ],
          [
            1.296773,
            44.447987,
            168.38
          ],
          [
            1.296928,
            44.447896,
            162.6
          ],
          [
            1.297165,
            44.447802,
            155.42
          ],
          [
            1.297355,
            44.447771,
            150.49
          ],
          [
            1.297449,
            44.447702,
            146.93
          ],
          [
            1.297559,
            44.447694,
            144.06
          ],
          [
            1.297714,
            44.447595,
            139.18
          ],
          [
            1.297795,
            44.447618,
            137.37
          ],
          [
            1.297937,
            44.447721,
            133.74
          ],
          [
            1.298055,
            44.447719,
            131.3
          ],
          [
            1.298173,
            44.447688,
            127.91
          ],
          [
            1.298191,
            44.447629,
            127.5
          ],
          [
            1.29848,
            44.44795,
            122.59
          ],
          [
            1.299009,
            44.448562,
            122.15
          ],
          [
            1.299219,
            44.44874,
            122.14
          ],
          [
            1.299416,
            44.448872,
            122.11
          ],
          [
            1.299684,
            44.449,
            121.89
          ],
          [
            1.300159,
            44.449186,
            121.41
          ],
          [
            1.300346,
            44.449279,
            121.09
          ],
          [
            1.300572,
            44.44943,
            119.73
          ],
          [
            1.30089,
            44.449065,
            123.51
          ],
          [
            1.301763,
            44.448298,
            127.75
          ],
          [
            1.302481,
            44.447891,
            129.15
          ],
          [
            1.304217,
            44.447143,
            131.31
          ],
          [
            1.305753,
            44.446621,
            134.9
          ],
          [
            1.305917,
            44.446513,
            135.79
          ],
          [
            1.306805,
            44.446465,
            140.36
          ],
          [
            1.307239,
            44.446473,
            143.39
          ],
          [
            1.307519,
            44.446564,
            145.75
          ],
          [
            1.308188,
            44.446946,
            154.01
          ],
          [
            1.308969,
            44.447431,
            165.83
          ],
          [
            1.309425,
            44.447949,
            176.62
          ],
          [
            1.310433,
            44.448976,
            200.85
          ],
          [
            1.310974,
            44.44924,
            209.99
          ],
          [
            1.311419,
            44.44922,
            215.92
          ],
          [
            1.311594,
            44.449184,
            217.85
          ],
          [
            1.312012,
            44.448949,
            224.53
          ],
          [
            1.312122,
            44.448776,
            225.74
          ],
          [
            1.31289,
            44.448734,
            231.13
          ],
          [
            1.313408,
            44.448834,
            235.79
          ],
          [
            1.314809,
            44.449309,
            257.73
          ],
          [
            1.315448,
            44.449267,
            266.39
          ],
          [
            1.31624,
            44.44919,
            274.35
          ],
          [
            1.31688,
            44.449038,
            275.51
          ],
          [
            1.317743,
            44.448927,
            275.58
          ],
          [
            1.317424,
            44.449602,
            276.62
          ],
          [
            1.317325,
            44.450183,
            278.07
          ],
          [
            1.317514,
            44.450122,
            277.25
          ],
          [
            1.318107,
            44.450006,
            271.88
          ],
          [
            1.318499,
            44.44986,
            268.41
          ],
          [
            1.318719,
            44.449787,
            266.77
          ],
          [
            1.318904,
            44.449749,
            265.62
          ],
          [
            1.319086,
            44.449745,
            264.68
          ],
          [
            1.319481,
            44.449804,
            263.46
          ],
          [
            1.319609,
            44.449808,
            263.27
          ],
          [
            1.320409,
            44.449684,
            262.71
          ],
          [
            1.320604,
            44.44968,
            262.77
          ],
          [
            1.320857,
            44.449724,
            262.83
          ],
          [
            1.321481,
            44.449914,
            263.8
          ],
          [
            1.321585,
            44.449956,
            263.77
          ],
          [
            1.321759,
            44.450052,
            263.03
          ],
          [
            1.321956,
            44.450125,
            262.46
          ],
          [
            1.322088,
            44.450152,
            262.04
          ],
          [
            1.3222,
            44.450154,
            261.68
          ],
          [
            1.322871,
            44.450119,
            260.38
          ],
          [
            1.323327,
            44.450069,
            259.82
          ],
          [
            1.323563,
            44.450065,
            259.66
          ],
          [
            1.323724,
            44.450084,
            259.59
          ],
          [
            1.324984,
            44.450344,
            259.51
          ],
          [
            1.325609,
            44.450484,
            261.1
          ],
          [
            1.32646,
            44.450632,
            266.29
          ],
          [
            1.327063,
            44.450752,
            271.36
          ],
          [
            1.32728,
            44.450817,
            273.22
          ],
          [
            1.327484,
            44.45089,
            275.0
          ],
          [
            1.328077,
            44.451139,
            279.77
          ],
          [
            1.328275,
            44.451187,
            280.65
          ],
          [
            1.329198,
            44.451256,
            283.96
          ],
          [
            1.329893,
            44.451244,
            286.52
          ],
          [
            1.330593,
            44.451271,
            288.93
          ],
          [
            1.331416,
            44.451325,
            290.85
          ],
          [
            1.331679,
            44.451331,
            290.99
          ],
          [
            1.331926,
            44.451319,
            291.3
          ],
          [
            1.332803,
            44.451225,
            292.58
          ],
          [
            1.3329,
            44.451187,
            292.79
          ],
          [
            1.333052,
            44.451158,
            293.34
          ],
          [
            1.333812,
            44.450881,
            294.42
          ],
          [
            1.334029,
            44.450783,
            294.52
          ],
          [
            1.334214,
            44.450666,
            294.46
          ],
          [
            1.334662,
            44.45035,
            293.56
          ],
          [
            1.334825,
            44.450247,
            292.98
          ],
          [
            1.335072,
            44.450128,
            291.96
          ],
          [
            1.33544,
            44.449981,
            290.29
          ],
          [
            1.335603,
            44.44994,
            289.56
          ],
          [
            1.336059,
            44.449908,
            287.29
          ],
          [
            1.336232,
            44.44986,
            285.57
          ],
          [
            1.336346,
            44.449822,
            284.04
          ],
          [
            1.336808,
            44.449638,
            278.25
          ],
          [
            1.337218,
            44.449429,
            272.29
          ],
          [
            1.337304,
            44.449358,
            270.93
          ],
          [
            1.337314,
            44.449284,
            269.94
          ],
          [
            1.33729,
            44.449198,
            268.84
          ],
          [
            1.337288,
            44.449121,
            267.91
          ],
          [
            1.337312,
            44.449044,
            266.99
          ],
          [
            1.337376,
            44.44896,
            265.91
          ],
          [
            1.337494,
            44.44888,
            264.66
          ],
          [
            1.33761,
            44.448826,
            263.66
          ],
          [
            1.337717,
            44.448796,
            262.85
          ],
          [
            1.337958,
            44.448824,
            261.4
          ],
          [
            1.3381,
            44.448801,
            261.16
          ],
          [
            1.338508,
            44.4487,
            258.72
          ],
          [
            1.339061,
            44.44847,
            257.31
          ],
          [
            1.339332,
            44.448384,
            257.01
          ],
          [
            1.339983,
            44.448204,
            255.59
          ],
          [
            1.340198,
            44.448123,
            254.86
          ],
          [
            1.340445,
            44.448016,
            253.97
          ],
          [
            1.340936,
            44.447788,
            251.71
          ],
          [
            1.341169,
            44.447704,
            251.05
          ],
          [
            1.341362,
            44.447664,
            250.7
          ],
          [
            1.341426,
            44.447712,
            249.94
          ],
          [
            1.341507,
            44.447733,
            249.32
          ],
          [
            1.342035,
            44.447807,
            247.14
          ],
          [
            1.342969,
            44.448056,
            246.24
          ],
          [
            1.343237,
            44.448112,
            246.05
          ],
          [
            1.34395,
            44.448223,
            245.03
          ],
          [
            1.344827,
            44.448405,
            242.74
          ],
          [
            1.345168,
            44.448491,
            241.68
          ],
          [
            1.345696,
            44.448667,
            240.13
          ],
          [
            1.346756,
            44.449048,
            237.16
          ],
          [
            1.346962,
            44.44914,
            236.61
          ],
          [
            1.347249,
            44.449318,
            236.0
          ],
          [
            1.347416,
            44.449376,
            236.0
          ],
          [
            1.348451,
            44.449636,
            228.66
          ],
          [
            1.349339,
            44.449776,
            220.86
          ],
          [
            1.349601,
            44.449849,
            217.78
          ],
          [
            1.3498,
            44.449929,
            214.29
          ],
          [
            1.350484,
            44.450241,
            200.36
          ],
          [
            1.351155,
            44.450505,
            185.86
          ],
          [
            1.351375,
            44.450618,
            180.37
          ],
          [
            1.35175,
            44.450781,
            171.54
          ],
          [
            1.352107,
            44.450965,
            162.67
          ],
          [
            1.352166,
            44.45102,
            160.71
          ],
          [
            1.35234,
            44.451361,
            151.85
          ],
          [
            1.352405,
            44.451403,
            150.26
          ],
          [
            1.352525,
            44.451424,
            148.52
          ],
          [
            1.352818,
            44.451392,
            144.67
          ],
          [
            1.353056,
            44.451394,
            142.21
          ],
          [
            1.35326,
            44.451411,
            139.89
          ],
          [
            1.353443,
            44.451447,
            138.26
          ],
          [
            1.353555,
            44.451449,
            137.56
          ],
          [
            1.353693,
            44.451423,
            136.57
          ],
          [
            1.35377,
            44.451526,
            136.09
          ],
          [
            1.353926,
            44.451684,
            135.37
          ],
          [
            1.354854,
            44.452419,
            133.41
          ],
          [
            1.35495,
            44.452511,
            132.24
          ],
          [
            1.355613,
            44.453055,
            132.65
          ],
          [
            1.355674,
            44.453156,
            132.91
          ],
          [
            1.355702,
            44.453273,
            133.31
          ],
          [
            1.356101,
            44.452967,
            135.1
          ],
          [
            1.356589,
            44.45268,
            136.34
          ],
          [
            1.357692,
            44.451609,
            138.45
          ],
          [
            1.357849,
            44.451523,
            138.59
          ],
          [
            1.358053,
            44.451465,
            138.73
          ],
          [
            1.358682,
            44.451419,
            138.89
          ],
          [
            1.35885,
            44.451378,
            138.59
          ],
          [
            1.359001,
            44.451467,
            140.22
          ],
          [
            1.360381,
            44.451613,
            145.29
          ],
          [
            1.361337,
            44.451817,
            148.09
          ],
          [
            1.361976,
            44.451861,
            148.63
          ],
          [
            1.362798,
            44.451856,
            148.31
          ],
          [
            1.363723,
            44.451824,
            148.75
          ],
          [
            1.364115,
            44.451855,
            149.46
          ],
          [
            1.365279,
            44.452193,
            151.93
          ],
          [
            1.366402,
            44.452417,
            154.13
          ],
          [
            1.366853,
            44.452467,
            155.18
          ],
          [
            1.367422,
            44.452586,
            156.56
          ],
          [
            1.367723,
            44.452624,
            157.92
          ],
          [
            1.367957,
            44.45263,
            157.35
          ],
          [
            1.368929,
            44.452562,
            158.78
          ],
          [
            1.369249,
            44.452476,
            159.26
          ],
          [
            1.369865,
            44.452193,
            160.99
          ],
          [
            1.371087,
            44.451748,
            164.55
          ],
          [
            1.371655,
            44.451573,
            165.77
          ],
          [
            1.371827,
            44.451468,
            166.2
          ],
          [
            1.372324,
            44.450792,
            167.31
          ],
          [
            1.372772,
            44.450263,
            168.19
          ],
          [
            1.373295,
            44.449743,
            169.36
          ],
          [
            1.373592,
            44.449565,
            169.97
          ],
          [
            1.375602,
            44.448692,
            174.0
          ],
          [
            1.3757,
            44.448594,
            174.35
          ],
          [
            1.375823,
            44.44842,
            175.96
          ],
          [
            1.376088,
            44.448439,
            177.71
          ],
          [
            1.376255,
            44.448468,
            178.38
          ],
          [
            1.376997,
            44.448713,
            180.75
          ],
          [
            1.377502,
            44.448913,
            182.09
          ],
          [
            1.378216,
            44.449264,
            183.82
          ],
          [
            1.378375,
            44.449173,
            184.51
          ],
          [
            1.379363,
            44.448293,
            190.13
          ],
          [
            1.379513,
            44.448193,
            190.91
          ],
          [
            1.379804,
            44.448085,
            192.15
          ],
          [
            1.38017,
            44.448027,
            193.6
          ],
          [
            1.380801,
            44.447984,
            196.39
          ],
          [
            1.381233,
            44.447895,
            198.71
          ],
          [
            1.382249,
            44.447771,
            204.44
          ],
          [
            1.382629,
            44.447787,
            206.88
          ],
          [
            1.382899,
            44.447858,
            208.85
          ],
          [
            1.383069,
            44.447944,
            210.31
          ],
          [
            1.383234,
            44.447963,
            211.5
          ],
          [
            1.383522,
            44.447947,
            213.72
          ],
          [
            1.383784,
            44.44789,
            216.0
          ],
          [
            1.384849,
            44.447168,
            229.42
          ],
          [
            1.385072,
            44.447101,
            232.05
          ],
          [
            1.385668,
            44.447013,
            238.85
          ],
          [
            1.386402,
            44.446975,
            246.92
          ],
          [
            1.3866,
            44.446975,
            248.62
          ],
          [
            1.386636,
            44.44702,
            248.97
          ],
          [
            1.386703,
            44.447136,
            248.99
          ],
          [
            1.386909,
            44.4472,
            248.3
          ],
          [
            1.388403,
            44.447355,
            235.7
          ],
          [
            1.388775,
            44.447125,
            234.61
          ],
          [
            1.389175,
            44.44705,
            232.89
          ],
          [
            1.39025,
            44.4471,
            227.56
          ],
          [
            1.39095,
            44.447225,
            223.27
          ],
          [
            1.391789,
            44.447542,
            217.46
          ],
          [
            1.391976,
            44.447477,
            215.47
          ],
          [
            1.392083,
            44.447348,
            214.16
          ],
          [
            1.392182,
            44.447167,
            211.85
          ],
          [
            1.392272,
            44.447031,
            209.66
          ],
          [
            1.392462,
            44.446842,
            206.36
          ],
          [
            1.39311,
            44.446486,
            196.79
          ],
          [
            1.393232,
            44.44648,
            195.34
          ],
          [
            1.393664,
            44.446581,
            192.89
          ],
          [
            1.393839,
            44.446667,
            193.93
          ],
          [
            1.394052,
            44.446867,
            195.75
          ],
          [
            1.394161,
            44.44692,
            196.79
          ],
          [
            1.394783,
            44.44689,
            205.21
          ],
          [
            1.39574,
            44.446734,
            215.33
          ],
          [
            1.395962,
            44.446723,
            217.4
          ],
          [
            1.396361,
            44.446746,
            220.83
          ],
          [
            1.3969,
            44.446713,
            224.98
          ],
          [
            1.3989,
            44.446325,
            242.09
          ],
          [
            1.39975,
            44.446275,
            249.37
          ],
          [
            1.4017,
            44.4464,
            259.15
          ],
          [
            1.40235,
            44.446493,
            262.79
          ],
          [
            1.402661,
            44.446581,
            263.74
          ],
          [
            1.403,
            44.446575,
            263.69
          ],
          [
            1.403364,
            44.446553,
            263.62
          ],
          [
            1.403785,
            44.446494,
            264.0
          ],
          [
            1.404453,
            44.446335,
            265.88
          ],
          [
            1.405554,
            44.446089,
            268.75
          ],
          [
            1.406746,
            44.445669,
            274.68
          ],
          [
            1.408022,
            44.444819,
            280.88
          ],
          [
            1.408169,
            44.444811,
            280.51
          ],
          [
            1.408175,
            44.444717,
            280.89
          ],
          [
            1.409179,
            44.444643,
            280.37
          ],
          [
            1.410102,
            44.444566,
            280.72
          ],
          [
            1.411095,
            44.444577,
            280.87
          ],
          [
            1.411654,
            44.444558,
            280.33
          ],
          [
            1.412182,
            44.444586,
            279.75
          ],
          [
            1.412913,
            44.44458,
            278.37
          ],
          [
            1.413472,
            44.444637,
            273.28
          ],
          [
            1.414446,
            44.444515,
            266.74
          ],
          [
            1.414775,
            44.444524,
            266.02
          ],
          [
            1.415623,
            44.444589,
            261.91
          ],
          [
            1.416858,
            44.444773,
            259.0
          ],
          [
            1.417922,
            44.445075,
            258.69
          ],
          [
            1.419315,
            44.445534,
            254.22
          ],
          [
            1.419692,
            44.44556,
            252.07
          ],
          [
            1.420482,
            44.44566,
            246.46
          ],
          [
            1.420596,
            44.445684,
            245.43
          ],
          [
            1.4208,
            44.445745,
            243.44
          ],
          [
            1.420886,
            44.445736,
            242.66
          ],
          [
            1.420943,
            44.445722,
            242.12
          ],
          [
            1.420976,
            44.445662,
            241.3
          ],
          [
            1.420967,
            44.445595,
            240.45
          ],
          [
            1.420649,
            44.445417,
            236.73
          ],
          [
            1.420395,
            44.44526,
            233.27
          ],
          [
            1.420286,
            44.445153,
            231.39
          ],
          [
            1.420213,
            44.445068,
            230.1
          ],
          [
            1.420219,
            44.445011,
            229.37
          ],
          [
            1.420252,
            44.444981,
            228.9
          ],
          [
            1.420348,
            44.444965,
            228.05
          ],
          [
            1.420435,
            44.444985,
            227.27
          ],
          [
            1.420563,
            44.445071,
            225.76
          ],
          [
            1.420694,
            44.445134,
            224.33
          ],
          [
            1.420861,
            44.445175,
            222.67
          ],
          [
            1.421414,
            44.445212,
            217.88
          ],
          [
            1.42185,
            44.445153,
            214.89
          ],
          [
            1.422129,
            44.445182,
            216.26
          ],
          [
            1.422633,
            44.445191,
            218.52
          ],
          [
            1.422862,
            44.445143,
            215.65
          ],
          [
            1.42302,
            44.445137,
            213.54
          ],
          [
            1.423925,
            44.445206,
            202.45
          ],
          [
            1.424287,
            44.445164,
            198.32
          ],
          [
            1.424932,
            44.445072,
            190.79
          ],
          [
            1.426498,
            44.444535,
            167.56
          ],
          [
            1.426641,
            44.444464,
            164.73
          ],
          [
            1.426767,
            44.444442,
            162.55
          ],
          [
            1.426993,
            44.444424,
            158.61
          ],
          [
            1.427165,
            44.444457,
            155.51
          ],
          [
            1.427401,
            44.444567,
            150.62
          ],
          [
            1.427559,
            44.444649,
            147.32
          ],
          [
            1.427797,
            44.444859,
            140.88
          ],
          [
            1.428266,
            44.445307,
            128.36
          ],
          [
            1.4283,
            44.445417,
            127.91
          ],
          [
            1.428414,
            44.445655,
            127.17
          ],
          [
            1.428549,
            44.445704,
            126.11
          ],
          [
            1.428677,
            44.445768,
            125.65
          ],
          [
            1.428876,
            44.445889,
            124.76
          ],
          [
            1.429089,
            44.446004,
            123.93
          ],
          [
            1.429331,
            44.446108,
            122.32
          ],
          [
            1.429521,
            44.446171,
            121.35
          ],
          [
            1.429613,
            44.446179,
            121.08
          ],
          [
            1.429715,
            44.446218,
            120.55
          ],
          [
            1.42979,
            44.446226,
            120.16
          ],
          [
            1.429971,
            44.446194,
            119.46
          ],
          [
            1.430022,
            44.446257,
            118.75
          ],
          [
            1.43008,
            44.446238,
            118.27
          ],
          [
            1.430217,
            44.446172,
            116.44
          ],
          [
            1.430274,
            44.446112,
            116.59
          ],
          [
            1.430326,
            44.446013,
            117.02
          ],
          [
            1.430461,
            44.445496,
            119.73
          ],
          [
            1.430611,
            44.444825,
            124.12
          ],
          [
            1.430913,
            44.444886,
            113.65
          ],
          [
            1.43163,
            44.445043,
            112.56
          ],
          [
            1.432734,
            44.445293,
            118.71
          ],
          [
            1.433429,
            44.445341,
            120.63
          ],
          [
            1.433467,
            44.445375,
            120.61
          ],
          [
            1.433615,
            44.445389,
            120.0
          ],
          [
            1.433631,
            44.44531,
            120.0
          ],
          [
            1.433792,
            44.445324,
            120.06
          ],
          [
            1.433808,
            44.445239,
            120.14
          ],
          [
            1.433848,
            44.44524,
            120.29
          ],
          [
            1.433852,
            44.445333,
            120.17
          ],
          [
            1.433911,
            44.445384,
            120.01
          ],
          [
            1.436774,
            44.445653,
            124.57
          ],
          [
            1.436769,
            44.445686,
            124.69
          ],
          [
            1.436814,
            44.445691,
            124.84
          ],
          [
            1.436829,
            44.445704,
            124.91
          ],
          [
            1.43694,
            44.445703,
            125.01
          ],
          [
            1.437487,
            44.445749,
            125.98
          ],
          [
            1.437523,
            44.44577,
            126.0
          ],
          [
            1.437608,
            44.445771,
            126.32
          ],
          [
            1.437658,
            44.445762,
            126.6
          ],
          [
            1.439688,
            44.446153,
            128.0
          ],
          [
            1.44064,
            44.446416,
            127.06
          ],
          [
            1.440803,
            44.446473,
            127.0
          ],
          [
            1.440741,
            44.446544,
            127.0
          ],
          [
            1.440957,
            44.446632,
            127.0
          ],
          [
            1.44101,
            44.446581,
            127.0
          ],
          [
            1.441259,
            44.446643,
            126.46
          ],
          [
            1.441506,
            44.446689,
            126.0
          ],
          [
            1.442083,
            44.446824,
            124.49
          ],
          [
            1.442276,
            44.44686,
            123.55
          ],
          [
            1.442271,
            44.446889,
            123.66
          ],
          [
            1.442294,
            44.446972,
            123.97
          ],
          [
            1.442286,
            44.447076,
            124.3
          ],
          [
            1.442235,
            44.447329,
            124.71
          ],
          [
            1.442276,
            44.447332,
            124.55
          ],
          [
            1.442265,
            44.447363,
            124.65
          ],
          [
            1.442468,
            44.44738,
            124.11
          ],
          [
            1.442583,
            44.4474,
            123.68
          ],
          [
            1.442852,
            44.447432,
            122.19
          ],
          [
            1.442816,
            44.44762,
            123.4
          ],
          [
            1.442738,
            44.447974,
            123.0
          ],
          [
            1.443419,
            44.44824,
            121.65
          ],
          [
            1.44331,
            44.448428,
            121.12
          ],
          [
            1.443378,
            44.448449,
            121.01
          ],
          [
            1.443329,
            44.448588,
            120.95
          ],
          [
            1.443418,
            44.448601,
            120.31
          ],
          [
            1.443381,
            44.448728,
            119.69
          ],
          [
            1.443479,
            44.448739,
            117.26
          ],
          [
            1.444999,
            44.449088,
            116.23
          ],
          [
            1.444989,
            44.449207,
            118.08
          ],
          [
            1.445047,
            44.449242,
            119.39
          ],
          [
            1.444866,
            44.449413,
            118.18
          ],
          [
            1.444827,
            44.449465,
            118.05
          ],
          [
            1.444796,
            44.44954,
            117.88
          ],
          [
            1.444703,
            44.449964,
            117.21
          ],
          [
            1.444631,
            44.450168,
            116.97
          ],
          [
            1.444317,
            44.450907,
            116.27
          ],
          [
            1.444263,
            44.45101,
            116.02
          ],
          [
            1.444393,
            44.451081,
            117.01
          ],
          [
            1.444464,
            44.451131,
            117.06
          ],
          [
            1.444718,
            44.451504,
            117.94
          ],
          [
            1.44567,
            44.452635,
            118.0
          ],
          [
            1.446406,
            44.453535,
            118.82
          ],
          [
            1.446476,
            44.453605,
            118.88
          ],
          [
            1.446555,
            44.453668,
            118.97
          ],
          [
            1.44668,
            44.453745,
            119.0
          ],
          [
            1.44675,
            44.453767,
            119.1
          ],
          [
            1.447386,
            44.454023,
            121.89
          ],
          [
            1.447222,
            44.457659,
            123.31
          ],
          [
            1.447186,
            44.458781,
            124.95
          ],
          [
            1.446956,
            44.463512,
            125.04
          ],
          [
            1.44696,
            44.463806,
            125.1
          ],
          [
            1.446995,
            44.464098,
            125.02
          ],
          [
            1.447058,
            44.464386,
            124.9
          ],
          [
            1.447155,
            44.464677,
            124.59
          ],
          [
            1.447278,
            44.464948,
            124.27
          ],
          [
            1.447419,
            44.465219,
            123.94
          ],
          [
            1.447611,
            44.465494,
            123.71
          ],
          [
            1.447784,
            44.465708,
            123.47
          ],
          [
            1.447976,
            44.465918,
            123.6
          ],
          [
            1.448169,
            44.466107,
            123.78
          ],
          [
            1.448399,
            44.466294,
            123.15
          ],
          [
            1.448678,
            44.466502,
            122.84
          ],
          [
            1.448988,
            44.466711,
            122.65
          ],
          [
            1.449643,
            44.467064,
            122.56
          ],
          [
            1.451196,
            44.467926,
            122.62
          ],
          [
            1.451634,
            44.468137,
            122.04
          ],
          [
            1.452065,
            44.468309,
            121.61
          ],
          [
            1.452571,
            44.468459,
            121.66
          ],
          [
            1.453133,
            44.468584,
            121.73
          ],
          [
            1.45687,
            44.469383,
            122.73
          ],
          [
            1.460423,
            44.470125,
            122.66
          ],
          [
            1.460872,
            44.470191,
            122.84
          ],
          [
            1.46129,
            44.47023,
            123.03
          ],
          [
            1.461717,
            44.470254,
            123.2
          ],
          [
            1.462214,
            44.470255,
            123.37
          ],
          [
            1.467802,
            44.470074,
            124.86
          ],
          [
            1.469069,
            44.470006,
            124.78
          ],
          [
            1.469767,
            44.46994,
            124.64
          ],
          [
            1.470177,
            44.469867,
            124.51
          ],
          [
            1.470536,
            44.469777,
            124.51
          ],
          [
            1.471329,
            44.469538,
            124.82
          ],
          [
            1.476226,
            44.46787,
            125.14
          ],
          [
            1.476614,
            44.467724,
            125.01
          ],
          [
            1.477027,
            44.467556,
            125.08
          ],
          [
            1.477424,
            44.467365,
            125.23
          ],
          [
            1.477796,
            44.467155,
            125.51
          ],
          [
            1.478137,
            44.466925,
            126.07
          ],
          [
            1.478483,
            44.466655,
            126.63
          ],
          [
            1.478813,
            44.466363,
            127.2
          ],
          [
            1.480743,
            44.464056,
            135.71
          ],
          [
            1.482879,
            44.461523,
            124.02
          ],
          [
            1.483111,
            44.461277,
            124.0
          ],
          [
            1.483591,
            44.460825,
            125.25
          ],
          [
            1.483828,
            44.460619,
            126.0
          ],
          [
            1.484414,
            44.460191,
            125.19
          ],
          [
            1.484722,
            44.45999,
            125.05
          ],
          [
            1.485467,
            44.459584,
            125.36
          ],
          [
            1.486275,
            44.459227,
            126.41
          ],
          [
            1.486699,
            44.459063,
            126.94
          ],
          [
            1.487089,
            44.458925,
            127.24
          ],
          [
            1.487538,
            44.458785,
            127.43
          ],
          [
            1.488822,
            44.458415,
            128.09
          ],
          [
            1.489231,
            44.458287,
            129.34
          ],
          [
            1.489574,
            44.458155,
            130.55
          ],
          [
            1.489893,
            44.457992,
            131.47
          ],
          [
            1.490218,
            44.457787,
            131.98
          ],
          [
            1.491103,
            44.457157,
            130.82
          ],
          [
            1.491402,
            44.456969,
            130.65
          ],
          [
            1.491669,
            44.456829,
            130.53
          ],
          [
            1.491947,
            44.45671,
            130.35
          ],
          [
            1.492254,
            44.456607,
            130.08
          ],
          [
            1.492574,
            44.456527,
            129.84
          ],
          [
            1.492892,
            44.456464,
            129.7
          ],
          [
            1.494091,
            44.456292,
            129.78
          ],
          [
            1.49455,
            44.456256,
            129.6
          ],
          [
            1.495065,
            44.45625,
            129.19
          ],
          [
            1.495531,
            44.456269,
            128.61
          ],
          [
            1.495915,
            44.456306,
            128.16
          ],
          [
            1.496246,
            44.456347,
            127.71
          ],
          [
            1.496572,
            44.456403,
            127.2
          ],
          [
            1.497698,
            44.456568,
            125.11
          ],
          [
            1.499179,
            44.45674,
            124.83
          ],
          [
            1.499565,
            44.456765,
            124.75
          ],
          [
            1.499937,
            44.456776,
            124.69
          ],
          [
            1.503414,
            44.456796,
            124.15
          ],
          [
            1.503943,
            44.456811,
            123.83
          ],
          [
            1.504466,
            44.456841,
            123.76
          ],
          [
            1.50497,
            44.456882,
            123.7
          ],
          [
            1.505403,
            44.45693,
            123.63
          ],
          [
            1.505828,
            44.456988,
            123.5
          ],
          [
            1.512843,
            44.458151,
            124.59
          ],
          [
            1.514177,
            44.458382,
            124.16
          ],
          [
            1.514221,
            44.458348,
            123.44
          ],
          [
            1.514249,
            44.458345,
            123.31
          ],
          [
            1.514425,
            44.458362,
            122.72
          ],
          [
            1.514437,
            44.458357,
            122.68
          ],
          [
            1.514437,
            44.458341,
            122.63
          ],
          [
            1.514276,
            44.458268,
            122.39
          ],
          [
            1.514257,
            44.458243,
            122.3
          ],
          [
            1.514354,
            44.458058,
            122.0
          ],
          [
            1.514374,
            44.458043,
            122.0
          ],
          [
            1.514436,
            44.458021,
            122.0
          ],
          [
            1.51454,
            44.457998,
            122.0
          ],
          [
            1.5146,
            44.458004,
            122.06
          ],
          [
            1.514646,
            44.457977,
            122.12
          ],
          [
            1.514764,
            44.457751,
            122.04
          ],
          [
            1.514818,
            44.457528,
            122.37
          ],
          [
            1.514796,
            44.457436,
            122.86
          ],
          [
            1.51495,
            44.45735,
            123.1
          ],
          [
            1.515041,
            44.45726,
            123.15
          ],
          [
            1.51517,
            44.457042,
            123.03
          ],
          [
            1.515712,
            44.457226,
            122.4
          ],
          [
            1.515886,
            44.457235,
            122.52
          ],
          [
            1.516047,
            44.457231,
            122.3
          ],
          [
            1.51627,
            44.457244,
            122.11
          ],
          [
            1.516828,
            44.4573,
            122.95
          ],
          [
            1.517181,
            44.457375,
            124.11
          ],
          [
            1.517405,
            44.457405,
            125.07
          ],
          [
            1.517597,
            44.457395,
            125.91
          ],
          [
            1.519168,
            44.457236,
            133.44
          ],
          [
            1.519752,
            44.457336,
            136.06
          ],
          [
            1.520235,
            44.457574,
            138.23
          ],
          [
            1.520515,
            44.457651,
            139.34
          ],
          [
            1.520721,
            44.457667,
            140.17
          ],
          [
            1.522362,
            44.457608,
            149.67
          ],
          [
            1.523048,
            44.457545,
            153.19
          ],
          [
            1.524174,
            44.457397,
            160.16
          ],
          [
            1.524724,
            44.457351,
            163.31
          ],
          [
            1.525455,
            44.457349,
            166.56
          ],
          [
            1.525861,
            44.457368,
            167.96
          ],
          [
            1.526055,
            44.457406,
            167.9
          ],
          [
            1.526696,
            44.457692,
            166.24
          ],
          [
            1.526807,
            44.457676,
            164.03
          ],
          [
            1.527206,
            44.457789,
            161.01
          ],
          [
            1.52733,
            44.457789,
            160.99
          ],
          [
            1.52747,
            44.45774,
            160.34
          ],
          [
            1.527574,
            44.457639,
            160.06
          ],
          [
            1.527602,
            44.457533,
            160.39
          ],
          [
            1.527601,
            44.457437,
            161.71
          ],
          [
            1.527577,
            44.457379,
            162.55
          ],
          [
            1.527266,
            44.456879,
            167.41
          ],
          [
            1.527194,
            44.456704,
            168.69
          ],
          [
            1.527185,
            44.456575,
            169.65
          ],
          [
            1.52724,
            44.456455,
            170.56
          ],
          [
            1.527369,
            44.456321,
            171.7
          ],
          [
            1.528321,
            44.455955,
            177.58
          ],
          [
            1.529189,
            44.455587,
            184.2
          ],
          [
            1.529763,
            44.45547,
            188.61
          ],
          [
            1.530062,
            44.455471,
            191.28
          ],
          [
            1.530423,
            44.455337,
            193.13
          ],
          [
            1.530782,
            44.455214,
            195.02
          ],
          [
            1.531015,
            44.455031,
            196.66
          ],
          [
            1.531576,
            44.454515,
            199.85
          ],
          [
            1.531815,
            44.454398,
            200.96
          ],
          [
            1.531988,
            44.454334,
            201.7
          ],
          [
            1.532249,
            44.454269,
            202.72
          ],
          [
            1.532667,
            44.454241,
            204.23
          ],
          [
            1.533513,
            44.454262,
            207.69
          ],
          [
            1.53449,
            44.45423,
            212.03
          ],
          [
            1.535337,
            44.454144,
            216.01
          ],
          [
            1.536473,
            44.453956,
            221.61
          ],
          [
            1.536732,
            44.453935,
            223.13
          ],
          [
            1.537059,
            44.453947,
            224.79
          ],
          [
            1.537282,
            44.453971,
            225.5
          ],
          [
            1.537626,
            44.454026,
            226.62
          ],
          [
            1.540368,
            44.45458,
            236.83
          ],
          [
            1.540545,
            44.454585,
            237.65
          ],
          [
            1.540563,
            44.454641,
            238.36
          ],
          [
            1.54068,
            44.454693,
            239.79
          ],
          [
            1.540886,
            44.454744,
            241.96
          ],
          [
            1.541255,
            44.454654,
            245.9
          ],
          [
            1.541392,
            44.454609,
            247.53
          ],
          [
            1.541686,
            44.454528,
            251.13
          ],
          [
            1.542089,
            44.454438,
            255.92
          ],
          [
            1.542376,
            44.454385,
            259.55
          ],
          [
            1.542599,
            44.454354,
            262.4
          ],
          [
            1.543263,
            44.454315,
            268.39
          ],
          [
            1.543668,
            44.454327,
            271.35
          ],
          [
            1.54394,
            44.454434,
            271.42
          ],
          [
            1.544147,
            44.4544,
            273.09
          ],
          [
            1.544589,
            44.454379,
            276.71
          ],
          [
            1.545296,
            44.454414,
            282.45
          ],
          [
            1.546138,
            44.45441,
            288.35
          ],
          [
            1.546651,
            44.454468,
            289.99
          ],
          [
            1.546981,
            44.454557,
            290.02
          ],
          [
            1.547933,
            44.454978,
            288.69
          ],
          [
            1.548073,
            44.455022,
            288.97
          ],
          [
            1.548213,
            44.455039,
            289.11
          ],
          [
            1.548371,
            44.455042,
            289.31
          ],
          [
            1.548596,
            44.455014,
            289.69
          ],
          [
            1.54909,
            44.454826,
            290.73
          ],
          [
            1.550089,
            44.454367,
            295.44
          ],
          [
            1.550891,
            44.454024,
            294.72
          ],
          [
            1.551094,
            44.453965,
            294.23
          ],
          [
            1.551464,
            44.453887,
            293.15
          ],
          [
            1.551811,
            44.45383,
            291.91
          ],
          [
            1.552322,
            44.453772,
            290.17
          ],
          [
            1.552414,
            44.453756,
            289.96
          ],
          [
            1.552482,
            44.453728,
            289.87
          ],
          [
            1.552542,
            44.453684,
            289.59
          ],
          [
            1.552757,
            44.453711,
            289.92
          ],
          [
            1.552992,
            44.453716,
            290.02
          ],
          [
            1.553313,
            44.453707,
            289.97
          ],
          [
            1.554379,
            44.453614,
            287.51
          ],
          [
            1.55475,
            44.453611,
            286.48
          ],
          [
            1.555359,
            44.453675,
            284.91
          ],
          [
            1.557156,
            44.453907,
            282.03
          ],
          [
            1.557797,
            44.45397,
            282.44
          ],
          [
            1.55809,
            44.453966,
            282.94
          ],
          [
            1.558868,
            44.453879,
            284.79
          ],
          [
            1.559229,
            44.453865,
            285.81
          ],
          [
            1.559399,
            44.453865,
            286.28
          ],
          [
            1.559689,
            44.453906,
            287.17
          ],
          [
            1.559983,
            44.453979,
            287.66
          ],
          [
            1.56062,
            44.45422,
            288.19
          ],
          [
            1.56096,
            44.454395,
            288.49
          ],
          [
            1.561834,
            44.455041,
            289.37
          ],
          [
            1.562277,
            44.455321,
            286.75
          ],
          [
            1.563005,
            44.45567,
            282.3
          ],
          [
            1.56346,
            44.455904,
            281.67
          ],
          [
            1.5637,
            44.455967,
            281.69
          ],
          [
            1.563832,
            44.455992,
            281.79
          ],
          [
            1.564488,
            44.455971,
            283.35
          ],
          [
            1.565571,
            44.455888,
            286.37
          ],
          [
            1.565767,
            44.455863,
            286.88
          ],
          [
            1.565882,
            44.455815,
            287.12
          ],
          [
            1.565949,
            44.455762,
            287.27
          ],
          [
            1.566069,
            44.455745,
            288.68
          ],
          [
            1.566189,
            44.455568,
            290.71
          ],
          [
            1.56632,
            44.455473,
            292.08
          ],
          [
            1.566917,
            44.45525,
            296.04
          ],
          [
            1.567384,
            44.454826,
            298.64
          ],
          [
            1.568261,
            44.4542,
            298.9
          ],
          [
            1.568869,
            44.453675,
            299.38
          ],
          [
            1.569506,
            44.45319,
            301.6
          ],
          [
            1.56988,
            44.453053,
            303.89
          ],
          [
            1.57027,
            44.452968,
            306.16
          ],
          [
            1.570633,
            44.452962,
            308.15
          ],
          [
            1.57085,
            44.452862,
            307.85
          ],
          [
            1.571132,
            44.452754,
            306.53
          ],
          [
            1.57121,
            44.452662,
            305.91
          ],
          [
            1.571303,
            44.452628,
            305.5
          ],
          [
            1.572053,
            44.452445,
            302.52
          ],
          [
            1.57258,
            44.452362,
            301.16
          ],
          [
            1.573097,
            44.452211,
            300.35
          ],
          [
            1.573549,
            44.451982,
            300.35
          ],
          [
            1.573783,
            44.451766,
            300.74
          ],
          [
            1.574724,
            44.451093,
            301.79
          ],
          [
            1.575349,
            44.450769,
            301.36
          ],
          [
            1.575979,
            44.450463,
            300.3
          ],
          [
            1.57637,
            44.450317,
            299.77
          ],
          [
            1.576637,
            44.450131,
            299.23
          ],
          [
            1.576717,
            44.450032,
            299.08
          ],
          [
            1.577028,
            44.449784,
            299.73
          ],
          [
            1.577284,
            44.449647,
            300.97
          ],
          [
            1.577848,
            44.449272,
            301.08
          ],
          [
            1.578411,
            44.449063,
            300.31
          ],
          [
            1.578902,
            44.448909,
            299.25
          ],
          [
            1.579657,
            44.448838,
            297.51
          ],
          [
            1.58053,
            44.448869,
            295.44
          ],
          [
            1.582074,
            44.448858,
            291.37
          ],
          [
            1.582409,
            44.448836,
            290.91
          ],
          [
            1.582828,
            44.448867,
            290.59
          ],
          [
            1.583331,
            44.448946,
            290.63
          ],
          [
            1.583625,
            44.448906,
            290.95
          ],
          [
            1.5839,
            44.448918,
            291.44
          ],
          [
            1.584058,
            44.448598,
            288.95
          ],
          [
            1.584309,
            44.44845,
            288.17
          ],
          [
            1.584545,
            44.448268,
            288.02
          ],
          [
            1.585751,
            44.44695,
            291.62
          ],
          [
            1.5859,
            44.446825,
            292.49
          ],
          [
            1.586635,
            44.446463,
            296.99
          ],
          [
            1.587134,
            44.446241,
            299.77
          ],
          [
            1.587367,
            44.446108,
            301.09
          ],
          [
            1.587916,
            44.445664,
            304.73
          ],
          [
            1.588691,
            44.445012,
            311.09
          ],
          [
            1.588782,
            44.444879,
            312.31
          ],
          [
            1.588842,
            44.444749,
            313.51
          ],
          [
            1.588831,
            44.444588,
            314.9
          ],
          [
            1.588743,
            44.444068,
            319.21
          ],
          [
            1.58875,
            44.443866,
            320.82
          ],
          [
            1.588789,
            44.443695,
            322.21
          ],
          [
            1.588879,
            44.443487,
            323.9
          ],
          [
            1.589146,
            44.443201,
            326.33
          ],
          [
            1.589393,
            44.443029,
            327.94
          ],
          [
            1.590283,
            44.442759,
            331.11
          ],
          [
            1.590604,
            44.44267,
            331.92
          ],
          [
            1.592044,
            44.44253,
            336.04
          ],
          [
            1.592511,
            44.442434,
            337.83
          ],
          [
            1.592829,
            44.442344,
            339.12
          ],
          [
            1.593959,
            44.441884,
            343.64
          ],
          [
            1.594402,
            44.441767,
            344.64
          ],
          [
            1.595325,
            44.4416,
            345.36
          ],
          [
            1.595754,
            44.441559,
            345.48
          ],
          [
            1.59671,
            44.441568,
            346.39
          ],
          [
            1.596997,
            44.441557,
            346.89
          ],
          [
            1.597317,
            44.441468,
            347.03
          ],
          [
            1.599353,
            44.440301,
            349.88
          ],
          [
            1.600339,
            44.439688,
            352.77
          ],
          [
            1.600592,
            44.439574,
            353.61
          ],
          [
            1.600986,
            44.439476,
            354.99
          ],
          [
            1.601257,
            44.439419,
            355.59
          ],
          [
            1.601843,
            44.439347,
            356.15
          ],
          [
            1.602471,
            44.43928,
            356.69
          ],
          [
            1.602577,
            44.439277,
            356.74
          ],
          [
            1.602857,
            44.439303,
            357.04
          ],
          [
            1.602884,
            44.439274,
            357.22
          ],
          [
            1.602966,
            44.439253,
            357.58
          ],
          [
            1.604103,
            44.43917,
            359.33
          ],
          [
            1.604543,
            44.439157,
            359.89
          ],
          [
            1.605086,
            44.43907,
            360.66
          ],
          [
            1.605269,
            44.439062,
            360.99
          ],
          [
            1.605928,
            44.439084,
            362.41
          ],
          [
            1.606083,
            44.439053,
            362.93
          ],
          [
            1.606183,
            44.439101,
            363.08
          ],
          [
            1.606593,
            44.439168,
            363.55
          ],
          [
            1.607,
            44.439279,
            363.48
          ],
          [
            1.607534,
            44.43971,
            363.02
          ],
          [
            1.607675,
            44.439876,
            362.64
          ],
          [
            1.608021,
            44.440193,
            361.49
          ],
          [
            1.6082,
            44.440498,
            360.03
          ],
          [
            1.608784,
            44.440976,
            357.06
          ],
          [
            1.609574,
            44.441486,
            353.4
          ],
          [
            1.610391,
            44.442036,
            345.41
          ],
          [
            1.611159,
            44.442273,
            336.34
          ],
          [
            1.611765,
            44.442395,
            328.6
          ],
          [
            1.612723,
            44.442555,
            316.56
          ],
          [
            1.613109,
            44.44258,
            312.14
          ],
          [
            1.613232,
            44.442656,
            310.47
          ],
          [
            1.613259,
            44.442983,
            306.39
          ],
          [
            1.613361,
            44.443039,
            305.43
          ],
          [
            1.61369,
            44.443479,
            301.13
          ],
          [
            1.613707,
            44.443623,
            300.13
          ],
          [
            1.614254,
            44.444754,
            294.02
          ],
          [
            1.614446,
            44.444821,
            293.73
          ],
          [
            1.615017,
            44.44504,
            290.34
          ],
          [
            1.615838,
            44.445481,
            282.54
          ],
          [
            1.61633,
            44.445796,
            279.3
          ],
          [
            1.616815,
            44.445935,
            278.35
          ],
          [
            1.617803,
            44.446011,
            278.37
          ],
          [
            1.617962,
            44.446036,
            278.26
          ],
          [
            1.618108,
            44.44608,
            278.28
          ],
          [
            1.6182,
            44.446138,
            278.61
          ],
          [
            1.618433,
            44.446185,
            277.06
          ],
          [
            1.61861,
            44.446261,
            276.0
          ],
          [
            1.618921,
            44.446414,
            275.25
          ],
          [
            1.619319,
            44.446568,
            274.93
          ],
          [
            1.620316,
            44.446905,
            275.67
          ],
          [
            1.62082,
            44.447058,
            277.35
          ],
          [
            1.621175,
            44.447219,
            279.4
          ],
          [
            1.621722,
            44.447517,
            282.48
          ],
          [
            1.622108,
            44.447831,
            284.08
          ],
          [
            1.622258,
            44.447862,
            284.13
          ],
          [
            1.622398,
            44.447831,
            284.09
          ],
          [
            1.622494,
            44.447762,
            284.04
          ],
          [
            1.622655,
            44.447709,
            284.01
          ],
          [
            1.622827,
            44.447663,
            283.83
          ],
          [
            1.623009,
            44.44764,
            283.43
          ],
          [
            1.623149,
            44.44764,
            282.91
          ],
          [
            1.623331,
            44.447678,
            283.16
          ],
          [
            1.623456,
            44.447725,
            284.07
          ],
          [
            1.623614,
            44.447688,
            284.02
          ],
          [
            1.623817,
            44.447577,
            284.98
          ],
          [
            1.62391,
            44.447542,
            285.69
          ],
          [
            1.624369,
            44.447499,
            288.91
          ],
          [
            1.6247,
            44.447457,
            290.93
          ],
          [
            1.624908,
            44.447464,
            292.17
          ],
          [
            1.625423,
            44.447525,
            295.2
          ],
          [
            1.625981,
            44.447648,
            298.45
          ],
          [
            1.626217,
            44.447716,
            299.84
          ],
          [
            1.626979,
            44.448046,
            305.0
          ],
          [
            1.627494,
            44.44836,
            309.04
          ],
          [
            1.627912,
            44.448674,
            311.94
          ],
          [
            1.62817,
            44.448904,
            313.33
          ],
          [
            1.628545,
            44.44934,
            313.13
          ],
          [
            1.628728,
            44.449126,
            311.23
          ],
          [
            1.628974,
            44.448896,
            309.93
          ],
          [
            1.629221,
            44.448704,
            308.51
          ],
          [
            1.629466,
            44.44845,
            306.5
          ],
          [
            1.629538,
            44.448236,
            304.78
          ],
          [
            1.629404,
            44.448061,
            303.0
          ],
          [
            1.629335,
            44.447829,
            300.77
          ],
          [
            1.629324,
            44.447761,
            300.11
          ],
          [
            1.629344,
            44.447692,
            299.46
          ],
          [
            1.629413,
            44.447633,
            298.82
          ],
          [
            1.629736,
            44.447525,
            297.35
          ],
          [
            1.630165,
            44.447395,
            297.11
          ],
          [
            1.630691,
            44.447065,
            300.57
          ],
          [
            1.631002,
            44.446935,
            303.69
          ],
          [
            1.631442,
            44.446843,
            308.2
          ],
          [
            1.631664,
            44.446828,
            310.36
          ],
          [
            1.631954,
            44.446711,
            313.3
          ],
          [
            1.632082,
            44.446703,
            314.18
          ],
          [
            1.632237,
            44.446719,
            314.76
          ],
          [
            1.633019,
            44.44695,
            317.15
          ],
          [
            1.633335,
            44.44698,
            318.2
          ],
          [
            1.634285,
            44.446966,
            322.61
          ],
          [
            1.635112,
            44.447185,
            328.28
          ],
          [
            1.635487,
            44.447295,
            329.77
          ],
          [
            1.635895,
            44.44754,
            329.31
          ],
          [
            1.63627,
            44.447648,
            329.87
          ],
          [
            1.636624,
            44.447648,
            330.16
          ],
          [
            1.636892,
            44.447533,
            330.94
          ],
          [
            1.637214,
            44.447257,
            332.04
          ],
          [
            1.637404,
            44.447159,
            332.43
          ],
          [
            1.637665,
            44.447073,
            333.3
          ],
          [
            1.638402,
            44.446983,
            332.02
          ],
          [
            1.638971,
            44.446964,
            330.54
          ],
          [
            1.639684,
            44.447033,
            330.04
          ],
          [
            1.640291,
            44.447113,
            332.82
          ],
          [
            1.640645,
            44.447033,
            335.39
          ],
          [
            1.640875,
            44.446949,
            337.3
          ],
          [
            1.641138,
            44.446772,
            340.44
          ],
          [
            1.641342,
            44.446524,
            342.72
          ],
          [
            1.641471,
            44.446541,
            343.24
          ],
          [
            1.641518,
            44.446455,
            342.76
          ],
          [
            1.641593,
            44.446375,
            342.33
          ],
          [
            1.641778,
            44.446281,
            341.5
          ],
          [
            1.641955,
            44.446251,
            340.94
          ],
          [
            1.642218,
            44.446258,
            340.42
          ],
          [
            1.642653,
            44.446328,
            339.06
          ],
          [
            1.643028,
            44.446327,
            337.9
          ],
          [
            1.643277,
            44.446245,
            337.42
          ],
          [
            1.643652,
            44.446064,
            337.24
          ],
          [
            1.64432,
            44.445371,
            342.93
          ],
          [
            1.644434,
            44.445296,
            343.81
          ],
          [
            1.644518,
            44.445264,
            344.27
          ],
          [
            1.644632,
            44.445236,
            344.5
          ],
          [
            1.644956,
            44.445206,
            344.36
          ],
          [
            1.645201,
            44.445163,
            344.05
          ],
          [
            1.645377,
            44.445109,
            343.46
          ],
          [
            1.645477,
            44.445065,
            342.63
          ],
          [
            1.645832,
            44.444838,
            340.58
          ],
          [
            1.645922,
            44.444743,
            340.11
          ],
          [
            1.646448,
            44.444418,
            342.56
          ],
          [
            1.646812,
            44.444273,
            344.68
          ],
          [
            1.647188,
            44.444192,
            344.37
          ],
          [
            1.647606,
            44.444124,
            341.88
          ],
          [
            1.647959,
            44.444091,
            338.93
          ],
          [
            1.648306,
            44.44409,
            336.85
          ],
          [
            1.648624,
            44.444011,
            335.91
          ],
          [
            1.648939,
            44.443911,
            335.0
          ],
          [
            1.649733,
            44.443689,
            335.62
          ],
          [
            1.650648,
            44.443464,
            337.84
          ],
          [
            1.650775,
            44.443425,
            338.19
          ],
          [
            1.650952,
            44.443353,
            338.57
          ],
          [
            1.65113,
            44.443255,
            339.0
          ],
          [
            1.65125,
            44.443177,
            339.18
          ],
          [
            1.651374,
            44.443121,
            339.29
          ],
          [
            1.651519,
            44.443072,
            339.43
          ],
          [
            1.651798,
            44.443006,
            338.63
          ],
          [
            1.65219,
            44.443117,
            337.89
          ],
          [
            1.652855,
            44.443275,
            336.53
          ],
          [
            1.652961,
            44.443308,
            336.31
          ],
          [
            1.653284,
            44.443491,
            335.69
          ],
          [
            1.653414,
            44.443589,
            335.59
          ],
          [
            1.653489,
            44.443677,
            335.6
          ],
          [
            1.653544,
            44.443768,
            335.65
          ],
          [
            1.653572,
            44.443853,
            335.7
          ],
          [
            1.653614,
            44.444063,
            335.88
          ],
          [
            1.65361,
            44.444276,
            336.06
          ],
          [
            1.653754,
            44.444813,
            336.05
          ],
          [
            1.653849,
            44.444997,
            335.52
          ],
          [
            1.653876,
            44.445197,
            334.83
          ],
          [
            1.653924,
            44.445415,
            334.17
          ],
          [
            1.654075,
            44.445715,
            333.7
          ],
          [
            1.655113,
            44.446664,
            339.4
          ],
          [
            1.655328,
            44.446927,
            342.23
          ],
          [
            1.655478,
            44.447179,
            344.06
          ],
          [
            1.655679,
            44.447334,
            344.64
          ],
          [
            1.655913,
            44.447449,
            344.62
          ],
          [
            1.656092,
            44.44749,
            344.3
          ],
          [
            1.656337,
            44.447612,
            343.21
          ],
          [
            1.656712,
            44.447869,
            339.85
          ],
          [
            1.657541,
            44.448307,
            333.24
          ],
          [
            1.657723,
            44.448346,
            332.09
          ],
          [
            1.657863,
            44.448346,
            331.26
          ],
          [
            1.658699,
            44.448076,
            327.52
          ],
          [
            1.658831,
            44.448041,
            327.33
          ],
          [
            1.658966,
            44.448028,
            327.24
          ],
          [
            1.659896,
            44.448014,
            329.65
          ],
          [
            1.660464,
            44.447959,
            332.37
          ],
          [
            1.661103,
            44.447873,
            335.24
          ],
          [
            1.66135,
            44.447816,
            334.17
          ],
          [
            1.661742,
            44.447957,
            334.01
          ],
          [
            1.662083,
            44.448099,
            332.8
          ],
          [
            1.662283,
            44.448221,
            331.6
          ],
          [
            1.662395,
            44.448342,
            330.92
          ],
          [
            1.662616,
            44.448411,
            329.93
          ],
          [
            1.66283,
            44.448514,
            329.07
          ],
          [
            1.66305,
            44.448554,
            328.46
          ],
          [
            1.663372,
            44.448499,
            328.09
          ],
          [
            1.663683,
            44.448397,
            328.0
          ],
          [
            1.663957,
            44.44833,
            328.17
          ],
          [
            1.664418,
            44.448257,
            329.27
          ],
          [
            1.664793,
            44.448212,
            331.04
          ],
          [
            1.665492,
            44.448194,
            332.12
          ],
          [
            1.666644,
            44.448001,
            334.26
          ],
          [
            1.666934,
            44.447982,
            334.1
          ],
          [
            1.667422,
            44.447837,
            333.29
          ],
          [
            1.667948,
            44.447725,
            332.21
          ],
          [
            1.668324,
            44.44773,
            332.07
          ],
          [
            1.668704,
            44.447848,
            332.32
          ],
          [
            1.669187,
            44.448043,
            332.45
          ],
          [
            1.670206,
            44.448372,
            330.28
          ],
          [
            1.671113,
            44.448937,
            329.65
          ],
          [
            1.671536,
            44.449154,
            330.56
          ],
          [
            1.672052,
            44.449395,
            331.75
          ],
          [
            1.672314,
            44.449491,
            331.88
          ],
          [
            1.672534,
            44.449529,
            331.8
          ],
          [
            1.67283,
            44.449542,
            331.72
          ],
          [
            1.673489,
            44.449487,
            331.86
          ],
          [
            1.673806,
            44.449434,
            332.52
          ],
          [
            1.674085,
            44.449339,
            333.05
          ],
          [
            1.674353,
            44.449227,
            333.59
          ],
          [
            1.674589,
            44.44909,
            333.85
          ],
          [
            1.674616,
            44.449065,
            334.04
          ],
          [
            1.675399,
            44.448751,
            342.83
          ],
          [
            1.677875,
            44.447781,
            358.93
          ],
          [
            1.678009,
            44.447765,
            359.29
          ],
          [
            1.678862,
            44.44788,
            360.74
          ],
          [
            1.680321,
            44.448243,
            359.4
          ],
          [
            1.681603,
            44.448462,
            352.82
          ],
          [
            1.682472,
            44.448557,
            347.0
          ],
          [
            1.683186,
            44.448557,
            341.81
          ],
          [
            1.684092,
            44.448531,
            335.54
          ],
          [
            1.684661,
            44.448745,
            332.58
          ],
          [
            1.685401,
            44.448979,
            330.82
          ],
          [
            1.685841,
            44.449201,
            329.16
          ],
          [
            1.686265,
            44.449258,
            326.7
          ],
          [
            1.686694,
            44.4494,
            322.84
          ],
          [
            1.686925,
            44.449607,
            319.05
          ],
          [
            1.68737,
            44.449503,
            313.76
          ],
          [
            1.689641,
            44.45053,
            288.71
          ],
          [
            1.689698,
            44.450993,
            283.76
          ],
          [
            1.689569,
            44.451153,
            282.48
          ],
          [
            1.68827,
            44.45132,
            275.29
          ],
          [
            1.687742,
            44.451136,
            271.22
          ],
          [
            1.68763,
            44.451249,
            269.94
          ],
          [
            1.687689,
            44.451354,
            268.3
          ],
          [
            1.687777,
            44.45158,
            263.89
          ],
          [
            1.689163,
            44.452097,
            234.59
          ],
          [
            1.689982,
            44.452524,
            215.69
          ],
          [
            1.690426,
            44.453014,
            205.73
          ],
          [
            1.691142,
            44.453753,
            192.71
          ],
          [
            1.691888,
            44.454091,
            183.48
          ],
          [
            1.692523,
            44.454215,
            175.75
          ],
          [
            1.693322,
            44.454387,
            163.98
          ],
          [
            1.694137,
            44.454481,
            151.25
          ],
          [
            1.695139,
            44.454527,
            135.49
          ],
          [
            1.695032,
            44.45476,
            136.88
          ],
          [
            1.694818,
            44.455067,
            137.93
          ],
          [
            1.694768,
            44.455239,
            138.05
          ],
          [
            1.694736,
            44.456137,
            136.58
          ],
          [
            1.694673,
            44.456278,
            136.1
          ],
          [
            1.694531,
            44.456434,
            135.77
          ],
          [
            1.694319,
            44.456586,
            135.08
          ],
          [
            1.694018,
            44.456701,
            135.16
          ],
          [
            1.694212,
            44.456672,
            133.71
          ],
          [
            1.69438,
            44.456698,
            132.33
          ],
          [
            1.694751,
            44.456726,
            133.15
          ],
          [
            1.695481,
            44.456756,
            133.99
          ],
          [
            1.695837,
            44.4568,
            133.96
          ],
          [
            1.697428,
            44.457099,
            136.01
          ],
          [
            1.698595,
            44.457201,
            138.34
          ],
          [
            1.699076,
            44.457259,
            139.27
          ],
          [
            1.699664,
            44.457414,
            137.01
          ],
          [
            1.700033,
            44.457496,
            141.22
          ],
          [
            1.70014,
            44.457489,
            143.52
          ],
          [
            1.701458,
            44.457844,
            139.09
          ],
          [
            1.703411,
            44.458278,
            141.68
          ],
          [
            1.704027,
            44.458429,
            143.44
          ],
          [
            1.704443,
            44.458544,
            143.93
          ],
          [
            1.70502,
            44.458661,
            143.11
          ],
          [
            1.705418,
            44.458786,
            142.11
          ],
          [
            1.706327,
            44.459159,
            141.71
          ],
          [
            1.706593,
            44.45926,
            141.76
          ],
          [
            1.707856,
            44.459553,
            142.69
          ],
          [
            1.708402,
            44.459664,
            142.37
          ],
          [
            1.708734,
            44.459774,
            142.28
          ],
          [
            1.709198,
            44.459894,
            142.33
          ],
          [
            1.709358,
            44.459913,
            142.06
          ],
          [
            1.709993,
            44.460043,
            144.01
          ],
          [
            1.711147,
            44.460218,
            143.67
          ],
          [
            1.711657,
            44.460304,
            143.13
          ],
          [
            1.711747,
            44.460312,
            142.98
          ],
          [
            1.712784,
            44.460495,
            139.01
          ],
          [
            1.713196,
            44.460529,
            139.78
          ],
          [
            1.713911,
            44.460603,
            138.76
          ],
          [
            1.714355,
            44.460722,
            138.3
          ],
          [
            1.71549,
            44.461219,
            140.08
          ],
          [
            1.715782,
            44.461334,
            141.69
          ],
          [
            1.715845,
            44.46119,
            142.97
          ],
          [
            1.715817,
            44.460927,
            143.91
          ],
          [
            1.715775,
            44.46073,
            144.23
          ],
          [
            1.715785,
            44.460128,
            144.67
          ],
          [
            1.715843,
            44.459939,
            144.39
          ],
          [
            1.715869,
            44.459808,
            143.9
          ],
          [
            1.715989,
            44.459649,
            144.69
          ],
          [
            1.716052,
            44.459678,
            146.01
          ],
          [
            1.716084,
            44.459746,
            147.33
          ],
          [
            1.716213,
            44.459918,
            150.15
          ],
          [
            1.716504,
            44.460346,
            155.32
          ],
          [
            1.716782,
            44.460643,
            158.2
          ],
          [
            1.717021,
            44.460805,
            159.6
          ],
          [
            1.717333,
            44.460907,
            160.68
          ],
          [
            1.717632,
            44.461024,
            161.29
          ],
          [
            1.718066,
            44.461109,
            161.64
          ],
          [
            1.7186,
            44.461407,
            161.49
          ],
          [
            1.718916,
            44.461488,
            161.08
          ],
          [
            1.719701,
            44.461763,
            159.78
          ],
          [
            1.720133,
            44.461847,
            159.15
          ],
          [
            1.720606,
            44.462043,
            159.07
          ],
          [
            1.721579,
            44.462383,
            161.08
          ],
          [
            1.722243,
            44.46271,
            161.78
          ],
          [
            1.723246,
            44.46334,
            160.48
          ],
          [
            1.723428,
            44.463307,
            160.01
          ],
          [
            1.723679,
            44.463275,
            159.19
          ],
          [
            1.723951,
            44.463224,
            157.96
          ],
          [
            1.724049,
            44.463164,
            158.44
          ],
          [
            1.724353,
            44.463148,
            159.0
          ],
          [
            1.724549,
            44.463015,
            160.09
          ],
          [
            1.724923,
            44.462985,
            161.41
          ],
          [
            1.725329,
            44.463045,
            163.38
          ],
          [
            1.725824,
            44.463157,
            165.35
          ],
          [
            1.726172,
            44.463192,
            166.16
          ],
          [
            1.72676,
            44.463279,
            165.99
          ],
          [
            1.726917,
            44.463239,
            165.31
          ],
          [
            1.727132,
            44.463111,
            163.53
          ],
          [
            1.727262,
            44.46302,
            162.16
          ],
          [
            1.727354,
            44.462939,
            161.0
          ],
          [
            1.727528,
            44.462757,
            158.39
          ],
          [
            1.72772,
            44.462599,
            155.17
          ],
          [
            1.72786,
            44.462646,
            153.65
          ],
          [
            1.72811,
            44.462751,
            151.45
          ],
          [
            1.728194,
            44.462906,
            148.48
          ],
          [
            1.728264,
            44.463086,
            145.11
          ],
          [
            1.7284,
            44.463173,
            143.33
          ],
          [
            1.729253,
            44.462872,
            146.76
          ],
          [
            1.729769,
            44.462739,
            144.32
          ],
          [
            1.729931,
            44.462686,
            143.6
          ],
          [
            1.730158,
            44.462556,
            144.64
          ],
          [
            1.730472,
            44.46235,
            147.68
          ],
          [
            1.730841,
            44.462149,
            148.86
          ],
          [
            1.731182,
            44.461974,
            150.05
          ],
          [
            1.731724,
            44.461735,
            149.51
          ],
          [
            1.73237,
            44.461387,
            145.87
          ],
          [
            1.733131,
            44.460997,
            144.04
          ],
          [
            1.733675,
            44.460689,
            143.63
          ],
          [
            1.734158,
            44.46043,
            143.02
          ],
          [
            1.734627,
            44.460225,
            142.26
          ],
          [
            1.73497,
            44.460103,
            141.87
          ],
          [
            1.735619,
            44.459997,
            141.84
          ],
          [
            1.735978,
            44.459923,
            141.97
          ],
          [
            1.736272,
            44.459838,
            142.76
          ],
          [
            1.736525,
            44.459746,
            143.49
          ],
          [
            1.736679,
            44.459683,
            143.92
          ],
          [
            1.736834,
            44.459607,
            144.33
          ],
          [
            1.736947,
            44.459587,
            144.59
          ],
          [
            1.737512,
            44.459582,
            145.64
          ],
          [
            1.737718,
            44.459554,
            145.73
          ],
          [
            1.738058,
            44.459488,
            145.17
          ],
          [
            1.738794,
            44.459207,
            143.68
          ],
          [
            1.73919,
            44.459075,
            143.59
          ],
          [
            1.739445,
            44.459011,
            143.94
          ],
          [
            1.739989,
            44.458963,
            144.35
          ],
          [
            1.740226,
            44.45897,
            144.56
          ],
          [
            1.740478,
            44.459001,
            144.51
          ],
          [
            1.740946,
            44.459079,
            143.89
          ],
          [
            1.741197,
            44.459156,
            143.38
          ],
          [
            1.741562,
            44.459307,
            143.03
          ],
          [
            1.742606,
            44.459758,
            143.05
          ],
          [
            1.742762,
            44.459852,
            143.25
          ],
          [
            1.743178,
            44.460161,
            142.62
          ],
          [
            1.743586,
            44.460479,
            141.4
          ],
          [
            1.743678,
            44.460624,
            140.86
          ],
          [
            1.743902,
            44.461254,
            139.71
          ],
          [
            1.744072,
            44.46158,
            140.09
          ],
          [
            1.74439,
            44.462015,
            140.9
          ],
          [
            1.744577,
            44.462247,
            141.03
          ],
          [
            1.74659,
            44.462837,
            143.97
          ],
          [
            1.746852,
            44.462876,
            144.14
          ],
          [
            1.74711,
            44.462879,
            144.64
          ],
          [
            1.747271,
            44.462812,
            145.08
          ],
          [
            1.747996,
            44.462346,
            146.35
          ],
          [
            1.748267,
            44.462125,
            146.17
          ],
          [
            1.748857,
            44.462404,
            146.0
          ],
          [
            1.749013,
            44.462499,
            146.0
          ],
          [
            1.749101,
            44.462565,
            146.35
          ],
          [
            1.749254,
            44.462536,
            147.17
          ],
          [
            1.749573,
            44.462613,
            149.48
          ],
          [
            1.749946,
            44.462731,
            151.85
          ],
          [
            1.750576,
            44.462992,
            158.64
          ],
          [
            1.750938,
            44.463207,
            162.43
          ],
          [
            1.751147,
            44.46341,
            164.52
          ],
          [
            1.751254,
            44.463468,
            165.19
          ],
          [
            1.751354,
            44.46348,
            165.66
          ],
          [
            1.751413,
            44.463464,
            165.95
          ],
          [
            1.751566,
            44.463315,
            167.09
          ],
          [
            1.751846,
            44.462973,
            168.78
          ],
          [
            1.751932,
            44.462904,
            169.23
          ],
          [
            1.752013,
            44.462883,
            169.67
          ],
          [
            1.752425,
            44.463056,
            172.37
          ],
          [
            1.752649,
            44.463139,
            172.2
          ],
          [
            1.752889,
            44.463261,
            170.88
          ],
          [
            1.752684,
            44.463659,
            168.03
          ],
          [
            1.752483,
            44.463781,
            165.42
          ],
          [
            1.752434,
            44.464028,
            161.54
          ],
          [
            1.752547,
            44.464185,
            158.69
          ],
          [
            1.75261,
            44.464234,
            157.6
          ],
          [
            1.752972,
            44.46392,
            148.66
          ],
          [
            1.75285,
            44.464178,
            144.86
          ],
          [
            1.752933,
            44.464251,
            142.97
          ],
          [
            1.753007,
            44.464262,
            141.44
          ],
          [
            1.753106,
            44.464205,
            142.08
          ],
          [
            1.753441,
            44.463899,
            142.79
          ],
          [
            1.754618,
            44.462672,
            143.9
          ],
          [
            1.755049,
            44.46216,
            144.8
          ],
          [
            1.755293,
            44.461831,
            145.45
          ],
          [
            1.755467,
            44.461571,
            146.62
          ],
          [
            1.75553,
            44.461458,
            147.27
          ],
          [
            1.755714,
            44.461425,
            140.78
          ],
          [
            1.755849,
            44.461215,
            141.27
          ],
          [
            1.755919,
            44.461079,
            141.97
          ],
          [
            1.756349,
            44.460512,
            142.3
          ],
          [
            1.756342,
            44.460455,
            143.19
          ],
          [
            1.756452,
            44.460357,
            142.1
          ],
          [
            1.756809,
            44.459993,
            141.52
          ],
          [
            1.756935,
            44.459944,
            139.87
          ],
          [
            1.757143,
            44.459909,
            138.75
          ],
          [
            1.757373,
            44.459888,
            138.54
          ],
          [
            1.7576,
            44.459898,
            138.51
          ],
          [
            1.758468,
            44.460043,
            138.51
          ],
          [
            1.758865,
            44.4601,
            138.65
          ],
          [
            1.759207,
            44.460122,
            138.76
          ],
          [
            1.759778,
            44.460124,
            139.1
          ],
          [
            1.760957,
            44.460091,
            139.4
          ],
          [
            1.761777,
            44.460093,
            139.21
          ],
          [
            1.762141,
            44.460068,
            139.07
          ],
          [
            1.763168,
            44.459884,
            138.98
          ],
          [
            1.764201,
            44.459728,
            138.99
          ],
          [
            1.765456,
            44.459571,
            139.05
          ],
          [
            1.765875,
            44.459533,
            139.21
          ],
          [
            1.766322,
            44.45953,
            139.45
          ],
          [
            1.766897,
            44.459615,
            139.76
          ],
          [
            1.768184,
            44.459843,
            140.0
          ],
          [
            1.769319,
            44.460026,
            139.47
          ],
          [
            1.771221,
            44.460346,
            139.77
          ],
          [
            1.771574,
            44.46043,
            140.0
          ],
          [
            1.771804,
            44.460509,
            140.0
          ],
          [
            1.773061,
            44.461178,
            140.0
          ],
          [
            1.773313,
            44.461294,
            140.0
          ],
          [
            1.77357,
            44.461371,
            140.35
          ],
          [
            1.773887,
            44.461428,
            141.13
          ],
          [
            1.774158,
            44.461365,
            142.63
          ],
          [
            1.775536,
            44.461339,
            143.63
          ],
          [
            1.775787,
            44.461302,
            144.34
          ],
          [
            1.775956,
            44.461208,
            145.48
          ],
          [
            1.77606,
            44.461209,
            146.11
          ],
          [
            1.777213,
            44.461036,
            157.6
          ],
          [
            1.777616,
            44.461047,
            161.93
          ],
          [
            1.777849,
            44.461081,
            164.51
          ],
          [
            1.777895,
            44.461245,
            167.32
          ],
          [
            1.77791,
            44.461513,
            170.59
          ],
          [
            1.777966,
            44.461728,
            173.92
          ],
          [
            1.778055,
            44.461793,
            177.09
          ],
          [
            1.778454,
            44.462578,
            182.09
          ],
          [
            1.779027,
            44.463425,
            185.32
          ],
          [
            1.779104,
            44.463412,
            184.53
          ],
          [
            1.779328,
            44.463077,
            182.3
          ],
          [
            1.779464,
            44.462962,
            180.39
          ],
          [
            1.779989,
            44.462754,
            175.79
          ],
          [
            1.780932,
            44.461991,
            166.7
          ],
          [
            1.781275,
            44.461689,
            163.17
          ],
          [
            1.782399,
            44.461184,
            153.21
          ],
          [
            1.782847,
            44.460997,
            150.52
          ],
          [
            1.783217,
            44.460876,
            147.06
          ],
          [
            1.783606,
            44.460716,
            148.49
          ],
          [
            1.784958,
            44.460335,
            149.4
          ],
          [
            1.785382,
            44.460223,
            149.82
          ],
          [
            1.785753,
            44.460167,
            150.13
          ],
          [
            1.785988,
            44.460155,
            150.3
          ],
          [
            1.786942,
            44.46014,
            149.94
          ],
          [
            1.787335,
            44.460178,
            149.56
          ],
          [
            1.787956,
            44.460324,
            148.95
          ],
          [
            1.788423,
            44.460455,
            148.86
          ],
          [
            1.78909,
            44.460681,
            149.55
          ],
          [
            1.789409,
            44.460799,
            149.08
          ],
          [
            1.789434,
            44.460852,
            146.71
          ],
          [
            1.789562,
            44.460903,
            145.84
          ],
          [
            1.789693,
            44.460939,
            145.03
          ],
          [
            1.789805,
            44.460941,
            144.4
          ],
          [
            1.789895,
            44.460923,
            143.52
          ],
          [
            1.789964,
            44.460894,
            143.25
          ],
          [
            1.790045,
            44.460827,
            143.13
          ],
          [
            1.790403,
            44.460389,
            143.07
          ],
          [
            1.790499,
            44.460245,
            143.1
          ],
          [
            1.790622,
            44.460004,
            143.19
          ],
          [
            1.790652,
            44.460005,
            143.04
          ],
          [
            1.790779,
            44.460041,
            143.09
          ],
          [
            1.791065,
            44.46006,
            144.64
          ],
          [
            1.791204,
            44.460086,
            145.53
          ],
          [
            1.791335,
            44.46014,
            146.39
          ],
          [
            1.791404,
            44.4602,
            147.12
          ],
          [
            1.791464,
            44.460233,
            147.64
          ],
          [
            1.791585,
            44.46026,
            148.47
          ],
          [
            1.792049,
            44.460121,
            152.26
          ],
          [
            1.792709,
            44.460021,
            158.4
          ],
          [
            1.792831,
            44.459993,
            159.56
          ],
          [
            1.792876,
            44.459967,
            160.09
          ],
          [
            1.792964,
            44.459779,
            162.83
          ],
          [
            1.793107,
            44.459765,
            164.7
          ],
          [
            1.793162,
            44.459736,
            165.71
          ],
          [
            1.793223,
            44.459677,
            167.34
          ],
          [
            1.793322,
            44.459627,
            168.91
          ],
          [
            1.79348,
            44.459682,
            170.6
          ],
          [
            1.793606,
            44.459767,
            171.56
          ],
          [
            1.79374,
            44.459894,
            172.58
          ],
          [
            1.793877,
            44.460074,
            173.76
          ],
          [
            1.794496,
            44.461021,
            180.0
          ],
          [
            1.794916,
            44.4616,
            176.06
          ],
          [
            1.795245,
            44.461997,
            172.99
          ],
          [
            1.795592,
            44.462325,
            170.66
          ],
          [
            1.796087,
            44.462698,
            168.87
          ],
          [
            1.796784,
            44.463024,
            167.73
          ],
          [
            1.796935,
            44.463127,
            167.5
          ],
          [
            1.79709,
            44.463254,
            167.3
          ],
          [
            1.797458,
            44.463605,
            167.32
          ],
          [
            1.797657,
            44.46376,
            167.38
          ],
          [
            1.798244,
            44.464042,
            168.96
          ],
          [
            1.798924,
            44.464319,
            171.23
          ],
          [
            1.800769,
            44.464962,
            177.75
          ],
          [
            1.801195,
            44.46505,
            181.22
          ],
          [
            1.801648,
            44.465184,
            186.6
          ],
          [
            1.802015,
            44.465335,
            190.69
          ],
          [
            1.802404,
            44.465574,
            195.66
          ],
          [
            1.802643,
            44.4657,
            197.86
          ],
          [
            1.80279,
            44.465756,
            199.12
          ],
          [
            1.802909,
            44.46579,
            200.15
          ],
          [
            1.802959,
            44.465793,
            200.63
          ],
          [
            1.803314,
            44.465833,
            201.8
          ],
          [
            1.803568,
            44.465838,
            202.43
          ],
          [
            1.803872,
            44.4658,
            203.31
          ],
          [
            1.804556,
            44.465739,
            205.42
          ],
          [
            1.805052,
            44.46579,
            204.48
          ],
          [
            1.805422,
            44.465771,
            204.49
          ],
          [
            1.805738,
            44.465695,
            204.71
          ],
          [
            1.806242,
            44.46553,
            206.34
          ],
          [
            1.80642,
            44.465503,
            207.3
          ],
          [
            1.806596,
            44.465587,
            208.66
          ],
          [
            1.806747,
            44.465752,
            210.81
          ],
          [
            1.807036,
            44.465875,
            213.89
          ],
          [
            1.807718,
            44.465986,
            220.26
          ],
          [
            1.80804,
            44.465982,
            223.0
          ],
          [
            1.809016,
            44.465695,
            228.61
          ],
          [
            1.809332,
            44.465668,
            228.51
          ],
          [
            1.810593,
            44.465722,
            220.91
          ],
          [
            1.810802,
            44.465706,
            219.24
          ],
          [
            1.810968,
            44.465591,
            217.4
          ],
          [
            1.811076,
            44.465335,
            214.5
          ],
          [
            1.811092,
            44.464933,
            209.85
          ],
          [
            1.810985,
            44.464462,
            204.31
          ],
          [
            1.811033,
            44.464378,
            203.44
          ],
          [
            1.811221,
            44.464405,
            202.3
          ],
          [
            1.812229,
            44.465082,
            200.06
          ],
          [
            1.812799,
            44.465369,
            200.14
          ],
          [
            1.812862,
            44.465428,
            199.76
          ],
          [
            1.812971,
            44.465477,
            199.34
          ],
          [
            1.813069,
            44.465483,
            199.03
          ],
          [
            1.813142,
            44.465516,
            198.27
          ],
          [
            1.813558,
            44.465513,
            193.42
          ],
          [
            1.81399,
            44.465231,
            188.16
          ],
          [
            1.814168,
            44.465002,
            186.05
          ],
          [
            1.81437,
            44.464578,
            184.94
          ],
          [
            1.81471,
            44.464074,
            187.47
          ],
          [
            1.815016,
            44.46387,
            185.5
          ],
          [
            1.815259,
            44.463776,
            183.2
          ],
          [
            1.81548,
            44.463742,
            181.58
          ],
          [
            1.815674,
            44.463737,
            180.84
          ],
          [
            1.815912,
            44.463774,
            180.11
          ],
          [
            1.816652,
            44.463967,
            177.75
          ],
          [
            1.816883,
            44.463989,
            177.23
          ],
          [
            1.817117,
            44.463962,
            176.53
          ],
          [
            1.817276,
            44.463927,
            175.89
          ],
          [
            1.817447,
            44.463872,
            175.05
          ],
          [
            1.817668,
            44.463755,
            173.66
          ],
          [
            1.817814,
            44.463645,
            172.52
          ],
          [
            1.817943,
            44.463473,
            171.12
          ],
          [
            1.817981,
            44.463344,
            170.17
          ],
          [
            1.818031,
            44.463051,
            168.1
          ],
          [
            1.818085,
            44.46292,
            167.23
          ],
          [
            1.818167,
            44.462824,
            166.53
          ],
          [
            1.818639,
            44.462424,
            163.62
          ],
          [
            1.818803,
            44.462358,
            161.58
          ],
          [
            1.818927,
            44.462346,
            160.11
          ],
          [
            1.819054,
            44.462363,
            159.88
          ],
          [
            1.819168,
            44.462429,
            160.34
          ],
          [
            1.819245,
            44.462502,
            160.7
          ],
          [
            1.81927,
            44.462594,
            161.11
          ],
          [
            1.819242,
            44.462707,
            161.74
          ],
          [
            1.819138,
            44.462954,
            162.82
          ],
          [
            1.819111,
            44.463115,
            163.86
          ],
          [
            1.819158,
            44.463269,
            164.81
          ],
          [
            1.819584,
            44.463774,
            168.69
          ],
          [
            1.819635,
            44.46387,
            169.38
          ],
          [
            1.819643,
            44.463975,
            170.13
          ],
          [
            1.819625,
            44.464102,
            171.1
          ],
          [
            1.819518,
            44.464383,
            173.29
          ],
          [
            1.819529,
            44.464535,
            174.46
          ],
          [
            1.819579,
            44.464613,
            175.36
          ],
          [
            1.819758,
            44.464671,
            177.15
          ],
          [
            1.819937,
            44.464678,
            177.91
          ],
          [
            1.820969,
            44.464663,
            177.98
          ],
          [
            1.821938,
            44.464635,
            179.14
          ],
          [
            1.822368,
            44.464634,
            179.94
          ],
          [
            1.822678,
            44.464668,
            180.94
          ],
          [
            1.823645,
            44.464818,
            176.39
          ],
          [
            1.825581,
            44.464925,
            171.91
          ],
          [
            1.825689,
            44.464914,
            171.98
          ],
          [
            1.825741,
            44.464896,
            172.07
          ],
          [
            1.825875,
            44.464976,
            172.13
          ],
          [
            1.826027,
            44.465053,
            171.42
          ],
          [
            1.826406,
            44.465199,
            169.21
          ],
          [
            1.826542,
            44.465149,
            170.19
          ],
          [
            1.82664,
            44.465157,
            170.09
          ],
          [
            1.827257,
            44.465264,
            171.61
          ],
          [
            1.827696,
            44.465377,
            173.37
          ],
          [
            1.828023,
            44.465424,
            175.74
          ],
          [
            1.828161,
            44.465418,
            177.31
          ],
          [
            1.828308,
            44.465491,
            175.71
          ],
          [
            1.828378,
            44.46555,
            174.49
          ],
          [
            1.828475,
            44.465724,
            171.23
          ],
          [
            1.828496,
            44.465814,
            168.95
          ],
          [
            1.828504,
            44.465863,
            167.47
          ],
          [
            1.828537,
            44.465911,
            167.27
          ],
          [
            1.828621,
            44.465959,
            166.62
          ],
          [
            1.828706,
            44.465994,
            166.23
          ],
          [
            1.828746,
            44.46604,
            165.7
          ],
          [
            1.828768,
            44.46612,
            166.05
          ],
          [
            1.828827,
            44.466209,
            164.0
          ],
          [
            1.828856,
            44.466371,
            162.45
          ],
          [
            1.828693,
            44.467047,
            160.32
          ],
          [
            1.828641,
            44.467379,
            161.1
          ],
          [
            1.82863,
            44.467613,
            160.61
          ],
          [
            1.828719,
            44.468084,
            157.97
          ],
          [
            1.828826,
            44.468257,
            155.4
          ],
          [
            1.828958,
            44.468387,
            152.99
          ],
          [
            1.829136,
            44.468491,
            151.93
          ],
          [
            1.829319,
            44.468541,
            150.16
          ],
          [
            1.829519,
            44.468563,
            146.61
          ],
          [
            1.831175,
            44.468642,
            150.3
          ],
          [
            1.832074,
            44.468675,
            149.46
          ],
          [
            1.832499,
            44.468678,
            148.87
          ],
          [
            1.834345,
            44.468455,
            149.0
          ],
          [
            1.835004,
            44.468389,
            149.0
          ],
          [
            1.835388,
            44.468395,
            149.33
          ],
          [
            1.835773,
            44.468442,
            149.19
          ],
          [
            1.836081,
            44.468537,
            149.05
          ],
          [
            1.836321,
            44.468653,
            149.03
          ],
          [
            1.836549,
            44.468801,
            149.15
          ],
          [
            1.836722,
            44.468957,
            149.37
          ],
          [
            1.836958,
            44.469231,
            149.71
          ],
          [
            1.837114,
            44.469559,
            151.06
          ],
          [
            1.837093,
            44.469971,
            152.45
          ],
          [
            1.836969,
            44.47027,
            154.93
          ],
          [
            1.836861,
            44.470455,
            155.95
          ],
          [
            1.836698,
            44.470647,
            156.91
          ],
          [
            1.836331,
            44.47104,
            158.99
          ],
          [
            1.836142,
            44.47101,
            157.54
          ],
          [
            1.836045,
            44.471013,
            157.19
          ],
          [
            1.835969,
            44.471062,
            156.92
          ]
        ]
      }
    },
    {
      "type": "Feature",
      "properties": {
        "source": "Plats__Ruisseaux.gpx",
        "type": "route"
      },
      "geometry": {
        "type": "LineString",
        "coordinates": [
          [
            1.835969,
            44.471062
          ],
          [
            1.836331,
            44.47104
          ],
          [
            1.83558,
            44.475699
          ],
          [
            1.835177,
            44.47578
          ],
          [
            1.834671,
            44.476928
          ],
          [
            1.83285,
            44.477351
          ],
          [
            1.832411,
            44.477745
          ],
          [
            1.832015,
            44.479019
          ],
          [
            1.813579,
            44.476037
          ],
          [
            1.804541,
            44.478757
          ],
          [
            1.799582,
            44.482268
          ],
          [
            1.792268,
            44.476852
          ],
          [
            1.786492,
            44.47424
          ],
          [
            1.783441,
            44.472607
          ],
          [
            1.783351,
            44.472587
          ],
          [
            1.783001,
            44.472913
          ],
          [
            1.783067,
            44.473028
          ],
          [
            1.78355,
            44.473744
          ],
          [
            1.783684,
            44.473841
          ],
          [
            1.782744,
            44.486027
          ],
          [
            1.778562,
            44.489097
          ],
          [
            1.773154,
            44.491909
          ],
          [
            1.765743,
            44.494011
          ],
          [
            1.763891,
            44.494568
          ],
          [
            1.752516,
            44.492451
          ],
          [
            1.742518,
            44.491207
          ],
          [
            1.729115,
            44.493906
          ],
          [
            1.728943,
            44.493578
          ],
          [
            1.72189,
            44.494644
          ],
          [
            1.719214,
            44.500573
          ],
          [
            1.707275,
            44.505755
          ],
          [
            1.690125,
            44.505631
          ],
          [
            1.683547,
            44.507528
          ],
          [
            1.68351,
            44.507689
          ],
          [
            1.679782,
            44.506859
          ],
          [
            1.671611,
            44.509746
          ],
          [
            1.671669,
            44.509488
          ],
          [
            1.667698,
            44.507136
          ],
          [
            1.657687,
            44.507858
          ],
          [
            1.657035,
            44.507156
          ],
          [
            1.655734,
            44.506326
          ],
          [
            1.653404,
            44.506211
          ],
          [
            1.653052,
            44.50632
          ],
          [
            1.652557,
            44.507035
          ],
          [
            1.652743,
            44.507082
          ],
          [
            1.649037,
            44.510748
          ],
          [
            1.636203,
            44.516239
          ],
          [
            1.590244,
            44.508357
          ],
          [
            1.588275,
            44.508564
          ],
          [
            1.584938,
            44.510647
          ],
          [
            1.581219,
            44.51117
          ],
          [
            1.580596,
            44.510943
          ],
          [
            1.555222,
            44.518822
          ],
          [
            1.555185,
            44.518691
          ],
          [
            1.554047,
            44.517198
          ],
          [
            1.549129,
            44.519545
          ],
          [
            1.542881,
            44.519127
          ],
          [
            1.542579,
            44.518858
          ],
          [
            1.541573,
            44.518792
          ],
          [
            1.540167,
            44.518998
          ],
          [
            1.540005,
            44.519253
          ],
          [
            1.539704,
            44.52125
          ],
          [
            1.483701,
            44.547522
          ],
          [
            1.477866,
            44.552167
          ],
          [
            1.478149,
            44.551743
          ],
          [
            1.478521,
            44.55018
          ],
          [
            1.462141,
            44.545962
          ],
          [
            1.427505,
            44.539404
          ],
          [
            1.427503,
            44.539322
          ],
          [
            1.423812,
            44.540411
          ],
          [
            1.423204,
            44.540646
          ],
          [
            1.414901,
            44.535208
          ],
          [
            1.406342,
            44.529771
          ],
          [
            1.407217,
            44.528619
          ],
          [
            1.399923,
            44.526241
          ],
          [
            1.398814,
            44.526482
          ],
          [
            1.394322,
            44.526019
          ],
          [
            1.392942,
            44.525333
          ],
          [
            1.391912,
            44.525132
          ],
          [
            1.392282,
            44.524053
          ],
          [
            1.38872,
            44.523377
          ],
          [
            1.38874,
            44.523569
          ],
          [
            1.386686,
            44.523398
          ],
          [
            1.38235,
            44.517705
          ],
          [
            1.380452,
            44.517474
          ],
          [
            1.380117,
            44.515331
          ],
          [
            1.372254,
            44.510778
          ],
          [
            1.372297,
            44.510747
          ],
          [
            1.372103,
            44.509029
          ],
          [
            1.371855,
            44.509037
          ],
          [
            1.360752,
            44.513742
          ],
          [
            1.341239,
            44.513377
          ],
          [
            1.340083,
            44.513639
          ],
          [
            1.335531,
            44.514969
          ],
          [
            1.334816,
            44.515241
          ],
          [
            1.334194,
            44.51518
          ],
          [
            1.328616,
            44.516199
          ],
          [
            1.321401,
            44.514048
          ],
          [
            1.307392,
            44.506109
          ],
          [
            1.301954,
            44.501827
          ],
          [
            1.299084,
            44.501508
          ],
          [
            1.294446,
            44.500235
          ],
          [
            1.281456,
            44.500176
          ],
          [
            1.272688,
            44.49928
          ],
          [
            1.262906,
            44.497587
          ],
          [
            1.25902,
            44.497586
          ],
          [
            1.257718,
            44.497455
          ],
          [
            1.251561,
            44.497222
          ],
          [
            1.250815,
            44.496034
          ],
          [
            1.241639,
            44.493628
          ],
          [
            1.238949,
            44.494508
          ],
          [
            1.238645,
            44.49402
          ],
          [
            1.235946,
            44.494244
          ],
          [
            1.230978,
            44.491625
          ],
          [
            1.220752,
            44.500332
          ],
          [
            1.203671,
            44.499695
          ],
          [
            1.203691,
            44.499774
          ],
          [
            1.198344,
            44.498368
          ],
          [
            1.19542,
            44.497551
          ],
          [
            1.194976,
            44.497263
          ],
          [
            1.193792,
            44.497859
          ],
          [
            1.193658,
            44.497989
          ],
          [
            1.19196,
            44.499406
          ],
          [
            1.191731,
            44.499569
          ],
          [
            1.189733,
            44.500891
          ],
          [
            1.188642,
            44.501398
          ],
          [
            1.188101,
            44.502587
          ],
          [
            1.1856,
            44.502497
          ],
          [
            1.18267,
            44.502499
          ],
          [
            1.181278,
            44.502371
          ],
          [
            1.178704,
            44.502146
          ],
          [
            1.17919,
            44.502907
          ],
          [
            1.176299,
            44.503426
          ],
          [
            1.173741,
            44.504985
          ],
          [
            1.173703,
            44.504953
          ],
          [
            1.162529,
            44.508029
          ],
          [
            1.162857,
            44.50871
          ],
          [
            1.14684,
            44.502442
          ],
          [
            1.14617,
            44.50203
          ],
          [
            1.146252,
            44.501956
          ],
          [
            1.145417,
            44.501486
          ],
          [
            1.145443,
            44.501151
          ],
          [
            1.139805,
            44.502579
          ],
          [
            1.139788,
            44.502518
          ],
          [
            1.134328,
            44.501114
          ],
          [
            1.132201,
            44.500848
          ],
          [
            1.132195,
            44.500892
          ],
          [
            1.131665,
            44.500878
          ],
          [
            1.131232,
            44.500858
          ],
          [
            1.118032,
            44.500537
          ],
          [
            1.118293,
            44.501153
          ],
          [
            1.104304,
            44.500347
          ],
          [
            1.104255,
            44.500403
          ],
          [
            1.090834,
            44.501391
          ],
          [
            1.090695,
            44.501278
          ],
          [
            1.089879,
            44.501675
          ],
          [
            1.085938,
            44.503224
          ],
          [
            1.080411,
            44.505591
          ],
          [
            1.08032,
            44.506034
          ],
          [
            1.07885,
            44.506672
          ],
          [
            1.077029,
            44.507592
          ],
          [
            1.075726,
            44.511496
          ],
          [
            1.076751,
            44.514162
          ],
          [
            1.071363,
            44.514838
          ],
          [
            1.071484,
            44.514846
          ],
          [
            1.064051,
            44.517748
          ],
          [
            1.061904,
            44.520785
          ],
          [
            1.062216,
            44.521191
          ],
          [
            1.05998,
            44.521327
          ],
          [
            1.059117,
            44.521437
          ],
          [
            1.053657,
            44.524994
          ],
          [
            1.053657,
            44.524994
          ],
          [
            1.05998,
            44.521327
          ],
          [
            1.062216,
            44.521191
          ],
          [
            1.061904,
            44.520785
          ],
          [
            1.064051,
            44.517748
          ],
          [
            1.071484,
            44.514846
          ],
          [
            1.071363,
            44.514838
          ],
          [
            1.076751,
            44.514162
          ],
          [
            1.075726,
            44.511496
          ],
          [
            1.077029,
            44.507592
          ],
          [
            1.07885,
            44.506672
          ],
          [
            1.08032,
            44.506034
          ],
          [
            1.080411,
            44.505591
          ],
          [
            1.085938,
            44.503224
          ],
          [
            1.089879,
            44.501675
          ],
          [
            1.089985,
            44.501737
          ],
          [
            1.099745,
            44.498833
          ],
          [
            1.100012,
            44.498568
          ],
          [
            1.09999,
            44.498556
          ],
          [
            1.105082,
            44.495514
          ],
          [
            1.103943,
            44.494945
          ],
          [
            1.130935,
            44.488381
          ],
          [
            1.151388,
            44.474692
          ],
          [
            1.151574,
            44.474427
          ],
          [
            1.15243,
            44.473923
          ],
          [
            1.152932,
            44.473961
          ],
          [
            1.175637,
            44.465118
          ],
          [
            1.186631,
            44.463018
          ],
          [
            1.189812,
            44.463227
          ],
          [
            1.190228,
            44.460245
          ],
          [
            1.195617,
            44.453752
          ],
          [
            1.209666,
            44.453514
          ],
          [
            1.212488,
            44.452918
          ],
          [
            1.212785,
            44.455084
          ],
          [
            1.215549,
            44.455741
          ],
          [
            1.237869,
            44.449024
          ],
          [
            1.249949,
            44.449205
          ],
          [
            1.250668,
            44.449861
          ],
          [
            1.252371,
            44.450384
          ],
          [
            1.25713,
            44.447319
          ],
          [
            1.259748,
            44.446454
          ],
          [
            1.270151,
            44.448506
          ],
          [
            1.272976,
            44.450172
          ],
          [
            1.29236,
            44.450534
          ],
          [
            1.293309,
            44.449643
          ],
          [
            1.298173,
            44.447688
          ],
          [
            1.298191,
            44.447629
          ],
          [
            1.300572,
            44.44943
          ],
          [
            1.305917,
            44.446513
          ],
          [
            1.317743,
            44.448927
          ],
          [
            1.317325,
            44.450183
          ],
          [
            1.341362,
            44.447664
          ],
          [
            1.347416,
            44.449376
          ],
          [
            1.353693,
            44.451423
          ],
          [
            1.355702,
            44.453273
          ],
          [
            1.35885,
            44.451378
          ],
          [
            1.375823,
            44.44842
          ],
          [
            1.378216,
            44.449264
          ],
          [
            1.388403,
            44.447355
          ],
          [
            1.391789,
            44.447542
          ],
          [
            1.393232,
            44.44648
          ],
          [
            1.408022,
            44.444819
          ],
          [
            1.408169,
            44.444811
          ],
          [
            1.408175,
            44.444717
          ],
          [
            1.429613,
            44.446179
          ],
          [
            1.429971,
            44.446194
          ],
          [
            1.430022,
            44.446257
          ],
          [
            1.430611,
            44.444825
          ],
          [
            1.433429,
            44.445341
          ],
          [
            1.433848,
            44.44524
          ],
          [
            1.436774,
            44.445653
          ],
          [
            1.436769,
            44.445686
          ],
          [
            1.436829,
            44.445704
          ],
          [
            1.440803,
            44.446473
          ],
          [
            1.440741,
            44.446544
          ],
          [
            1.440957,
            44.446632
          ],
          [
            1.44101,
            44.446581
          ],
          [
            1.442276,
            44.44686
          ],
          [
            1.442276,
            44.447332
          ],
          [
            1.442265,
            44.447363
          ],
          [
            1.442852,
            44.447432
          ],
          [
            1.442816,
            44.44762
          ],
          [
            1.442738,
            44.447974
          ],
          [
            1.443419,
            44.44824
          ],
          [
            1.44331,
            44.448428
          ],
          [
            1.443378,
            44.448449
          ],
          [
            1.443329,
            44.448588
          ],
          [
            1.443418,
            44.448601
          ],
          [
            1.443381,
            44.448728
          ],
          [
            1.444999,
            44.449088
          ],
          [
            1.444989,
            44.449207
          ],
          [
            1.445047,
            44.449242
          ],
          [
            1.444263,
            44.45101
          ],
          [
            1.44668,
            44.453745
          ],
          [
            1.447386,
            44.454023
          ],
          [
            1.514796,
            44.457436
          ],
          [
            1.51517,
            44.457042
          ],
          [
            1.526696,
            44.457692
          ],
          [
            1.527577,
            44.457379
          ],
          [
            1.530062,
            44.455471
          ],
          [
            1.540545,
            44.454585
          ],
          [
            1.540886,
            44.454744
          ],
          [
            1.54394,
            44.454434
          ],
          [
            1.552542,
            44.453684
          ],
          [
            1.565949,
            44.455762
          ],
          [
            1.570633,
            44.452962
          ],
          [
            1.5839,
            44.448918
          ],
          [
            1.584058,
            44.448598
          ],
          [
            1.602857,
            44.439303
          ],
          [
            1.606083,
            44.439053
          ],
          [
            1.6182,
            44.446138
          ],
          [
            1.623456,
            44.447725
          ],
          [
            1.628545,
            44.44934
          ],
          [
            1.631954,
            44.446711
          ],
          [
            1.641342,
            44.446524
          ],
          [
            1.641471,
            44.446541
          ],
          [
            1.648306,
            44.44409
          ],
          [
            1.651798,
            44.443006
          ],
          [
            1.66135,
            44.447816
          ],
          [
            1.689641,
            44.45053
          ],
          [
            1.687777,
            44.45158
          ],
          [
            1.695139,
            44.454527
          ],
          [
            1.694018,
            44.456701
          ],
          [
            1.70014,
            44.457489
          ],
          [
            1.715782,
            44.461334
          ],
          [
            1.715989,
            44.459649
          ],
          [
            1.723246,
            44.46334
          ],
          [
            1.723951,
            44.463224
          ],
          [
            1.7284,
            44.463173
          ],
          [
            1.744577,
            44.462247
          ],
          [
            1.748267,
            44.462125
          ],
          [
            1.749101,
            44.462565
          ],
          [
            1.749254,
            44.462536
          ],
          [
            1.749573,
            44.462613
          ],
          [
            1.753007,
            44.464262
          ],
          [
            1.75553,
            44.461458
          ],
          [
            1.755714,
            44.461425
          ],
          [
            1.756342,
            44.460455
          ],
          [
            1.773887,
            44.461428
          ],
          [
            1.775956,
            44.461208
          ],
          [
            1.779027,
            44.463425
          ],
          [
            1.783217,
            44.460876
          ],
          [
            1.789409,
            44.460799
          ],
          [
            1.790622,
            44.460004
          ],
          [
            1.793322,
            44.459627
          ],
          [
            1.800769,
            44.464962
          ],
          [
            1.802959,
            44.465793
          ],
          [
            1.804556,
            44.465739
          ],
          [
            1.825741,
            44.464896
          ],
          [
            1.826406,
            44.465199
          ],
          [
            1.828161,
            44.465418
          ],
          [
            1.828496,
            44.465814
          ],
          [
            1.828768,
            44.46612
          ],
          [
            1.836331,
            44.47104
          ],
          [
            1.835969,
            44.471062
          ]
        ]
      }
    }
  ]
}