{
  "type": "FeatureCollection",
  "features": [
    {
      "type": "Feature",
      "properties": {
        "name": "GraphHopper Track",
        "source": "Sentier_Cathare.gpx",
        "type": "track"
      },
      "geometry": {
        "type": "LineString",
        "coordinates": [
          [
            2.995977,
            43.245808,
            9.0
          ],
          [
            2.995922,
            43.245835,
            9.0
          ],
          [
            2.994881,
            43.24596,
            9.0
          ],
          [
            2.99465,
            43.245982,
            9.0
          ],
          [
            2.994654,
            43.245027,
            9.0
          ],
          [
            2.994719,
            43.244717,
            9.0
          ],
          [
            2.994937,
            43.243882,
            9.0
          ],
          [
            2.994505,
            43.24377,
            9.0
          ],
          [
            2.994182,
            43.243748,
            9.0
          ],
          [
            2.993342,
            43.243763,
            9.0
          ],
          [
            2.993001,
            43.24378,
            9.0
          ],
          [
            2.992581,
            43.243771,
            9.18
          ],
          [
            2.992482,
            43.243775,
            9.23
          ],
          [
            2.992181,
            43.243819,
            9.06
          ],
          [
            2.991875,
            43.243882,
            9.0
          ],
          [
            2.991884,
            43.243902,
            9.0
          ],
          [
            2.990915,
            43.244134,
            9.67
          ],
          [
            2.990123,
            43.24429,
            9.23
          ],
          [
            2.989563,
            43.244378,
            9.95
          ],
          [
            2.989437,
            43.244388,
            10.0
          ],
          [
            2.989411,
            43.244315,
            10.0
          ],
          [
            2.989312,
            43.244327,
            10.05
          ],
          [
            2.98909,
            43.244377,
            10.44
          ],
          [
            2.988598,
            43.244324,
            12.48
          ],
          [
            2.988333,
            43.244371,
            11.77
          ],
          [
            2.988071,
            43.244404,
            10.98
          ],
          [
            2.987213,
            43.244616,
            9.58
          ],
          [
            2.986752,
            43.244833,
            9.41
          ],
          [
            2.986299,
            43.245005,
            9.62
          ],
          [
            2.985946,
            43.245186,
            9.86
          ],
          [
            2.985722,
            43.245264,
            10.04
          ],
          [
            2.985524,
            43.245368,
            10.27
          ],
          [
            2.985332,
            43.2454,
            10.43
          ],
          [
            2.98506,
            43.245564,
            10.59
          ],
          [
            2.98453,
            43.245701,
            10.93
          ],
          [
            2.983686,
            43.246052,
            10.96
          ],
          [
            2.983127,
            43.246249,
            10.51
          ],
          [
            2.982824,
            43.246285,
            10.27
          ],
          [
            2.981951,
            43.246678,
            9.4
          ],
          [
            2.981484,
            43.24696,
            9.17
          ],
          [
            2.98099,
            43.247207,
            9.01
          ],
          [
            2.980551,
            43.247386,
            9.28
          ],
          [
            2.980289,
            43.24748,
            9.52
          ],
          [
            2.980096,
            43.247565,
            9.7
          ],
          [
            2.979716,
            43.247758,
            9.91
          ],
          [
            2.979477,
            43.247815,
            9.91
          ],
          [
            2.979233,
            43.2479,
            9.79
          ],
          [
            2.978556,
            43.248078,
            10.16
          ],
          [
            2.978323,
            43.24824,
            10.49
          ],
          [
            2.978202,
            43.248312,
            10.69
          ],
          [
            2.978101,
            43.248423,
            10.96
          ],
          [
            2.977802,
            43.248565,
            11.62
          ],
          [
            2.977636,
            43.248607,
            11.87
          ],
          [
            2.976679,
            43.24897,
            12.11
          ],
          [
            2.976223,
            43.249079,
            12.0
          ],
          [
            2.976054,
            43.2491,
            11.97
          ],
          [
            2.97588,
            43.24918,
            11.53
          ],
          [
            2.974836,
            43.249507,
            11.95
          ],
          [
            2.974492,
            43.249598,
            11.9
          ],
          [
            2.974331,
            43.249624,
            11.78
          ],
          [
            2.97402,
            43.249732,
            11.45
          ],
          [
            2.973699,
            43.249797,
            11.78
          ],
          [
            2.973478,
            43.24982,
            11.84
          ],
          [
            2.973218,
            43.249874,
            11.91
          ],
          [
            2.972939,
            43.249882,
            11.99
          ],
          [
            2.972083,
            43.249816,
            11.99
          ],
          [
            2.971493,
            43.249925,
            11.97
          ],
          [
            2.97115,
            43.249946,
            11.96
          ],
          [
            2.971023,
            43.249961,
            11.96
          ],
          [
            2.970776,
            43.250042,
            11.96
          ],
          [
            2.970225,
            43.250102,
            11.97
          ],
          [
            2.970024,
            43.25014,
            11.97
          ],
          [
            2.969848,
            43.250222,
            11.99
          ],
          [
            2.969614,
            43.250278,
            12.0
          ],
          [
            2.969351,
            43.25032,
            12.02
          ],
          [
            2.969151,
            43.250388,
            12.05
          ],
          [
            2.968723,
            43.250437,
            12.12
          ],
          [
            2.968295,
            43.25047,
            12.18
          ],
          [
            2.966395,
            43.250486,
            12.52
          ],
          [
            2.965907,
            43.250435,
            12.4
          ],
          [
            2.965699,
            43.250386,
            12.43
          ],
          [
            2.96556,
            43.2504,
            12.44
          ],
          [
            2.965291,
            43.250352,
            12.44
          ],
          [
            2.96505,
            43.25038,
            12.36
          ],
          [
            2.964822,
            43.250346,
            12.66
          ],
          [
            2.964402,
            43.250306,
            12.98
          ],
          [
            2.964299,
            43.250319,
            13.0
          ],
          [
            2.963772,
            43.250197,
            12.25
          ],
          [
            2.963211,
            43.249978,
            12.04
          ],
          [
            2.962673,
            43.249684,
            12.0
          ],
          [
            2.962113,
            43.249442,
            12.0
          ],
          [
            2.961386,
            43.24912,
            12.0
          ],
          [
            2.960762,
            43.248865,
            11.52
          ],
          [
            2.959789,
            43.24845,
            12.4
          ],
          [
            2.958925,
            43.248105,
            12.92
          ],
          [
            2.958101,
            43.247799,
            13.52
          ],
          [
            2.957972,
            43.247727,
            14.05
          ],
          [
            2.957918,
            43.247666,
            14.85
          ],
          [
            2.957934,
            43.24718,
            13.72
          ],
          [
            2.957884,
            43.247083,
            13.43
          ],
          [
            2.957519,
            43.246924,
            13.0
          ],
          [
            2.957432,
            43.246912,
            13.0
          ],
          [
            2.957165,
            43.246833,
            13.0
          ],
          [
            2.957037,
            43.246849,
            13.01
          ],
          [
            2.956962,
            43.246936,
            13.16
          ],
          [
            2.956879,
            43.247139,
            13.33
          ],
          [
            2.956805,
            43.247249,
            13.51
          ],
          [
            2.956736,
            43.247256,
            13.67
          ],
          [
            2.956618,
            43.247249,
            13.92
          ],
          [
            2.956516,
            43.247224,
            13.84
          ],
          [
            2.956389,
            43.247246,
            13.65
          ],
          [
            2.956329,
            43.247273,
            13.65
          ],
          [
            2.956276,
            43.247331,
            12.72
          ],
          [
            2.956106,
            43.247598,
            11.19
          ],
          [
            2.956047,
            43.247713,
            14.17
          ],
          [
            2.956008,
            43.247694,
            13.31
          ],
          [
            2.954978,
            43.247343,
            13.63
          ],
          [
            2.95468,
            43.247227,
            13.01
          ],
          [
            2.954505,
            43.24712,
            12.57
          ],
          [
            2.954403,
            43.247029,
            12.32
          ],
          [
            2.954185,
            43.246562,
            12.03
          ],
          [
            2.953473,
            43.24673,
            12.58
          ],
          [
            2.953144,
            43.246737,
            12.47
          ],
          [
            2.952138,
            43.246794,
            12.43
          ],
          [
            2.951803,
            43.246902,
            12.51
          ],
          [
            2.951687,
            43.246992,
            12.59
          ],
          [
            2.950371,
            43.248809,
            13.47
          ],
          [
            2.950258,
            43.249014,
            13.6
          ],
          [
            2.950154,
            43.249282,
            13.06
          ],
          [
            2.950013,
            43.249333,
            13.02
          ],
          [
            2.948643,
            43.25027,
            14.0
          ],
          [
            2.94884,
            43.251303,
            14.0
          ],
          [
            2.946701,
            43.251474,
            14.0
          ],
          [
            2.944749,
            43.252758,
            12.83
          ],
          [
            2.944736,
            43.252839,
            13.2
          ],
          [
            2.944555,
            43.25284,
            13.39
          ],
          [
            2.944375,
            43.252907,
            14.0
          ],
          [
            2.944506,
            43.253026,
            13.73
          ],
          [
            2.944495,
            43.253354,
            13.55
          ],
          [
            2.944592,
            43.253454,
            13.59
          ],
          [
            2.944866,
            43.253646,
            13.67
          ],
          [
            2.945008,
            43.253781,
            13.71
          ],
          [
            2.944991,
            43.253874,
            13.74
          ],
          [
            2.944332,
            43.254415,
            14.31
          ],
          [
            2.941749,
            43.256071,
            15.11
          ],
          [
            2.941579,
            43.256226,
            15.14
          ],
          [
            2.941488,
            43.2564,
            15.19
          ],
          [
            2.941398,
            43.256731,
            15.25
          ],
          [
            2.941322,
            43.256826,
            15.16
          ],
          [
            2.94122,
            43.256855,
            15.26
          ],
          [
            2.940784,
            43.256803,
            15.13
          ],
          [
            2.940619,
            43.256842,
            15.92
          ],
          [
            2.940318,
            43.257045,
            16.0
          ],
          [
            2.939779,
            43.256964,
            15.46
          ],
          [
            2.939148,
            43.256827,
            15.81
          ],
          [
            2.938709,
            43.256702,
            16.13
          ],
          [
            2.938485,
            43.256617,
            16.37
          ],
          [
            2.937979,
            43.256401,
            16.36
          ],
          [
            2.937504,
            43.25618,
            17.75
          ],
          [
            2.93714,
            43.256778,
            16.46
          ],
          [
            2.936895,
            43.257063,
            16.08
          ],
          [
            2.936614,
            43.257309,
            15.98
          ],
          [
            2.936214,
            43.257637,
            16.27
          ],
          [
            2.935933,
            43.257993,
            16.57
          ],
          [
            2.935412,
            43.258585,
            17.0
          ],
          [
            2.935289,
            43.258669,
            17.0
          ],
          [
            2.93512,
            43.258819,
            17.0
          ],
          [
            2.934997,
            43.258946,
            17.0
          ],
          [
            2.934573,
            43.259502,
            17.06
          ],
          [
            2.934353,
            43.25981,
            17.22
          ],
          [
            2.934193,
            43.260067,
            17.43
          ],
          [
            2.934068,
            43.260203,
            17.55
          ],
          [
            2.933916,
            43.260272,
            17.65
          ],
          [
            2.933162,
            43.26045,
            17.98
          ],
          [
            2.933046,
            43.260495,
            18.0
          ],
          [
            2.932126,
            43.260905,
            18.35
          ],
          [
            2.931649,
            43.261105,
            18.65
          ],
          [
            2.931051,
            43.261248,
            18.96
          ],
          [
            2.930016,
            43.261433,
            19.14
          ],
          [
            2.928751,
            43.261568,
            19.78
          ],
          [
            2.92589,
            43.261762,
            20.99
          ],
          [
            2.925006,
            43.261753,
            21.3
          ],
          [
            2.9236,
            43.261853,
            21.98
          ],
          [
            2.922776,
            43.261943,
            22.0
          ],
          [
            2.921908,
            43.261975,
            22.14
          ],
          [
            2.920298,
            43.262216,
            22.95
          ],
          [
            2.918646,
            43.262563,
            23.83
          ],
          [
            2.917493,
            43.262819,
            25.0
          ],
          [
            2.915029,
            43.263528,
            25.0
          ],
          [
            2.914824,
            43.263581,
            25.0
          ],
          [
            2.913667,
            43.263983,
            25.11
          ],
          [
            2.913257,
            43.264271,
            25.39
          ],
          [
            2.912179,
            43.264797,
            26.11
          ],
          [
            2.911788,
            43.264946,
            26.32
          ],
          [
            2.910855,
            43.265252,
            26.97
          ],
          [
            2.91073,
            43.265287,
            27.0
          ],
          [
            2.9107,
            43.264946,
            27.25
          ],
          [
            2.910657,
            43.264648,
            27.97
          ],
          [
            2.910606,
            43.264445,
            28.53
          ],
          [
            2.910495,
            43.264173,
            29.08
          ],
          [
            2.910233,
            43.264324,
            29.28
          ],
          [
            2.90993,
            43.264473,
            29.65
          ],
          [
            2.909248,
            43.264735,
            30.26
          ],
          [
            2.907819,
            43.265351,
            30.98
          ],
          [
            2.907344,
            43.264699,
            31.0
          ],
          [
            2.906857,
            43.26489,
            31.0
          ],
          [
            2.905929,
            43.264782,
            31.0
          ],
          [
            2.904998,
            43.264672,
            32.26
          ],
          [
            2.905041,
            43.264491,
            32.3
          ],
          [
            2.905081,
            43.264156,
            32.61
          ],
          [
            2.905079,
            43.263974,
            32.62
          ],
          [
            2.905064,
            43.263803,
            32.67
          ],
          [
            2.904953,
            43.263477,
            32.72
          ],
          [
            2.904724,
            43.26311,
            32.68
          ],
          [
            2.904645,
            43.263081,
            32.61
          ],
          [
            2.904383,
            43.262863,
            32.71
          ],
          [
            2.904317,
            43.262839,
            32.74
          ],
          [
            2.904211,
            43.26277,
            32.64
          ],
          [
            2.904195,
            43.262679,
            32.71
          ],
          [
            2.904062,
            43.262476,
            32.59
          ],
          [
            2.903957,
            43.26234,
            31.99
          ],
          [
            2.903349,
            43.261858,
            31.9
          ],
          [
            2.902043,
            43.261009,
            31.39
          ],
          [
            2.898995,
            43.259329,
            32.09
          ],
          [
            2.897839,
            43.258432,
            31.94
          ],
          [
            2.896966,
            43.257882,
            31.95
          ],
          [
            2.896546,
            43.257664,
            31.94
          ],
          [
            2.896097,
            43.257492,
            31.94
          ],
          [
            2.895564,
            43.257342,
            31.96
          ],
          [
            2.895141,
            43.25726,
            31.94
          ],
          [
            2.894419,
            43.257168,
            31.76
          ],
          [
            2.893674,
            43.257132,
            31.63
          ],
          [
            2.89318,
            43.257162,
            31.6
          ],
          [
            2.892748,
            43.257243,
            31.53
          ],
          [
            2.890947,
            43.257911,
            31.92
          ],
          [
            2.889926,
            43.258065,
            32.39
          ],
          [
            2.88868,
            43.257886,
            32.25
          ],
          [
            2.887878,
            43.257501,
            32.39
          ],
          [
            2.88723,
            43.256994,
            32.29
          ],
          [
            2.886801,
            43.256027,
            32.07
          ],
          [
            2.886437,
            43.255094,
            31.96
          ],
          [
            2.886154,
            43.254629,
            31.96
          ],
          [
            2.885934,
            43.254385,
            31.98
          ],
          [
            2.885668,
            43.2542,
            31.96
          ],
          [
            2.884952,
            43.253752,
            31.92
          ],
          [
            2.884282,
            43.253543,
            32.02
          ],
          [
            2.882977,
            43.253187,
            32.12
          ],
          [
            2.882586,
            43.253058,
            32.11
          ],
          [
            2.882361,
            43.252955,
            32.1
          ],
          [
            2.882133,
            43.252781,
            32.09
          ],
          [
            2.881664,
            43.25237,
            32.1
          ],
          [
            2.879755,
            43.250464,
            31.9
          ],
          [
            2.879625,
            43.250323,
            31.76
          ],
          [
            2.879373,
            43.250049,
            33.5
          ],
          [
            2.879098,
            43.25021,
            32.34
          ],
          [
            2.879022,
            43.250273,
            33.34
          ],
          [
            2.878402,
            43.249722,
            33.11
          ],
          [
            2.87811,
            43.249566,
            32.79
          ],
          [
            2.877897,
            43.249471,
            32.66
          ],
          [
            2.87763,
            43.24938,
            32.52
          ],
          [
            2.877323,
            43.249299,
            32.42
          ],
          [
            2.877059,
            43.249257,
            32.38
          ],
          [
            2.876803,
            43.249231,
            32.36
          ],
          [
            2.876316,
            43.249216,
            32.36
          ],
          [
            2.875847,
            43.249213,
            32.36
          ],
          [
            2.875366,
            43.249173,
            32.36
          ],
          [
            2.874957,
            43.249119,
            32.34
          ],
          [
            2.874539,
            43.249022,
            32.46
          ],
          [
            2.874242,
            43.248901,
            32.44
          ],
          [
            2.874033,
            43.248787,
            32.47
          ],
          [
            2.873673,
            43.248384,
            32.56
          ],
          [
            2.873563,
            43.248293,
            32.58
          ],
          [
            2.87342,
            43.248232,
            32.54
          ],
          [
            2.873141,
            43.248188,
            32.51
          ],
          [
            2.872786,
            43.248182,
            32.56
          ],
          [
            2.871819,
            43.248262,
            32.51
          ],
          [
            2.871263,
            43.248321,
            32.48
          ],
          [
            2.870823,
            43.248328,
            32.5
          ],
          [
            2.870308,
            43.248272,
            32.59
          ],
          [
            2.869802,
            43.248228,
            32.57
          ],
          [
            2.869536,
            43.248222,
            32.47
          ],
          [
            2.869175,
            43.248228,
            32.31
          ],
          [
            2.868883,
            43.248203,
            32.14
          ],
          [
            2.868557,
            43.248128,
            31.91
          ],
          [
            2.868203,
            43.247954,
            31.71
          ],
          [
            2.867929,
            43.24776,
            31.64
          ],
          [
            2.867476,
            43.247384,
            31.74
          ],
          [
            2.867176,
            43.247209,
            32.05
          ],
          [
            2.86692,
            43.247094,
            32.35
          ],
          [
            2.86652,
            43.246983,
            32.46
          ],
          [
            2.865685,
            43.246909,
            32.68
          ],
          [
            2.865124,
            43.246902,
            32.62
          ],
          [
            2.864769,
            43.246845,
            32.56
          ],
          [
            2.864304,
            43.246818,
            32.44
          ],
          [
            2.86384,
            43.246808,
            32.34
          ],
          [
            2.863512,
            43.246824,
            32.3
          ],
          [
            2.861985,
            43.246982,
            32.79
          ],
          [
            2.86068,
            43.247162,
            32.67
          ],
          [
            2.86057,
            43.24719,
            32.66
          ],
          [
            2.860442,
            43.247282,
            32.73
          ],
          [
            2.860352,
            43.24731,
            32.9
          ],
          [
            2.86027,
            43.247322,
            33.06
          ],
          [
            2.860167,
            43.247326,
            33.42
          ],
          [
            2.860033,
            43.247317,
            34.54
          ],
          [
            2.859968,
            43.246998,
            32.41
          ],
          [
            2.859963,
            43.246936,
            32.87
          ],
          [
            2.858741,
            43.247038,
            29.9
          ],
          [
            2.858092,
            43.247208,
            29.71
          ],
          [
            2.857835,
            43.247238,
            29.38
          ],
          [
            2.857547,
            43.247259,
            29.06
          ],
          [
            2.856921,
            43.247281,
            28.23
          ],
          [
            2.856676,
            43.247298,
            27.93
          ],
          [
            2.856036,
            43.247412,
            27.58
          ],
          [
            2.855641,
            43.247498,
            27.51
          ],
          [
            2.855139,
            43.247584,
            27.5
          ],
          [
            2.854581,
            43.247673,
            27.66
          ],
          [
            2.854008,
            43.247738,
            27.76
          ],
          [
            2.852159,
            43.247742,
            28.71
          ],
          [
            2.850779,
            43.247804,
            28.87
          ],
          [
            2.850505,
            43.247805,
            28.82
          ],
          [
            2.850218,
            43.247779,
            28.75
          ],
          [
            2.849761,
            43.247684,
            28.44
          ],
          [
            2.849438,
            43.247603,
            28.13
          ],
          [
            2.849196,
            43.247529,
            27.91
          ],
          [
            2.84878,
            43.247347,
            27.51
          ],
          [
            2.848045,
            43.247045,
            26.7
          ],
          [
            2.847701,
            43.24694,
            26.35
          ],
          [
            2.847409,
            43.246905,
            26.02
          ],
          [
            2.847191,
            43.246889,
            26.0
          ],
          [
            2.847053,
            43.246889,
            26.0
          ],
          [
            2.846901,
            43.246906,
            25.91
          ],
          [
            2.845001,
            43.247259,
            24.56
          ],
          [
            2.844674,
            43.247332,
            24.42
          ],
          [
            2.844374,
            43.247419,
            24.29
          ],
          [
            2.842242,
            43.248346,
            25.09
          ],
          [
            2.842019,
            43.248425,
            25.16
          ],
          [
            2.841849,
            43.248464,
            25.32
          ],
          [
            2.841638,
            43.248479,
            25.33
          ],
          [
            2.839264,
            43.248571,
            31.13
          ],
          [
            2.839269,
            43.248628,
            31.59
          ],
          [
            2.83897,
            43.248616,
            32.0
          ],
          [
            2.838756,
            43.248591,
            32.0
          ],
          [
            2.836101,
            43.248753,
            31.17
          ],
          [
            2.835705,
            43.248751,
            31.69
          ],
          [
            2.835261,
            43.248719,
            32.22
          ],
          [
            2.834448,
            43.24863,
            31.35
          ],
          [
            2.834061,
            43.248615,
            31.51
          ],
          [
            2.832807,
            43.248628,
            31.86
          ],
          [
            2.831939,
            43.24862,
            32.47
          ],
          [
            2.831834,
            43.248587,
            32.18
          ],
          [
            2.831492,
            43.248547,
            30.22
          ],
          [
            2.831365,
            43.248524,
            29.53
          ],
          [
            2.831199,
            43.248437,
            28.7
          ],
          [
            2.830832,
            43.248321,
            27.39
          ],
          [
            2.830476,
            43.248166,
            26.28
          ],
          [
            2.83036,
            43.248097,
            26.01
          ],
          [
            2.830327,
            43.248045,
            25.9
          ],
          [
            2.830137,
            43.247099,
            25.0
          ],
          [
            2.829097,
            43.24717,
            25.04
          ],
          [
            2.828256,
            43.24721,
            25.07
          ],
          [
            2.826769,
            43.247342,
            25.45
          ],
          [
            2.825467,
            43.247437,
            25.98
          ],
          [
            2.824444,
            43.247459,
            26.0
          ],
          [
            2.823349,
            43.247518,
            26.0
          ],
          [
            2.822376,
            43.24753,
            26.0
          ],
          [
            2.819897,
            43.247587,
            26.97
          ],
          [
            2.818917,
            43.247574,
            27.0
          ],
          [
            2.81689,
            43.247524,
            28.0
          ],
          [
            2.815625,
            43.247587,
            28.05
          ],
          [
            2.812383,
            43.24797,
            29.08
          ],
          [
            2.811447,
            43.248093,
            29.41
          ],
          [
            2.810504,
            43.248241,
            29.86
          ],
          [
            2.809918,
            43.24832,
            30.14
          ],
          [
            2.807914,
            43.248466,
            30.99
          ],
          [
            2.806809,
            43.24856,
            32.0
          ],
          [
            2.806268,
            43.248577,
            32.96
          ],
          [
            2.805052,
            43.247815,
            32.83
          ],
          [
            2.804523,
            43.247463,
            32.45
          ],
          [
            2.804092,
            43.24719,
            32.9
          ],
          [
            2.803827,
            43.246969,
            32.95
          ],
          [
            2.803587,
            43.246607,
            33.48
          ],
          [
            2.803432,
            43.246457,
            33.81
          ],
          [
            2.803405,
            43.246385,
            33.87
          ],
          [
            2.803333,
            43.246306,
            33.69
          ],
          [
            2.803076,
            43.246157,
            33.52
          ],
          [
            2.802719,
            43.245972,
            33.21
          ],
          [
            2.802028,
            43.245554,
            32.89
          ],
          [
            2.801785,
            43.245309,
            32.75
          ],
          [
            2.801589,
            43.245028,
            32.62
          ],
          [
            2.801355,
            43.244638,
            32.51
          ],
          [
            2.800892,
            43.243942,
            32.48
          ],
          [
            2.800714,
            43.243753,
            32.48
          ],
          [
            2.799844,
            43.242901,
            32.6
          ],
          [
            2.799757,
            43.242754,
            32.64
          ],
          [
            2.799698,
            43.242477,
            31.94
          ],
          [
            2.799657,
            43.241964,
            31.7
          ],
          [
            2.799586,
            43.241526,
            31.54
          ],
          [
            2.799487,
            43.241303,
            31.37
          ],
          [
            2.799247,
            43.24104,
            30.98
          ],
          [
            2.798821,
            43.240656,
            29.97
          ],
          [
            2.798571,
            43.240384,
            29.46
          ],
          [
            2.79851,
            43.240281,
            29.33
          ],
          [
            2.798241,
            43.239634,
            29.27
          ],
          [
            2.79819,
            43.239462,
            29.46
          ],
          [
            2.798161,
            43.239198,
            30.27
          ],
          [
            2.798198,
            43.239044,
            30.69
          ],
          [
            2.798382,
            43.237918,
            30.52
          ],
          [
            2.798491,
            43.236937,
            28.75
          ],
          [
            2.798462,
            43.236632,
            28.61
          ],
          [
            2.798293,
            43.236214,
            28.9
          ],
          [
            2.796594,
            43.232569,
            35.78
          ],
          [
            2.795157,
            43.23266,
            36.98
          ],
          [
            2.794655,
            43.23266,
            37.0
          ],
          [
            2.793092,
            43.232506,
            37.0
          ],
          [
            2.791133,
            43.2323,
            37.88
          ],
          [
            2.790825,
            43.232287,
            38.0
          ],
          [
            2.790685,
            43.232208,
            38.0
          ],
          [
            2.790347,
            43.231838,
            37.67
          ],
          [
            2.79039,
            43.231768,
            37.45
          ],
          [
            2.790405,
            43.231646,
            37.03
          ],
          [
            2.790304,
            43.231568,
            37.01
          ],
          [
            2.789655,
            43.230402,
            37.0
          ],
          [
            2.7896,
            43.230367,
            37.0
          ],
          [
            2.789467,
            43.230327,
            37.11
          ],
          [
            2.789205,
            43.230172,
            37.58
          ],
          [
            2.789043,
            43.230114,
            37.81
          ],
          [
            2.788793,
            43.230074,
            38.0
          ],
          [
            2.787845,
            43.230021,
            38.53
          ],
          [
            2.78761,
            43.230025,
            38.9
          ],
          [
            2.787482,
            43.230064,
            39.0
          ],
          [
            2.785969,
            43.230005,
            37.97
          ],
          [
            2.784354,
            43.22964,
            37.61
          ],
          [
            2.784208,
            43.22957,
            38.0
          ],
          [
            2.783975,
            43.229329,
            38.48
          ],
          [
            2.783904,
            43.229309,
            38.58
          ],
          [
            2.783634,
            43.229055,
            39.31
          ],
          [
            2.783542,
            43.228982,
            39.45
          ],
          [
            2.783362,
            43.22889,
            39.59
          ],
          [
            2.783132,
            43.228807,
            39.77
          ],
          [
            2.782363,
            43.228629,
            40.0
          ],
          [
            2.781998,
            43.228558,
            40.07
          ],
          [
            2.781781,
            43.228473,
            40.15
          ],
          [
            2.781608,
            43.228384,
            40.26
          ],
          [
            2.780967,
            43.227933,
            40.84
          ],
          [
            2.780885,
            43.227899,
            40.92
          ],
          [
            2.780779,
            43.227899,
            40.99
          ],
          [
            2.780393,
            43.227984,
            41.13
          ],
          [
            2.780356,
            43.227978,
            41.18
          ],
          [
            2.780118,
            43.227522,
            42.58
          ],
          [
            2.78008,
            43.227487,
            42.69
          ],
          [
            2.780016,
            43.227482,
            42.81
          ],
          [
            2.779617,
            43.227593,
            43.0
          ],
          [
            2.779396,
            43.227255,
            45.63
          ],
          [
            2.779037,
            43.226809,
            52.18
          ],
          [
            2.778431,
            43.226166,
            60.86
          ],
          [
            2.778366,
            43.22615,
            61.8
          ],
          [
            2.778012,
            43.225861,
            65.27
          ],
          [
            2.777928,
            43.225845,
            65.79
          ],
          [
            2.777685,
            43.225868,
            67.24
          ],
          [
            2.777546,
            43.225892,
            68.17
          ],
          [
            2.776902,
            43.226185,
            72.84
          ],
          [
            2.776746,
            43.226228,
            73.63
          ],
          [
            2.776521,
            43.226263,
            74.49
          ],
          [
            2.776312,
            43.226228,
            75.04
          ],
          [
            2.776097,
            43.226107,
            75.22
          ],
          [
            2.775722,
            43.225845,
            73.78
          ],
          [
            2.775185,
            43.225392,
            69.31
          ],
          [
            2.77474,
            43.225001,
            66.21
          ],
          [
            2.774579,
            43.22488,
            65.72
          ],
          [
            2.774397,
            43.224844,
            65.75
          ],
          [
            2.774171,
            43.224858,
            66.74
          ],
          [
            2.773747,
            43.224899,
            69.39
          ],
          [
            2.773511,
            43.224883,
            70.88
          ],
          [
            2.773383,
            43.224864,
            71.67
          ],
          [
            2.773243,
            43.224805,
            72.63
          ],
          [
            2.773168,
            43.224813,
            73.09
          ],
          [
            2.772181,
            43.225157,
            78.11
          ],
          [
            2.772079,
            43.225161,
            78.23
          ],
          [
            2.771736,
            43.225036,
            78.09
          ],
          [
            2.771602,
            43.224919,
            77.67
          ],
          [
            2.771462,
            43.224723,
            76.71
          ],
          [
            2.771231,
            43.224434,
            74.84
          ],
          [
            2.770303,
            43.223339,
            73.4
          ],
          [
            2.770094,
            43.223242,
            73.46
          ],
          [
            2.769456,
            43.223097,
            72.9
          ],
          [
            2.769349,
            43.223062,
            72.95
          ],
          [
            2.769278,
            43.223011,
            73.0
          ],
          [
            2.76882,
            43.222561,
            77.95
          ],
          [
            2.768721,
            43.222453,
            79.05
          ],
          [
            2.76868,
            43.222391,
            79.54
          ],
          [
            2.768571,
            43.222136,
            81.46
          ],
          [
            2.768522,
            43.222079,
            82.04
          ],
          [
            2.768425,
            43.222023,
            82.75
          ],
          [
            2.768192,
            43.221918,
            82.95
          ],
          [
            2.768097,
            43.221865,
            82.4
          ],
          [
            2.768053,
            43.221832,
            82.11
          ],
          [
            2.76803,
            43.22178,
            81.82
          ],
          [
            2.767926,
            43.221749,
            81.26
          ],
          [
            2.767793,
            43.221728,
            80.58
          ],
          [
            2.767715,
            43.221691,
            79.89
          ],
          [
            2.767452,
            43.22146,
            77.0
          ],
          [
            2.767353,
            43.221393,
            76.09
          ],
          [
            2.767149,
            43.221308,
            74.44
          ],
          [
            2.766853,
            43.221139,
            71.83
          ],
          [
            2.766134,
            43.220795,
            70.46
          ],
          [
            2.766028,
            43.220737,
            70.44
          ],
          [
            2.765713,
            43.220464,
            70.8
          ],
          [
            2.765614,
            43.220398,
            71.03
          ],
          [
            2.765528,
            43.220359,
            71.21
          ],
          [
            2.765139,
            43.220289,
            72.07
          ],
          [
            2.764915,
            43.22021,
            72.98
          ],
          [
            2.764595,
            43.220166,
            73.81
          ],
          [
            2.764497,
            43.220176,
            73.93
          ],
          [
            2.764396,
            43.220213,
            74.0
          ],
          [
            2.764318,
            43.220244,
            74.09
          ],
          [
            2.764234,
            43.220258,
            74.17
          ],
          [
            2.763889,
            43.220256,
            74.22
          ],
          [
            2.763819,
            43.220248,
            74.23
          ],
          [
            2.763628,
            43.220182,
            74.11
          ],
          [
            2.76353,
            43.220126,
            74.1
          ],
          [
            2.763462,
            43.220013,
            73.32
          ],
          [
            2.763394,
            43.220142,
            74.26
          ],
          [
            2.763217,
            43.220189,
            75.22
          ],
          [
            2.762933,
            43.220208,
            75.94
          ],
          [
            2.762219,
            43.220157,
            76.61
          ],
          [
            2.762101,
            43.220033,
            76.7
          ],
          [
            2.761672,
            43.220021,
            77.02
          ],
          [
            2.761173,
            43.220142,
            77.93
          ],
          [
            2.760948,
            43.220216,
            78.52
          ],
          [
            2.760525,
            43.220306,
            80.16
          ],
          [
            2.760411,
            43.220316,
            80.51
          ],
          [
            2.760256,
            43.220298,
            80.45
          ],
          [
            2.759999,
            43.220189,
            79.31
          ],
          [
            2.759872,
            43.220168,
            79.21
          ],
          [
            2.759183,
            43.220154,
            79.28
          ],
          [
            2.759086,
            43.220177,
            79.18
          ],
          [
            2.758958,
            43.22031,
            78.95
          ],
          [
            2.758877,
            43.220341,
            78.86
          ],
          [
            2.758743,
            43.220353,
            78.77
          ],
          [
            2.758153,
            43.220334,
            77.09
          ],
          [
            2.757893,
            43.220266,
            76.87
          ],
          [
            2.757708,
            43.220231,
            77.99
          ],
          [
            2.757387,
            43.2201,
            79.34
          ],
          [
            2.757145,
            43.220033,
            80.71
          ],
          [
            2.756997,
            43.22002,
            81.35
          ],
          [
            2.756844,
            43.220034,
            82.14
          ],
          [
            2.756769,
            43.220026,
            82.55
          ],
          [
            2.756703,
            43.219997,
            82.97
          ],
          [
            2.756624,
            43.219979,
            83.44
          ],
          [
            2.756153,
            43.219967,
            86.06
          ],
          [
            2.756107,
            43.219931,
            86.46
          ],
          [
            2.756104,
            43.219747,
            87.93
          ],
          [
            2.756039,
            43.219636,
            88.72
          ],
          [
            2.756027,
            43.219549,
            89.3
          ],
          [
            2.75605,
            43.219379,
            90.57
          ],
          [
            2.756001,
            43.219336,
            90.98
          ],
          [
            2.755993,
            43.219287,
            91.31
          ],
          [
            2.756052,
            43.219208,
            91.76
          ],
          [
            2.756058,
            43.21913,
            92.01
          ],
          [
            2.75603,
            43.219061,
            92.15
          ],
          [
            2.755951,
            43.218953,
            92.28
          ],
          [
            2.755879,
            43.218647,
            92.28
          ],
          [
            2.755806,
            43.218596,
            92.19
          ],
          [
            2.755746,
            43.218536,
            92.09
          ],
          [
            2.755692,
            43.218424,
            91.94
          ],
          [
            2.755701,
            43.218339,
            91.59
          ],
          [
            2.755675,
            43.218266,
            91.06
          ],
          [
            2.755573,
            43.218184,
            90.49
          ],
          [
            2.755468,
            43.218134,
            90.3
          ],
          [
            2.755403,
            43.21808,
            90.2
          ],
          [
            2.755272,
            43.218051,
            90.16
          ],
          [
            2.755225,
            43.218008,
            90.52
          ],
          [
            2.755123,
            43.218014,
            89.87
          ],
          [
            2.754712,
            43.218074,
            87.93
          ],
          [
            2.753679,
            43.218267,
            85.17
          ],
          [
            2.753242,
            43.218331,
            84.21
          ],
          [
            2.752965,
            43.218388,
            83.68
          ],
          [
            2.752292,
            43.218609,
            81.91
          ],
          [
            2.752254,
            43.218336,
            84.51
          ],
          [
            2.752351,
            43.217766,
            85.69
          ],
          [
            2.752359,
            43.217517,
            87.04
          ],
          [
            2.752397,
            43.217354,
            88.33
          ],
          [
            2.752397,
            43.217218,
            89.47
          ],
          [
            2.752313,
            43.217012,
            91.52
          ],
          [
            2.7523,
            43.216852,
            93.25
          ],
          [
            2.752241,
            43.216805,
            93.93
          ],
          [
            2.752144,
            43.216778,
            94.71
          ],
          [
            2.752081,
            43.216716,
            95.8
          ],
          [
            2.752085,
            43.216633,
            96.94
          ],
          [
            2.752013,
            43.216633,
            97.54
          ],
          [
            2.751946,
            43.21667,
            98.09
          ],
          [
            2.751869,
            43.216688,
            98.47
          ],
          [
            2.75162,
            43.216692,
            99.4
          ],
          [
            2.751532,
            43.21667,
            99.34
          ],
          [
            2.751464,
            43.21659,
            98.94
          ],
          [
            2.751303,
            43.21647,
            98.4
          ],
          [
            2.750599,
            43.216234,
            101.63
          ],
          [
            2.750346,
            43.216174,
            103.33
          ],
          [
            2.750214,
            43.21612,
            104.21
          ],
          [
            2.750075,
            43.216034,
            105.42
          ],
          [
            2.749954,
            43.216083,
            106.34
          ],
          [
            2.749738,
            43.216141,
            107.8
          ],
          [
            2.749665,
            43.21617,
            108.11
          ],
          [
            2.749576,
            43.216165,
            108.43
          ],
          [
            2.749468,
            43.216116,
            108.97
          ],
          [
            2.749225,
            43.216109,
            110.23
          ],
          [
            2.748509,
            43.216194,
            112.97
          ],
          [
            2.748068,
            43.216225,
            113.8
          ],
          [
            2.747955,
            43.216217,
            113.9
          ],
          [
            2.74771,
            43.216057,
            113.84
          ],
          [
            2.747579,
            43.215948,
            113.61
          ],
          [
            2.747241,
            43.21561,
            112.94
          ],
          [
            2.747118,
            43.215451,
            112.75
          ],
          [
            2.747025,
            43.215401,
            112.67
          ],
          [
            2.746888,
            43.215364,
            112.56
          ],
          [
            2.746552,
            43.215301,
            112.26
          ],
          [
            2.746345,
            43.215243,
            112.25
          ],
          [
            2.746093,
            43.215146,
            111.92
          ],
          [
            2.7459,
            43.215085,
            111.28
          ],
          [
            2.745719,
            43.21506,
            110.31
          ],
          [
            2.745684,
            43.215151,
            111.5
          ],
          [
            2.745687,
            43.215341,
            111.77
          ],
          [
            2.74567,
            43.21546,
            109.66
          ],
          [
            2.745526,
            43.215571,
            107.0
          ],
          [
            2.745186,
            43.215785,
            103.42
          ],
          [
            2.744908,
            43.215891,
            101.64
          ],
          [
            2.744703,
            43.215914,
            101.85
          ],
          [
            2.744293,
            43.215961,
            99.02
          ],
          [
            2.744143,
            43.215998,
            98.22
          ],
          [
            2.743543,
            43.216261,
            95.03
          ],
          [
            2.743132,
            43.216301,
            96.47
          ],
          [
            2.742812,
            43.216288,
            96.18
          ],
          [
            2.7424,
            43.216388,
            95.52
          ],
          [
            2.742236,
            43.216381,
            95.28
          ],
          [
            2.741787,
            43.216414,
            93.79
          ],
          [
            2.741183,
            43.216414,
            91.86
          ],
          [
            2.740945,
            43.216482,
            88.81
          ],
          [
            2.740478,
            43.216424,
            88.7
          ],
          [
            2.739974,
            43.216397,
            87.88
          ],
          [
            2.739753,
            43.216362,
            87.45
          ],
          [
            2.739567,
            43.216294,
            87.09
          ],
          [
            2.739387,
            43.216267,
            86.83
          ],
          [
            2.739242,
            43.21628,
            86.68
          ],
          [
            2.739107,
            43.21628,
            86.58
          ],
          [
            2.738868,
            43.216226,
            86.46
          ],
          [
            2.738663,
            43.216141,
            86.4
          ],
          [
            2.738259,
            43.215894,
            86.93
          ],
          [
            2.738166,
            43.215804,
            87.34
          ],
          [
            2.738036,
            43.215583,
            87.45
          ],
          [
            2.738047,
            43.215512,
            87.54
          ],
          [
            2.73827,
            43.215298,
            88.38
          ],
          [
            2.738273,
            43.215265,
            88.53
          ],
          [
            2.738229,
            43.215246,
            88.7
          ],
          [
            2.738129,
            43.21527,
            89.08
          ],
          [
            2.738037,
            43.215282,
            89.42
          ],
          [
            2.737936,
            43.215237,
            89.91
          ],
          [
            2.73783,
            43.215121,
            90.83
          ],
          [
            2.737628,
            43.214848,
            92.67
          ],
          [
            2.737326,
            43.214557,
            97.06
          ],
          [
            2.736956,
            43.214311,
            102.76
          ],
          [
            2.73693,
            43.214221,
            104.38
          ],
          [
            2.736943,
            43.214142,
            105.74
          ],
          [
            2.737034,
            43.214049,
            107.68
          ],
          [
            2.737201,
            43.213937,
            110.58
          ],
          [
            2.737495,
            43.213789,
            115.26
          ],
          [
            2.737621,
            43.213629,
            118.64
          ],
          [
            2.737744,
            43.21354,
            120.41
          ],
          [
            2.737786,
            43.213411,
            121.76
          ],
          [
            2.73778,
            43.2133,
            122.45
          ],
          [
            2.737729,
            43.213215,
            123.27
          ],
          [
            2.737307,
            43.21303,
            121.87
          ],
          [
            2.737184,
            43.212959,
            120.8
          ],
          [
            2.736833,
            43.212827,
            117.67
          ],
          [
            2.736681,
            43.212792,
            116.63
          ],
          [
            2.736544,
            43.212742,
            115.48
          ],
          [
            2.736386,
            43.212767,
            114.08
          ],
          [
            2.736272,
            43.212741,
            112.99
          ],
          [
            2.736122,
            43.212727,
            111.69
          ],
          [
            2.735961,
            43.212672,
            111.2
          ],
          [
            2.735872,
            43.212579,
            111.62
          ],
          [
            2.735805,
            43.212575,
            110.61
          ],
          [
            2.735756,
            43.212587,
            109.88
          ],
          [
            2.735756,
            43.212587,
            109.88
          ],
          [
            2.735805,
            43.212575,
            110.61
          ],
          [
            2.735872,
            43.212579,
            111.62
          ],
          [
            2.735864,
            43.212524,
            112.79
          ],
          [
            2.735993,
            43.212416,
            116.9
          ],
          [
            2.736018,
            43.212339,
            118.66
          ],
          [
            2.735995,
            43.212199,
            121.48
          ],
          [
            2.735959,
            43.212144,
            122.77
          ],
          [
            2.735925,
            43.211965,
            126.79
          ],
          [
            2.736195,
            43.211539,
            137.32
          ],
          [
            2.736281,
            43.211514,
            138.94
          ],
          [
            2.736329,
            43.211439,
            140.94
          ],
          [
            2.736246,
            43.211334,
            144.05
          ],
          [
            2.736192,
            43.211197,
            148.03
          ],
          [
            2.736121,
            43.211113,
            150.55
          ],
          [
            2.736357,
            43.21088,
            151.76
          ],
          [
            2.736528,
            43.210758,
            152.59
          ],
          [
            2.736759,
            43.21058,
            152.91
          ],
          [
            2.736833,
            43.210473,
            152.99
          ],
          [
            2.73685,
            43.21039,
            153.0
          ],
          [
            2.736744,
            43.210337,
            153.39
          ],
          [
            2.736541,
            43.2102,
            153.96
          ],
          [
            2.736412,
            43.210128,
            154.14
          ],
          [
            2.736206,
            43.210054,
            154.14
          ],
          [
            2.735669,
            43.209918,
            153.49
          ],
          [
            2.735495,
            43.209862,
            153.18
          ],
          [
            2.735403,
            43.209808,
            152.81
          ],
          [
            2.735375,
            43.209774,
            152.55
          ],
          [
            2.735187,
            43.209727,
            152.27
          ],
          [
            2.735046,
            43.209725,
            152.14
          ],
          [
            2.734851,
            43.209688,
            152.0
          ],
          [
            2.73465,
            43.209623,
            152.09
          ],
          [
            2.734402,
            43.209518,
            152.56
          ],
          [
            2.734106,
            43.209421,
            153.26
          ],
          [
            2.733765,
            43.209509,
            153.0
          ],
          [
            2.733676,
            43.209444,
            153.38
          ],
          [
            2.733165,
            43.208355,
            160.61
          ],
          [
            2.733108,
            43.20829,
            161.13
          ],
          [
            2.733024,
            43.208247,
            161.55
          ],
          [
            2.732603,
            43.208158,
            163.12
          ],
          [
            2.732461,
            43.208095,
            164.31
          ],
          [
            2.732342,
            43.208006,
            165.59
          ],
          [
            2.732225,
            43.207869,
            167.37
          ],
          [
            2.731974,
            43.207624,
            169.69
          ],
          [
            2.731545,
            43.207317,
            172.74
          ],
          [
            2.731473,
            43.207287,
            173.16
          ],
          [
            2.731383,
            43.207273,
            173.4
          ],
          [
            2.731377,
            43.207197,
            173.81
          ],
          [
            2.731293,
            43.20718,
            173.82
          ],
          [
            2.731137,
            43.207178,
            173.57
          ],
          [
            2.730992,
            43.207105,
            173.24
          ],
          [
            2.730696,
            43.206978,
            172.44
          ],
          [
            2.730603,
            43.206926,
            172.0
          ],
          [
            2.72989,
            43.206951,
            173.14
          ],
          [
            2.729434,
            43.206917,
            174.17
          ],
          [
            2.729236,
            43.206921,
            174.65
          ],
          [
            2.729065,
            43.20696,
            175.11
          ],
          [
            2.728369,
            43.20719,
            177.31
          ],
          [
            2.727958,
            43.207279,
            179.6
          ],
          [
            2.727212,
            43.207329,
            184.71
          ],
          [
            2.726912,
            43.207326,
            186.0
          ],
          [
            2.726275,
            43.207225,
            185.25
          ],
          [
            2.725501,
            43.207075,
            185.0
          ],
          [
            2.7251,
            43.207041,
            185.0
          ],
          [
            2.724856,
            43.207042,
            185.0
          ],
          [
            2.724589,
            43.207027,
            185.0
          ],
          [
            2.724251,
            43.207032,
            185.0
          ],
          [
            2.72404,
            43.207063,
            185.0
          ],
          [
            2.723929,
            43.207079,
            185.0
          ],
          [
            2.723546,
            43.207097,
            184.77
          ],
          [
            2.723207,
            43.207077,
            184.18
          ],
          [
            2.722942,
            43.207032,
            183.69
          ],
          [
            2.722126,
            43.206853,
            184.07
          ],
          [
            2.721633,
            43.206665,
            184.5
          ],
          [
            2.721247,
            43.20654,
            184.94
          ],
          [
            2.720882,
            43.206403,
            185.39
          ],
          [
            2.720399,
            43.206276,
            185.73
          ],
          [
            2.719922,
            43.206219,
            185.94
          ],
          [
            2.719348,
            43.206122,
            185.42
          ],
          [
            2.718881,
            43.206176,
            183.84
          ],
          [
            2.718575,
            43.206196,
            183.18
          ],
          [
            2.716914,
            43.206054,
            181.0
          ],
          [
            2.716317,
            43.205996,
            181.8
          ],
          [
            2.716128,
            43.206004,
            181.9
          ],
          [
            2.715775,
            43.206071,
            182.39
          ],
          [
            2.715465,
            43.206083,
            182.6
          ],
          [
            2.715287,
            43.20611,
            183.18
          ],
          [
            2.71514,
            43.206163,
            184.04
          ],
          [
            2.714923,
            43.206215,
            184.91
          ],
          [
            2.71481,
            43.206218,
            185.3
          ],
          [
            2.714606,
            43.206179,
            186.03
          ],
          [
            2.714387,
            43.20611,
            186.13
          ],
          [
            2.714295,
            43.20606,
            186.1
          ],
          [
            2.714197,
            43.205972,
            186.0
          ],
          [
            2.714044,
            43.205809,
            186.0
          ],
          [
            2.713635,
            43.205711,
            186.86
          ],
          [
            2.713563,
            43.205577,
            187.72
          ],
          [
            2.713369,
            43.20546,
            188.53
          ],
          [
            2.713152,
            43.205264,
            189.4
          ],
          [
            2.71305,
            43.205218,
            189.65
          ],
          [
            2.712967,
            43.205168,
            189.93
          ],
          [
            2.712851,
            43.20502,
            190.44
          ],
          [
            2.712767,
            43.204934,
            190.75
          ],
          [
            2.712684,
            43.204806,
            191.04
          ],
          [
            2.712543,
            43.204638,
            191.28
          ],
          [
            2.712401,
            43.204547,
            191.5
          ],
          [
            2.712385,
            43.20445,
            191.61
          ],
          [
            2.712241,
            43.204196,
            191.91
          ],
          [
            2.71221,
            43.204089,
            192.01
          ],
          [
            2.712076,
            43.203871,
            192.03
          ],
          [
            2.711945,
            43.20371,
            192.35
          ],
          [
            2.711864,
            43.203667,
            192.53
          ],
          [
            2.711801,
            43.203597,
            192.69
          ],
          [
            2.711679,
            43.203526,
            193.29
          ],
          [
            2.711482,
            43.20351,
            193.88
          ],
          [
            2.71127,
            43.203471,
            194.87
          ],
          [
            2.711078,
            43.203466,
            195.83
          ],
          [
            2.710961,
            43.203447,
            196.05
          ],
          [
            2.710973,
            43.203252,
            195.01
          ],
          [
            2.710934,
            43.202988,
            193.09
          ],
          [
            2.710845,
            43.202919,
            192.33
          ],
          [
            2.710716,
            43.202893,
            191.76
          ],
          [
            2.710534,
            43.202901,
            191.84
          ],
          [
            2.710313,
            43.202895,
            192.05
          ],
          [
            2.710136,
            43.20283,
            191.36
          ],
          [
            2.709903,
            43.202644,
            190.82
          ],
          [
            2.709303,
            43.20231,
            190.51
          ],
          [
            2.709133,
            43.202189,
            190.99
          ],
          [
            2.70898,
            43.202013,
            192.18
          ],
          [
            2.708852,
            43.20178,
            194.39
          ],
          [
            2.708676,
            43.20151,
            194.52
          ],
          [
            2.708524,
            43.201325,
            194.27
          ],
          [
            2.707931,
            43.200841,
            189.47
          ],
          [
            2.70775,
            43.200667,
            189.59
          ],
          [
            2.707617,
            43.20049,
            189.21
          ],
          [
            2.707367,
            43.200126,
            191.25
          ],
          [
            2.707099,
            43.199824,
            192.23
          ],
          [
            2.706983,
            43.199569,
            192.34
          ],
          [
            2.706711,
            43.199157,
            189.36
          ],
          [
            2.706636,
            43.199099,
            188.28
          ],
          [
            2.70646,
            43.199045,
            186.94
          ],
          [
            2.705876,
            43.198966,
            179.33
          ],
          [
            2.705715,
            43.198904,
            176.91
          ],
          [
            2.705584,
            43.19881,
            174.14
          ],
          [
            2.705496,
            43.19875,
            172.54
          ],
          [
            2.705348,
            43.198771,
            169.28
          ],
          [
            2.705022,
            43.198738,
            163.16
          ],
          [
            2.704985,
            43.198724,
            162.47
          ],
          [
            2.70487,
            43.198625,
            161.32
          ],
          [
            2.70478,
            43.198597,
            160.72
          ],
          [
            2.704408,
            43.198561,
            157.39
          ],
          [
            2.704236,
            43.19859,
            155.06
          ],
          [
            2.702979,
            43.198783,
            143.64
          ],
          [
            2.701094,
            43.198852,
            130.83
          ],
          [
            2.700795,
            43.198893,
            128.94
          ],
          [
            2.700413,
            43.198977,
            126.56
          ],
          [
            2.698986,
            43.199132,
            119.19
          ],
          [
            2.698419,
            43.199223,
            116.05
          ],
          [
            2.697584,
            43.199242,
            111.84
          ],
          [
            2.697449,
            43.199213,
            111.09
          ],
          [
            2.696348,
            43.19921,
            109.71
          ],
          [
            2.695314,
            43.199353,
            108.44
          ],
          [
            2.694935,
            43.199369,
            107.91
          ],
          [
            2.694684,
            43.199339,
            107.47
          ],
          [
            2.694319,
            43.199253,
            106.63
          ],
          [
            2.693558,
            43.199119,
            104.24
          ],
          [
            2.692735,
            43.198837,
            101.41
          ],
          [
            2.692444,
            43.198829,
            101.15
          ],
          [
            2.692037,
            43.198802,
            101.32
          ],
          [
            2.691658,
            43.198762,
            102.01
          ],
          [
            2.69118,
            43.198676,
            103.65
          ],
          [
            2.690992,
            43.19868,
            104.37
          ],
          [
            2.689831,
            43.198808,
            107.03
          ],
          [
            2.689204,
            43.198865,
            113.53
          ],
          [
            2.689061,
            43.198807,
            115.23
          ],
          [
            2.688897,
            43.198682,
            117.46
          ],
          [
            2.688687,
            43.198626,
            119.41
          ],
          [
            2.6882,
            43.198527,
            122.96
          ],
          [
            2.687698,
            43.198397,
            125.24
          ],
          [
            2.687203,
            43.198313,
            126.56
          ],
          [
            2.686968,
            43.19824,
            126.78
          ],
          [
            2.686681,
            43.19813,
            126.57
          ],
          [
            2.686451,
            43.198086,
            126.19
          ],
          [
            2.685749,
            43.198063,
            124.01
          ],
          [
            2.685638,
            43.198048,
            123.36
          ],
          [
            2.685531,
            43.19802,
            122.76
          ],
          [
            2.68546,
            43.19796,
            122.3
          ],
          [
            2.685297,
            43.197845,
            121.65
          ],
          [
            2.685238,
            43.197829,
            121.47
          ],
          [
            2.685083,
            43.197877,
            121.13
          ],
          [
            2.68509,
            43.197746,
            121.0
          ],
          [
            2.684881,
            43.197539,
            121.87
          ],
          [
            2.68465,
            43.197413,
            121.81
          ],
          [
            2.684421,
            43.197306,
            121.49
          ],
          [
            2.684197,
            43.197241,
            122.13
          ],
          [
            2.684026,
            43.197202,
            122.51
          ],
          [
            2.683556,
            43.196906,
            122.62
          ],
          [
            2.68316,
            43.196627,
            123.32
          ],
          [
            2.682908,
            43.196481,
            123.8
          ],
          [
            2.682478,
            43.196315,
            124.83
          ],
          [
            2.682313,
            43.196264,
            125.29
          ],
          [
            2.682206,
            43.196254,
            125.56
          ],
          [
            2.681613,
            43.19626,
            127.23
          ],
          [
            2.680808,
            43.19625,
            130.59
          ],
          [
            2.680448,
            43.196166,
            131.87
          ],
          [
            2.679962,
            43.195978,
            132.79
          ],
          [
            2.67987,
            43.195916,
            132.04
          ],
          [
            2.678995,
            43.195573,
            127.46
          ],
          [
            2.67866,
            43.195479,
            125.94
          ],
          [
            2.678137,
            43.195427,
            123.91
          ],
          [
            2.678038,
            43.195424,
            123.63
          ],
          [
            2.677846,
            43.19544,
            123.21
          ],
          [
            2.67769,
            43.195472,
            123.0
          ],
          [
            2.677422,
            43.195544,
            122.66
          ],
          [
            2.677257,
            43.195566,
            122.42
          ],
          [
            2.676757,
            43.195539,
            122.21
          ],
          [
            2.67646,
            43.195533,
            121.18
          ],
          [
            2.675941,
            43.195464,
            120.79
          ],
          [
            2.675617,
            43.195412,
            120.41
          ],
          [
            2.675071,
            43.195307,
            119.86
          ],
          [
            2.674747,
            43.195184,
            119.55
          ],
          [
            2.674343,
            43.194973,
            119.42
          ],
          [
            2.673845,
            43.194673,
            119.17
          ],
          [
            2.67341,
            43.194357,
            118.89
          ],
          [
            2.672968,
            43.193919,
            117.76
          ],
          [
            2.672243,
            43.19333,
            115.33
          ],
          [
            2.672048,
            43.193217,
            114.51
          ],
          [
            2.671338,
            43.192953,
            111.46
          ],
          [
            2.671194,
            43.192917,
            110.73
          ],
          [
            2.670917,
            43.192854,
            109.35
          ],
          [
            2.670851,
            43.192817,
            108.93
          ],
          [
            2.67068,
            43.192648,
            107.43
          ],
          [
            2.670613,
            43.192616,
            107.04
          ],
          [
            2.670545,
            43.192599,
            106.68
          ],
          [
            2.670204,
            43.192561,
            104.9
          ],
          [
            2.669892,
            43.192476,
            103.25
          ],
          [
            2.669684,
            43.192388,
            102.08
          ],
          [
            2.669448,
            43.192335,
            100.89
          ],
          [
            2.669065,
            43.192207,
            98.99
          ],
          [
            2.668782,
            43.192141,
            97.76
          ],
          [
            2.667952,
            43.192056,
            94.57
          ],
          [
            2.667685,
            43.192,
            93.81
          ],
          [
            2.667632,
            43.191967,
            93.64
          ],
          [
            2.667559,
            43.191891,
            93.34
          ],
          [
            2.667468,
            43.191843,
            93.08
          ],
          [
            2.667363,
            43.191817,
            92.84
          ],
          [
            2.667162,
            43.191819,
            92.43
          ],
          [
            2.667004,
            43.19186,
            92.12
          ],
          [
            2.666842,
            43.191871,
            91.9
          ],
          [
            2.666233,
            43.191812,
            91.05
          ],
          [
            2.665586,
            43.191659,
            89.78
          ],
          [
            2.665445,
            43.191586,
            89.53
          ],
          [
            2.664843,
            43.191399,
            88.6
          ],
          [
            2.664095,
            43.191188,
            87.9
          ],
          [
            2.6637,
            43.191033,
            87.58
          ],
          [
            2.663134,
            43.190759,
            86.65
          ],
          [
            2.662814,
            43.190652,
            85.82
          ],
          [
            2.662655,
            43.190611,
            85.34
          ],
          [
            2.661898,
            43.190492,
            82.57
          ],
          [
            2.661196,
            43.19037,
            79.67
          ],
          [
            2.660954,
            43.190373,
            78.08
          ],
          [
            2.660812,
            43.190411,
            77.09
          ],
          [
            2.66071,
            43.19031,
            77.47
          ],
          [
            2.659731,
            43.189553,
            74.85
          ],
          [
            2.659363,
            43.189244,
            73.94
          ],
          [
            2.658821,
            43.188698,
            73.28
          ],
          [
            2.658256,
            43.187924,
            72.99
          ],
          [
            2.658103,
            43.18764,
            73.0
          ],
          [
            2.657844,
            43.187,
            73.02
          ],
          [
            2.657729,
            43.186504,
            73.21
          ],
          [
            2.657645,
            43.186081,
            73.47
          ],
          [
            2.657554,
            43.185792,
            74.0
          ],
          [
            2.657274,
            43.185412,
            75.62
          ],
          [
            2.65724,
            43.185319,
            75.18
          ],
          [
            2.657221,
            43.185102,
            74.05
          ],
          [
            2.657202,
            43.185035,
            74.06
          ],
          [
            2.657029,
            43.184772,
            74.08
          ],
          [
            2.656561,
            43.184229,
            75.29
          ],
          [
            2.656323,
            43.18385,
            76.59
          ],
          [
            2.65622,
            43.183635,
            76.9
          ],
          [
            2.656161,
            43.183536,
            76.73
          ],
          [
            2.655855,
            43.183136,
            77.07
          ],
          [
            2.65511,
            43.182127,
            79.0
          ],
          [
            2.654854,
            43.181991,
            80.02
          ],
          [
            2.654375,
            43.181776,
            82.47
          ],
          [
            2.653755,
            43.181633,
            85.83
          ],
          [
            2.653304,
            43.181449,
            89.92
          ],
          [
            2.653218,
            43.181391,
            90.86
          ],
          [
            2.652904,
            43.181016,
            93.0
          ],
          [
            2.652468,
            43.180859,
            93.89
          ],
          [
            2.652256,
            43.180846,
            94.0
          ],
          [
            2.65219,
            43.18056,
            94.96
          ],
          [
            2.652073,
            43.180203,
            96.0
          ],
          [
            2.651369,
            43.179437,
            102.05
          ],
          [
            2.650941,
            43.179063,
            105.58
          ],
          [
            2.650441,
            43.178545,
            108.77
          ],
          [
            2.649964,
            43.178001,
            110.16
          ],
          [
            2.649784,
            43.177798,
            110.56
          ],
          [
            2.649221,
            43.177218,
            111.24
          ],
          [
            2.648873,
            43.176885,
            111.59
          ],
          [
            2.648494,
            43.176563,
            111.51
          ],
          [
            2.648133,
            43.176292,
            111.36
          ],
          [
            2.648046,
            43.176163,
            111.26
          ],
          [
            2.647979,
            43.175973,
            111.14
          ],
          [
            2.647859,
            43.175783,
            110.92
          ],
          [
            2.647717,
            43.175666,
            110.67
          ],
          [
            2.647423,
            43.175534,
            111.36
          ],
          [
            2.647023,
            43.175431,
            111.25
          ],
          [
            2.646459,
            43.175316,
            111.09
          ],
          [
            2.646218,
            43.175283,
            110.96
          ],
          [
            2.645768,
            43.175176,
            111.04
          ],
          [
            2.645533,
            43.175134,
            111.2
          ],
          [
            2.645228,
            43.175106,
            111.28
          ],
          [
            2.645016,
            43.175118,
            111.56
          ],
          [
            2.643693,
            43.175364,
            114.47
          ],
          [
            2.643478,
            43.175381,
            114.94
          ],
          [
            2.643313,
            43.175358,
            115.06
          ],
          [
            2.643134,
            43.175291,
            116.03
          ],
          [
            2.64298,
            43.175196,
            116.95
          ],
          [
            2.642911,
            43.175109,
            117.89
          ],
          [
            2.642891,
            43.175031,
            120.95
          ],
          [
            2.642732,
            43.174626,
            120.32
          ],
          [
            2.642662,
            43.174402,
            120.97
          ],
          [
            2.642611,
            43.174447,
            120.95
          ],
          [
            2.641576,
            43.174632,
            123.91
          ],
          [
            2.640549,
            43.174643,
            126.49
          ],
          [
            2.640137,
            43.174634,
            127.41
          ],
          [
            2.63974,
            43.174547,
            128.67
          ],
          [
            2.63967,
            43.174523,
            129.08
          ],
          [
            2.639658,
            43.174494,
            129.52
          ],
          [
            2.639578,
            43.174524,
            129.07
          ],
          [
            2.639559,
            43.174581,
            128.59
          ],
          [
            2.639586,
            43.174638,
            128.47
          ],
          [
            2.639551,
            43.174683,
            128.49
          ],
          [
            2.63916,
            43.174716,
            130.48
          ],
          [
            2.639071,
            43.174698,
            130.92
          ],
          [
            2.638974,
            43.174659,
            131.46
          ],
          [
            2.638811,
            43.174651,
            132.11
          ],
          [
            2.638473,
            43.174659,
            133.82
          ],
          [
            2.637902,
            43.174595,
            136.63
          ],
          [
            2.636904,
            43.174456,
            140.59
          ],
          [
            2.636295,
            43.174411,
            142.87
          ],
          [
            2.636118,
            43.17436,
            144.66
          ],
          [
            2.635694,
            43.174203,
            146.88
          ],
          [
            2.635447,
            43.174172,
            147.62
          ],
          [
            2.634659,
            43.174149,
            146.81
          ],
          [
            2.634404,
            43.174158,
            145.54
          ],
          [
            2.634163,
            43.174178,
            144.12
          ],
          [
            2.633977,
            43.174158,
            143.05
          ],
          [
            2.633544,
            43.174093,
            142.0
          ],
          [
            2.633506,
            43.174117,
            142.0
          ],
          [
            2.633485,
            43.174083,
            141.89
          ],
          [
            2.633365,
            43.174002,
            141.09
          ],
          [
            2.633197,
            43.173953,
            140.83
          ],
          [
            2.632887,
            43.173915,
            140.47
          ],
          [
            2.632757,
            43.173917,
            140.31
          ],
          [
            2.632693,
            43.173934,
            140.37
          ],
          [
            2.632418,
            43.173863,
            142.35
          ],
          [
            2.631832,
            43.173776,
            144.63
          ],
          [
            2.631605,
            43.173755,
            145.36
          ],
          [
            2.631261,
            43.173699,
            146.29
          ],
          [
            2.630329,
            43.173492,
            148.47
          ],
          [
            2.629526,
            43.173277,
            150.57
          ],
          [
            2.628337,
            43.172992,
            153.22
          ],
          [
            2.627716,
            43.172826,
            154.6
          ],
          [
            2.626405,
            43.172445,
            157.02
          ],
          [
            2.626271,
            43.172387,
            157.25
          ],
          [
            2.626166,
            43.172277,
            157.49
          ],
          [
            2.626078,
            43.172244,
            157.36
          ],
          [
            2.625912,
            43.1722,
            157.39
          ],
          [
            2.625821,
            43.172207,
            157.8
          ],
          [
            2.625743,
            43.172282,
            158.73
          ],
          [
            2.625542,
            43.172663,
            156.96
          ],
          [
            2.625456,
            43.172846,
            154.45
          ],
          [
            2.624902,
            43.172655,
            155.0
          ],
          [
            2.624354,
            43.172487,
            155.64
          ],
          [
            2.623247,
            43.172162,
            157.54
          ],
          [
            2.621872,
            43.171787,
            160.4
          ],
          [
            2.621029,
            43.171547,
            161.51
          ],
          [
            2.620261,
            43.171383,
            160.69
          ],
          [
            2.619615,
            43.171255,
            158.51
          ],
          [
            2.618913,
            43.171134,
            155.72
          ],
          [
            2.6181,
            43.171022,
            153.2
          ],
          [
            2.617516,
            43.170927,
            151.85
          ],
          [
            2.616817,
            43.1708,
            150.18
          ],
          [
            2.616237,
            43.170727,
            149.74
          ],
          [
            2.615745,
            43.170708,
            149.0
          ],
          [
            2.615531,
            43.170678,
            147.75
          ],
          [
            2.613934,
            43.170573,
            143.0
          ],
          [
            2.613308,
            43.17055,
            141.6
          ],
          [
            2.612678,
            43.17055,
            140.14
          ],
          [
            2.612218,
            43.170571,
            139.08
          ],
          [
            2.611684,
            43.170614,
            137.97
          ],
          [
            2.610991,
            43.170685,
            136.5
          ],
          [
            2.609911,
            43.170814,
            134.98
          ],
          [
            2.609834,
            43.170583,
            137.86
          ],
          [
            2.609697,
            43.170093,
            137.64
          ],
          [
            2.609727,
            43.170022,
            137.36
          ],
          [
            2.609806,
            43.169959,
            137.13
          ],
          [
            2.609857,
            43.169899,
            137.43
          ],
          [
            2.609827,
            43.169859,
            137.72
          ],
          [
            2.609653,
            43.169807,
            138.46
          ],
          [
            2.608788,
            43.16982,
            142.35
          ],
          [
            2.607871,
            43.169867,
            145.51
          ],
          [
            2.607638,
            43.169908,
            145.96
          ],
          [
            2.607468,
            43.16996,
            146.25
          ],
          [
            2.60736,
            43.170007,
            146.4
          ],
          [
            2.606601,
            43.1704,
            145.97
          ],
          [
            2.606404,
            43.170522,
            145.59
          ],
          [
            2.606267,
            43.170555,
            145.0
          ],
          [
            2.606163,
            43.17057,
            144.91
          ],
          [
            2.606007,
            43.170575,
            144.63
          ],
          [
            2.605856,
            43.170559,
            144.4
          ],
          [
            2.605699,
            43.170524,
            144.05
          ],
          [
            2.605578,
            43.170481,
            143.84
          ],
          [
            2.605353,
            43.170332,
            143.04
          ],
          [
            2.605283,
            43.170301,
            142.86
          ],
          [
            2.605228,
            43.170292,
            142.81
          ],
          [
            2.603991,
            43.170244,
            142.32
          ],
          [
            2.603858,
            43.170196,
            142.11
          ],
          [
            2.60344,
            43.170127,
            142.21
          ],
          [
            2.602324,
            43.170049,
            141.84
          ],
          [
            2.601572,
            43.169944,
            141.86
          ],
          [
            2.600769,
            43.169851,
            138.51
          ],
          [
            2.59987,
            43.169813,
            135.28
          ],
          [
            2.599524,
            43.169812,
            132.69
          ],
          [
            2.599178,
            43.169784,
            130.17
          ],
          [
            2.598912,
            43.169737,
            128.47
          ],
          [
            2.597161,
            43.169364,
            120.01
          ],
          [
            2.596648,
            43.16929,
            118.54
          ],
          [
            2.596311,
            43.169265,
            117.69
          ],
          [
            2.595821,
            43.169266,
            116.5
          ],
          [
            2.595198,
            43.169176,
            114.76
          ],
          [
            2.594466,
            43.169206,
            113.01
          ],
          [
            2.594045,
            43.169213,
            112.06
          ],
          [
            2.593793,
            43.16928,
            111.71
          ],
          [
            2.59337,
            43.169315,
            111.0
          ],
          [
            2.592619,
            43.169332,
            110.03
          ],
          [
            2.592336,
            43.169359,
            109.3
          ],
          [
            2.592164,
            43.169383,
            109.03
          ],
          [
            2.592097,
            43.169414,
            109.0
          ],
          [
            2.591964,
            43.169481,
            108.55
          ],
          [
            2.591733,
            43.169658,
            107.35
          ],
          [
            2.591695,
            43.169679,
            107.18
          ],
          [
            2.591663,
            43.169475,
            108.9
          ],
          [
            2.5916,
            43.169402,
            109.62
          ],
          [
            2.591452,
            43.169383,
            110.34
          ],
          [
            2.591045,
            43.169381,
            111.11
          ],
          [
            2.590294,
            43.169236,
            112.58
          ],
          [
            2.590127,
            43.169191,
            112.89
          ],
          [
            2.590047,
            43.169138,
            113.1
          ],
          [
            2.590016,
            43.169086,
            113.27
          ],
          [
            2.589879,
            43.168558,
            115.62
          ],
          [
            2.589844,
            43.168518,
            115.89
          ],
          [
            2.58975,
            43.168493,
            116.26
          ],
          [
            2.589594,
            43.168495,
            116.61
          ],
          [
            2.589509,
            43.168475,
            116.78
          ],
          [
            2.589096,
            43.168481,
            116.27
          ],
          [
            2.588688,
            43.168502,
            116.87
          ],
          [
            2.588617,
            43.168474,
            117.05
          ],
          [
            2.588452,
            43.168381,
            117.38
          ],
          [
            2.587629,
            43.167955,
            119.88
          ],
          [
            2.587544,
            43.167889,
            120.0
          ],
          [
            2.586575,
            43.168561,
            126.09
          ],
          [
            2.586517,
            43.168581,
            126.43
          ],
          [
            2.586462,
            43.168579,
            126.74
          ],
          [
            2.586177,
            43.168502,
            128.41
          ],
          [
            2.585999,
            43.168486,
            129.21
          ],
          [
            2.585689,
            43.168424,
            131.25
          ],
          [
            2.585611,
            43.168448,
            130.7
          ],
          [
            2.585428,
            43.168472,
            129.37
          ],
          [
            2.585299,
            43.168477,
            128.51
          ],
          [
            2.585167,
            43.168461,
            127.48
          ],
          [
            2.584925,
            43.168394,
            126.01
          ],
          [
            2.58482,
            43.168395,
            125.42
          ],
          [
            2.584068,
            43.168599,
            121.79
          ],
          [
            2.583952,
            43.168724,
            121.16
          ],
          [
            2.583907,
            43.168755,
            121.53
          ],
          [
            2.583826,
            43.168701,
            121.66
          ],
          [
            2.583681,
            43.168644,
            122.17
          ],
          [
            2.583394,
            43.168576,
            122.69
          ],
          [
            2.583255,
            43.168529,
            122.8
          ],
          [
            2.582885,
            43.168337,
            123.41
          ],
          [
            2.582724,
            43.168232,
            123.72
          ],
          [
            2.582646,
            43.168197,
            123.85
          ],
          [
            2.582344,
            43.168137,
            124.3
          ],
          [
            2.582256,
            43.168126,
            124.44
          ],
          [
            2.582212,
            43.168102,
            124.53
          ],
          [
            2.582156,
            43.168026,
            124.74
          ],
          [
            2.58203,
            43.167936,
            125.07
          ],
          [
            2.581949,
            43.167895,
            125.27
          ],
          [
            2.581874,
            43.167871,
            125.43
          ],
          [
            2.581576,
            43.167858,
            125.99
          ],
          [
            2.580962,
            43.167803,
            126.92
          ],
          [
            2.580804,
            43.167801,
            127.12
          ],
          [
            2.580388,
            43.167838,
            127.59
          ],
          [
            2.58031,
            43.167867,
            127.67
          ],
          [
            2.580275,
            43.167914,
            127.74
          ],
          [
            2.5803,
            43.16832,
            128.0
          ],
          [
            2.580196,
            43.168308,
            128.07
          ],
          [
            2.579416,
            43.168306,
            129.95
          ],
          [
            2.578869,
            43.168385,
            131.05
          ],
          [
            2.57858,
            43.168381,
            131.6
          ],
          [
            2.57822,
            43.168336,
            132.26
          ],
          [
            2.577341,
            43.168323,
            134.0
          ],
          [
            2.577333,
            43.167914,
            133.59
          ],
          [
            2.577363,
            43.167743,
            135.41
          ],
          [
            2.577614,
            43.167392,
            139.43
          ],
          [
            2.577721,
            43.16697,
            144.95
          ],
          [
            2.577829,
            43.166719,
            148.55
          ],
          [
            2.578129,
            43.166273,
            155.53
          ],
          [
            2.578429,
            43.166015,
            160.21
          ],
          [
            2.57862,
            43.165835,
            163.05
          ],
          [
            2.578649,
            43.165761,
            163.97
          ],
          [
            2.578627,
            43.165604,
            165.86
          ],
          [
            2.578653,
            43.165532,
            166.75
          ],
          [
            2.578859,
            43.165413,
            169.07
          ],
          [
            2.578982,
            43.165312,
            170.62
          ],
          [
            2.57903,
            43.16524,
            171.52
          ],
          [
            2.57906,
            43.165125,
            172.84
          ],
          [
            2.579052,
            43.164951,
            174.72
          ],
          [
            2.579083,
            43.164878,
            175.56
          ],
          [
            2.579143,
            43.164854,
            176.13
          ],
          [
            2.579219,
            43.16485,
            176.77
          ],
          [
            2.579311,
            43.16486,
            177.58
          ],
          [
            2.579413,
            43.164845,
            178.5
          ],
          [
            2.580468,
            43.164348,
            190.09
          ],
          [
            2.580576,
            43.164231,
            192.05
          ],
          [
            2.580597,
            43.164137,
            193.38
          ],
          [
            2.580563,
            43.164048,
            194.69
          ],
          [
            2.580446,
            43.163965,
            196.39
          ],
          [
            2.580325,
            43.163906,
            197.94
          ],
          [
            2.579978,
            43.163798,
            201.91
          ],
          [
            2.579899,
            43.163738,
            203.03
          ],
          [
            2.579878,
            43.163674,
            203.92
          ],
          [
            2.579955,
            43.163289,
            209.32
          ],
          [
            2.579931,
            43.163209,
            210.36
          ],
          [
            2.579859,
            43.163151,
            211.3
          ],
          [
            2.579727,
            43.163104,
            212.48
          ],
          [
            2.57947,
            43.163073,
            214.43
          ],
          [
            2.579307,
            43.163026,
            215.68
          ],
          [
            2.579186,
            43.162957,
            216.69
          ],
          [
            2.57901,
            43.162786,
            218.63
          ],
          [
            2.578878,
            43.162715,
            219.71
          ],
          [
            2.578724,
            43.162672,
            220.7
          ],
          [
            2.578647,
            43.162624,
            221.29
          ],
          [
            2.578579,
            43.16251,
            222.24
          ],
          [
            2.578408,
            43.161484,
            232.2
          ],
          [
            2.578352,
            43.161298,
            234.16
          ],
          [
            2.578301,
            43.161192,
            235.29
          ],
          [
            2.57829,
            43.161093,
            236.21
          ],
          [
            2.578322,
            43.161034,
            236.77
          ],
          [
            2.578395,
            43.160957,
            237.64
          ],
          [
            2.578716,
            43.160724,
            240.77
          ],
          [
            2.57884,
            43.160681,
            241.65
          ],
          [
            2.578956,
            43.160661,
            242.43
          ],
          [
            2.579257,
            43.160644,
            244.34
          ],
          [
            2.579362,
            43.160629,
            244.91
          ],
          [
            2.579403,
            43.160606,
            245.2
          ],
          [
            2.57943,
            43.16057,
            245.59
          ],
          [
            2.579427,
            43.160522,
            246.14
          ],
          [
            2.579401,
            43.16048,
            246.67
          ],
          [
            2.579105,
            43.160245,
            250.35
          ],
          [
            2.578867,
            43.160021,
            254.47
          ],
          [
            2.578609,
            43.159829,
            257.8
          ],
          [
            2.578462,
            43.159669,
            259.82
          ],
          [
            2.578415,
            43.159646,
            260.28
          ],
          [
            2.578037,
            43.159543,
            263.43
          ],
          [
            2.577091,
            43.159203,
            269.93
          ],
          [
            2.576879,
            43.159156,
            271.08
          ],
          [
            2.576647,
            43.159088,
            272.35
          ],
          [
            2.576545,
            43.159078,
            272.8
          ],
          [
            2.576457,
            43.159091,
            273.11
          ],
          [
            2.576024,
            43.159249,
            275.12
          ],
          [
            2.575889,
            43.159262,
            275.88
          ],
          [
            2.575783,
            43.159224,
            276.55
          ],
          [
            2.575543,
            43.158996,
            279.18
          ],
          [
            2.574932,
            43.158639,
            284.02
          ],
          [
            2.574858,
            43.158606,
            284.49
          ],
          [
            2.573609,
            43.158226,
            290.28
          ],
          [
            2.572442,
            43.157889,
            296.27
          ],
          [
            2.572337,
            43.157871,
            296.82
          ],
          [
            2.571792,
            43.157949,
            299.81
          ],
          [
            2.571644,
            43.157889,
            300.99
          ],
          [
            2.571572,
            43.157869,
            301.34
          ],
          [
            2.571294,
            43.157753,
            302.68
          ],
          [
            2.571172,
            43.157723,
            303.45
          ],
          [
            2.571007,
            43.157653,
            303.97
          ],
          [
            2.570579,
            43.157377,
            304.63
          ],
          [
            2.570204,
            43.157012,
            302.03
          ],
          [
            2.570064,
            43.156925,
            301.72
          ],
          [
            2.56928,
            43.156571,
            300.34
          ],
          [
            2.569019,
            43.15662,
            301.21
          ],
          [
            2.568857,
            43.156641,
            301.78
          ],
          [
            2.568724,
            43.156647,
            302.25
          ],
          [
            2.568249,
            43.15663,
            303.88
          ],
          [
            2.568084,
            43.156636,
            304.46
          ],
          [
            2.567944,
            43.156659,
            305.04
          ],
          [
            2.567795,
            43.156703,
            305.49
          ],
          [
            2.567633,
            43.156765,
            305.97
          ],
          [
            2.567393,
            43.156883,
            307.39
          ],
          [
            2.567296,
            43.156952,
            308.11
          ],
          [
            2.567236,
            43.157017,
            308.59
          ],
          [
            2.567139,
            43.157195,
            308.81
          ],
          [
            2.567067,
            43.157272,
            309.23
          ],
          [
            2.566985,
            43.157305,
            309.63
          ],
          [
            2.566887,
            43.157319,
            309.97
          ],
          [
            2.566785,
            43.157318,
            310.29
          ],
          [
            2.56642,
            43.157273,
            311.58
          ],
          [
            2.566307,
            43.157274,
            311.97
          ],
          [
            2.566202,
            43.157288,
            312.35
          ],
          [
            2.565986,
            43.157341,
            313.16
          ],
          [
            2.565899,
            43.15737,
            313.46
          ],
          [
            2.565774,
            43.157439,
            314.01
          ],
          [
            2.565271,
            43.157864,
            317.18
          ],
          [
            2.565157,
            43.15782,
            317.04
          ],
          [
            2.565021,
            43.157658,
            316.85
          ],
          [
            2.564839,
            43.157474,
            319.69
          ],
          [
            2.56477,
            43.157445,
            320.47
          ],
          [
            2.5647,
            43.15744,
            321.13
          ],
          [
            2.564643,
            43.157463,
            321.74
          ],
          [
            2.564434,
            43.157612,
            324.58
          ],
          [
            2.564383,
            43.157631,
            325.08
          ],
          [
            2.564332,
            43.157635,
            325.58
          ],
          [
            2.564252,
            43.157603,
            326.29
          ],
          [
            2.563972,
            43.157417,
            325.76
          ],
          [
            2.563808,
            43.157252,
            325.01
          ],
          [
            2.563682,
            43.157197,
            324.74
          ],
          [
            2.563306,
            43.157099,
            324.17
          ],
          [
            2.562979,
            43.156989,
            323.86
          ],
          [
            2.562711,
            43.156931,
            323.74
          ],
          [
            2.562308,
            43.156873,
            324.42
          ],
          [
            2.56215,
            43.156838,
            325.02
          ],
          [
            2.562055,
            43.156828,
            325.64
          ],
          [
            2.561989,
            43.156839,
            326.05
          ],
          [
            2.561833,
            43.156905,
            326.53
          ],
          [
            2.561738,
            43.156911,
            326.46
          ],
          [
            2.561574,
            43.156973,
            326.26
          ],
          [
            2.561483,
            43.156988,
            326.23
          ],
          [
            2.561215,
            43.15698,
            325.22
          ],
          [
            2.561072,
            43.156995,
            325.0
          ],
          [
            2.560668,
            43.15675,
            324.33
          ],
          [
            2.560588,
            43.156658,
            324.3
          ],
          [
            2.560542,
            43.156505,
            324.16
          ],
          [
            2.56045,
            43.156418,
            324.0
          ],
          [
            2.560443,
            43.156226,
            323.78
          ],
          [
            2.560371,
            43.15612,
            323.66
          ],
          [
            2.560351,
            43.155803,
            323.23
          ],
          [
            2.560213,
            43.155548,
            322.66
          ],
          [
            2.560129,
            43.155473,
            322.49
          ],
          [
            2.560073,
            43.155235,
            321.8
          ]
        ]
      }
    },
    {
      "type": "Feature",
      "properties": {
        "source": "Sentier_Cathare.gpx",
        "type": "route"
      },
      "geometry": {
        "type": "LineString",
        "coordinates": [
          [
            2.995977,
            43.245808
          ],
          [
            2.99465,
            43.245982
          ],
          [
            2.994937,
            43.243882
          ],
          [
            2.991875,
            43.243882
          ],
          [
            2.989437,
            43.244388
          ],
          [
            2.989411,
            43.244315
          ],
          [
            2.98909,
            43.244377
          ],
          [
            2.988598,
            43.244324
          ],
          [
            2.976223,
            43.249079
          ],
          [
            2.964299,
            43.250319
          ],
          [
            2.962113,
            43.249442
          ],
          [
            2.956047,
            43.247713
          ],
          [
            2.956008,
            43.247694
          ],
          [
            2.950154,
            43.249282
          ],
          [
            2.948643,
            43.25027
          ],
          [
            2.94884,
            43.251303
          ],
          [
            2.944736,
            43.252839
          ],
          [
            2.944375,
            43.252907
          ],
          [
            2.940784,
            43.256803
          ],
          [
            2.940318,
            43.257045
          ],
          [
            2.937504,
            43.25618
          ],
          [
            2.917493,
            43.262819
          ],
          [
            2.91073,
            43.265287
          ],
          [
            2.910495,
            43.264173
          ],
          [
            2.907819,
            43.265351
          ],
          [
            2.907344,
            43.264699
          ],
          [
            2.905929,
            43.264782
          ],
          [
            2.904998,
            43.264672
          ],
          [
            2.904724,
            43.26311
          ],
          [
            2.903957,
            43.26234
          ],
          [
            2.879625,
            43.250323
          ],
          [
            2.879373,
            43.250049
          ],
          [
            2.879022,
            43.250273
          ],
          [
            2.860033,
            43.247317
          ],
          [
            2.859963,
            43.246936
          ],
          [
            2.858741,
            43.247038
          ],
          [
            2.839264,
            43.248571
          ],
          [
            2.839269,
            43.248628
          ],
          [
            2.838756,
            43.248591
          ],
          [
            2.831939,
            43.24862
          ],
          [
            2.830137,
            43.247099
          ],
          [
            2.806268,
            43.248577
          ],
          [
            2.796594,
            43.232569
          ],
          [
            2.790825,
            43.232287
          ],
          [
            2.790347,
            43.231838
          ],
          [
            2.790405,
            43.231646
          ],
          [
            2.789655,
            43.230402
          ],
          [
            2.783975,
            43.229329
          ],
          [
            2.780356,
            43.227978
          ],
          [
            2.779617,
            43.227593
          ],
          [
            2.778431,
            43.226166
          ],
          [
            2.769278,
            43.223011
          ],
          [
            2.76803,
            43.22178
          ],
          [
            2.764396,
            43.220213
          ],
          [
            2.763462,
            43.220013
          ],
          [
            2.755225,
            43.218008
          ],
          [
            2.752292,
            43.218609
          ],
          [
            2.750075,
            43.216034
          ],
          [
            2.745719,
            43.21506
          ],
          [
            2.744703,
            43.215914
          ],
          [
            2.743543,
            43.216261
          ],
          [
            2.737729,
            43.213215
          ],
          [
            2.735872,
            43.212579
          ],
          [
            2.735756,
            43.212587
          ],
          [
            2.735756,
            43.212587
          ],
          [
            2.735872,
            43.212579
          ],
          [
            2.736121,
            43.211113
          ],
          [
            2.736528,
            43.210758
          ],
          [
            2.73685,
            43.21039
          ],
          [
            2.736412,
            43.210128
          ],
          [
            2.735375,
            43.209774
          ],
          [
            2.734106,
            43.209421
          ],
          [
            2.733765,
            43.209509
          ],
          [
            2.731383,
            43.207273
          ],
          [
            2.730603,
            43.206926
          ],
          [
            2.72404,
            43.207063
          ],
          [
            2.714044,
            43.205809
          ],
          [
            2.713635,
            43.205711
          ],
          [
            2.713563,
            43.205577
          ],
          [
            2.711679,
            43.203526
          ],
          [
            2.710961,
            43.203447
          ],
          [
            2.705584,
            43.19881
          ],
          [
            2.705496,
            43.19875
          ],
          [
            2.704236,
            43.19859
          ],
          [
            2.685083,
            43.197877
          ],
          [
            2.68509,
            43.197746
          ],
          [
            2.67987,
            43.195916
          ],
          [
            2.67646,
            43.195533
          ],
          [
            2.671194,
            43.192917
          ],
          [
            2.660812,
            43.190411
          ],
          [
            2.65511,
            43.182127
          ],
          [
            2.652904,
            43.181016
          ],
          [
            2.652256,
            43.180846
          ],
          [
            2.649964,
            43.178001
          ],
          [
            2.647717,
            43.175666
          ],
          [
            2.642662,
            43.174402
          ],
          [
            2.639658,
            43.174494
          ],
          [
            2.633544,
            43.174093
          ],
          [
            2.633506,
            43.174117
          ],
          [
            2.632693,
            43.173934
          ],
          [
            2.625456,
            43.172846
          ],
          [
            2.609911,
            43.170814
          ],
          [
            2.609857,
            43.169899
          ],
          [
            2.609653,
            43.169807
          ],
          [
            2.606267,
            43.170555
          ],
          [
            2.591695,
            43.169679
          ],
          [
            2.589509,
            43.168475
          ],
          [
            2.585689,
            43.168424
          ],
          [
            2.584068,
            43.168599
          ],
          [
            2.583907,
            43.168755
          ],
          [
            2.5803,
            43.16832
          ],
          [
            2.577341,
            43.168323
          ],
          [
            2.575889,
            43.159262
          ],
          [
            2.572337,
            43.157871
          ],
          [
            2.571792,
            43.157949
          ],
          [
            2.571294,
            43.157753
          ],
          [
            2.56928,
            43.156571
          ],
          [
            2.565271,
            43.157864
          ],
          [
            2.565021,
            43.157658
          ],
          [
            2.561072,
            43.156995
          ],
          [
            2.560073,
            43.155235
          ]
        ]
      }
    }
  ]
}