{
  "type": "FeatureCollection",
  "features": [
    {
      "type": "Feature",
      "properties": {
        "name": "GraphHopper Track",
        "source": "Littoral_Médit..gpx",
        "type": "track"
      },
      "geometry": {
        "type": "LineString",
        "coordinates": [
          [
            2.988662,
            43.027597,
            10.0
          ],
          [
            2.988616,
            43.027597,
            10.0
          ],
          [
            2.988604,
            43.027547,
            10.0
          ],
          [
            2.98916,
            43.027546,
            9.98
          ],
          [
            2.989386,
            43.027525,
            9.97
          ],
          [
            2.989768,
            43.02744,
            10.0
          ],
          [
            2.989849,
            43.027548,
            9.94
          ],
          [
            2.990645,
            43.027338,
            9.43
          ],
          [
            2.992193,
            43.026943,
            8.0
          ],
          [
            2.99217,
            43.026888,
            8.0
          ],
          [
            2.99294,
            43.026693,
            7.0
          ],
          [
            2.99312,
            43.026599,
            7.27
          ],
          [
            2.993318,
            43.026475,
            8.12
          ],
          [
            2.993326,
            43.026375,
            8.36
          ],
          [
            2.993379,
            43.026281,
            8.64
          ],
          [
            2.993443,
            43.026223,
            8.49
          ],
          [
            2.993524,
            43.026178,
            8.24
          ],
          [
            2.993618,
            43.026148,
            7.97
          ],
          [
            2.993744,
            43.026135,
            7.89
          ],
          [
            2.993782,
            43.02614,
            7.91
          ],
          [
            2.993853,
            43.026115,
            7.47
          ],
          [
            2.993969,
            43.026033,
            6.93
          ],
          [
            2.994007,
            43.025982,
            6.81
          ],
          [
            2.994099,
            43.026018,
            6.35
          ],
          [
            2.994485,
            43.026212,
            6.13
          ],
          [
            2.99466,
            43.026285,
            6.1
          ],
          [
            2.994853,
            43.02633,
            6.06
          ],
          [
            2.995303,
            43.026373,
            6.04
          ],
          [
            2.995861,
            43.026408,
            5.93
          ],
          [
            2.996274,
            43.026445,
            5.72
          ],
          [
            2.996623,
            43.026443,
            5.57
          ],
          [
            2.996918,
            43.026404,
            5.41
          ],
          [
            2.9975,
            43.026241,
            4.97
          ],
          [
            2.998543,
            43.025794,
            4.14
          ],
          [
            2.999013,
            43.025611,
            3.72
          ],
          [
            2.999555,
            43.025377,
            4.14
          ],
          [
            3.000112,
            43.025151,
            4.66
          ],
          [
            3.001561,
            43.024545,
            6.76
          ],
          [
            3.001802,
            43.024404,
            7.55
          ],
          [
            3.002073,
            43.024153,
            8.96
          ],
          [
            3.002696,
            43.023467,
            8.7
          ],
          [
            3.002913,
            43.023336,
            7.8
          ],
          [
            3.003084,
            43.023251,
            7.41
          ],
          [
            3.004941,
            43.022432,
            5.08
          ],
          [
            3.005029,
            43.022351,
            5.37
          ],
          [
            3.005431,
            43.02212,
            5.88
          ],
          [
            3.006415,
            43.021816,
            6.03
          ],
          [
            3.006659,
            43.021586,
            6.02
          ],
          [
            3.007067,
            43.021389,
            6.01
          ],
          [
            3.007426,
            43.021327,
            6.0
          ],
          [
            3.00748,
            43.021303,
            6.0
          ],
          [
            3.00762,
            43.021371,
            6.06
          ],
          [
            3.007798,
            43.021431,
            6.2
          ],
          [
            3.007966,
            43.021465,
            6.47
          ],
          [
            3.008072,
            43.021465,
            6.67
          ],
          [
            3.008176,
            43.021434,
            6.95
          ],
          [
            3.00861,
            43.02127,
            8.03
          ],
          [
            3.008978,
            43.021166,
            9.64
          ],
          [
            3.009124,
            43.021206,
            9.79
          ],
          [
            3.009363,
            43.021345,
            9.63
          ],
          [
            3.009468,
            43.021457,
            9.45
          ],
          [
            3.009495,
            43.021602,
            9.07
          ],
          [
            3.009495,
            43.021732,
            9.76
          ],
          [
            3.009402,
            43.021917,
            9.6
          ],
          [
            3.009382,
            43.021998,
            9.64
          ],
          [
            3.009418,
            43.022046,
            9.73
          ],
          [
            3.009487,
            43.022064,
            9.87
          ],
          [
            3.009625,
            43.022085,
            10.16
          ],
          [
            3.009893,
            43.022061,
            10.4
          ],
          [
            3.01008,
            43.022002,
            10.89
          ],
          [
            3.010249,
            43.021974,
            11.5
          ],
          [
            3.010334,
            43.021994,
            11.77
          ],
          [
            3.010389,
            43.022046,
            12.23
          ],
          [
            3.010396,
            43.022082,
            12.51
          ],
          [
            3.011068,
            43.022113,
            14.65
          ],
          [
            3.011266,
            43.022137,
            14.43
          ],
          [
            3.012069,
            43.022327,
            13.12
          ],
          [
            3.012213,
            43.022367,
            12.65
          ],
          [
            3.012319,
            43.022408,
            12.21
          ],
          [
            3.012348,
            43.022438,
            11.99
          ],
          [
            3.012359,
            43.022466,
            11.63
          ],
          [
            3.012364,
            43.022538,
            10.82
          ],
          [
            3.012353,
            43.022599,
            10.3
          ],
          [
            3.012149,
            43.023202,
            7.75
          ],
          [
            3.012069,
            43.023522,
            6.68
          ],
          [
            3.011963,
            43.0238,
            5.71
          ],
          [
            3.012117,
            43.023824,
            5.28
          ],
          [
            3.012773,
            43.023996,
            4.41
          ],
          [
            3.013313,
            43.024119,
            3.82
          ],
          [
            3.01371,
            43.024222,
            3.66
          ],
          [
            3.013856,
            43.024249,
            3.66
          ],
          [
            3.013963,
            43.024257,
            3.65
          ],
          [
            3.014065,
            43.024248,
            3.65
          ],
          [
            3.014197,
            43.024224,
            3.64
          ],
          [
            3.014375,
            43.024175,
            3.62
          ],
          [
            3.014956,
            43.023944,
            3.94
          ],
          [
            3.01506,
            43.023922,
            3.82
          ],
          [
            3.015438,
            43.023867,
            4.58
          ],
          [
            3.0155,
            43.023865,
            4.64
          ],
          [
            3.015582,
            43.023872,
            4.75
          ],
          [
            3.015772,
            43.023927,
            5.18
          ],
          [
            3.015844,
            43.023929,
            5.28
          ],
          [
            3.016023,
            43.023874,
            5.54
          ],
          [
            3.016233,
            43.023822,
            6.51
          ],
          [
            3.016389,
            43.023976,
            7.62
          ],
          [
            3.016569,
            43.024133,
            9.27
          ],
          [
            3.016884,
            43.024238,
            11.94
          ],
          [
            3.017301,
            43.024443,
            12.92
          ],
          [
            3.017998,
            43.024631,
            12.07
          ],
          [
            3.018314,
            43.024732,
            11.25
          ],
          [
            3.018753,
            43.024902,
            8.83
          ],
          [
            3.019102,
            43.024984,
            7.48
          ],
          [
            3.019254,
            43.024998,
            7.05
          ],
          [
            3.019279,
            43.025115,
            6.78
          ],
          [
            3.019333,
            43.025237,
            6.36
          ],
          [
            3.019414,
            43.02551,
            7.83
          ],
          [
            3.019407,
            43.025805,
            8.13
          ],
          [
            3.019569,
            43.025951,
            8.45
          ],
          [
            3.019769,
            43.026025,
            8.23
          ],
          [
            3.020078,
            43.026068,
            7.67
          ],
          [
            3.020212,
            43.025958,
            8.57
          ],
          [
            3.021145,
            43.025532,
            14.0
          ],
          [
            3.021262,
            43.025633,
            13.22
          ],
          [
            3.021358,
            43.02569,
            12.96
          ],
          [
            3.021431,
            43.02571,
            12.91
          ],
          [
            3.021696,
            43.025686,
            12.87
          ],
          [
            3.021803,
            43.025694,
            13.11
          ],
          [
            3.021905,
            43.025718,
            13.29
          ],
          [
            3.021997,
            43.025716,
            13.33
          ],
          [
            3.022039,
            43.025683,
            13.31
          ],
          [
            3.022149,
            43.025641,
            13.3
          ],
          [
            3.022297,
            43.025598,
            13.4
          ],
          [
            3.022461,
            43.025588,
            13.56
          ],
          [
            3.022573,
            43.025567,
            13.6
          ],
          [
            3.022696,
            43.025527,
            13.55
          ],
          [
            3.022889,
            43.025499,
            13.31
          ],
          [
            3.023019,
            43.025423,
            12.84
          ],
          [
            3.023102,
            43.025352,
            12.3
          ],
          [
            3.023204,
            43.025317,
            11.76
          ],
          [
            3.023414,
            43.025311,
            10.68
          ],
          [
            3.023747,
            43.025276,
            8.99
          ],
          [
            3.023866,
            43.025259,
            8.43
          ],
          [
            3.024036,
            43.025206,
            7.46
          ],
          [
            3.024235,
            43.025123,
            6.25
          ],
          [
            3.025301,
            43.024565,
            4.03
          ],
          [
            3.025375,
            43.024533,
            3.99
          ],
          [
            3.025507,
            43.024494,
            3.95
          ],
          [
            3.025521,
            43.02446,
            3.94
          ],
          [
            3.025515,
            43.024217,
            4.0
          ],
          [
            3.025525,
            43.02418,
            4.01
          ],
          [
            3.025553,
            43.024131,
            4.01
          ],
          [
            3.025629,
            43.024083,
            4.0
          ],
          [
            3.025678,
            43.024124,
            4.0
          ],
          [
            3.025714,
            43.024187,
            4.0
          ],
          [
            3.025722,
            43.024321,
            4.0
          ],
          [
            3.025715,
            43.024412,
            3.9
          ],
          [
            3.025779,
            43.024493,
            3.29
          ],
          [
            3.025827,
            43.024523,
            3.05
          ],
          [
            3.02588,
            43.024542,
            3.0
          ],
          [
            3.025959,
            43.024553,
            3.0
          ],
          [
            3.026111,
            43.02461,
            2.97
          ],
          [
            3.026207,
            43.024673,
            2.96
          ],
          [
            3.026304,
            43.024758,
            2.98
          ],
          [
            3.026379,
            43.024773,
            2.97
          ],
          [
            3.026402,
            43.024745,
            3.0
          ],
          [
            3.02646,
            43.024728,
            3.0
          ],
          [
            3.02649,
            43.024732,
            2.85
          ],
          [
            3.026564,
            43.024606,
            2.42
          ],
          [
            3.026626,
            43.024548,
            2.16
          ],
          [
            3.027154,
            43.024357,
            2.65
          ],
          [
            3.027257,
            43.024299,
            2.38
          ],
          [
            3.027311,
            43.024234,
            2.25
          ],
          [
            3.027322,
            43.024181,
            2.07
          ],
          [
            3.027368,
            43.024069,
            2.0
          ],
          [
            3.027418,
            43.024019,
            2.0
          ],
          [
            3.02787,
            43.023821,
            2.0
          ],
          [
            3.029397,
            43.023191,
            2.0
          ],
          [
            3.029562,
            43.023213,
            2.0
          ],
          [
            3.029796,
            43.02321,
            2.01
          ],
          [
            3.03011,
            43.023095,
            2.1
          ],
          [
            3.030271,
            43.023078,
            2.11
          ],
          [
            3.030459,
            43.023089,
            2.11
          ],
          [
            3.030616,
            43.023145,
            2.14
          ],
          [
            3.030696,
            43.023215,
            2.14
          ],
          [
            3.030922,
            43.023557,
            2.0
          ],
          [
            3.031032,
            43.023461,
            2.35
          ],
          [
            3.0312,
            43.023218,
            3.18
          ],
          [
            3.031262,
            43.02325,
            3.16
          ],
          [
            3.031431,
            43.023288,
            3.65
          ],
          [
            3.031542,
            43.023369,
            3.21
          ],
          [
            3.031703,
            43.023537,
            2.94
          ],
          [
            3.031856,
            43.023643,
            2.97
          ],
          [
            3.032156,
            43.023789,
            2.89
          ],
          [
            3.032524,
            43.023867,
            2.92
          ],
          [
            3.032819,
            43.023891,
            2.75
          ],
          [
            3.033158,
            43.023891,
            2.52
          ],
          [
            3.034451,
            43.023734,
            1.79
          ],
          [
            3.036001,
            43.023495,
            2.82
          ],
          [
            3.036474,
            43.023431,
            3.63
          ],
          [
            3.037008,
            43.023383,
            4.71
          ],
          [
            3.037433,
            43.023395,
            5.93
          ],
          [
            3.037837,
            43.02344,
            6.95
          ],
          [
            3.038218,
            43.023525,
            7.9
          ],
          [
            3.041811,
            43.024654,
            4.87
          ],
          [
            3.042036,
            43.024798,
            4.8
          ],
          [
            3.042077,
            43.024848,
            4.71
          ],
          [
            3.042093,
            43.024903,
            4.51
          ],
          [
            3.04213,
            43.024952,
            4.19
          ],
          [
            3.042184,
            43.024991,
            3.86
          ],
          [
            3.042251,
            43.025018,
            3.8
          ],
          [
            3.042375,
            43.025264,
            2.57
          ],
          [
            3.042472,
            43.025405,
            2.88
          ],
          [
            3.04246,
            43.025451,
            2.6
          ],
          [
            3.042255,
            43.025597,
            1.69
          ],
          [
            3.042245,
            43.02566,
            1.48
          ],
          [
            3.042635,
            43.026288,
            1.16
          ],
          [
            3.042775,
            43.026423,
            1.47
          ],
          [
            3.046537,
            43.032289,
            0.76
          ],
          [
            3.050527,
            43.038572,
            1.05
          ],
          [
            3.052996,
            43.042384,
            1.17
          ],
          [
            3.05581,
            43.046856,
            1.23
          ],
          [
            3.056109,
            43.04731,
            1.35
          ],
          [
            3.056425,
            43.047758,
            1.37
          ],
          [
            3.05775,
            43.049835,
            1.49
          ],
          [
            3.057962,
            43.050235,
            1.17
          ],
          [
            3.058077,
            43.050627,
            1.07
          ],
          [
            3.05813,
            43.05122,
            1.04
          ],
          [
            3.057835,
            43.052597,
            1.02
          ],
          [
            3.057776,
            43.052913,
            1.03
          ],
          [
            3.057618,
            43.053318,
            1.15
          ],
          [
            3.057388,
            43.05361,
            1.21
          ],
          [
            3.05723,
            43.053742,
            1.19
          ],
          [
            3.057031,
            43.053866,
            1.18
          ],
          [
            3.056788,
            43.053965,
            1.16
          ],
          [
            3.056537,
            43.054036,
            1.12
          ],
          [
            3.056277,
            43.054082,
            1.06
          ],
          [
            3.055731,
            43.054091,
            0.98
          ],
          [
            3.05328,
            43.053591,
            0.95
          ],
          [
            3.052814,
            43.053565,
            0.88
          ],
          [
            3.052427,
            43.053632,
            0.85
          ],
          [
            3.052078,
            43.053776,
            0.83
          ],
          [
            3.050845,
            43.054371,
            0.86
          ],
          [
            3.048059,
            43.055647,
            0.92
          ],
          [
            3.047402,
            43.055875,
            0.93
          ],
          [
            3.046683,
            43.056069,
            0.88
          ],
          [
            3.046101,
            43.05616,
            0.91
          ],
          [
            3.045025,
            43.05623,
            0.89
          ],
          [
            3.044214,
            43.056393,
            0.84
          ],
          [
            3.043539,
            43.056562,
            0.81
          ],
          [
            3.043037,
            43.05677,
            0.88
          ],
          [
            3.039694,
            43.058885,
            0.84
          ],
          [
            3.036898,
            43.060668,
            1.01
          ],
          [
            3.035175,
            43.061771,
            0.87
          ],
          [
            3.034408,
            43.062275,
            0.87
          ],
          [
            3.034003,
            43.062617,
            0.92
          ],
          [
            3.033716,
            43.062911,
            0.94
          ],
          [
            3.032585,
            43.064307,
            0.92
          ],
          [
            3.032111,
            43.064854,
            0.95
          ],
          [
            3.031329,
            43.065603,
            0.95
          ],
          [
            3.031097,
            43.06594,
            0.93
          ],
          [
            3.030785,
            43.06661,
            0.94
          ],
          [
            3.030343,
            43.067197,
            0.96
          ],
          [
            3.029594,
            43.068382,
            0.83
          ],
          [
            3.029288,
            43.068686,
            0.66
          ],
          [
            3.028681,
            43.069249,
            0.51
          ],
          [
            3.028006,
            43.070075,
            0.7
          ],
          [
            3.027704,
            43.070287,
            0.71
          ],
          [
            3.026349,
            43.071171,
            0.92
          ],
          [
            3.025542,
            43.071649,
            0.83
          ],
          [
            3.024918,
            43.072143,
            0.66
          ],
          [
            3.024403,
            43.072416,
            0.66
          ],
          [
            3.023131,
            43.072932,
            1.17
          ],
          [
            3.022998,
            43.073018,
            1.19
          ],
          [
            3.022876,
            43.073119,
            1.21
          ],
          [
            3.022729,
            43.073364,
            1.34
          ],
          [
            3.022706,
            43.073607,
            1.42
          ],
          [
            3.022724,
            43.073706,
            1.4
          ],
          [
            3.022934,
            43.074215,
            1.42
          ],
          [
            3.023086,
            43.074509,
            1.42
          ],
          [
            3.023205,
            43.074702,
            1.34
          ],
          [
            3.023603,
            43.075189,
            1.32
          ],
          [
            3.023747,
            43.075382,
            1.24
          ],
          [
            3.023846,
            43.075553,
            1.23
          ],
          [
            3.02393,
            43.075748,
            1.27
          ],
          [
            3.023971,
            43.075966,
            1.34
          ],
          [
            3.024022,
            43.076522,
            1.27
          ],
          [
            3.024099,
            43.076845,
            1.33
          ],
          [
            3.024291,
            43.077348,
            1.27
          ],
          [
            3.024623,
            43.077863,
            1.27
          ],
          [
            3.024943,
            43.078316,
            1.18
          ],
          [
            3.025457,
            43.079,
            1.18
          ],
          [
            3.027763,
            43.081969,
            1.25
          ],
          [
            3.028097,
            43.082427,
            1.24
          ],
          [
            3.028308,
            43.082807,
            1.23
          ],
          [
            3.02853,
            43.083181,
            1.3
          ],
          [
            3.028707,
            43.083401,
            1.35
          ],
          [
            3.029164,
            43.083818,
            1.35
          ],
          [
            3.029321,
            43.084007,
            1.29
          ],
          [
            3.029392,
            43.08413,
            1.3
          ],
          [
            3.029442,
            43.08426,
            1.34
          ],
          [
            3.029493,
            43.084452,
            1.34
          ],
          [
            3.029534,
            43.084859,
            1.22
          ],
          [
            3.029588,
            43.085187,
            1.26
          ],
          [
            3.029873,
            43.085969,
            1.29
          ],
          [
            3.029949,
            43.086275,
            1.39
          ],
          [
            3.030014,
            43.086593,
            1.42
          ],
          [
            3.030183,
            43.08717,
            1.48
          ],
          [
            3.030364,
            43.087582,
            1.41
          ],
          [
            3.03056,
            43.087928,
            1.33
          ],
          [
            3.030791,
            43.088228,
            1.34
          ],
          [
            3.030979,
            43.088542,
            1.36
          ],
          [
            3.031052,
            43.08882,
            1.42
          ],
          [
            3.031117,
            43.089948,
            1.39
          ],
          [
            3.031403,
            43.091351,
            1.61
          ],
          [
            3.031348,
            43.091716,
            1.59
          ],
          [
            3.03129,
            43.091843,
            1.58
          ],
          [
            3.031017,
            43.092297,
            1.58
          ],
          [
            3.030725,
            43.09275,
            1.54
          ],
          [
            3.030664,
            43.092942,
            1.55
          ],
          [
            3.030651,
            43.093125,
            1.55
          ],
          [
            3.030705,
            43.09335,
            1.51
          ],
          [
            3.030995,
            43.094122,
            1.45
          ],
          [
            3.031035,
            43.094428,
            1.38
          ],
          [
            3.031014,
            43.094606,
            1.37
          ],
          [
            3.030968,
            43.094751,
            1.36
          ],
          [
            3.030565,
            43.095468,
            1.34
          ],
          [
            3.030481,
            43.095729,
            1.38
          ],
          [
            3.030466,
            43.09594,
            1.4
          ],
          [
            3.030505,
            43.096098,
            1.42
          ],
          [
            3.03066,
            43.096471,
            1.51
          ],
          [
            3.030727,
            43.096713,
            1.56
          ],
          [
            3.03074,
            43.096942,
            1.55
          ],
          [
            3.030696,
            43.097239,
            1.52
          ],
          [
            3.030601,
            43.097455,
            1.46
          ],
          [
            3.030468,
            43.097669,
            1.42
          ],
          [
            3.030263,
            43.098057,
            1.5
          ],
          [
            3.030206,
            43.098407,
            1.55
          ],
          [
            3.030367,
            43.098727,
            1.58
          ],
          [
            3.030614,
            43.099135,
            1.62
          ],
          [
            3.030691,
            43.099311,
            1.62
          ],
          [
            3.030797,
            43.100204,
            1.72
          ],
          [
            3.030822,
            43.100642,
            1.61
          ],
          [
            3.030874,
            43.100922,
            1.48
          ],
          [
            3.030959,
            43.101131,
            1.44
          ],
          [
            3.031445,
            43.101921,
            1.75
          ],
          [
            3.031563,
            43.102188,
            1.64
          ],
          [
            3.031631,
            43.102186,
            1.97
          ],
          [
            3.031668,
            43.102217,
            1.85
          ],
          [
            3.034735,
            43.103956,
            0.99
          ],
          [
            3.036597,
            43.104995,
            0.96
          ],
          [
            3.040085,
            43.107885,
            0.98
          ],
          [
            3.04086,
            43.108517,
            0.77
          ],
          [
            3.040954,
            43.108653,
            1.0
          ],
          [
            3.041648,
            43.110672,
            1.0
          ],
          [
            3.041685,
            43.110853,
            1.0
          ],
          [
            3.041731,
            43.110907,
            1.0
          ],
          [
            3.041808,
            43.110957,
            0.99
          ],
          [
            3.042714,
            43.111418,
            1.03
          ],
          [
            3.042816,
            43.111459,
            1.08
          ],
          [
            3.042928,
            43.111479,
            1.15
          ],
          [
            3.043267,
            43.111507,
            1.58
          ],
          [
            3.043537,
            43.111522,
            1.95
          ],
          [
            3.043781,
            43.11152,
            2.33
          ],
          [
            3.044021,
            43.111534,
            3.21
          ],
          [
            3.044193,
            43.111574,
            3.86
          ],
          [
            3.044313,
            43.111613,
            4.15
          ],
          [
            3.044504,
            43.111652,
            3.74
          ],
          [
            3.044827,
            43.111741,
            2.53
          ],
          [
            3.044982,
            43.111792,
            2.3
          ],
          [
            3.045268,
            43.11194,
            2.0
          ],
          [
            3.045489,
            43.112116,
            1.71
          ],
          [
            3.045706,
            43.112338,
            1.81
          ],
          [
            3.045759,
            43.112416,
            1.83
          ],
          [
            3.045776,
            43.112526,
            1.72
          ],
          [
            3.046094,
            43.112689,
            1.36
          ],
          [
            3.046306,
            43.112769,
            1.77
          ],
          [
            3.046397,
            43.112755,
            1.33
          ],
          [
            3.046746,
            43.112665,
            1.4
          ],
          [
            3.053996,
            43.11073,
            0.32
          ],
          [
            3.0543,
            43.110665,
            0.23
          ],
          [
            3.054782,
            43.110607,
            0.16
          ],
          [
            3.057355,
            43.1104,
            0.89
          ],
          [
            3.064215,
            43.109822,
            1.0
          ],
          [
            3.064425,
            43.109995,
            1.0
          ],
          [
            3.065546,
            43.110605,
            0.9
          ],
          [
            3.065728,
            43.110725,
            1.1
          ],
          [
            3.065805,
            43.110806,
            1.53
          ],
          [
            3.065987,
            43.110785,
            1.4
          ],
          [
            3.066171,
            43.110731,
            0.91
          ],
          [
            3.066319,
            43.110768,
            0.47
          ],
          [
            3.066362,
            43.110789,
            0.58
          ],
          [
            3.066473,
            43.110737,
            0.73
          ],
          [
            3.066594,
            43.110712,
            0.82
          ],
          [
            3.066715,
            43.110709,
            0.82
          ],
          [
            3.066807,
            43.110695,
            0.82
          ],
          [
            3.06697,
            43.110688,
            0.76
          ],
          [
            3.067125,
            43.110699,
            0.72
          ],
          [
            3.067436,
            43.110666,
            0.73
          ],
          [
            3.067697,
            43.110632,
            0.66
          ],
          [
            3.067908,
            43.110584,
            0.62
          ],
          [
            3.068327,
            43.110531,
            0.53
          ],
          [
            3.069595,
            43.110326,
            0.42
          ],
          [
            3.071156,
            43.110125,
            0.39
          ],
          [
            3.071905,
            43.110047,
            0.58
          ],
          [
            3.072534,
            43.10995,
            0.56
          ],
          [
            3.073126,
            43.109883,
            0.49
          ],
          [
            3.073478,
            43.109815,
            0.5
          ],
          [
            3.073878,
            43.109771,
            0.55
          ],
          [
            3.074311,
            43.109714,
            0.58
          ],
          [
            3.075213,
            43.109627,
            0.53
          ],
          [
            3.075515,
            43.10953,
            0.5
          ],
          [
            3.075687,
            43.109463,
            0.5
          ],
          [
            3.075964,
            43.109318,
            0.54
          ],
          [
            3.076168,
            43.109176,
            0.6
          ],
          [
            3.076311,
            43.109108,
            0.63
          ],
          [
            3.076575,
            43.108937,
            0.72
          ],
          [
            3.077187,
            43.108585,
            0.71
          ],
          [
            3.077895,
            43.108138,
            0.46
          ],
          [
            3.078528,
            43.107716,
            0.14
          ],
          [
            3.07906,
            43.107335,
            0.01
          ],
          [
            3.079452,
            43.107068,
            0.0
          ],
          [
            3.079859,
            43.106723,
            0.01
          ],
          [
            3.08013,
            43.106551,
            0.1
          ],
          [
            3.080401,
            43.106335,
            0.25
          ],
          [
            3.080823,
            43.106096,
            0.42
          ],
          [
            3.082058,
            43.10551,
            0.67
          ],
          [
            3.08258,
            43.105307,
            0.67
          ],
          [
            3.082691,
            43.10524,
            0.7
          ],
          [
            3.082953,
            43.105136,
            0.75
          ],
          [
            3.083079,
            43.105109,
            0.77
          ],
          [
            3.083288,
            43.10502,
            0.73
          ],
          [
            3.083331,
            43.104968,
            0.71
          ],
          [
            3.08342,
            43.104952,
            0.68
          ],
          [
            3.083484,
            43.104918,
            0.68
          ],
          [
            3.083681,
            43.104844,
            0.73
          ],
          [
            3.083842,
            43.104812,
            0.7
          ],
          [
            3.083967,
            43.104799,
            0.57
          ],
          [
            3.084061,
            43.104824,
            0.19
          ],
          [
            3.0841,
            43.104866,
            0.0
          ],
          [
            3.084214,
            43.105029,
            1.09
          ],
          [
            3.084295,
            43.105123,
            2.12
          ],
          [
            3.084461,
            43.105027,
            2.14
          ],
          [
            3.084585,
            43.105261,
            1.6
          ],
          [
            3.084662,
            43.105389,
            1.85
          ],
          [
            3.084695,
            43.105428,
            1.94
          ],
          [
            3.084706,
            43.105464,
            1.84
          ],
          [
            3.084779,
            43.105605,
            1.26
          ],
          [
            3.084912,
            43.105736,
            1.0
          ],
          [
            3.084947,
            43.105846,
            1.0
          ],
          [
            3.084996,
            43.106217,
            1.0
          ],
          [
            3.085402,
            43.106196,
            1.0
          ],
          [
            3.085432,
            43.106425,
            1.0
          ],
          [
            3.086517,
            43.106458,
            1.0
          ],
          [
            3.087726,
            43.106512,
            1.79
          ],
          [
            3.087597,
            43.106821,
            1.45
          ],
          [
            3.087548,
            43.106871,
            1.48
          ],
          [
            3.087497,
            43.106894,
            1.54
          ],
          [
            3.087468,
            43.10692,
            1.59
          ],
          [
            3.087457,
            43.106952,
            1.59
          ],
          [
            3.087479,
            43.10698,
            1.56
          ],
          [
            3.088103,
            43.107297,
            1.22
          ],
          [
            3.088238,
            43.107289,
            1.25
          ],
          [
            3.088571,
            43.107316,
            1.07
          ],
          [
            3.088871,
            43.107182,
            1.85
          ],
          [
            3.08903,
            43.107152,
            2.03
          ],
          [
            3.089354,
            43.107153,
            2.0
          ],
          [
            3.089483,
            43.107172,
            2.0
          ],
          [
            3.089936,
            43.107344,
            2.0
          ],
          [
            3.090662,
            43.107393,
            2.0
          ],
          [
            3.090819,
            43.107421,
            2.0
          ],
          [
            3.091549,
            43.107727,
            2.0
          ],
          [
            3.091648,
            43.107785,
            2.0
          ],
          [
            3.091819,
            43.107905,
            2.0
          ],
          [
            3.09221,
            43.108076,
            2.0
          ],
          [
            3.092245,
            43.108109,
            2.0
          ],
          [
            3.092259,
            43.108331,
            2.0
          ],
          [
            3.092513,
            43.108333,
            2.0
          ],
          [
            3.093163,
            43.108317,
            2.0
          ],
          [
            3.093382,
            43.108285,
            2.0
          ],
          [
            3.09373,
            43.108697,
            0.99
          ],
          [
            3.09356,
            43.108786,
            1.52
          ],
          [
            3.093957,
            43.109194,
            1.31
          ],
          [
            3.093854,
            43.109176,
            1.06
          ],
          [
            3.093791,
            43.109207,
            1.1
          ],
          [
            3.093823,
            43.109502,
            1.62
          ],
          [
            3.093937,
            43.109595,
            2.26
          ],
          [
            3.093973,
            43.109795,
            2.5
          ],
          [
            3.093982,
            43.109853,
            2.61
          ],
          [
            3.094554,
            43.109817,
            2.87
          ],
          [
            3.094654,
            43.109808,
            2.48
          ],
          [
            3.094771,
            43.109916,
            2.0
          ],
          [
            3.094939,
            43.109833,
            1.89
          ],
          [
            3.095121,
            43.109745,
            1.6
          ],
          [
            3.095162,
            43.109724,
            1.49
          ],
          [
            3.095227,
            43.109796,
            1.07
          ],
          [
            3.095678,
            43.110282,
            1.22
          ],
          [
            3.096368,
            43.109943,
            0.85
          ],
          [
            3.096922,
            43.110546,
            2.46
          ],
          [
            3.097339,
            43.110375,
            2.93
          ],
          [
            3.097485,
            43.110298,
            2.98
          ],
          [
            3.097695,
            43.110279,
            3.0
          ],
          [
            3.09859,
            43.110149,
            3.0
          ],
          [
            3.098822,
            43.110126,
            3.0
          ],
          [
            3.099255,
            43.110159,
            2.99
          ],
          [
            3.099402,
            43.110212,
            3.2
          ],
          [
            3.099516,
            43.110277,
            3.37
          ],
          [
            3.099832,
            43.1105,
            3.66
          ],
          [
            3.100186,
            43.110707,
            3.82
          ],
          [
            3.100284,
            43.11074,
            3.78
          ],
          [
            3.100414,
            43.110748,
            3.74
          ],
          [
            3.100512,
            43.110745,
            3.76
          ],
          [
            3.101321,
            43.110669,
            3.05
          ],
          [
            3.101546,
            43.110703,
            3.01
          ],
          [
            3.101649,
            43.110745,
            3.01
          ],
          [
            3.101763,
            43.110814,
            3.0
          ],
          [
            3.103691,
            43.11226,
            2.33
          ],
          [
            3.103785,
            43.112379,
            2.57
          ],
          [
            3.103849,
            43.112516,
            3.0
          ],
          [
            3.103878,
            43.112661,
            2.96
          ],
          [
            3.10391,
            43.11296,
            3.0
          ],
          [
            3.103964,
            43.113152,
            3.0
          ],
          [
            3.104198,
            43.113585,
            3.0
          ],
          [
            3.104245,
            43.113631,
            3.0
          ],
          [
            3.104381,
            43.113686,
            3.0
          ],
          [
            3.10449,
            43.11375,
            2.94
          ],
          [
            3.104597,
            43.113848,
            2.91
          ],
          [
            3.104713,
            43.113886,
            2.85
          ],
          [
            3.104861,
            43.113907,
            2.6
          ],
          [
            3.104921,
            43.113926,
            2.58
          ],
          [
            3.104898,
            43.113971,
            2.93
          ],
          [
            3.10543,
            43.114228,
            2.02
          ],
          [
            3.106203,
            43.114578,
            2.7
          ],
          [
            3.106371,
            43.1147,
            2.98
          ],
          [
            3.106461,
            43.114804,
            3.0
          ],
          [
            3.10647,
            43.114849,
            3.0
          ],
          [
            3.106495,
            43.114889,
            3.0
          ],
          [
            3.106545,
            43.114928,
            3.0
          ],
          [
            3.106608,
            43.114951,
            3.0
          ],
          [
            3.106679,
            43.114959,
            3.0
          ],
          [
            3.106734,
            43.114952,
            3.0
          ],
          [
            3.106785,
            43.114934,
            3.0
          ],
          [
            3.106956,
            43.114991,
            3.0
          ],
          [
            3.109928,
            43.116371,
            2.05
          ],
          [
            3.110045,
            43.116447,
            2.66
          ],
          [
            3.110045,
            43.116479,
            2.91
          ],
          [
            3.110078,
            43.116538,
            3.0
          ],
          [
            3.110145,
            43.116579,
            3.0
          ],
          [
            3.110231,
            43.11659,
            2.94
          ],
          [
            3.110312,
            43.11657,
            2.69
          ],
          [
            3.110454,
            43.116614,
            2.51
          ],
          [
            3.110563,
            43.116666,
            2.97
          ],
          [
            3.111047,
            43.116866,
            2.74
          ],
          [
            3.111423,
            43.116976,
            2.4
          ],
          [
            3.111755,
            43.117055,
            3.0
          ],
          [
            3.112015,
            43.117099,
            3.0
          ],
          [
            3.11207,
            43.117177,
            3.0
          ],
          [
            3.11206,
            43.117262,
            3.0
          ],
          [
            3.111933,
            43.117431,
            3.0
          ],
          [
            3.111764,
            43.1177,
            3.0
          ],
          [
            3.111839,
            43.117771,
            3.0
          ],
          [
            3.111835,
            43.117827,
            3.01
          ],
          [
            3.111849,
            43.117884,
            3.06
          ],
          [
            3.111832,
            43.117909,
            3.16
          ],
          [
            3.112237,
            43.118054,
            3.0
          ],
          [
            3.112272,
            43.118119,
            3.0
          ],
          [
            3.112258,
            43.118176,
            3.0
          ],
          [
            3.112336,
            43.118199,
            3.0
          ],
          [
            3.112504,
            43.118266,
            3.0
          ],
          [
            3.112433,
            43.118401,
            3.0
          ],
          [
            3.112162,
            43.118715,
            3.0
          ],
          [
            3.112073,
            43.118812,
            3.0
          ],
          [
            3.111916,
            43.11884,
            3.0
          ],
          [
            3.111747,
            43.118834,
            3.0
          ],
          [
            3.111658,
            43.118818,
            3.0
          ],
          [
            3.111581,
            43.118902,
            3.0
          ],
          [
            3.111552,
            43.118957,
            3.0
          ],
          [
            3.11157,
            43.11909,
            2.87
          ],
          [
            3.111713,
            43.119223,
            2.91
          ],
          [
            3.111772,
            43.119253,
            2.93
          ],
          [
            3.111831,
            43.119267,
            2.95
          ],
          [
            3.111941,
            43.119275,
            2.96
          ],
          [
            3.112091,
            43.119318,
            2.95
          ],
          [
            3.112419,
            43.119513,
            2.87
          ],
          [
            3.11342,
            43.120194,
            2.39
          ],
          [
            3.113612,
            43.120336,
            2.31
          ],
          [
            3.113832,
            43.120539,
            2.23
          ],
          [
            3.11452,
            43.120971,
            2.39
          ],
          [
            3.115032,
            43.121265,
            2.51
          ],
          [
            3.115755,
            43.121771,
            2.27
          ],
          [
            3.116574,
            43.122302,
            1.95
          ],
          [
            3.116831,
            43.122482,
            1.84
          ],
          [
            3.11756,
            43.122954,
            1.3
          ],
          [
            3.119002,
            43.123865,
            2.0
          ],
          [
            3.119921,
            43.124463,
            2.0
          ],
          [
            3.122686,
            43.126334,
            1.34
          ],
          [
            3.124251,
            43.127353,
            1.99
          ],
          [
            3.124518,
            43.127553,
            2.0
          ],
          [
            3.124862,
            43.127862,
            2.02
          ],
          [
            3.126055,
            43.128714,
            2.21
          ],
          [
            3.126463,
            43.12898,
            2.07
          ],
          [
            3.126588,
            43.129107,
            1.88
          ],
          [
            3.126751,
            43.129348,
            1.63
          ],
          [
            3.127152,
            43.129713,
            2.14
          ],
          [
            3.127289,
            43.129781,
            2.55
          ],
          [
            3.127373,
            43.1298,
            2.79
          ],
          [
            3.127489,
            43.129775,
            3.27
          ],
          [
            3.127756,
            43.129542,
            3.97
          ],
          [
            3.127831,
            43.129578,
            3.99
          ],
          [
            3.127882,
            43.12959,
            4.0
          ],
          [
            3.127941,
            43.129587,
            3.95
          ],
          [
            3.128068,
            43.129597,
            3.56
          ],
          [
            3.128154,
            43.129574,
            3.3
          ],
          [
            3.128262,
            43.129562,
            3.13
          ],
          [
            3.12835,
            43.129517,
            3.03
          ],
          [
            3.128536,
            43.129457,
            2.91
          ],
          [
            3.128629,
            43.129453,
            2.9
          ],
          [
            3.128747,
            43.12947,
            2.92
          ],
          [
            3.128866,
            43.129511,
            2.94
          ],
          [
            3.128914,
            43.129538,
            2.94
          ],
          [
            3.128974,
            43.129594,
            2.95
          ],
          [
            3.12901,
            43.129655,
            2.95
          ],
          [
            3.129047,
            43.12977,
            2.93
          ],
          [
            3.129131,
            43.13025,
            3.0
          ],
          [
            3.129168,
            43.130362,
            3.0
          ],
          [
            3.129243,
            43.130506,
            3.0
          ],
          [
            3.129376,
            43.130664,
            3.0
          ],
          [
            3.130826,
            43.132143,
            2.84
          ],
          [
            3.132026,
            43.133403,
            2.74
          ],
          [
            3.132635,
            43.13403,
            2.48
          ],
          [
            3.133518,
            43.134978,
            2.41
          ],
          [
            3.133542,
            43.135021,
            2.56
          ],
          [
            3.133656,
            43.135137,
            2.57
          ],
          [
            3.133731,
            43.135227,
            2.45
          ],
          [
            3.133811,
            43.135301,
            2.35
          ],
          [
            3.133865,
            43.135336,
            2.5
          ],
          [
            3.134008,
            43.135458,
            2.83
          ],
          [
            3.134372,
            43.135858,
            2.79
          ],
          [
            3.134369,
            43.135895,
            2.63
          ],
          [
            3.134496,
            43.135967,
            2.73
          ],
          [
            3.134537,
            43.136003,
            2.66
          ],
          [
            3.134663,
            43.136158,
            2.58
          ],
          [
            3.134803,
            43.136286,
            2.89
          ],
          [
            3.135546,
            43.13707,
            3.0
          ],
          [
            3.135679,
            43.13719,
            2.98
          ],
          [
            3.139838,
            43.141529,
            2.62
          ],
          [
            3.140982,
            43.142667,
            2.86
          ],
          [
            3.142252,
            43.143988,
            2.57
          ],
          [
            3.142493,
            43.144211,
            2.38
          ],
          [
            3.14276,
            43.144381,
            2.21
          ],
          [
            3.142998,
            43.144573,
            2.04
          ],
          [
            3.143247,
            43.144706,
            2.0
          ],
          [
            3.143547,
            43.144804,
            2.0
          ],
          [
            3.143848,
            43.144856,
            2.0
          ],
          [
            3.144029,
            43.144865,
            2.0
          ],
          [
            3.144589,
            43.144779,
            2.0
          ],
          [
            3.144709,
            43.144778,
            2.0
          ],
          [
            3.144971,
            43.144866,
            2.0
          ],
          [
            3.145047,
            43.144918,
            2.0
          ],
          [
            3.145063,
            43.14495,
            2.0
          ],
          [
            3.145147,
            43.144991,
            1.97
          ],
          [
            3.145195,
            43.145028,
            1.7
          ],
          [
            3.145118,
            43.145129,
            1.92
          ],
          [
            3.14507,
            43.145236,
            2.07
          ],
          [
            3.145068,
            43.145298,
            2.08
          ],
          [
            3.145094,
            43.145339,
            2.06
          ],
          [
            3.145173,
            43.145403,
            2.03
          ],
          [
            3.145276,
            43.145449,
            2.02
          ],
          [
            3.145447,
            43.145465,
            2.02
          ],
          [
            3.14584,
            43.145487,
            2.03
          ],
          [
            3.146717,
            43.145515,
            1.87
          ],
          [
            3.146955,
            43.145499,
            1.46
          ],
          [
            3.147043,
            43.1455,
            1.05
          ],
          [
            3.147347,
            43.145553,
            1.73
          ],
          [
            3.148036,
            43.145575,
            1.86
          ],
          [
            3.148507,
            43.145611,
            1.88
          ],
          [
            3.149006,
            43.145687,
            1.89
          ],
          [
            3.149422,
            43.145782,
            1.87
          ],
          [
            3.149827,
            43.145896,
            1.85
          ],
          [
            3.150224,
            43.146035,
            1.84
          ],
          [
            3.150564,
            43.146193,
            1.84
          ],
          [
            3.151109,
            43.146469,
            1.89
          ],
          [
            3.152488,
            43.147268,
            1.97
          ],
          [
            3.153131,
            43.147615,
            2.0
          ],
          [
            3.153263,
            43.147636,
            2.0
          ],
          [
            3.153307,
            43.147658,
            2.0
          ],
          [
            3.153347,
            43.147688,
            2.0
          ],
          [
            3.153383,
            43.147761,
            1.99
          ],
          [
            3.154051,
            43.148192,
            2.0
          ],
          [
            3.154961,
            43.148718,
            1.93
          ],
          [
            3.15514,
            43.148775,
            1.72
          ],
          [
            3.155263,
            43.148849,
            1.7
          ],
          [
            3.155448,
            43.148994,
            1.98
          ],
          [
            3.15641,
            43.149585,
            2.0
          ],
          [
            3.156851,
            43.149918,
            2.0
          ],
          [
            3.157131,
            43.150183,
            2.0
          ],
          [
            3.157472,
            43.150575,
            2.0
          ],
          [
            3.157736,
            43.150976,
            2.0
          ],
          [
            3.157881,
            43.151285,
            2.0
          ],
          [
            3.157992,
            43.151579,
            2.0
          ],
          [
            3.158169,
            43.152349,
            2.29
          ],
          [
            3.158159,
            43.152548,
            2.33
          ],
          [
            3.158181,
            43.152631,
            2.33
          ],
          [
            3.158253,
            43.152728,
            2.33
          ],
          [
            3.158745,
            43.153039,
            2.2
          ],
          [
            3.158801,
            43.153065,
            2.11
          ],
          [
            3.158907,
            43.153086,
            2.01
          ],
          [
            3.159078,
            43.153093,
            2.0
          ],
          [
            3.159126,
            43.153116,
            2.0
          ],
          [
            3.159094,
            43.153224,
            2.59
          ],
          [
            3.15912,
            43.153272,
            2.65
          ],
          [
            3.159121,
            43.153298,
            2.54
          ],
          [
            3.159191,
            43.153397,
            2.0
          ],
          [
            3.159279,
            43.15347,
            2.0
          ],
          [
            3.159824,
            43.153824,
            2.0
          ],
          [
            3.160964,
            43.154532,
            2.0
          ],
          [
            3.161263,
            43.154745,
            2.0
          ],
          [
            3.161392,
            43.1549,
            2.01
          ],
          [
            3.161627,
            43.155155,
            2.01
          ],
          [
            3.161764,
            43.155325,
            2.15
          ],
          [
            3.162076,
            43.155685,
            2.0
          ],
          [
            3.162171,
            43.15581,
            2.0
          ],
          [
            3.162217,
            43.155888,
            2.0
          ],
          [
            3.162247,
            43.155885,
            2.0
          ],
          [
            3.162303,
            43.1559,
            2.0
          ],
          [
            3.162337,
            43.155936,
            2.0
          ],
          [
            3.162439,
            43.155901,
            2.0
          ],
          [
            3.164312,
            43.155732,
            2.0
          ],
          [
            3.164485,
            43.155706,
            2.0
          ],
          [
            3.164591,
            43.15566,
            2.0
          ],
          [
            3.165942,
            43.157022,
            2.0
          ],
          [
            3.166071,
            43.15717,
            2.0
          ],
          [
            3.166141,
            43.157159,
            2.0
          ],
          [
            3.166166,
            43.157164,
            2.0
          ],
          [
            3.166208,
            43.157188,
            2.0
          ],
          [
            3.166231,
            43.157234,
            2.0
          ],
          [
            3.166205,
            43.157285,
            2.0
          ],
          [
            3.167042,
            43.15813,
            2.0
          ],
          [
            3.167415,
            43.158486,
            2.0
          ],
          [
            3.168313,
            43.159376,
            2.0
          ],
          [
            3.168682,
            43.159781,
            2.0
          ],
          [
            3.168884,
            43.159951,
            2.0
          ],
          [
            3.16931,
            43.160245,
            2.0
          ],
          [
            3.170233,
            43.161195,
            2.0
          ],
          [
            3.170599,
            43.161729,
            2.0
          ],
          [
            3.170771,
            43.161882,
            2.0
          ],
          [
            3.171167,
            43.162166,
            2.0
          ],
          [
            3.171478,
            43.162334,
            2.0
          ],
          [
            3.171672,
            43.162429,
            2.0
          ],
          [
            3.171829,
            43.162535,
            2.0
          ],
          [
            3.172329,
            43.162932,
            2.0
          ],
          [
            3.172492,
            43.163034,
            2.0
          ],
          [
            3.17336,
            43.163766,
            2.0
          ],
          [
            3.173485,
            43.163906,
            2.0
          ],
          [
            3.174404,
            43.164688,
            2.0
          ],
          [
            3.174476,
            43.164739,
            2.0
          ],
          [
            3.174613,
            43.164816,
            2.0
          ],
          [
            3.175062,
            43.1652,
            2.0
          ],
          [
            3.175114,
            43.165283,
            2.0
          ],
          [
            3.175586,
            43.16568,
            2.0
          ],
          [
            3.175781,
            43.165803,
            2.0
          ],
          [
            3.176559,
            43.166452,
            2.0
          ],
          [
            3.17669,
            43.166554,
            2.0
          ],
          [
            3.176865,
            43.16669,
            2.0
          ],
          [
            3.176574,
            43.166891,
            2.0
          ],
          [
            3.177992,
            43.168017,
            2.0
          ],
          [
            3.178314,
            43.168202,
            2.0
          ],
          [
            3.178565,
            43.168378,
            2.0
          ],
          [
            3.178962,
            43.168693,
            2.0
          ],
          [
            3.179457,
            43.16914,
            2.0
          ],
          [
            3.179597,
            43.169561,
            2.0
          ],
          [
            3.179625,
            43.169787,
            2.0
          ],
          [
            3.179601,
            43.169898,
            2.0
          ],
          [
            3.179532,
            43.169987,
            2.02
          ],
          [
            3.180191,
            43.17052,
            1.88
          ],
          [
            3.180859,
            43.171275,
            1.4
          ],
          [
            3.180929,
            43.171239,
            0.52
          ],
          [
            3.180945,
            43.171257,
            0.75
          ],
          [
            3.18116,
            43.171278,
            1.51
          ],
          [
            3.181176,
            43.171296,
            1.63
          ],
          [
            3.181284,
            43.171526,
            2.0
          ],
          [
            3.181364,
            43.171633,
            2.0
          ],
          [
            3.181446,
            43.17171,
            2.0
          ],
          [
            3.181614,
            43.171811,
            2.0
          ],
          [
            3.182013,
            43.172139,
            2.0
          ],
          [
            3.182091,
            43.172194,
            2.0
          ],
          [
            3.182145,
            43.172217,
            2.0
          ],
          [
            3.182212,
            43.172227,
            2.0
          ],
          [
            3.182268,
            43.172251,
            2.0
          ],
          [
            3.182308,
            43.172288,
            2.0
          ],
          [
            3.182327,
            43.172364,
            2.0
          ],
          [
            3.182399,
            43.172465,
            2.0
          ],
          [
            3.183387,
            43.173278,
            2.0
          ],
          [
            3.183694,
            43.173667,
            2.0
          ],
          [
            3.183771,
            43.173755,
            2.0
          ],
          [
            3.183831,
            43.173804,
            2.0
          ],
          [
            3.183859,
            43.17386,
            2.0
          ],
          [
            3.184009,
            43.174044,
            2.0
          ],
          [
            3.184156,
            43.174197,
            2.0
          ],
          [
            3.184367,
            43.174385,
            2.0
          ],
          [
            3.184732,
            43.174627,
            2.0
          ],
          [
            3.185396,
            43.175039,
            2.02
          ],
          [
            3.185627,
            43.175199,
            2.94
          ],
          [
            3.186146,
            43.175602,
            2.0
          ],
          [
            3.186231,
            43.175693,
            2.0
          ],
          [
            3.186705,
            43.17576,
            2.0
          ],
          [
            3.187958,
            43.175912,
            1.68
          ],
          [
            3.188049,
            43.176043,
            1.72
          ],
          [
            3.187929,
            43.176582,
            1.98
          ],
          [
            3.187927,
            43.176632,
            2.0
          ],
          [
            3.187968,
            43.176672,
            2.0
          ],
          [
            3.188725,
            43.176946,
            2.0
          ],
          [
            3.189038,
            43.177085,
            2.0
          ],
          [
            3.189282,
            43.177238,
            2.0
          ],
          [
            3.189399,
            43.177344,
            2.0
          ],
          [
            3.189621,
            43.177616,
            2.0
          ],
          [
            3.189675,
            43.177703,
            2.0
          ],
          [
            3.190001,
            43.178063,
            2.0
          ],
          [
            3.18999,
            43.178116,
            2.0
          ],
          [
            3.190027,
            43.178142,
            2.0
          ],
          [
            3.189897,
            43.178202,
            2.0
          ],
          [
            3.190048,
            43.178345,
            2.0
          ],
          [
            3.190135,
            43.178457,
            2.0
          ],
          [
            3.19011,
            43.178467,
            2.0
          ],
          [
            3.190301,
            43.178725,
            2.0
          ],
          [
            3.190331,
            43.178714,
            2.0
          ],
          [
            3.190474,
            43.178881,
            2.0
          ],
          [
            3.192279,
            43.180489,
            2.0
          ],
          [
            3.192694,
            43.180895,
            2.0
          ],
          [
            3.193441,
            43.181655,
            1.94
          ],
          [
            3.193678,
            43.181877,
            2.0
          ],
          [
            3.193736,
            43.181983,
            2.0
          ],
          [
            3.193971,
            43.182211,
            1.34
          ],
          [
            3.195653,
            43.183766,
            2.0
          ],
          [
            3.196165,
            43.184287,
            2.0
          ],
          [
            3.196212,
            43.184366,
            2.0
          ],
          [
            3.196242,
            43.184515,
            2.0
          ],
          [
            3.196245,
            43.184891,
            2.0
          ],
          [
            3.19627,
            43.18497,
            2.0
          ],
          [
            3.196315,
            43.185038,
            2.0
          ],
          [
            3.197304,
            43.185971,
            2.0
          ],
          [
            3.197991,
            43.186647,
            2.0
          ],
          [
            3.198023,
            43.186707,
            2.0
          ],
          [
            3.198037,
            43.186762,
            2.0
          ],
          [
            3.198141,
            43.186828,
            2.0
          ],
          [
            3.198107,
            43.186953,
            2.0
          ],
          [
            3.198022,
            43.187083,
            2.0
          ],
          [
            3.197886,
            43.187202,
            2.0
          ],
          [
            3.197747,
            43.187288,
            2.0
          ],
          [
            3.197655,
            43.187341,
            2.04
          ],
          [
            3.197577,
            43.187406,
            2.24
          ],
          [
            3.197479,
            43.187524,
            2.63
          ],
          [
            3.197212,
            43.187906,
            3.54
          ],
          [
            3.197147,
            43.188012,
            3.72
          ],
          [
            3.197168,
            43.18815,
            3.82
          ],
          [
            3.197109,
            43.188257,
            3.82
          ],
          [
            3.197057,
            43.188327,
            3.85
          ],
          [
            3.196828,
            43.188491,
            3.72
          ],
          [
            3.19658,
            43.188837,
            2.4
          ],
          [
            3.196525,
            43.188818,
            3.15
          ],
          [
            3.196476,
            43.188936,
            2.49
          ],
          [
            3.196289,
            43.189213,
            2.0
          ],
          [
            3.196279,
            43.189285,
            2.11
          ],
          [
            3.196314,
            43.189353,
            2.28
          ],
          [
            3.196564,
            43.189607,
            2.05
          ],
          [
            3.196625,
            43.18974,
            2.0
          ],
          [
            3.196537,
            43.189908,
            1.98
          ],
          [
            3.196465,
            43.189924,
            1.81
          ],
          [
            3.19634,
            43.189985,
            1.41
          ],
          [
            3.196163,
            43.190118,
            1.0
          ],
          [
            3.196052,
            43.190257,
            1.0
          ],
          [
            3.195966,
            43.190326,
            1.02
          ],
          [
            3.195868,
            43.19038,
            1.18
          ],
          [
            3.195613,
            43.190468,
            1.26
          ],
          [
            3.195437,
            43.190555,
            1.19
          ],
          [
            3.195427,
            43.190635,
            1.2
          ],
          [
            3.195462,
            43.190692,
            1.23
          ],
          [
            3.195528,
            43.190752,
            1.25
          ],
          [
            3.19557,
            43.191026,
            1.22
          ],
          [
            3.195535,
            43.191093,
            1.2
          ],
          [
            3.195487,
            43.191138,
            1.18
          ],
          [
            3.195439,
            43.191207,
            1.16
          ],
          [
            3.194416,
            43.19214,
            1.59
          ],
          [
            3.19426,
            43.192197,
            1.59
          ],
          [
            3.194082,
            43.192224,
            1.66
          ],
          [
            3.193961,
            43.19228,
            1.69
          ],
          [
            3.193671,
            43.192664,
            1.0
          ],
          [
            3.193628,
            43.193162,
            1.12
          ],
          [
            3.193617,
            43.193449,
            1.46
          ],
          [
            3.193704,
            43.193553,
            1.72
          ],
          [
            3.193919,
            43.193758,
            1.96
          ],
          [
            3.193951,
            43.193851,
            2.13
          ],
          [
            3.193996,
            43.193929,
            2.03
          ],
          [
            3.194272,
            43.194271,
            1.78
          ],
          [
            3.194272,
            43.19457,
            1.6
          ],
          [
            3.194143,
            43.195343,
            1.45
          ],
          [
            3.194143,
            43.195343,
            1.45
          ],
          [
            3.194272,
            43.19457,
            1.6
          ],
          [
            3.194272,
            43.194271,
            1.78
          ],
          [
            3.193996,
            43.193929,
            2.03
          ],
          [
            3.193951,
            43.193851,
            2.13
          ],
          [
            3.193919,
            43.193758,
            1.96
          ],
          [
            3.193704,
            43.193553,
            1.72
          ],
          [
            3.193617,
            43.193449,
            1.46
          ],
          [
            3.193628,
            43.193162,
            1.12
          ],
          [
            3.193671,
            43.192664,
            1.0
          ],
          [
            3.193961,
            43.19228,
            1.69
          ],
          [
            3.194082,
            43.192224,
            1.66
          ],
          [
            3.19426,
            43.192197,
            1.59
          ],
          [
            3.194416,
            43.19214,
            1.59
          ],
          [
            3.195439,
            43.191207,
            1.16
          ],
          [
            3.195487,
            43.191138,
            1.18
          ],
          [
            3.195535,
            43.191093,
            1.2
          ],
          [
            3.19557,
            43.191026,
            1.22
          ],
          [
            3.195528,
            43.190752,
            1.25
          ],
          [
            3.195462,
            43.190692,
            1.23
          ],
          [
            3.195427,
            43.190635,
            1.2
          ],
          [
            3.195437,
            43.190555,
            1.19
          ],
          [
            3.195613,
            43.190468,
            1.26
          ],
          [
            3.195868,
            43.19038,
            1.18
          ],
          [
            3.195966,
            43.190326,
            1.02
          ],
          [
            3.196052,
            43.190257,
            1.0
          ],
          [
            3.196163,
            43.190118,
            1.0
          ],
          [
            3.196189,
            43.190098,
            1.0
          ],
          [
            3.19634,
            43.189985,
            1.41
          ],
          [
            3.196465,
            43.189924,
            1.81
          ],
          [
            3.196537,
            43.189908,
            1.98
          ],
          [
            3.196625,
            43.18974,
            2.0
          ],
          [
            3.196564,
            43.189607,
            2.05
          ],
          [
            3.196314,
            43.189353,
            2.28
          ],
          [
            3.196279,
            43.189285,
            2.11
          ],
          [
            3.196289,
            43.189213,
            2.0
          ],
          [
            3.196476,
            43.188936,
            2.49
          ],
          [
            3.196525,
            43.188818,
            3.15
          ],
          [
            3.19658,
            43.188837,
            2.4
          ],
          [
            3.196828,
            43.188491,
            3.72
          ],
          [
            3.197057,
            43.188327,
            3.85
          ],
          [
            3.197109,
            43.188257,
            3.82
          ],
          [
            3.197168,
            43.18815,
            3.82
          ],
          [
            3.197147,
            43.188012,
            3.72
          ],
          [
            3.197212,
            43.187906,
            3.54
          ],
          [
            3.197479,
            43.187524,
            2.63
          ],
          [
            3.197577,
            43.187406,
            2.24
          ],
          [
            3.197655,
            43.187341,
            2.04
          ],
          [
            3.197747,
            43.187288,
            2.0
          ],
          [
            3.197886,
            43.187202,
            2.0
          ],
          [
            3.198022,
            43.187083,
            2.0
          ],
          [
            3.198107,
            43.186953,
            2.0
          ],
          [
            3.198141,
            43.186828,
            2.0
          ],
          [
            3.198037,
            43.186762,
            2.0
          ],
          [
            3.198023,
            43.186707,
            2.0
          ],
          [
            3.197991,
            43.186647,
            2.0
          ],
          [
            3.197304,
            43.185971,
            2.0
          ],
          [
            3.196315,
            43.185038,
            2.0
          ],
          [
            3.19627,
            43.18497,
            2.0
          ],
          [
            3.196245,
            43.184891,
            2.0
          ],
          [
            3.196242,
            43.184515,
            2.0
          ],
          [
            3.196212,
            43.184366,
            2.0
          ],
          [
            3.196165,
            43.184287,
            2.0
          ],
          [
            3.195653,
            43.183766,
            2.0
          ],
          [
            3.193971,
            43.182211,
            1.34
          ],
          [
            3.193736,
            43.181983,
            2.0
          ],
          [
            3.193678,
            43.181877,
            2.0
          ],
          [
            3.193441,
            43.181655,
            1.94
          ],
          [
            3.192694,
            43.180895,
            2.0
          ],
          [
            3.192279,
            43.180489,
            2.0
          ],
          [
            3.190474,
            43.178881,
            2.0
          ],
          [
            3.190331,
            43.178714,
            2.0
          ],
          [
            3.190301,
            43.178725,
            2.0
          ],
          [
            3.19011,
            43.178467,
            2.0
          ],
          [
            3.190135,
            43.178457,
            2.0
          ],
          [
            3.190048,
            43.178345,
            2.0
          ],
          [
            3.189897,
            43.178202,
            2.0
          ],
          [
            3.190027,
            43.178142,
            2.0
          ],
          [
            3.18999,
            43.178116,
            2.0
          ],
          [
            3.190001,
            43.178063,
            2.0
          ],
          [
            3.189675,
            43.177703,
            2.0
          ],
          [
            3.189621,
            43.177616,
            2.0
          ],
          [
            3.189399,
            43.177344,
            2.0
          ],
          [
            3.189282,
            43.177238,
            2.0
          ],
          [
            3.189038,
            43.177085,
            2.0
          ],
          [
            3.188725,
            43.176946,
            2.0
          ],
          [
            3.187968,
            43.176672,
            2.0
          ],
          [
            3.187927,
            43.176632,
            2.0
          ],
          [
            3.187929,
            43.176582,
            1.98
          ],
          [
            3.188049,
            43.176043,
            1.72
          ],
          [
            3.187958,
            43.175912,
            1.68
          ],
          [
            3.186705,
            43.17576,
            2.0
          ],
          [
            3.186231,
            43.175693,
            2.0
          ],
          [
            3.186146,
            43.175602,
            2.0
          ],
          [
            3.185627,
            43.175199,
            2.94
          ],
          [
            3.185396,
            43.175039,
            2.02
          ],
          [
            3.184732,
            43.174627,
            2.0
          ],
          [
            3.184367,
            43.174385,
            2.0
          ],
          [
            3.184156,
            43.174197,
            2.0
          ],
          [
            3.184009,
            43.174044,
            2.0
          ],
          [
            3.183859,
            43.17386,
            2.0
          ],
          [
            3.183831,
            43.173804,
            2.0
          ],
          [
            3.183771,
            43.173755,
            2.0
          ],
          [
            3.183694,
            43.173667,
            2.0
          ],
          [
            3.183387,
            43.173278,
            2.0
          ],
          [
            3.182399,
            43.172465,
            2.0
          ],
          [
            3.182327,
            43.172364,
            2.0
          ],
          [
            3.182308,
            43.172288,
            2.0
          ],
          [
            3.182268,
            43.172251,
            2.0
          ],
          [
            3.182212,
            43.172227,
            2.0
          ],
          [
            3.182145,
            43.172217,
            2.0
          ],
          [
            3.182091,
            43.172194,
            2.0
          ],
          [
            3.182013,
            43.172139,
            2.0
          ],
          [
            3.181614,
            43.171811,
            2.0
          ],
          [
            3.181446,
            43.17171,
            2.0
          ],
          [
            3.181364,
            43.171633,
            2.0
          ],
          [
            3.181284,
            43.171526,
            2.0
          ],
          [
            3.181176,
            43.171296,
            1.63
          ],
          [
            3.18116,
            43.171278,
            1.51
          ],
          [
            3.180945,
            43.171257,
            0.75
          ],
          [
            3.180929,
            43.171239,
            0.52
          ],
          [
            3.180859,
            43.171275,
            1.4
          ],
          [
            3.180191,
            43.17052,
            1.88
          ],
          [
            3.179532,
            43.169987,
            2.02
          ],
          [
            3.179601,
            43.169898,
            2.0
          ],
          [
            3.179625,
            43.169787,
            2.0
          ],
          [
            3.179597,
            43.169561,
            2.0
          ],
          [
            3.179457,
            43.16914,
            2.0
          ],
          [
            3.178962,
            43.168693,
            2.0
          ],
          [
            3.178565,
            43.168378,
            2.0
          ],
          [
            3.178314,
            43.168202,
            2.0
          ],
          [
            3.177992,
            43.168017,
            2.0
          ],
          [
            3.176574,
            43.166891,
            2.0
          ],
          [
            3.176865,
            43.16669,
            2.0
          ],
          [
            3.17669,
            43.166554,
            2.0
          ],
          [
            3.176559,
            43.166452,
            2.0
          ],
          [
            3.175781,
            43.165803,
            2.0
          ],
          [
            3.175586,
            43.16568,
            2.0
          ],
          [
            3.175114,
            43.165283,
            2.0
          ],
          [
            3.175062,
            43.1652,
            2.0
          ],
          [
            3.174613,
            43.164816,
            2.0
          ],
          [
            3.174476,
            43.164739,
            2.0
          ],
          [
            3.174404,
            43.164688,
            2.0
          ],
          [
            3.173485,
            43.163906,
            2.0
          ],
          [
            3.17336,
            43.163766,
            2.0
          ],
          [
            3.172492,
            43.163034,
            2.0
          ],
          [
            3.172329,
            43.162932,
            2.0
          ],
          [
            3.171829,
            43.162535,
            2.0
          ],
          [
            3.171672,
            43.162429,
            2.0
          ],
          [
            3.171478,
            43.162334,
            2.0
          ],
          [
            3.171167,
            43.162166,
            2.0
          ],
          [
            3.170771,
            43.161882,
            2.0
          ],
          [
            3.170599,
            43.161729,
            2.0
          ],
          [
            3.170233,
            43.161195,
            2.0
          ],
          [
            3.16931,
            43.160245,
            2.0
          ],
          [
            3.168884,
            43.159951,
            2.0
          ],
          [
            3.168682,
            43.159781,
            2.0
          ],
          [
            3.168313,
            43.159376,
            2.0
          ],
          [
            3.167415,
            43.158486,
            2.0
          ],
          [
            3.167042,
            43.15813,
            2.0
          ],
          [
            3.166205,
            43.157285,
            2.0
          ],
          [
            3.166231,
            43.157234,
            2.0
          ],
          [
            3.166208,
            43.157188,
            2.0
          ],
          [
            3.166166,
            43.157164,
            2.0
          ],
          [
            3.166141,
            43.157159,
            2.0
          ],
          [
            3.166071,
            43.15717,
            2.0
          ],
          [
            3.165942,
            43.157022,
            2.0
          ],
          [
            3.164591,
            43.15566,
            2.0
          ],
          [
            3.164485,
            43.155706,
            2.0
          ],
          [
            3.164312,
            43.155732,
            2.0
          ],
          [
            3.162439,
            43.155901,
            2.0
          ],
          [
            3.162337,
            43.155936,
            2.0
          ],
          [
            3.162303,
            43.1559,
            2.0
          ],
          [
            3.162247,
            43.155885,
            2.0
          ],
          [
            3.162217,
            43.155888,
            2.0
          ],
          [
            3.162171,
            43.15581,
            2.0
          ],
          [
            3.162076,
            43.155685,
            2.0
          ],
          [
            3.161764,
            43.155325,
            2.15
          ],
          [
            3.161627,
            43.155155,
            2.01
          ],
          [
            3.161392,
            43.1549,
            2.01
          ],
          [
            3.161263,
            43.154745,
            2.0
          ],
          [
            3.160964,
            43.154532,
            2.0
          ],
          [
            3.159824,
            43.153824,
            2.0
          ],
          [
            3.159279,
            43.15347,
            2.0
          ],
          [
            3.159191,
            43.153397,
            2.0
          ],
          [
            3.159121,
            43.153298,
            2.54
          ],
          [
            3.15912,
            43.153272,
            2.65
          ],
          [
            3.159094,
            43.153224,
            2.59
          ],
          [
            3.159126,
            43.153116,
            2.0
          ],
          [
            3.159078,
            43.153093,
            2.0
          ],
          [
            3.158907,
            43.153086,
            2.01
          ],
          [
            3.158801,
            43.153065,
            2.11
          ],
          [
            3.158745,
            43.153039,
            2.2
          ],
          [
            3.158253,
            43.152728,
            2.33
          ],
          [
            3.158181,
            43.152631,
            2.33
          ],
          [
            3.158159,
            43.152548,
            2.33
          ],
          [
            3.158169,
            43.152349,
            2.29
          ],
          [
            3.157992,
            43.151579,
            2.0
          ],
          [
            3.157881,
            43.151285,
            2.0
          ],
          [
            3.157736,
            43.150976,
            2.0
          ],
          [
            3.157472,
            43.150575,
            2.0
          ],
          [
            3.157131,
            43.150183,
            2.0
          ],
          [
            3.156851,
            43.149918,
            2.0
          ],
          [
            3.15641,
            43.149585,
            2.0
          ],
          [
            3.155448,
            43.148994,
            1.98
          ],
          [
            3.155263,
            43.148849,
            1.7
          ],
          [
            3.15514,
            43.148775,
            1.72
          ],
          [
            3.154961,
            43.148718,
            1.93
          ],
          [
            3.154051,
            43.148192,
            2.0
          ],
          [
            3.153383,
            43.147761,
            1.99
          ],
          [
            3.153347,
            43.147688,
            2.0
          ],
          [
            3.153307,
            43.147658,
            2.0
          ],
          [
            3.153263,
            43.147636,
            2.0
          ],
          [
            3.153131,
            43.147615,
            2.0
          ],
          [
            3.152488,
            43.147268,
            1.97
          ],
          [
            3.151109,
            43.146469,
            1.89
          ],
          [
            3.150564,
            43.146193,
            1.84
          ],
          [
            3.150224,
            43.146035,
            1.84
          ],
          [
            3.149827,
            43.145896,
            1.85
          ],
          [
            3.149422,
            43.145782,
            1.87
          ],
          [
            3.149006,
            43.145687,
            1.89
          ],
          [
            3.148507,
            43.145611,
            1.88
          ],
          [
            3.148036,
            43.145575,
            1.86
          ],
          [
            3.147347,
            43.145553,
            1.73
          ],
          [
            3.147043,
            43.1455,
            1.05
          ],
          [
            3.146955,
            43.145499,
            1.46
          ],
          [
            3.146717,
            43.145515,
            1.87
          ],
          [
            3.14584,
            43.145487,
            2.03
          ],
          [
            3.145447,
            43.145465,
            2.02
          ],
          [
            3.145276,
            43.145449,
            2.02
          ],
          [
            3.145173,
            43.145403,
            2.03
          ],
          [
            3.145094,
            43.145339,
            2.06
          ],
          [
            3.145068,
            43.145298,
            2.08
          ],
          [
            3.14507,
            43.145236,
            2.07
          ],
          [
            3.145118,
            43.145129,
            1.92
          ],
          [
            3.145195,
            43.145028,
            1.7
          ],
          [
            3.145147,
            43.144991,
            1.97
          ],
          [
            3.145063,
            43.14495,
            2.0
          ],
          [
            3.145047,
            43.144918,
            2.0
          ],
          [
            3.144971,
            43.144866,
            2.0
          ],
          [
            3.144709,
            43.144778,
            2.0
          ],
          [
            3.144589,
            43.144779,
            2.0
          ],
          [
            3.144029,
            43.144865,
            2.0
          ],
          [
            3.143848,
            43.144856,
            2.0
          ],
          [
            3.143547,
            43.144804,
            2.0
          ],
          [
            3.143247,
            43.144706,
            2.0
          ],
          [
            3.142998,
            43.144573,
            2.04
          ],
          [
            3.14276,
            43.144381,
            2.21
          ],
          [
            3.142493,
            43.144211,
            2.38
          ],
          [
            3.142252,
            43.143988,
            2.57
          ],
          [
            3.140982,
            43.142667,
            2.86
          ],
          [
            3.139838,
            43.141529,
            2.62
          ],
          [
            3.136478,
            43.13802,
            2.81
          ],
          [
            3.135679,
            43.13719,
            2.98
          ],
          [
            3.135546,
            43.13707,
            3.0
          ],
          [
            3.134803,
            43.136286,
            2.89
          ],
          [
            3.134663,
            43.136158,
            2.58
          ],
          [
            3.134537,
            43.136003,
            2.66
          ],
          [
            3.134496,
            43.135967,
            2.73
          ],
          [
            3.134369,
            43.135895,
            2.63
          ],
          [
            3.134372,
            43.135858,
            2.79
          ],
          [
            3.134299,
            43.135774,
            2.95
          ],
          [
            3.134008,
            43.135458,
            2.83
          ],
          [
            3.133865,
            43.135336,
            2.5
          ],
          [
            3.133811,
            43.135301,
            2.35
          ],
          [
            3.133731,
            43.135227,
            2.45
          ],
          [
            3.133683,
            43.135166,
            2.52
          ],
          [
            3.133542,
            43.135021,
            2.56
          ],
          [
            3.133518,
            43.134978,
            2.41
          ],
          [
            3.132635,
            43.13403,
            2.48
          ],
          [
            3.132026,
            43.133403,
            2.74
          ],
          [
            3.130826,
            43.132143,
            2.84
          ],
          [
            3.129376,
            43.130664,
            3.0
          ],
          [
            3.129243,
            43.130506,
            3.0
          ],
          [
            3.129168,
            43.130362,
            3.0
          ],
          [
            3.129131,
            43.13025,
            3.0
          ],
          [
            3.129047,
            43.12977,
            2.93
          ],
          [
            3.12901,
            43.129655,
            2.95
          ],
          [
            3.128974,
            43.129594,
            2.95
          ],
          [
            3.128914,
            43.129538,
            2.94
          ],
          [
            3.128866,
            43.129511,
            2.94
          ],
          [
            3.128747,
            43.12947,
            2.92
          ],
          [
            3.128629,
            43.129453,
            2.9
          ],
          [
            3.128536,
            43.129457,
            2.91
          ],
          [
            3.12835,
            43.129517,
            3.03
          ],
          [
            3.128262,
            43.129562,
            3.13
          ],
          [
            3.128154,
            43.129574,
            3.3
          ],
          [
            3.128068,
            43.129597,
            3.56
          ],
          [
            3.127999,
            43.129596,
            3.8
          ],
          [
            3.127941,
            43.129587,
            3.95
          ],
          [
            3.127882,
            43.12959,
            4.0
          ],
          [
            3.127831,
            43.129578,
            3.99
          ],
          [
            3.127756,
            43.129542,
            3.97
          ],
          [
            3.127489,
            43.129775,
            3.27
          ],
          [
            3.127373,
            43.1298,
            2.79
          ],
          [
            3.127289,
            43.129781,
            2.55
          ],
          [
            3.127152,
            43.129713,
            2.14
          ],
          [
            3.126751,
            43.129348,
            1.63
          ],
          [
            3.126588,
            43.129107,
            1.88
          ],
          [
            3.126463,
            43.12898,
            2.07
          ],
          [
            3.126055,
            43.128714,
            2.21
          ],
          [
            3.124862,
            43.127862,
            2.02
          ],
          [
            3.124518,
            43.127553,
            2.0
          ],
          [
            3.124251,
            43.127353,
            1.99
          ],
          [
            3.122686,
            43.126334,
            1.34
          ],
          [
            3.119921,
            43.124463,
            2.0
          ],
          [
            3.119002,
            43.123865,
            2.0
          ],
          [
            3.11756,
            43.122954,
            1.3
          ],
          [
            3.116831,
            43.122482,
            1.84
          ],
          [
            3.116574,
            43.122302,
            1.95
          ],
          [
            3.115755,
            43.121771,
            2.27
          ],
          [
            3.115032,
            43.121265,
            2.51
          ],
          [
            3.11452,
            43.120971,
            2.39
          ],
          [
            3.113832,
            43.120539,
            2.23
          ],
          [
            3.113612,
            43.120336,
            2.31
          ],
          [
            3.11342,
            43.120194,
            2.39
          ],
          [
            3.112419,
            43.119513,
            2.87
          ],
          [
            3.112091,
            43.119318,
            2.95
          ],
          [
            3.111941,
            43.119275,
            2.96
          ],
          [
            3.111831,
            43.119267,
            2.95
          ],
          [
            3.111772,
            43.119253,
            2.93
          ],
          [
            3.111713,
            43.119223,
            2.91
          ],
          [
            3.11157,
            43.11909,
            2.87
          ],
          [
            3.111552,
            43.118957,
            3.0
          ],
          [
            3.111581,
            43.118902,
            3.0
          ],
          [
            3.111658,
            43.118818,
            3.0
          ],
          [
            3.111747,
            43.118834,
            3.0
          ],
          [
            3.111916,
            43.11884,
            3.0
          ],
          [
            3.112073,
            43.118812,
            3.0
          ],
          [
            3.112162,
            43.118715,
            3.0
          ],
          [
            3.112433,
            43.118401,
            3.0
          ],
          [
            3.112504,
            43.118266,
            3.0
          ],
          [
            3.112336,
            43.118199,
            3.0
          ],
          [
            3.112258,
            43.118176,
            3.0
          ],
          [
            3.112272,
            43.118119,
            3.0
          ],
          [
            3.112237,
            43.118054,
            3.0
          ],
          [
            3.111832,
            43.117909,
            3.16
          ],
          [
            3.111849,
            43.117884,
            3.06
          ],
          [
            3.111835,
            43.117827,
            3.01
          ],
          [
            3.111839,
            43.117771,
            3.0
          ],
          [
            3.111764,
            43.1177,
            3.0
          ],
          [
            3.111933,
            43.117431,
            3.0
          ],
          [
            3.11206,
            43.117262,
            3.0
          ],
          [
            3.11207,
            43.117177,
            3.0
          ],
          [
            3.112015,
            43.117099,
            3.0
          ],
          [
            3.111755,
            43.117055,
            3.0
          ],
          [
            3.111423,
            43.116976,
            2.4
          ],
          [
            3.111047,
            43.116866,
            2.74
          ],
          [
            3.110563,
            43.116666,
            2.97
          ],
          [
            3.110454,
            43.116614,
            2.51
          ],
          [
            3.110312,
            43.11657,
            2.69
          ],
          [
            3.110231,
            43.11659,
            2.94
          ],
          [
            3.110145,
            43.116579,
            3.0
          ],
          [
            3.110078,
            43.116538,
            3.0
          ],
          [
            3.110045,
            43.116479,
            2.91
          ],
          [
            3.110045,
            43.116447,
            2.66
          ],
          [
            3.109928,
            43.116371,
            2.05
          ],
          [
            3.106956,
            43.114991,
            3.0
          ],
          [
            3.106785,
            43.114934,
            3.0
          ],
          [
            3.106734,
            43.114952,
            3.0
          ],
          [
            3.106679,
            43.114959,
            3.0
          ],
          [
            3.106608,
            43.114951,
            3.0
          ],
          [
            3.106545,
            43.114928,
            3.0
          ],
          [
            3.106495,
            43.114889,
            3.0
          ],
          [
            3.10647,
            43.114849,
            3.0
          ],
          [
            3.106461,
            43.114804,
            3.0
          ],
          [
            3.106371,
            43.1147,
            2.98
          ],
          [
            3.106203,
            43.114578,
            2.7
          ],
          [
            3.10543,
            43.114228,
            2.02
          ],
          [
            3.10499,
            43.114016,
            3.0
          ],
          [
            3.104898,
            43.113971,
            2.93
          ],
          [
            3.104921,
            43.113926,
            2.58
          ],
          [
            3.104861,
            43.113907,
            2.6
          ],
          [
            3.104713,
            43.113886,
            2.85
          ],
          [
            3.104597,
            43.113848,
            2.91
          ],
          [
            3.10449,
            43.11375,
            2.94
          ],
          [
            3.104381,
            43.113686,
            3.0
          ],
          [
            3.104245,
            43.113631,
            3.0
          ],
          [
            3.104198,
            43.113585,
            3.0
          ],
          [
            3.103964,
            43.113152,
            3.0
          ],
          [
            3.10391,
            43.11296,
            3.0
          ],
          [
            3.103878,
            43.112661,
            2.96
          ],
          [
            3.103849,
            43.112516,
            3.0
          ],
          [
            3.103785,
            43.112379,
            2.57
          ],
          [
            3.103691,
            43.11226,
            2.33
          ],
          [
            3.101763,
            43.110814,
            3.0
          ],
          [
            3.101649,
            43.110745,
            3.01
          ],
          [
            3.101546,
            43.110703,
            3.01
          ],
          [
            3.101321,
            43.110669,
            3.05
          ],
          [
            3.100512,
            43.110745,
            3.76
          ],
          [
            3.100414,
            43.110748,
            3.74
          ],
          [
            3.100284,
            43.11074,
            3.78
          ],
          [
            3.100186,
            43.110707,
            3.82
          ],
          [
            3.099832,
            43.1105,
            3.66
          ],
          [
            3.099516,
            43.110277,
            3.37
          ],
          [
            3.099402,
            43.110212,
            3.2
          ],
          [
            3.099255,
            43.110159,
            2.99
          ],
          [
            3.098822,
            43.110126,
            3.0
          ],
          [
            3.09859,
            43.110149,
            3.0
          ],
          [
            3.097695,
            43.110279,
            3.0
          ],
          [
            3.097485,
            43.110298,
            2.98
          ],
          [
            3.097339,
            43.110375,
            2.93
          ],
          [
            3.096922,
            43.110546,
            2.46
          ],
          [
            3.096368,
            43.109943,
            0.85
          ],
          [
            3.095626,
            43.110307,
            1.08
          ],
          [
            3.095121,
            43.109745,
            1.6
          ],
          [
            3.094939,
            43.109833,
            1.89
          ],
          [
            3.094771,
            43.109916,
            2.0
          ],
          [
            3.094654,
            43.109808,
            2.48
          ],
          [
            3.094554,
            43.109817,
            2.87
          ],
          [
            3.093982,
            43.109853,
            2.61
          ],
          [
            3.093973,
            43.109795,
            2.5
          ],
          [
            3.093937,
            43.109595,
            2.26
          ],
          [
            3.093823,
            43.109502,
            1.62
          ],
          [
            3.093791,
            43.109207,
            1.1
          ],
          [
            3.093854,
            43.109176,
            1.06
          ],
          [
            3.093957,
            43.109194,
            1.31
          ],
          [
            3.09356,
            43.108786,
            1.52
          ],
          [
            3.09373,
            43.108697,
            0.99
          ],
          [
            3.093382,
            43.108285,
            2.0
          ],
          [
            3.093163,
            43.108317,
            2.0
          ],
          [
            3.092513,
            43.108333,
            2.0
          ],
          [
            3.092259,
            43.108331,
            2.0
          ],
          [
            3.092245,
            43.108109,
            2.0
          ],
          [
            3.09221,
            43.108076,
            2.0
          ],
          [
            3.091819,
            43.107905,
            2.0
          ],
          [
            3.091648,
            43.107785,
            2.0
          ],
          [
            3.091549,
            43.107727,
            2.0
          ],
          [
            3.090819,
            43.107421,
            2.0
          ],
          [
            3.090662,
            43.107393,
            2.0
          ],
          [
            3.089936,
            43.107344,
            2.0
          ],
          [
            3.089483,
            43.107172,
            2.0
          ],
          [
            3.089354,
            43.107153,
            2.0
          ],
          [
            3.08903,
            43.107152,
            2.03
          ],
          [
            3.088871,
            43.107182,
            1.85
          ],
          [
            3.088571,
            43.107316,
            1.07
          ],
          [
            3.088238,
            43.107289,
            1.25
          ],
          [
            3.088103,
            43.107297,
            1.22
          ],
          [
            3.087479,
            43.10698,
            1.56
          ],
          [
            3.087457,
            43.106952,
            1.59
          ],
          [
            3.087468,
            43.10692,
            1.59
          ],
          [
            3.087497,
            43.106894,
            1.54
          ],
          [
            3.087548,
            43.106871,
            1.48
          ],
          [
            3.087597,
            43.106821,
            1.45
          ],
          [
            3.087726,
            43.106512,
            1.79
          ],
          [
            3.086517,
            43.106458,
            1.0
          ],
          [
            3.085432,
            43.106425,
            1.0
          ],
          [
            3.085402,
            43.106196,
            1.0
          ],
          [
            3.084996,
            43.106217,
            1.0
          ],
          [
            3.084947,
            43.105846,
            1.0
          ],
          [
            3.084912,
            43.105736,
            1.0
          ],
          [
            3.084779,
            43.105605,
            1.26
          ],
          [
            3.084706,
            43.105464,
            1.84
          ],
          [
            3.084695,
            43.105428,
            1.94
          ],
          [
            3.084662,
            43.105389,
            1.85
          ],
          [
            3.084585,
            43.105261,
            1.6
          ],
          [
            3.084461,
            43.105027,
            2.14
          ],
          [
            3.084295,
            43.105123,
            2.12
          ],
          [
            3.084214,
            43.105029,
            1.09
          ],
          [
            3.0841,
            43.104866,
            0.0
          ],
          [
            3.084061,
            43.104824,
            0.19
          ],
          [
            3.083967,
            43.104799,
            0.57
          ],
          [
            3.083842,
            43.104812,
            0.7
          ],
          [
            3.083681,
            43.104844,
            0.73
          ],
          [
            3.083484,
            43.104918,
            0.68
          ],
          [
            3.08342,
            43.104952,
            0.68
          ],
          [
            3.083331,
            43.104968,
            0.71
          ],
          [
            3.083288,
            43.10502,
            0.73
          ],
          [
            3.083079,
            43.105109,
            0.77
          ],
          [
            3.082953,
            43.105136,
            0.75
          ],
          [
            3.082691,
            43.10524,
            0.7
          ],
          [
            3.08258,
            43.105307,
            0.67
          ],
          [
            3.082058,
            43.10551,
            0.67
          ],
          [
            3.080823,
            43.106096,
            0.42
          ],
          [
            3.080401,
            43.106335,
            0.25
          ],
          [
            3.08013,
            43.106551,
            0.1
          ],
          [
            3.079859,
            43.106723,
            0.01
          ],
          [
            3.079452,
            43.107068,
            0.0
          ],
          [
            3.07906,
            43.107335,
            0.01
          ],
          [
            3.078528,
            43.107716,
            0.14
          ],
          [
            3.077895,
            43.108138,
            0.46
          ],
          [
            3.077187,
            43.108585,
            0.71
          ],
          [
            3.076575,
            43.108937,
            0.72
          ],
          [
            3.076311,
            43.109108,
            0.63
          ],
          [
            3.076168,
            43.109176,
            0.6
          ],
          [
            3.075964,
            43.109318,
            0.54
          ],
          [
            3.075687,
            43.109463,
            0.5
          ],
          [
            3.075515,
            43.10953,
            0.5
          ],
          [
            3.075213,
            43.109627,
            0.53
          ],
          [
            3.074311,
            43.109714,
            0.58
          ],
          [
            3.073878,
            43.109771,
            0.55
          ],
          [
            3.073478,
            43.109815,
            0.5
          ],
          [
            3.073126,
            43.109883,
            0.49
          ],
          [
            3.072534,
            43.10995,
            0.56
          ],
          [
            3.071905,
            43.110047,
            0.58
          ],
          [
            3.071156,
            43.110125,
            0.39
          ],
          [
            3.069595,
            43.110326,
            0.42
          ],
          [
            3.068327,
            43.110531,
            0.53
          ],
          [
            3.067908,
            43.110584,
            0.62
          ],
          [
            3.067697,
            43.110632,
            0.66
          ],
          [
            3.067436,
            43.110666,
            0.73
          ],
          [
            3.067125,
            43.110699,
            0.72
          ],
          [
            3.06697,
            43.110688,
            0.76
          ],
          [
            3.066807,
            43.110695,
            0.82
          ],
          [
            3.066715,
            43.110709,
            0.82
          ],
          [
            3.066594,
            43.110712,
            0.82
          ],
          [
            3.066473,
            43.110737,
            0.73
          ],
          [
            3.066362,
            43.110789,
            0.58
          ],
          [
            3.066319,
            43.110768,
            0.47
          ],
          [
            3.066171,
            43.110731,
            0.91
          ],
          [
            3.065987,
            43.110785,
            1.4
          ],
          [
            3.065805,
            43.110806,
            1.53
          ],
          [
            3.065728,
            43.110725,
            1.1
          ],
          [
            3.065546,
            43.110605,
            0.9
          ],
          [
            3.064425,
            43.109995,
            1.0
          ],
          [
            3.064215,
            43.109822,
            1.0
          ],
          [
            3.057355,
            43.1104,
            0.89
          ],
          [
            3.054782,
            43.110607,
            0.16
          ],
          [
            3.0543,
            43.110665,
            0.23
          ],
          [
            3.053996,
            43.11073,
            0.32
          ],
          [
            3.046746,
            43.112665,
            1.4
          ],
          [
            3.046397,
            43.112755,
            1.33
          ],
          [
            3.046306,
            43.112769,
            1.77
          ],
          [
            3.046094,
            43.112689,
            1.36
          ],
          [
            3.045776,
            43.112526,
            1.72
          ],
          [
            3.045759,
            43.112416,
            1.83
          ],
          [
            3.045706,
            43.112338,
            1.81
          ],
          [
            3.045489,
            43.112116,
            1.71
          ],
          [
            3.045268,
            43.11194,
            2.0
          ],
          [
            3.044982,
            43.111792,
            2.3
          ],
          [
            3.044827,
            43.111741,
            2.53
          ],
          [
            3.044504,
            43.111652,
            3.74
          ],
          [
            3.044313,
            43.111613,
            4.15
          ],
          [
            3.044193,
            43.111574,
            3.86
          ],
          [
            3.044021,
            43.111534,
            3.21
          ],
          [
            3.043781,
            43.11152,
            2.33
          ],
          [
            3.043537,
            43.111522,
            1.95
          ],
          [
            3.043267,
            43.111507,
            1.58
          ],
          [
            3.042928,
            43.111479,
            1.15
          ],
          [
            3.042816,
            43.111459,
            1.08
          ],
          [
            3.042714,
            43.111418,
            1.03
          ],
          [
            3.041808,
            43.110957,
            0.99
          ],
          [
            3.041731,
            43.110907,
            1.0
          ],
          [
            3.041685,
            43.110853,
            1.0
          ],
          [
            3.041648,
            43.110672,
            1.0
          ],
          [
            3.040954,
            43.108653,
            1.0
          ],
          [
            3.04086,
            43.108517,
            0.77
          ],
          [
            3.040085,
            43.107885,
            0.98
          ],
          [
            3.036597,
            43.104995,
            0.96
          ],
          [
            3.034735,
            43.103956,
            0.99
          ],
          [
            3.031668,
            43.102217,
            1.85
          ],
          [
            3.031631,
            43.102186,
            1.97
          ],
          [
            3.031563,
            43.102188,
            1.64
          ],
          [
            3.031445,
            43.101921,
            1.75
          ],
          [
            3.030959,
            43.101131,
            1.44
          ],
          [
            3.030874,
            43.100922,
            1.48
          ],
          [
            3.030822,
            43.100642,
            1.61
          ],
          [
            3.030797,
            43.100204,
            1.72
          ],
          [
            3.030691,
            43.099311,
            1.62
          ],
          [
            3.030614,
            43.099135,
            1.62
          ],
          [
            3.030367,
            43.098727,
            1.58
          ],
          [
            3.030206,
            43.098407,
            1.55
          ],
          [
            3.030263,
            43.098057,
            1.5
          ],
          [
            3.030468,
            43.097669,
            1.42
          ],
          [
            3.030601,
            43.097455,
            1.46
          ],
          [
            3.030696,
            43.097239,
            1.52
          ],
          [
            3.03074,
            43.096942,
            1.55
          ],
          [
            3.030727,
            43.096713,
            1.56
          ],
          [
            3.03066,
            43.096471,
            1.51
          ],
          [
            3.030505,
            43.096098,
            1.42
          ],
          [
            3.030466,
            43.09594,
            1.4
          ],
          [
            3.030481,
            43.095729,
            1.38
          ],
          [
            3.030565,
            43.095468,
            1.34
          ],
          [
            3.030968,
            43.094751,
            1.36
          ],
          [
            3.031014,
            43.094606,
            1.37
          ],
          [
            3.031035,
            43.094428,
            1.38
          ],
          [
            3.030995,
            43.094122,
            1.45
          ],
          [
            3.030705,
            43.09335,
            1.51
          ],
          [
            3.030651,
            43.093125,
            1.55
          ],
          [
            3.030664,
            43.092942,
            1.55
          ],
          [
            3.030725,
            43.09275,
            1.54
          ],
          [
            3.031017,
            43.092297,
            1.58
          ],
          [
            3.03129,
            43.091843,
            1.58
          ],
          [
            3.031348,
            43.091716,
            1.59
          ],
          [
            3.031403,
            43.091351,
            1.61
          ],
          [
            3.031117,
            43.089948,
            1.39
          ],
          [
            3.031052,
            43.08882,
            1.42
          ],
          [
            3.030979,
            43.088542,
            1.36
          ],
          [
            3.030791,
            43.088228,
            1.34
          ],
          [
            3.03056,
            43.087928,
            1.33
          ],
          [
            3.030364,
            43.087582,
            1.41
          ],
          [
            3.030183,
            43.08717,
            1.48
          ],
          [
            3.030014,
            43.086593,
            1.42
          ],
          [
            3.029949,
            43.086275,
            1.39
          ],
          [
            3.029873,
            43.085969,
            1.29
          ],
          [
            3.029588,
            43.085187,
            1.26
          ],
          [
            3.029534,
            43.084859,
            1.22
          ],
          [
            3.029493,
            43.084452,
            1.34
          ],
          [
            3.029442,
            43.08426,
            1.34
          ],
          [
            3.029392,
            43.08413,
            1.3
          ],
          [
            3.029321,
            43.084007,
            1.29
          ],
          [
            3.029164,
            43.083818,
            1.35
          ],
          [
            3.028707,
            43.083401,
            1.35
          ],
          [
            3.02853,
            43.083181,
            1.3
          ],
          [
            3.028308,
            43.082807,
            1.23
          ],
          [
            3.028097,
            43.082427,
            1.24
          ],
          [
            3.027763,
            43.081969,
            1.25
          ],
          [
            3.025457,
            43.079,
            1.18
          ],
          [
            3.024943,
            43.078316,
            1.18
          ],
          [
            3.024623,
            43.077863,
            1.27
          ],
          [
            3.024291,
            43.077348,
            1.27
          ],
          [
            3.024099,
            43.076845,
            1.33
          ],
          [
            3.024022,
            43.076522,
            1.27
          ],
          [
            3.023971,
            43.075966,
            1.34
          ],
          [
            3.02393,
            43.075748,
            1.27
          ],
          [
            3.023846,
            43.075553,
            1.23
          ],
          [
            3.023747,
            43.075382,
            1.24
          ],
          [
            3.023603,
            43.075189,
            1.32
          ],
          [
            3.023205,
            43.074702,
            1.34
          ],
          [
            3.023086,
            43.074509,
            1.42
          ],
          [
            3.022934,
            43.074215,
            1.42
          ],
          [
            3.022724,
            43.073706,
            1.4
          ],
          [
            3.022706,
            43.073607,
            1.42
          ],
          [
            3.022729,
            43.073364,
            1.34
          ],
          [
            3.022876,
            43.073119,
            1.21
          ],
          [
            3.022998,
            43.073018,
            1.19
          ],
          [
            3.023131,
            43.072932,
            1.17
          ],
          [
            3.024403,
            43.072416,
            0.66
          ],
          [
            3.024918,
            43.072143,
            0.66
          ],
          [
            3.025542,
            43.071649,
            0.83
          ],
          [
            3.026349,
            43.071171,
            0.92
          ],
          [
            3.027704,
            43.070287,
            0.71
          ],
          [
            3.028006,
            43.070075,
            0.7
          ],
          [
            3.028681,
            43.069249,
            0.51
          ],
          [
            3.029288,
            43.068686,
            0.66
          ],
          [
            3.029594,
            43.068382,
            0.83
          ],
          [
            3.030343,
            43.067197,
            0.96
          ],
          [
            3.030785,
            43.06661,
            0.94
          ],
          [
            3.031097,
            43.06594,
            0.93
          ],
          [
            3.031329,
            43.065603,
            0.95
          ],
          [
            3.032111,
            43.064854,
            0.95
          ],
          [
            3.032585,
            43.064307,
            0.92
          ],
          [
            3.033716,
            43.062911,
            0.94
          ],
          [
            3.034003,
            43.062617,
            0.92
          ],
          [
            3.034408,
            43.062275,
            0.87
          ],
          [
            3.035175,
            43.061771,
            0.87
          ],
          [
            3.036898,
            43.060668,
            1.01
          ],
          [
            3.039694,
            43.058885,
            0.84
          ],
          [
            3.043037,
            43.05677,
            0.88
          ],
          [
            3.043539,
            43.056562,
            0.81
          ],
          [
            3.044214,
            43.056393,
            0.84
          ],
          [
            3.045025,
            43.05623,
            0.89
          ],
          [
            3.046101,
            43.05616,
            0.91
          ],
          [
            3.046683,
            43.056069,
            0.88
          ],
          [
            3.047402,
            43.055875,
            0.93
          ],
          [
            3.048059,
            43.055647,
            0.92
          ],
          [
            3.050845,
            43.054371,
            0.86
          ],
          [
            3.052078,
            43.053776,
            0.83
          ],
          [
            3.052427,
            43.053632,
            0.85
          ],
          [
            3.052814,
            43.053565,
            0.88
          ],
          [
            3.05328,
            43.053591,
            0.95
          ],
          [
            3.055731,
            43.054091,
            0.98
          ],
          [
            3.056277,
            43.054082,
            1.06
          ],
          [
            3.056537,
            43.054036,
            1.12
          ],
          [
            3.056788,
            43.053965,
            1.16
          ],
          [
            3.057031,
            43.053866,
            1.18
          ],
          [
            3.05723,
            43.053742,
            1.19
          ],
          [
            3.057388,
            43.05361,
            1.21
          ],
          [
            3.057618,
            43.053318,
            1.15
          ],
          [
            3.057776,
            43.052913,
            1.03
          ],
          [
            3.057835,
            43.052597,
            1.02
          ],
          [
            3.05813,
            43.05122,
            1.04
          ],
          [
            3.058077,
            43.050627,
            1.07
          ],
          [
            3.057962,
            43.050235,
            1.17
          ],
          [
            3.05775,
            43.049835,
            1.49
          ],
          [
            3.05784,
            43.049816,
            1.8
          ],
          [
            3.057936,
            43.049778,
            1.76
          ],
          [
            3.058219,
            43.049716,
            1.34
          ],
          [
            3.058336,
            43.049706,
            1.24
          ],
          [
            3.058749,
            43.049651,
            0.88
          ],
          [
            3.05888,
            43.049606,
            0.57
          ],
          [
            3.0591,
            43.04955,
            0.71
          ],
          [
            3.059488,
            43.049492,
            0.76
          ],
          [
            3.060784,
            43.04938,
            0.99
          ],
          [
            3.060866,
            43.049384,
            0.99
          ],
          [
            3.061384,
            43.049526,
            0.97
          ],
          [
            3.061769,
            43.049622,
            0.99
          ],
          [
            3.062014,
            43.049716,
            1.05
          ],
          [
            3.062268,
            43.04984,
            1.15
          ],
          [
            3.062927,
            43.050134,
            1.25
          ],
          [
            3.063123,
            43.050193,
            1.31
          ],
          [
            3.064042,
            43.050424,
            1.25
          ],
          [
            3.066026,
            43.050892,
            1.59
          ],
          [
            3.066072,
            43.050855,
            1.16
          ],
          [
            3.066578,
            43.05069,
            1.02
          ],
          [
            3.067945,
            43.050213,
            1.24
          ],
          [
            3.068137,
            43.050124,
            1.69
          ],
          [
            3.068293,
            43.05008,
            1.36
          ],
          [
            3.070535,
            43.048992,
            1.68
          ],
          [
            3.070765,
            43.048966,
            1.21
          ],
          [
            3.070857,
            43.04916,
            1.1
          ],
          [
            3.071233,
            43.049611,
            1.29
          ],
          [
            3.071469,
            43.049918,
            1.37
          ],
          [
            3.071788,
            43.050261,
            1.41
          ],
          [
            3.072294,
            43.050782,
            1.27
          ],
          [
            3.072473,
            43.050906,
            1.24
          ],
          [
            3.072709,
            43.051017,
            1.2
          ],
          [
            3.073353,
            43.051255,
            1.06
          ],
          [
            3.073476,
            43.051278,
            1.06
          ],
          [
            3.074118,
            43.051337,
            1.04
          ],
          [
            3.074624,
            43.051366,
            1.01
          ],
          [
            3.074756,
            43.0514,
            1.01
          ],
          [
            3.074845,
            43.05144,
            1.01
          ],
          [
            3.074966,
            43.05153,
            1.01
          ],
          [
            3.075369,
            43.05194,
            1.01
          ],
          [
            3.075521,
            43.052036,
            1.0
          ],
          [
            3.075656,
            43.052091,
            1.0
          ],
          [
            3.076016,
            43.052175,
            0.99
          ],
          [
            3.076341,
            43.052282,
            0.99
          ],
          [
            3.076556,
            43.052391,
            0.99
          ]
        ]
      }
    },
    {
      "type": "Feature",
      "properties": {
        "source": "Littoral_Médit..gpx",
        "type": "route"
      },
      "geometry": {
        "type": "LineString",
        "coordinates": [
          [
            2.988662,
            43.027597
          ],
          [
            2.988616,
            43.027597
          ],
          [
            2.988604,
            43.027547
          ],
          [
            2.992193,
            43.026943
          ],
          [
            2.99217,
            43.026888
          ],
          [
            2.99294,
            43.026693
          ],
          [
            2.993318,
            43.026475
          ],
          [
            2.994007,
            43.025982
          ],
          [
            3.001802,
            43.024404
          ],
          [
            3.005029,
            43.022351
          ],
          [
            3.00748,
            43.021303
          ],
          [
            3.008978,
            43.021166
          ],
          [
            3.010396,
            43.022082
          ],
          [
            3.011963,
            43.0238
          ],
          [
            3.016233,
            43.023822
          ],
          [
            3.020078,
            43.026068
          ],
          [
            3.021145,
            43.025532
          ],
          [
            3.025629,
            43.024083
          ],
          [
            3.025678,
            43.024124
          ],
          [
            3.025722,
            43.024321
          ],
          [
            3.026379,
            43.024773
          ],
          [
            3.026564,
            43.024606
          ],
          [
            3.030922,
            43.023557
          ],
          [
            3.0312,
            43.023218
          ],
          [
            3.041811,
            43.024654
          ],
          [
            3.042077,
            43.024848
          ],
          [
            3.042472,
            43.025405
          ],
          [
            3.042255,
            43.025597
          ],
          [
            3.031563,
            43.102188
          ],
          [
            3.031631,
            43.102186
          ],
          [
            3.045776,
            43.112526
          ],
          [
            3.046306,
            43.112769
          ],
          [
            3.064215,
            43.109822
          ],
          [
            3.065805,
            43.110806
          ],
          [
            3.066362,
            43.110789
          ],
          [
            3.084295,
            43.105123
          ],
          [
            3.084461,
            43.105027
          ],
          [
            3.084695,
            43.105428
          ],
          [
            3.084996,
            43.106217
          ],
          [
            3.085402,
            43.106196
          ],
          [
            3.087726,
            43.106512
          ],
          [
            3.088103,
            43.107297
          ],
          [
            3.088571,
            43.107316
          ],
          [
            3.092259,
            43.108331
          ],
          [
            3.093382,
            43.108285
          ],
          [
            3.09373,
            43.108697
          ],
          [
            3.09356,
            43.108786
          ],
          [
            3.093957,
            43.109194
          ],
          [
            3.093823,
            43.109502
          ],
          [
            3.093973,
            43.109795
          ],
          [
            3.093982,
            43.109853
          ],
          [
            3.094554,
            43.109817
          ],
          [
            3.094771,
            43.109916
          ],
          [
            3.094939,
            43.109833
          ],
          [
            3.095121,
            43.109745
          ],
          [
            3.095227,
            43.109796
          ],
          [
            3.095678,
            43.110282
          ],
          [
            3.096368,
            43.109943
          ],
          [
            3.096922,
            43.110546
          ],
          [
            3.104921,
            43.113926
          ],
          [
            3.104898,
            43.113971
          ],
          [
            3.106203,
            43.114578
          ],
          [
            3.106461,
            43.114804
          ],
          [
            3.110045,
            43.116447
          ],
          [
            3.112015,
            43.117099
          ],
          [
            3.111764,
            43.1177
          ],
          [
            3.111849,
            43.117884
          ],
          [
            3.112504,
            43.118266
          ],
          [
            3.112162,
            43.118715
          ],
          [
            3.127756,
            43.129542
          ],
          [
            3.127882,
            43.12959
          ],
          [
            3.133518,
            43.134978
          ],
          [
            3.133656,
            43.135137
          ],
          [
            3.134369,
            43.135895
          ],
          [
            3.159126,
            43.153116
          ],
          [
            3.159094,
            43.153224
          ],
          [
            3.162217,
            43.155888
          ],
          [
            3.164591,
            43.15566
          ],
          [
            3.166071,
            43.15717
          ],
          [
            3.166205,
            43.157285
          ],
          [
            3.17669,
            43.166554
          ],
          [
            3.176865,
            43.16669
          ],
          [
            3.176574,
            43.166891
          ],
          [
            3.179457,
            43.16914
          ],
          [
            3.179532,
            43.169987
          ],
          [
            3.180859,
            43.171275
          ],
          [
            3.180929,
            43.171239
          ],
          [
            3.190001,
            43.178063
          ],
          [
            3.189897,
            43.178202
          ],
          [
            3.190135,
            43.178457
          ],
          [
            3.19011,
            43.178467
          ],
          [
            3.190301,
            43.178725
          ],
          [
            3.190331,
            43.178714
          ],
          [
            3.190474,
            43.178881
          ],
          [
            3.198037,
            43.186762
          ],
          [
            3.198141,
            43.186828
          ],
          [
            3.197747,
            43.187288
          ],
          [
            3.196525,
            43.188818
          ],
          [
            3.196625,
            43.18974
          ],
          [
            3.196537,
            43.189908
          ],
          [
            3.193671,
            43.192664
          ],
          [
            3.193951,
            43.193851
          ],
          [
            3.194143,
            43.195343
          ],
          [
            3.194143,
            43.195343
          ],
          [
            3.193617,
            43.193449
          ],
          [
            3.196189,
            43.190098
          ],
          [
            3.196537,
            43.189908
          ],
          [
            3.196525,
            43.188818
          ],
          [
            3.197747,
            43.187288
          ],
          [
            3.198141,
            43.186828
          ],
          [
            3.198037,
            43.186762
          ],
          [
            3.193678,
            43.181877
          ],
          [
            3.190474,
            43.178881
          ],
          [
            3.190331,
            43.178714
          ],
          [
            3.190301,
            43.178725
          ],
          [
            3.19011,
            43.178467
          ],
          [
            3.190135,
            43.178457
          ],
          [
            3.189897,
            43.178202
          ],
          [
            3.190001,
            43.178063
          ],
          [
            3.180929,
            43.171239
          ],
          [
            3.180859,
            43.171275
          ],
          [
            3.179532,
            43.169987
          ],
          [
            3.176574,
            43.166891
          ],
          [
            3.176865,
            43.16669
          ],
          [
            3.17669,
            43.166554
          ],
          [
            3.171478,
            43.162334
          ],
          [
            3.166205,
            43.157285
          ],
          [
            3.166071,
            43.15717
          ],
          [
            3.164591,
            43.15566
          ],
          [
            3.162337,
            43.155936
          ],
          [
            3.159279,
            43.15347
          ],
          [
            3.159121,
            43.153298
          ],
          [
            3.159126,
            43.153116
          ],
          [
            3.134803,
            43.136286
          ],
          [
            3.134369,
            43.135895
          ],
          [
            3.133865,
            43.135336
          ],
          [
            3.133683,
            43.135166
          ],
          [
            3.128262,
            43.129562
          ],
          [
            3.127999,
            43.129596
          ],
          [
            3.127756,
            43.129542
          ],
          [
            3.112162,
            43.118715
          ],
          [
            3.112504,
            43.118266
          ],
          [
            3.111849,
            43.117884
          ],
          [
            3.111764,
            43.1177
          ],
          [
            3.112015,
            43.117099
          ],
          [
            3.110312,
            43.11657
          ],
          [
            3.106785,
            43.114934
          ],
          [
            3.10499,
            43.114016
          ],
          [
            3.104898,
            43.113971
          ],
          [
            3.104921,
            43.113926
          ],
          [
            3.096922,
            43.110546
          ],
          [
            3.096368,
            43.109943
          ],
          [
            3.095626,
            43.110307
          ],
          [
            3.095121,
            43.109745
          ],
          [
            3.094939,
            43.109833
          ],
          [
            3.094771,
            43.109916
          ],
          [
            3.094554,
            43.109817
          ],
          [
            3.093982,
            43.109853
          ],
          [
            3.093973,
            43.109795
          ],
          [
            3.093823,
            43.109502
          ],
          [
            3.093957,
            43.109194
          ],
          [
            3.09356,
            43.108786
          ],
          [
            3.09373,
            43.108697
          ],
          [
            3.093382,
            43.108285
          ],
          [
            3.092259,
            43.108331
          ],
          [
            3.088571,
            43.107316
          ],
          [
            3.088103,
            43.107297
          ],
          [
            3.087726,
            43.106512
          ],
          [
            3.085402,
            43.106196
          ],
          [
            3.084996,
            43.106217
          ],
          [
            3.084695,
            43.105428
          ],
          [
            3.084461,
            43.105027
          ],
          [
            3.084295,
            43.105123
          ],
          [
            3.066362,
            43.110789
          ],
          [
            3.065805,
            43.110806
          ],
          [
            3.064215,
            43.109822
          ],
          [
            3.046306,
            43.112769
          ],
          [
            3.045776,
            43.112526
          ],
          [
            3.031631,
            43.102186
          ],
          [
            3.031563,
            43.102188
          ],
          [
            3.05775,
            43.049835
          ],
          [
            3.066026,
            43.050892
          ],
          [
            3.070765,
            43.048966
          ],
          [
            3.076556,
            43.052391
          ]
        ]
      }
    }
  ]
}