{
  "type": "FeatureCollection",
  "features": [
    {
      "type": "Feature",
      "properties": {
        "name": "GraphHopper Track",
        "source": "Lac_de_lOule.gpx",
        "type": "track"
      },
      "geometry": {
        "type": "LineString",
        "coordinates": [
          [
            0.213521,
            42.830153,
            2096.83
          ],
          [
            0.213555,
            42.83009,
            2096.33
          ],
          [
            0.21355,
            42.830043,
            2096.0
          ],
          [
            0.213515,
            42.82996,
            2095.45
          ],
          [
            0.213521,
            42.829866,
            2094.9
          ],
          [
            0.21354,
            42.829821,
            2094.63
          ],
          [
            0.213623,
            42.82974,
            2093.99
          ],
          [
            0.213845,
            42.829552,
            2092.76
          ],
          [
            0.213932,
            42.829491,
            2092.41
          ],
          [
            0.214042,
            42.829431,
            2092.09
          ],
          [
            0.214224,
            42.829307,
            2091.4
          ],
          [
            0.21431,
            42.829281,
            2091.08
          ],
          [
            0.214514,
            42.829251,
            2090.22
          ],
          [
            0.214599,
            42.829245,
            2089.81
          ],
          [
            0.21476,
            42.829253,
            2089.0
          ],
          [
            0.215331,
            42.829208,
            2084.9
          ],
          [
            0.215438,
            42.82919,
            2083.8
          ],
          [
            0.215749,
            42.82916,
            2080.09
          ],
          [
            0.215853,
            42.829143,
            2078.72
          ],
          [
            0.215892,
            42.829122,
            2078.06
          ],
          [
            0.215933,
            42.829112,
            2077.48
          ],
          [
            0.216086,
            42.829086,
            2075.26
          ],
          [
            0.216248,
            42.829091,
            2072.71
          ],
          [
            0.216332,
            42.829081,
            2071.32
          ],
          [
            0.216411,
            42.829102,
            2069.91
          ],
          [
            0.216615,
            42.8292,
            2065.85
          ],
          [
            0.216711,
            42.829223,
            2064.22
          ],
          [
            0.216867,
            42.829243,
            2061.79
          ],
          [
            0.217008,
            42.82924,
            2059.75
          ],
          [
            0.217245,
            42.829211,
            2056.57
          ],
          [
            0.217475,
            42.829104,
            2053.28
          ],
          [
            0.217945,
            42.828926,
            2047.8
          ],
          [
            0.218101,
            42.82888,
            2046.43
          ],
          [
            0.218623,
            42.828848,
            2042.45
          ],
          [
            0.21894,
            42.828776,
            2040.09
          ],
          [
            0.219523,
            42.828624,
            2036.41
          ],
          [
            0.219832,
            42.828524,
            2034.58
          ],
          [
            0.220045,
            42.828465,
            2033.8
          ],
          [
            0.220205,
            42.828381,
            2033.63
          ],
          [
            0.220242,
            42.828287,
            2032.93
          ],
          [
            0.220284,
            42.828245,
            2032.63
          ],
          [
            0.220374,
            42.828187,
            2032.11
          ],
          [
            0.220587,
            42.828119,
            2031.11
          ],
          [
            0.219743,
            42.827876,
            2029.41
          ],
          [
            0.219523,
            42.82783,
            2029.32
          ],
          [
            0.219194,
            42.827783,
            2028.39
          ],
          [
            0.218414,
            42.827553,
            2025.0
          ],
          [
            0.218219,
            42.827509,
            2024.44
          ],
          [
            0.218053,
            42.827505,
            2023.99
          ],
          [
            0.217938,
            42.827529,
            2023.67
          ],
          [
            0.217783,
            42.827592,
            2023.19
          ],
          [
            0.21761,
            42.827631,
            2023.08
          ],
          [
            0.217465,
            42.827652,
            2023.23
          ],
          [
            0.217013,
            42.827685,
            2022.18
          ],
          [
            0.216672,
            42.827735,
            2020.42
          ],
          [
            0.216422,
            42.827749,
            2019.6
          ],
          [
            0.215722,
            42.827746,
            2017.04
          ],
          [
            0.215363,
            42.827708,
            2015.79
          ],
          [
            0.215002,
            42.827728,
            2014.35
          ],
          [
            0.214593,
            42.827696,
            2012.86
          ],
          [
            0.214357,
            42.827712,
            2012.77
          ],
          [
            0.213988,
            42.827757,
            2011.88
          ],
          [
            0.213461,
            42.827794,
            2012.69
          ],
          [
            0.213264,
            42.827794,
            2013.0
          ],
          [
            0.213103,
            42.827781,
            2013.23
          ],
          [
            0.21252,
            42.827682,
            2013.07
          ],
          [
            0.212304,
            42.827635,
            2012.57
          ],
          [
            0.211974,
            42.827514,
            2011.05
          ],
          [
            0.211768,
            42.827424,
            2009.5
          ],
          [
            0.211439,
            42.827225,
            2005.78
          ],
          [
            0.211106,
            42.827039,
            2001.57
          ],
          [
            0.210865,
            42.826854,
            1997.74
          ],
          [
            0.210587,
            42.826531,
            1992.03
          ],
          [
            0.21051,
            42.826482,
            1990.96
          ],
          [
            0.210362,
            42.8265,
            1989.31
          ],
          [
            0.210258,
            42.826572,
            1987.54
          ],
          [
            0.210121,
            42.826692,
            1984.86
          ],
          [
            0.209728,
            42.826727,
            1975.31
          ],
          [
            0.208399,
            42.827001,
            1936.49
          ],
          [
            0.207719,
            42.827068,
            1918.27
          ],
          [
            0.207381,
            42.82717,
            1908.96
          ],
          [
            0.207243,
            42.827255,
            1904.28
          ],
          [
            0.207088,
            42.82738,
            1898.08
          ],
          [
            0.206837,
            42.827618,
            1886.83
          ],
          [
            0.206554,
            42.827909,
            1871.89
          ],
          [
            0.206491,
            42.82787,
            1870.54
          ],
          [
            0.206433,
            42.827885,
            1868.73
          ],
          [
            0.206371,
            42.827976,
            1864.95
          ],
          [
            0.206357,
            42.828067,
            1861.84
          ],
          [
            0.206432,
            42.828214,
            1858.72
          ],
          [
            0.206491,
            42.82829,
            1856.97
          ],
          [
            0.206467,
            42.828379,
            1853.0
          ],
          [
            0.206251,
            42.828491,
            1844.62
          ],
          [
            0.206165,
            42.828508,
            1842.66
          ],
          [
            0.206059,
            42.828516,
            1840.72
          ],
          [
            0.205975,
            42.828485,
            1839.12
          ],
          [
            0.205886,
            42.82842,
            1835.81
          ],
          [
            0.205737,
            42.828246,
            1830.88
          ],
          [
            0.205611,
            42.828001,
            1828.42
          ],
          [
            0.205513,
            42.827775,
            1825.72
          ],
          [
            0.205481,
            42.827629,
            1825.65
          ],
          [
            0.205496,
            42.827505,
            1826.56
          ],
          [
            0.205522,
            42.827408,
            1827.44
          ],
          [
            0.205586,
            42.827245,
            1828.31
          ],
          [
            0.205768,
            42.826977,
            1830.43
          ],
          [
            0.205853,
            42.826786,
            1832.12
          ],
          [
            0.205932,
            42.826667,
            1833.18
          ],
          [
            0.206482,
            42.825979,
            1836.6
          ],
          [
            0.206605,
            42.825846,
            1836.68
          ],
          [
            0.207071,
            42.825413,
            1834.63
          ],
          [
            0.207335,
            42.825142,
            1831.26
          ],
          [
            0.207412,
            42.825051,
            1830.01
          ],
          [
            0.207527,
            42.824758,
            1823.97
          ],
          [
            0.207497,
            42.824742,
            1823.26
          ],
          [
            0.207201,
            42.82473,
            1816.31
          ],
          [
            0.207228,
            42.824609,
            1814.84
          ],
          [
            0.207211,
            42.824505,
            1813.14
          ],
          [
            0.207229,
            42.824413,
            1811.88
          ],
          [
            0.207194,
            42.824416,
            1811.41
          ],
          [
            0.207048,
            42.824529,
            1809.43
          ],
          [
            0.20701,
            42.824539,
            1808.79
          ],
          [
            0.206969,
            42.82452,
            1808.0
          ],
          [
            0.206967,
            42.824487,
            1807.26
          ],
          [
            0.206952,
            42.824481,
            1806.96
          ],
          [
            0.206818,
            42.824462,
            1804.93
          ],
          [
            0.206743,
            42.824458,
            1803.6
          ],
          [
            0.206546,
            42.824427,
            1799.89
          ],
          [
            0.206482,
            42.824402,
            1798.58
          ],
          [
            0.206494,
            42.824326,
            1798.41
          ],
          [
            0.206359,
            42.824295,
            1796.04
          ],
          [
            0.206316,
            42.82427,
            1794.95
          ],
          [
            0.206269,
            42.824149,
            1790.76
          ],
          [
            0.206237,
            42.824096,
            1788.68
          ],
          [
            0.20619,
            42.824072,
            1786.77
          ],
          [
            0.206135,
            42.82406,
            1784.23
          ],
          [
            0.206117,
            42.82404,
            1782.77
          ],
          [
            0.206134,
            42.823963,
            1781.91
          ],
          [
            0.206208,
            42.823888,
            1781.95
          ],
          [
            0.206242,
            42.823836,
            1781.51
          ],
          [
            0.206287,
            42.823647,
            1778.68
          ],
          [
            0.206272,
            42.823607,
            1778.25
          ],
          [
            0.206231,
            42.823554,
            1777.68
          ],
          [
            0.206234,
            42.82351,
            1777.32
          ],
          [
            0.206267,
            42.823434,
            1776.47
          ],
          [
            0.20647,
            42.823161,
            1773.39
          ],
          [
            0.2065,
            42.82313,
            1773.02
          ],
          [
            0.206582,
            42.823083,
            1772.36
          ],
          [
            0.20661,
            42.823003,
            1771.81
          ],
          [
            0.206698,
            42.822858,
            1771.46
          ],
          [
            0.206969,
            42.822548,
            1770.59
          ],
          [
            0.207014,
            42.822483,
            1770.34
          ],
          [
            0.207112,
            42.822387,
            1770.05
          ],
          [
            0.207133,
            42.822353,
            1769.99
          ],
          [
            0.207142,
            42.822316,
            1769.94
          ],
          [
            0.207185,
            42.821863,
            1769.72
          ],
          [
            0.207133,
            42.821562,
            1767.62
          ],
          [
            0.207139,
            42.821483,
            1767.05
          ],
          [
            0.207127,
            42.821428,
            1766.66
          ],
          [
            0.207105,
            42.821356,
            1766.19
          ],
          [
            0.207084,
            42.821323,
            1765.97
          ],
          [
            0.206883,
            42.821131,
            1765.03
          ],
          [
            0.206859,
            42.821098,
            1764.99
          ],
          [
            0.206774,
            42.820689,
            1762.83
          ],
          [
            0.206786,
            42.820571,
            1762.23
          ],
          [
            0.206841,
            42.820464,
            1762.01
          ],
          [
            0.206783,
            42.820185,
            1762.05
          ],
          [
            0.20678,
            42.820147,
            1762.09
          ],
          [
            0.206792,
            42.820109,
            1762.15
          ],
          [
            0.206814,
            42.820076,
            1762.22
          ],
          [
            0.206865,
            42.820027,
            1762.35
          ],
          [
            0.206941,
            42.819971,
            1762.51
          ],
          [
            0.207084,
            42.819832,
            1762.44
          ],
          [
            0.207163,
            42.819783,
            1762.45
          ],
          [
            0.20762,
            42.819612,
            1764.75
          ],
          [
            0.207765,
            42.819545,
            1765.64
          ],
          [
            0.207863,
            42.819509,
            1766.37
          ],
          [
            0.208067,
            42.819453,
            1767.9
          ],
          [
            0.208325,
            42.819404,
            1769.65
          ],
          [
            0.208508,
            42.819337,
            1770.87
          ],
          [
            0.208611,
            42.819317,
            1771.5
          ],
          [
            0.208708,
            42.819313,
            1772.08
          ],
          [
            0.208897,
            42.819239,
            1773.4
          ],
          [
            0.208997,
            42.819219,
            1774.0
          ],
          [
            0.209128,
            42.819203,
            1774.49
          ],
          [
            0.209317,
            42.819201,
            1774.7
          ],
          [
            0.209581,
            42.819154,
            1774.3
          ],
          [
            0.2098,
            42.819139,
            1773.51
          ],
          [
            0.209849,
            42.819128,
            1773.33
          ],
          [
            0.210165,
            42.819012,
            1771.37
          ],
          [
            0.210311,
            42.818976,
            1769.8
          ],
          [
            0.21053,
            42.818965,
            1767.24
          ],
          [
            0.210819,
            42.818965,
            1763.37
          ],
          [
            0.210917,
            42.818947,
            1762.06
          ],
          [
            0.211139,
            42.818873,
            1758.83
          ],
          [
            0.211242,
            42.818858,
            1757.44
          ],
          [
            0.21144,
            42.818864,
            1754.57
          ],
          [
            0.211683,
            42.818896,
            1750.98
          ],
          [
            0.211787,
            42.818893,
            1749.49
          ],
          [
            0.211884,
            42.818862,
            1748.04
          ],
          [
            0.212282,
            42.818759,
            1743.23
          ],
          [
            0.212334,
            42.818755,
            1742.63
          ],
          [
            0.212486,
            42.818759,
            1740.8
          ],
          [
            0.213432,
            42.818476,
            1724.16
          ],
          [
            0.213724,
            42.818378,
            1718.13
          ],
          [
            0.213943,
            42.818269,
            1712.79
          ],
          [
            0.214037,
            42.818237,
            1710.65
          ],
          [
            0.214229,
            42.818204,
            1706.66
          ],
          [
            0.214381,
            42.818206,
            1703.74
          ],
          [
            0.214427,
            42.818191,
            1702.8
          ],
          [
            0.214588,
            42.818103,
            1699.19
          ],
          [
            0.214849,
            42.818066,
            1694.79
          ],
          [
            0.214947,
            42.818034,
            1693.1
          ],
          [
            0.215117,
            42.817999,
            1690.11
          ],
          [
            0.215397,
            42.81784,
            1683.45
          ],
          [
            0.215908,
            42.817494,
            1672.23
          ],
          [
            0.215996,
            42.817456,
            1670.91
          ],
          [
            0.216054,
            42.817396,
            1669.7
          ],
          [
            0.21617,
            42.817316,
            1667.64
          ],
          [
            0.216255,
            42.81728,
            1666.19
          ],
          [
            0.216626,
            42.817211,
            1659.53
          ],
          [
            0.216869,
            42.817146,
            1654.55
          ],
          [
            0.216906,
            42.817119,
            1653.54
          ],
          [
            0.216912,
            42.817046,
            1651.6
          ],
          [
            0.216933,
            42.817012,
            1650.64
          ],
          [
            0.217064,
            42.816961,
            1647.81
          ],
          [
            0.2171,
            42.816932,
            1646.81
          ],
          [
            0.217125,
            42.816861,
            1644.88
          ],
          [
            0.217152,
            42.816827,
            1643.81
          ],
          [
            0.217195,
            42.816803,
            1642.7
          ],
          [
            0.217292,
            42.816783,
            1640.55
          ],
          [
            0.217338,
            42.816765,
            1639.45
          ],
          [
            0.217459,
            42.816693,
            1636.03
          ],
          [
            0.217663,
            42.816617,
            1631.25
          ],
          [
            0.217849,
            42.816584,
            1627.65
          ],
          [
            0.218171,
            42.816452,
            1621.55
          ],
          [
            0.218256,
            42.816401,
            1619.94
          ],
          [
            0.218533,
            42.8162,
            1613.52
          ],
          [
            0.218648,
            42.816082,
            1609.28
          ],
          [
            0.218685,
            42.816057,
            1608.15
          ],
          [
            0.218782,
            42.816022,
            1605.66
          ],
          [
            0.21888,
            42.815997,
            1603.41
          ],
          [
            0.218925,
            42.815979,
            1602.35
          ],
          [
            0.218962,
            42.815955,
            1601.36
          ],
          [
            0.21909,
            42.815832,
            1596.83
          ],
          [
            0.219269,
            42.815698,
            1591.01
          ],
          [
            0.219354,
            42.815624,
            1588.07
          ],
          [
            0.219402,
            42.815609,
            1586.88
          ],
          [
            0.219561,
            42.815627,
            1582.95
          ],
          [
            0.219626,
            42.815625,
            1581.23
          ],
          [
            0.219648,
            42.815604,
            1580.29
          ],
          [
            0.219655,
            42.815582,
            1579.51
          ],
          [
            0.219642,
            42.815492,
            1576.19
          ],
          [
            0.219667,
            42.815421,
            1573.51
          ],
          [
            0.21976,
            42.81527,
            1568.01
          ],
          [
            0.219856,
            42.815165,
            1564.51
          ],
          [
            0.219856,
            42.815142,
            1563.88
          ],
          [
            0.219812,
            42.815103,
            1562.48
          ],
          [
            0.219789,
            42.815095,
            1561.96
          ],
          [
            0.219677,
            42.815107,
            1559.51
          ],
          [
            0.219537,
            42.815073,
            1556.43
          ],
          [
            0.219424,
            42.815075,
            1554.01
          ],
          [
            0.219345,
            42.815105,
            1552.03
          ],
          [
            0.219199,
            42.815178,
            1548.28
          ],
          [
            0.219123,
            42.815199,
            1546.58
          ],
          [
            0.218983,
            42.815214,
            1543.49
          ],
          [
            0.218807,
            42.815275,
            1539.84
          ],
          [
            0.218749,
            42.815283,
            1538.82
          ],
          [
            0.218719,
            42.815281,
            1538.28
          ],
          [
            0.218569,
            42.815211,
            1535.43
          ],
          [
            0.218507,
            42.815214,
            1534.56
          ],
          [
            0.218429,
            42.815243,
            1533.4
          ],
          [
            0.218373,
            42.81525,
            1532.61
          ],
          [
            0.218317,
            42.815242,
            1531.75
          ],
          [
            0.218247,
            42.815212,
            1530.42
          ],
          [
            0.218197,
            42.815201,
            1529.56
          ],
          [
            0.218165,
            42.815205,
            1529.02
          ],
          [
            0.218014,
            42.815262,
            1526.2
          ],
          [
            0.217946,
            42.815271,
            1525.01
          ],
          [
            0.217881,
            42.815236,
            1523.64
          ],
          [
            0.217824,
            42.81523,
            1522.69
          ],
          [
            0.217634,
            42.815316,
            1519.0
          ],
          [
            0.217579,
            42.815325,
            1518.05
          ],
          [
            0.217503,
            42.815302,
            1516.63
          ],
          [
            0.217452,
            42.815297,
            1515.74
          ],
          [
            0.217261,
            42.815317,
            1512.75
          ],
          [
            0.217096,
            42.815319,
            1510.06
          ],
          [
            0.217017,
            42.815305,
            1508.73
          ],
          [
            0.216989,
            42.815294,
            1508.24
          ],
          [
            0.216971,
            42.815275,
            1507.74
          ],
          [
            0.216974,
            42.81524,
            1506.94
          ],
          [
            0.217,
            42.815206,
            1506.01
          ],
          [
            0.217257,
            42.815072,
            1499.96
          ],
          [
            0.217496,
            42.814998,
            1494.79
          ],
          [
            0.21757,
            42.814966,
            1492.99
          ],
          [
            0.217622,
            42.814935,
            1491.56
          ],
          [
            0.217768,
            42.814804,
            1486.9
          ],
          [
            0.217788,
            42.814795,
            1486.45
          ],
          [
            0.217871,
            42.814791,
            1484.81
          ],
          [
            0.21792,
            42.814777,
            1483.8
          ],
          [
            0.218191,
            42.814506,
            1473.78
          ],
          [
            0.21837,
            42.814365,
            1467.95
          ],
          [
            0.218466,
            42.814323,
            1465.38
          ],
          [
            0.218568,
            42.814307,
            1462.76
          ],
          [
            0.218608,
            42.814286,
            1461.48
          ],
          [
            0.218612,
            42.814244,
            1459.95
          ],
          [
            0.218638,
            42.81418,
            1457.53
          ],
          [
            0.218662,
            42.814146,
            1456.14
          ],
          [
            0.2187,
            42.81412,
            1454.7
          ],
          [
            0.218943,
            42.814005,
            1446.72
          ],
          [
            0.219335,
            42.81355,
            1425.14
          ],
          [
            0.219406,
            42.813509,
            1422.3
          ],
          [
            0.21942,
            42.813401,
            1417.45
          ],
          [
            0.21939,
            42.813382,
            1416.17
          ],
          [
            0.219412,
            42.813317,
            1413.27
          ],
          [
            0.219438,
            42.813279,
            1411.5
          ],
          [
            0.219475,
            42.813251,
            1409.88
          ],
          [
            0.219473,
            42.813237,
            1409.29
          ],
          [
            0.219263,
            42.81318,
            1402.38
          ],
          [
            0.21905,
            42.813143,
            1395.62
          ],
          [
            0.218952,
            42.813114,
            1392.52
          ],
          [
            0.218947,
            42.813088,
            1391.51
          ],
          [
            0.219088,
            42.81303,
            1387.3
          ],
          [
            0.219285,
            42.812888,
            1381.6
          ],
          [
            0.219096,
            42.812911,
            1380.39
          ],
          [
            0.218919,
            42.812955,
            1381.41
          ],
          [
            0.218677,
            42.813073,
            1383.64
          ],
          [
            0.218463,
            42.813157,
            1385.15
          ],
          [
            0.217933,
            42.81331,
            1388.9
          ],
          [
            0.217711,
            42.813388,
            1390.56
          ],
          [
            0.217657,
            42.813396,
            1390.4
          ],
          [
            0.217433,
            42.813388,
            1386.43
          ],
          [
            0.217356,
            42.813396,
            1385.97
          ],
          [
            0.216873,
            42.813612,
            1387.65
          ],
          [
            0.216465,
            42.813698,
            1389.4
          ],
          [
            0.215851,
            42.813957,
            1392.05
          ],
          [
            0.21556,
            42.814035,
            1393.47
          ],
          [
            0.215115,
            42.81408,
            1395.77
          ],
          [
            0.214609,
            42.814118,
            1398.15
          ],
          [
            0.214258,
            42.814157,
            1399.44
          ],
          [
            0.214044,
            42.814202,
            1400.11
          ],
          [
            0.21346,
            42.814419,
            1401.37
          ],
          [
            0.213277,
            42.814472,
            1401.3
          ],
          [
            0.213051,
            42.814502,
            1401.86
          ],
          [
            0.212741,
            42.814522,
            1403.55
          ],
          [
            0.212664,
            42.814474,
            1404.86
          ],
          [
            0.211949,
            42.81445,
            1416.93
          ],
          [
            0.211533,
            42.814462,
            1425.19
          ],
          [
            0.210679,
            42.814346,
            1441.42
          ],
          [
            0.209517,
            42.814374,
            1459.27
          ],
          [
            0.20776,
            42.814281,
            1489.15
          ],
          [
            0.206905,
            42.814362,
            1501.51
          ],
          [
            0.20662,
            42.814336,
            1506.05
          ],
          [
            0.205766,
            42.814109,
            1519.81
          ],
          [
            0.205117,
            42.814093,
            1527.17
          ],
          [
            0.204728,
            42.814031,
            1529.32
          ],
          [
            0.204401,
            42.814013,
            1530.42
          ],
          [
            0.203646,
            42.814095,
            1533.2
          ],
          [
            0.20219,
            42.813968,
            1542.38
          ],
          [
            0.201062,
            42.814059,
            1547.45
          ],
          [
            0.200798,
            42.814154,
            1547.82
          ],
          [
            0.199482,
            42.814756,
            1556.03
          ],
          [
            0.198824,
            42.815057,
            1568.29
          ],
          [
            0.198154,
            42.815275,
            1578.36
          ],
          [
            0.197485,
            42.815638,
            1575.88
          ],
          [
            0.197008,
            42.815794,
            1572.81
          ],
          [
            0.195961,
            42.816266,
            1568.83
          ],
          [
            0.195854,
            42.816329,
            1568.7
          ],
          [
            0.195627,
            42.81689,
            1570.51
          ],
          [
            0.195605,
            42.816999,
            1570.67
          ],
          [
            0.195568,
            42.817035,
            1570.73
          ],
          [
            0.195333,
            42.817173,
            1572.07
          ],
          [
            0.195313,
            42.81721,
            1572.43
          ],
          [
            0.195308,
            42.817253,
            1572.85
          ],
          [
            0.19539,
            42.817431,
            1572.56
          ],
          [
            0.195445,
            42.817595,
            1570.52
          ],
          [
            0.195233,
            42.817685,
            1573.07
          ],
          [
            0.195047,
            42.81772,
            1575.44
          ],
          [
            0.194828,
            42.817747,
            1577.62
          ],
          [
            0.194713,
            42.817771,
            1578.74
          ],
          [
            0.194615,
            42.817827,
            1580.05
          ],
          [
            0.194417,
            42.817961,
            1582.68
          ],
          [
            0.194234,
            42.818127,
            1585.24
          ],
          [
            0.194142,
            42.818188,
            1586.5
          ],
          [
            0.194076,
            42.818204,
            1587.27
          ],
          [
            0.19395,
            42.818184,
            1588.68
          ],
          [
            0.193876,
            42.818154,
            1589.6
          ],
          [
            0.193738,
            42.818033,
            1592.72
          ],
          [
            0.193664,
            42.818005,
            1593.29
          ],
          [
            0.193584,
            42.817997,
            1593.39
          ],
          [
            0.193477,
            42.818013,
            1593.35
          ],
          [
            0.193382,
            42.818058,
            1593.47
          ],
          [
            0.193355,
            42.818106,
            1593.73
          ],
          [
            0.193352,
            42.818162,
            1594.12
          ],
          [
            0.193371,
            42.818232,
            1594.62
          ],
          [
            0.193436,
            42.818342,
            1595.5
          ],
          [
            0.193443,
            42.818459,
            1596.44
          ],
          [
            0.193424,
            42.818496,
            1596.76
          ],
          [
            0.193328,
            42.818569,
            1597.53
          ],
          [
            0.193196,
            42.818648,
            1598.42
          ],
          [
            0.192958,
            42.818739,
            1600.24
          ],
          [
            0.192814,
            42.818765,
            1601.63
          ],
          [
            0.192357,
            42.818758,
            1606.41
          ],
          [
            0.1922,
            42.818785,
            1608.02
          ],
          [
            0.191808,
            42.818943,
            1612.02
          ],
          [
            0.191574,
            42.818981,
            1614.03
          ],
          [
            0.191375,
            42.818998,
            1615.34
          ],
          [
            0.191116,
            42.818965,
            1617.02
          ],
          [
            0.191028,
            42.818939,
            1617.79
          ],
          [
            0.190776,
            42.818782,
            1622.29
          ],
          [
            0.190628,
            42.818747,
            1623.03
          ],
          [
            0.190519,
            42.818741,
            1623.45
          ],
          [
            0.190357,
            42.818754,
            1623.74
          ],
          [
            0.190234,
            42.818783,
            1623.65
          ],
          [
            0.189642,
            42.818969,
            1624.57
          ],
          [
            0.188811,
            42.819252,
            1629.24
          ],
          [
            0.18857,
            42.819317,
            1631.89
          ],
          [
            0.188382,
            42.819351,
            1633.91
          ],
          [
            0.187559,
            42.819405,
            1646.14
          ],
          [
            0.187324,
            42.819437,
            1647.99
          ],
          [
            0.186994,
            42.819496,
            1649.07
          ],
          [
            0.186463,
            42.819605,
            1650.31
          ],
          [
            0.18634,
            42.819644,
            1650.49
          ],
          [
            0.186234,
            42.819693,
            1650.12
          ],
          [
            0.186057,
            42.819709,
            1652.35
          ],
          [
            0.185816,
            42.819761,
            1654.66
          ],
          [
            0.185604,
            42.819818,
            1655.88
          ],
          [
            0.185401,
            42.819883,
            1657.38
          ],
          [
            0.185243,
            42.819979,
            1659.13
          ],
          [
            0.184999,
            42.820188,
            1662.35
          ],
          [
            0.184654,
            42.820439,
            1666.98
          ],
          [
            0.184177,
            42.820887,
            1674.81
          ],
          [
            0.184055,
            42.821144,
            1679.04
          ],
          [
            0.18387,
            42.821259,
            1681.95
          ],
          [
            0.183603,
            42.821333,
            1685.66
          ],
          [
            0.183066,
            42.821288,
            1693.97
          ],
          [
            0.182498,
            42.821202,
            1702.95
          ],
          [
            0.182195,
            42.821246,
            1707.12
          ],
          [
            0.18193,
            42.821237,
            1710.35
          ],
          [
            0.181894,
            42.821255,
            1710.63
          ],
          [
            0.181768,
            42.821219,
            1713.11
          ],
          [
            0.181305,
            42.821153,
            1719.02
          ],
          [
            0.181171,
            42.821157,
            1719.83
          ],
          [
            0.180762,
            42.821198,
            1722.26
          ],
          [
            0.17968,
            42.821282,
            1726.99
          ],
          [
            0.179532,
            42.821284,
            1727.69
          ],
          [
            0.179363,
            42.821257,
            1728.51
          ],
          [
            0.179042,
            42.821177,
            1730.9
          ],
          [
            0.17887,
            42.821158,
            1732.26
          ],
          [
            0.178681,
            42.821169,
            1732.74
          ],
          [
            0.178561,
            42.821202,
            1732.68
          ],
          [
            0.177966,
            42.821412,
            1733.06
          ],
          [
            0.177824,
            42.821444,
            1733.6
          ],
          [
            0.177778,
            42.821488,
            1733.86
          ],
          [
            0.177632,
            42.821567,
            1735.12
          ],
          [
            0.177551,
            42.821601,
            1735.95
          ],
          [
            0.177395,
            42.82152,
            1737.23
          ],
          [
            0.177354,
            42.821541,
            1737.79
          ],
          [
            0.177329,
            42.821582,
            1738.64
          ],
          [
            0.177252,
            42.821615,
            1740.11
          ],
          [
            0.177236,
            42.821647,
            1740.97
          ],
          [
            0.177242,
            42.821681,
            1741.82
          ],
          [
            0.177159,
            42.821737,
            1743.89
          ],
          [
            0.177105,
            42.821741,
            1744.74
          ],
          [
            0.176891,
            42.821723,
            1748.59
          ],
          [
            0.176811,
            42.821739,
            1750.26
          ],
          [
            0.176685,
            42.821738,
            1752.97
          ],
          [
            0.176544,
            42.821773,
            1756.73
          ],
          [
            0.176488,
            42.821811,
            1758.91
          ],
          [
            0.176421,
            42.821804,
            1760.92
          ],
          [
            0.176396,
            42.821824,
            1762.02
          ],
          [
            0.176253,
            42.821883,
            1767.35
          ],
          [
            0.176084,
            42.821932,
            1773.29
          ],
          [
            0.176039,
            42.821933,
            1774.69
          ],
          [
            0.175999,
            42.821955,
            1776.27
          ],
          [
            0.175935,
            42.821968,
            1778.42
          ],
          [
            0.175761,
            42.82203,
            1785.57
          ],
          [
            0.175376,
            42.822091,
            1801.72
          ],
          [
            0.175263,
            42.822063,
            1805.97
          ],
          [
            0.175244,
            42.822105,
            1805.9
          ],
          [
            0.175236,
            42.822155,
            1805.47
          ],
          [
            0.17524,
            42.822272,
            1805.48
          ],
          [
            0.175232,
            42.822305,
            1806.21
          ],
          [
            0.175209,
            42.822335,
            1807.01
          ],
          [
            0.175168,
            42.82235,
            1807.66
          ],
          [
            0.175103,
            42.822359,
            1808.31
          ],
          [
            0.175053,
            42.822354,
            1808.62
          ],
          [
            0.175016,
            42.822336,
            1808.77
          ],
          [
            0.174987,
            42.8223,
            1809.0
          ],
          [
            0.17498,
            42.822257,
            1809.5
          ],
          [
            0.174995,
            42.822184,
            1810.53
          ],
          [
            0.175057,
            42.822085,
            1811.72
          ],
          [
            0.175198,
            42.821958,
            1813.23
          ],
          [
            0.175217,
            42.82192,
            1813.6
          ],
          [
            0.175211,
            42.821885,
            1813.94
          ],
          [
            0.175188,
            42.821859,
            1814.24
          ],
          [
            0.175151,
            42.821844,
            1814.51
          ],
          [
            0.175096,
            42.821843,
            1814.83
          ],
          [
            0.175034,
            42.821867,
            1815.26
          ],
          [
            0.174966,
            42.821928,
            1815.72
          ],
          [
            0.174887,
            42.822051,
            1816.78
          ],
          [
            0.17485,
            42.822136,
            1817.76
          ],
          [
            0.174819,
            42.822309,
            1817.6
          ],
          [
            0.174792,
            42.822343,
            1817.45
          ],
          [
            0.174749,
            42.822376,
            1817.4
          ],
          [
            0.174694,
            42.822389,
            1817.87
          ],
          [
            0.174643,
            42.822384,
            1819.07
          ],
          [
            0.174599,
            42.822365,
            1821.52
          ],
          [
            0.174425,
            42.822434,
            1820.54
          ],
          [
            0.17409,
            42.822495,
            1822.89
          ],
          [
            0.173545,
            42.822577,
            1826.56
          ],
          [
            0.172985,
            42.822711,
            1830.51
          ],
          [
            0.172255,
            42.822927,
            1834.4
          ],
          [
            0.171579,
            42.823193,
            1836.94
          ],
          [
            0.170989,
            42.82347,
            1837.66
          ],
          [
            0.170815,
            42.823631,
            1837.95
          ],
          [
            0.170639,
            42.82369,
            1838.44
          ],
          [
            0.170265,
            42.823976,
            1840.32
          ],
          [
            0.169929,
            42.824198,
            1843.3
          ],
          [
            0.169831,
            42.824319,
            1845.23
          ],
          [
            0.169683,
            42.824444,
            1847.2
          ],
          [
            0.169597,
            42.82459,
            1843.91
          ],
          [
            0.169627,
            42.824655,
            1840.68
          ],
          [
            0.169744,
            42.824688,
            1838.28
          ],
          [
            0.169819,
            42.824732,
            1838.33
          ],
          [
            0.169829,
            42.824789,
            1839.03
          ],
          [
            0.169817,
            42.824827,
            1839.71
          ],
          [
            0.169756,
            42.82487,
            1840.95
          ],
          [
            0.16965,
            42.824886,
            1842.16
          ],
          [
            0.169202,
            42.824917,
            1847.0
          ],
          [
            0.169019,
            42.824945,
            1851.02
          ],
          [
            0.168908,
            42.824989,
            1851.73
          ],
          [
            0.168848,
            42.825021,
            1851.0
          ],
          [
            0.169055,
            42.825761,
            1852.78
          ],
          [
            0.169045,
            42.825822,
            1853.98
          ],
          [
            0.169005,
            42.825862,
            1854.62
          ],
          [
            0.168593,
            42.826065,
            1854.16
          ],
          [
            0.168475,
            42.826149,
            1854.38
          ],
          [
            0.168439,
            42.826196,
            1854.48
          ],
          [
            0.168416,
            42.826267,
            1854.92
          ],
          [
            0.168421,
            42.826323,
            1855.54
          ],
          [
            0.168451,
            42.826391,
            1856.25
          ],
          [
            0.168497,
            42.826453,
            1855.96
          ],
          [
            0.169432,
            42.827196,
            1859.59
          ],
          [
            0.169511,
            42.827308,
            1858.43
          ],
          [
            0.169474,
            42.827422,
            1856.84
          ],
          [
            0.169435,
            42.827501,
            1856.14
          ],
          [
            0.169549,
            42.82776,
            1856.77
          ],
          [
            0.169661,
            42.827834,
            1857.12
          ],
          [
            0.169835,
            42.827901,
            1857.62
          ],
          [
            0.169981,
            42.827986,
            1858.23
          ],
          [
            0.170081,
            42.828132,
            1859.13
          ],
          [
            0.170124,
            42.82835,
            1860.75
          ],
          [
            0.170242,
            42.82834,
            1863.2
          ],
          [
            0.170326,
            42.828354,
            1865.45
          ],
          [
            0.170397,
            42.828379,
            1867.69
          ],
          [
            0.170467,
            42.82838,
            1869.73
          ],
          [
            0.170576,
            42.82835,
            1872.2
          ],
          [
            0.170694,
            42.828341,
            1875.5
          ],
          [
            0.170729,
            42.82836,
            1876.69
          ],
          [
            0.170815,
            42.828382,
            1879.14
          ],
          [
            0.171134,
            42.828571,
            1889.31
          ],
          [
            0.171194,
            42.828622,
            1891.53
          ],
          [
            0.171281,
            42.828721,
            1895.56
          ],
          [
            0.171352,
            42.828757,
            1897.84
          ],
          [
            0.171419,
            42.82884,
            1901.43
          ],
          [
            0.171509,
            42.82889,
            1904.67
          ],
          [
            0.171515,
            42.828953,
            1906.91
          ],
          [
            0.171549,
            42.829013,
            1909.27
          ],
          [
            0.171676,
            42.829088,
            1913.8
          ],
          [
            0.171759,
            42.829113,
            1916.38
          ],
          [
            0.171773,
            42.829131,
            1917.19
          ],
          [
            0.171787,
            42.829232,
            1921.36
          ],
          [
            0.171826,
            42.829264,
            1923.11
          ],
          [
            0.171936,
            42.829318,
            1927.22
          ],
          [
            0.171313,
            42.829984,
            1939.28
          ],
          [
            0.171128,
            42.83011,
            1941.68
          ],
          [
            0.170821,
            42.830241,
            1945.05
          ],
          [
            0.170441,
            42.830357,
            1948.73
          ],
          [
            0.169965,
            42.83048,
            1952.21
          ],
          [
            0.169699,
            42.830529,
            1953.86
          ],
          [
            0.168971,
            42.830628,
            1957.94
          ],
          [
            0.168247,
            42.830697,
            1962.38
          ],
          [
            0.167733,
            42.830707,
            1966.92
          ],
          [
            0.166305,
            42.830639,
            1977.88
          ],
          [
            0.165806,
            42.830594,
            1981.45
          ],
          [
            0.165621,
            42.830607,
            1982.95
          ],
          [
            0.165035,
            42.830735,
            1988.83
          ],
          [
            0.162696,
            42.831323,
            2009.18
          ],
          [
            0.162222,
            42.831473,
            2012.48
          ],
          [
            0.161583,
            42.831726,
            2017.26
          ],
          [
            0.160408,
            42.832135,
            2026.85
          ],
          [
            0.160215,
            42.832186,
            2028.18
          ],
          [
            0.160047,
            42.832209,
            2029.33
          ],
          [
            0.159895,
            42.832212,
            2030.1
          ],
          [
            0.159694,
            42.83219,
            2030.69
          ],
          [
            0.159476,
            42.83215,
            2031.36
          ],
          [
            0.159296,
            42.832099,
            2031.74
          ],
          [
            0.159215,
            42.832093,
            2031.86
          ],
          [
            0.159154,
            42.832106,
            2032.3
          ],
          [
            0.159098,
            42.832137,
            2033.23
          ],
          [
            0.15908,
            42.83217,
            2034.14
          ],
          [
            0.159073,
            42.832217,
            2035.34
          ],
          [
            0.1591,
            42.832263,
            2036.34
          ],
          [
            0.159149,
            42.832295,
            2036.86
          ],
          [
            0.159245,
            42.832321,
            2037.21
          ],
          [
            0.159465,
            42.832345,
            2038.69
          ],
          [
            0.159552,
            42.832371,
            2039.69
          ],
          [
            0.159646,
            42.832415,
            2040.84
          ],
          [
            0.159902,
            42.832593,
            2043.86
          ],
          [
            0.16005,
            42.832661,
            2045.08
          ],
          [
            0.16016,
            42.832681,
            2045.82
          ],
          [
            0.160298,
            42.832675,
            2046.65
          ],
          [
            0.160714,
            42.832625,
            2050.4
          ],
          [
            0.160954,
            42.832561,
            2052.62
          ],
          [
            0.161084,
            42.832498,
            2053.58
          ],
          [
            0.161165,
            42.83248,
            2054.01
          ],
          [
            0.161219,
            42.832489,
            2054.27
          ],
          [
            0.161258,
            42.832508,
            2054.47
          ],
          [
            0.161281,
            42.832536,
            2054.65
          ],
          [
            0.161285,
            42.832606,
            2055.01
          ],
          [
            0.161266,
            42.832643,
            2055.21
          ],
          [
            0.161171,
            42.832693,
            2055.67
          ],
          [
            0.161104,
            42.832713,
            2055.99
          ],
          [
            0.160769,
            42.832732,
            2057.93
          ],
          [
            0.160599,
            42.832753,
            2059.25
          ],
          [
            0.16044,
            42.832804,
            2060.19
          ],
          [
            0.160259,
            42.832923,
            2060.85
          ],
          [
            0.160154,
            42.832977,
            2061.18
          ],
          [
            0.160022,
            42.83303,
            2061.67
          ],
          [
            0.15986,
            42.833069,
            2062.36
          ],
          [
            0.159657,
            42.833097,
            2063.38
          ],
          [
            0.159481,
            42.833107,
            2064.4
          ],
          [
            0.159185,
            42.833079,
            2066.16
          ],
          [
            0.158895,
            42.833071,
            2067.96
          ],
          [
            0.158827,
            42.833101,
            2068.49
          ],
          [
            0.158183,
            42.833527,
            2075.09
          ],
          [
            0.157841,
            42.833681,
            2078.83
          ],
          [
            0.157552,
            42.833783,
            2080.47
          ],
          [
            0.15747,
            42.833838,
            2081.7
          ],
          [
            0.157444,
            42.833873,
            2082.89
          ],
          [
            0.157275,
            42.833872,
            2083.26
          ],
          [
            0.157112,
            42.833822,
            2083.29
          ],
          [
            0.157102,
            42.83387,
            2084.87
          ],
          [
            0.157139,
            42.833916,
            2086.61
          ],
          [
            0.157147,
            42.833977,
            2088.69
          ],
          [
            0.157092,
            42.834054,
            2091.27
          ],
          [
            0.1571,
            42.834124,
            2093.4
          ],
          [
            0.157152,
            42.834192,
            2095.84
          ],
          [
            0.157143,
            42.834311,
            2099.11
          ],
          [
            0.157151,
            42.834362,
            2100.31
          ],
          [
            0.157113,
            42.834449,
            2102.15
          ],
          [
            0.157061,
            42.834511,
            2103.81
          ],
          [
            0.156979,
            42.834564,
            2105.64
          ],
          [
            0.156681,
            42.834644,
            2110.59
          ],
          [
            0.156611,
            42.834681,
            2111.88
          ],
          [
            0.156499,
            42.834757,
            2114.12
          ],
          [
            0.156153,
            42.834856,
            2118.69
          ],
          [
            0.155847,
            42.834858,
            2122.75
          ],
          [
            0.15571,
            42.834889,
            2124.9
          ],
          [
            0.155543,
            42.834974,
            2128.15
          ],
          [
            0.155458,
            42.834963,
            2128.82
          ],
          [
            0.155386,
            42.834983,
            2129.81
          ],
          [
            0.155337,
            42.835015,
            2130.9
          ],
          [
            0.155321,
            42.835057,
            2131.79
          ],
          [
            0.155325,
            42.835089,
            2132.33
          ],
          [
            0.155341,
            42.835121,
            2132.82
          ],
          [
            0.15538,
            42.835153,
            2133.35
          ],
          [
            0.155461,
            42.83518,
            2134.07
          ],
          [
            0.156407,
            42.835368,
            2140.76
          ],
          [
            0.156644,
            42.835386,
            2142.25
          ],
          [
            0.157288,
            42.83533,
            2146.94
          ],
          [
            0.157741,
            42.835312,
            2150.3
          ],
          [
            0.157906,
            42.835282,
            2151.57
          ],
          [
            0.158617,
            42.835119,
            2157.0
          ],
          [
            0.159108,
            42.835041,
            2160.34
          ],
          [
            0.159123,
            42.83508,
            2162.04
          ],
          [
            0.15922,
            42.835156,
            2166.3
          ],
          [
            0.159253,
            42.835239,
            2169.43
          ],
          [
            0.159255,
            42.835296,
            2171.08
          ],
          [
            0.159201,
            42.835355,
            2173.25
          ],
          [
            0.159055,
            42.8354,
            2177.01
          ],
          [
            0.15894,
            42.835506,
            2180.51
          ],
          [
            0.158928,
            42.835586,
            2183.02
          ],
          [
            0.158439,
            42.835725,
            2185.42
          ],
          [
            0.158007,
            42.835883,
            2188.31
          ],
          [
            0.157019,
            42.836535,
            2196.55
          ],
          [
            0.156929,
            42.836692,
            2197.5
          ],
          [
            0.156895,
            42.83695,
            2198.61
          ],
          [
            0.156786,
            42.837292,
            2199.23
          ],
          [
            0.15675,
            42.837575,
            2199.19
          ],
          [
            0.156634,
            42.837815,
            2199.23
          ],
          [
            0.15645,
            42.838052,
            2199.0
          ],
          [
            0.156306,
            42.838198,
            2199.0
          ],
          [
            0.156326,
            42.838255,
            2199.0
          ],
          [
            0.156323,
            42.838311,
            2199.0
          ],
          [
            0.156978,
            42.83824,
            2200.83
          ],
          [
            0.157111,
            42.83819,
            2200.93
          ],
          [
            0.157339,
            42.838182,
            2200.52
          ],
          [
            0.158115,
            42.838015,
            2201.41
          ],
          [
            0.159214,
            42.837708,
            2197.97
          ],
          [
            0.159599,
            42.837474,
            2196.19
          ],
          [
            0.159811,
            42.837395,
            2194.62
          ],
          [
            0.160368,
            42.837142,
            2190.43
          ],
          [
            0.161049,
            42.836672,
            2186.75
          ],
          [
            0.161416,
            42.836404,
            2186.12
          ],
          [
            0.161663,
            42.836279,
            2185.97
          ],
          [
            0.161776,
            42.836064,
            2186.15
          ],
          [
            0.161771,
            42.835876,
            2186.59
          ],
          [
            0.161824,
            42.83571,
            2187.13
          ],
          [
            0.161984,
            42.83554,
            2187.61
          ],
          [
            0.162319,
            42.835352,
            2189.61
          ],
          [
            0.162407,
            42.835318,
            2190.1
          ],
          [
            0.162502,
            42.835307,
            2190.72
          ],
          [
            0.162662,
            42.835206,
            2191.39
          ],
          [
            0.162736,
            42.835148,
            2192.12
          ],
          [
            0.162919,
            42.835072,
            2194.95
          ],
          [
            0.163179,
            42.834997,
            2198.93
          ],
          [
            0.163308,
            42.834939,
            2200.98
          ],
          [
            0.163485,
            42.834946,
            2203.04
          ],
          [
            0.163668,
            42.834905,
            2205.17
          ],
          [
            0.164311,
            42.834812,
            2207.91
          ],
          [
            0.164452,
            42.834739,
            2207.27
          ],
          [
            0.16466,
            42.834669,
            2205.73
          ],
          [
            0.165075,
            42.834627,
            2201.65
          ],
          [
            0.165585,
            42.834515,
            2195.64
          ],
          [
            0.165778,
            42.834371,
            2193.16
          ],
          [
            0.166058,
            42.834283,
            2191.44
          ],
          [
            0.166158,
            42.834171,
            2190.82
          ],
          [
            0.166427,
            42.834083,
            2190.12
          ],
          [
            0.166567,
            42.833982,
            2189.54
          ],
          [
            0.166729,
            42.833911,
            2189.01
          ],
          [
            0.166833,
            42.833813,
            2188.57
          ],
          [
            0.167296,
            42.833643,
            2186.7
          ],
          [
            0.167974,
            42.833439,
            2182.95
          ],
          [
            0.168186,
            42.833395,
            2181.7
          ],
          [
            0.168754,
            42.833352,
            2177.68
          ],
          [
            0.169076,
            42.833286,
            2175.15
          ],
          [
            0.170018,
            42.832942,
            2165.53
          ],
          [
            0.170169,
            42.832913,
            2163.81
          ],
          [
            0.17023,
            42.832881,
            2162.9
          ],
          [
            0.170378,
            42.832842,
            2160.88
          ],
          [
            0.170434,
            42.832814,
            2159.94
          ],
          [
            0.170556,
            42.832821,
            2158.18
          ],
          [
            0.170626,
            42.832801,
            2157.09
          ],
          [
            0.170709,
            42.83279,
            2155.84
          ],
          [
            0.170963,
            42.832797,
            2152.12
          ],
          [
            0.171036,
            42.832779,
            2151.01
          ],
          [
            0.171154,
            42.832712,
            2148.88
          ],
          [
            0.171263,
            42.832689,
            2147.26
          ],
          [
            0.171341,
            42.832656,
            2145.98
          ],
          [
            0.171754,
            42.832589,
            2140.66
          ],
          [
            0.171879,
            42.832589,
            2139.4
          ],
          [
            0.172087,
            42.832517,
            2137.38
          ],
          [
            0.172178,
            42.832458,
            2136.32
          ],
          [
            0.172265,
            42.832449,
            2135.46
          ],
          [
            0.172581,
            42.83247,
            2131.51
          ],
          [
            0.172701,
            42.832439,
            2130.2
          ],
          [
            0.172882,
            42.832412,
            2128.82
          ],
          [
            0.17298,
            42.832369,
            2128.02
          ],
          [
            0.173052,
            42.832311,
            2127.24
          ],
          [
            0.173145,
            42.832221,
            2126.21
          ],
          [
            0.173229,
            42.832184,
            2125.65
          ],
          [
            0.173299,
            42.832189,
            2125.28
          ],
          [
            0.173383,
            42.832224,
            2124.83
          ],
          [
            0.173452,
            42.832289,
            2124.46
          ],
          [
            0.173574,
            42.832299,
            2124.27
          ],
          [
            0.1737,
            42.832278,
            2124.3
          ],
          [
            0.173812,
            42.832213,
            2124.69
          ],
          [
            0.17401,
            42.831994,
            2128.18
          ],
          [
            0.174191,
            42.831837,
            2130.97
          ],
          [
            0.174522,
            42.831635,
            2136.35
          ],
          [
            0.17479,
            42.831574,
            2139.95
          ],
          [
            0.174981,
            42.831563,
            2142.25
          ],
          [
            0.175171,
            42.831516,
            2145.5
          ],
          [
            0.175681,
            42.831252,
            2155.67
          ],
          [
            0.175816,
            42.831243,
            2157.71
          ],
          [
            0.175891,
            42.831207,
            2158.98
          ],
          [
            0.176133,
            42.830999,
            2163.34
          ],
          [
            0.176289,
            42.830882,
            2165.34
          ],
          [
            0.176576,
            42.830741,
            2166.85
          ],
          [
            0.176752,
            42.830618,
            2166.57
          ],
          [
            0.176933,
            42.830426,
            2166.08
          ],
          [
            0.177025,
            42.830296,
            2165.87
          ],
          [
            0.177109,
            42.830124,
            2165.42
          ],
          [
            0.177176,
            42.830013,
            2165.33
          ],
          [
            0.177392,
            42.829834,
            2165.79
          ],
          [
            0.177549,
            42.829637,
            2167.18
          ],
          [
            0.177763,
            42.829524,
            2168.95
          ],
          [
            0.177849,
            42.829458,
            2169.8
          ],
          [
            0.177969,
            42.829408,
            2170.64
          ],
          [
            0.178099,
            42.829378,
            2171.4
          ],
          [
            0.178266,
            42.829321,
            2172.5
          ],
          [
            0.178485,
            42.829235,
            2174.31
          ],
          [
            0.178744,
            42.828983,
            2177.77
          ],
          [
            0.178867,
            42.828895,
            2178.96
          ],
          [
            0.179028,
            42.828814,
            2179.97
          ],
          [
            0.179288,
            42.828664,
            2181.62
          ],
          [
            0.179398,
            42.828608,
            2182.55
          ],
          [
            0.179462,
            42.828543,
            2183.52
          ],
          [
            0.179575,
            42.828393,
            2185.46
          ],
          [
            0.179831,
            42.828228,
            2187.16
          ],
          [
            0.179951,
            42.828191,
            2188.71
          ],
          [
            0.180234,
            42.828221,
            2195.66
          ],
          [
            0.18033,
            42.828213,
            2198.16
          ],
          [
            0.180361,
            42.828202,
            2198.58
          ],
          [
            0.180401,
            42.828152,
            2199.08
          ],
          [
            0.180418,
            42.828105,
            2199.68
          ],
          [
            0.180472,
            42.828018,
            2201.5
          ],
          [
            0.180649,
            42.827874,
            2206.44
          ],
          [
            0.180845,
            42.827738,
            2210.35
          ],
          [
            0.181052,
            42.827636,
            2214.0
          ],
          [
            0.181194,
            42.827592,
            2216.71
          ],
          [
            0.181453,
            42.827498,
            2220.46
          ],
          [
            0.181582,
            42.827458,
            2221.64
          ],
          [
            0.181671,
            42.827442,
            2222.79
          ],
          [
            0.181716,
            42.827423,
            2223.67
          ],
          [
            0.181836,
            42.827336,
            2226.53
          ],
          [
            0.181971,
            42.827205,
            2228.98
          ],
          [
            0.182004,
            42.827144,
            2230.0
          ],
          [
            0.182396,
            42.827027,
            2235.92
          ],
          [
            0.1827,
            42.82687,
            2240.49
          ],
          [
            0.182825,
            42.826786,
            2242.12
          ],
          [
            0.182888,
            42.826706,
            2241.39
          ],
          [
            0.182978,
            42.826742,
            2244.2
          ],
          [
            0.183027,
            42.826785,
            2246.45
          ],
          [
            0.183085,
            42.826801,
            2248.32
          ],
          [
            0.183121,
            42.826833,
            2250.16
          ],
          [
            0.183214,
            42.826804,
            2251.13
          ],
          [
            0.183494,
            42.82678,
            2253.34
          ],
          [
            0.18368,
            42.826789,
            2254.02
          ],
          [
            0.183874,
            42.826799,
            2250.89
          ],
          [
            0.184015,
            42.826834,
            2249.29
          ],
          [
            0.18415,
            42.826895,
            2245.9
          ],
          [
            0.184191,
            42.826934,
            2244.33
          ],
          [
            0.184251,
            42.827039,
            2240.68
          ],
          [
            0.184394,
            42.827179,
            2235.64
          ],
          [
            0.18452,
            42.827284,
            2231.75
          ],
          [
            0.184564,
            42.827307,
            2230.6
          ],
          [
            0.184593,
            42.827304,
            2229.96
          ],
          [
            0.18469,
            42.827339,
            2227.55
          ],
          [
            0.184778,
            42.827391,
            2224.9
          ],
          [
            0.18486,
            42.827394,
            2222.99
          ],
          [
            0.184916,
            42.827421,
            2221.47
          ],
          [
            0.185004,
            42.827478,
            2218.85
          ],
          [
            0.185075,
            42.827539,
            2216.43
          ],
          [
            0.185188,
            42.827591,
            2213.51
          ],
          [
            0.185301,
            42.827602,
            2211.04
          ],
          [
            0.185365,
            42.827631,
            2209.42
          ],
          [
            0.185571,
            42.827696,
            2204.58
          ],
          [
            0.185875,
            42.827841,
            2196.52
          ],
          [
            0.186086,
            42.827879,
            2191.97
          ],
          [
            0.186205,
            42.827951,
            2188.84
          ],
          [
            0.186328,
            42.827974,
            2186.25
          ],
          [
            0.186409,
            42.828026,
            2184.11
          ],
          [
            0.186494,
            42.828038,
            2182.45
          ],
          [
            0.186597,
            42.828079,
            2180.33
          ],
          [
            0.186646,
            42.828089,
            2179.44
          ],
          [
            0.18682,
            42.828046,
            2176.42
          ],
          [
            0.186871,
            42.828055,
            2175.61
          ],
          [
            0.186963,
            42.82809,
            2174.1
          ],
          [
            0.187026,
            42.828099,
            2173.19
          ],
          [
            0.18715,
            42.828129,
            2171.39
          ],
          [
            0.187311,
            42.828136,
            2169.28
          ],
          [
            0.187427,
            42.828115,
            2167.8
          ],
          [
            0.187821,
            42.828082,
            2163.33
          ],
          [
            0.188081,
            42.82808,
            2160.96
          ],
          [
            0.188228,
            42.828063,
            2159.63
          ],
          [
            0.188416,
            42.828001,
            2157.63
          ],
          [
            0.188765,
            42.827933,
            2153.6
          ],
          [
            0.188879,
            42.827937,
            2152.16
          ],
          [
            0.188982,
            42.827954,
            2150.74
          ],
          [
            0.18908,
            42.828005,
            2149.03
          ],
          [
            0.1892,
            42.827996,
            2147.24
          ],
          [
            0.18932,
            42.827964,
            2145.22
          ],
          [
            0.189438,
            42.827978,
            2143.11
          ],
          [
            0.189516,
            42.827996,
            2141.56
          ],
          [
            0.18968,
            42.827989,
            2138.21
          ],
          [
            0.189788,
            42.827997,
            2135.9
          ],
          [
            0.189857,
            42.827992,
            2134.42
          ],
          [
            0.189993,
            42.827956,
            2131.24
          ],
          [
            0.19004,
            42.827906,
            2129.31
          ],
          [
            0.190059,
            42.827901,
            2128.83
          ],
          [
            0.190124,
            42.827926,
            2127.06
          ],
          [
            0.190307,
            42.827921,
            2122.49
          ],
          [
            0.190496,
            42.827897,
            2117.6
          ],
          [
            0.19056,
            42.827877,
            2115.82
          ],
          [
            0.190571,
            42.827842,
            2114.54
          ],
          [
            0.190616,
            42.827826,
            2113.26
          ],
          [
            0.190703,
            42.827813,
            2110.96
          ],
          [
            0.190921,
            42.827832,
            2105.27
          ],
          [
            0.190965,
            42.827829,
            2104.14
          ],
          [
            0.191016,
            42.827815,
            2102.77
          ],
          [
            0.191067,
            42.827829,
            2101.4
          ],
          [
            0.191174,
            42.827732,
            2097.27
          ],
          [
            0.191272,
            42.82775,
            2094.93
          ],
          [
            0.191419,
            42.827746,
            2091.6
          ],
          [
            0.191605,
            42.827753,
            2087.56
          ],
          [
            0.191664,
            42.827763,
            2086.32
          ],
          [
            0.191875,
            42.827743,
            2082.34
          ],
          [
            0.191928,
            42.827745,
            2081.41
          ],
          [
            0.191993,
            42.827763,
            2080.17
          ],
          [
            0.192146,
            42.827772,
            2077.46
          ],
          [
            0.192649,
            42.827767,
            2068.73
          ],
          [
            0.192738,
            42.827794,
            2066.98
          ],
          [
            0.193093,
            42.827831,
            2060.09
          ],
          [
            0.193126,
            42.827852,
            2059.2
          ],
          [
            0.193202,
            42.827876,
            2057.46
          ],
          [
            0.193346,
            42.827908,
            2054.16
          ],
          [
            0.193485,
            42.827952,
            2050.67
          ],
          [
            0.193529,
            42.827979,
            2049.29
          ],
          [
            0.19356,
            42.828028,
            2047.45
          ],
          [
            0.19367,
            42.828056,
            2044.47
          ],
          [
            0.193717,
            42.828075,
            2043.06
          ],
          [
            0.193777,
            42.828066,
            2041.43
          ],
          [
            0.19385,
            42.828076,
            2039.4
          ],
          [
            0.193926,
            42.828112,
            2036.86
          ],
          [
            0.193885,
            42.828174,
            2034.15
          ],
          [
            0.193708,
            42.828333,
            2026.0
          ],
          [
            0.193754,
            42.82838,
            2023.63
          ],
          [
            0.193969,
            42.828426,
            2016.8
          ],
          [
            0.193989,
            42.828473,
            2014.73
          ],
          [
            0.194048,
            42.828503,
            2012.49
          ],
          [
            0.194058,
            42.82852,
            2011.7
          ],
          [
            0.194082,
            42.828602,
            2008.11
          ],
          [
            0.194054,
            42.828632,
            2006.57
          ],
          [
            0.194111,
            42.828652,
            2004.61
          ],
          [
            0.194208,
            42.828655,
            2001.61
          ],
          [
            0.194232,
            42.828699,
            1999.56
          ],
          [
            0.194309,
            42.828701,
            1997.06
          ],
          [
            0.19441,
            42.82882,
            1990.95
          ],
          [
            0.194329,
            42.828879,
            1987.27
          ],
          [
            0.194316,
            42.828897,
            1986.36
          ],
          [
            0.194353,
            42.828893,
            1985.16
          ],
          [
            0.194368,
            42.828911,
            1984.22
          ],
          [
            0.19437,
            42.828944,
            1982.82
          ],
          [
            0.194319,
            42.82902,
            1979.24
          ],
          [
            0.194209,
            42.829102,
            1974.43
          ],
          [
            0.194195,
            42.829152,
            1972.39
          ],
          [
            0.194213,
            42.829189,
            1970.75
          ],
          [
            0.194144,
            42.829331,
            1964.73
          ],
          [
            0.194185,
            42.829344,
            1963.42
          ],
          [
            0.194227,
            42.829401,
            1960.78
          ],
          [
            0.194276,
            42.829442,
            1958.41
          ],
          [
            0.194189,
            42.82957,
            1952.43
          ],
          [
            0.194253,
            42.829611,
            1950.29
          ],
          [
            0.194262,
            42.829645,
            1949.08
          ],
          [
            0.194227,
            42.82967,
            1948.19
          ],
          [
            0.194011,
            42.829681,
            1950.64
          ],
          [
            0.194139,
            42.829862,
            1943.97
          ],
          [
            0.194205,
            42.829894,
            1942.36
          ],
          [
            0.194224,
            42.829949,
            1940.92
          ],
          [
            0.194265,
            42.829985,
            1939.73
          ],
          [
            0.194291,
            42.830113,
            1936.09
          ],
          [
            0.194401,
            42.830348,
            1927.8
          ],
          [
            0.194488,
            42.830473,
            1923.62
          ],
          [
            0.194584,
            42.830531,
            1921.05
          ],
          [
            0.194683,
            42.830549,
            1918.9
          ],
          [
            0.19477,
            42.830545,
            1917.02
          ],
          [
            0.194909,
            42.830566,
            1913.83
          ],
          [
            0.195013,
            42.830666,
            1909.74
          ],
          [
            0.195042,
            42.830707,
            1908.22
          ],
          [
            0.195071,
            42.830847,
            1903.49
          ],
          [
            0.195215,
            42.83086,
            1900.03
          ],
          [
            0.195303,
            42.830895,
            1897.76
          ],
          [
            0.195453,
            42.830987,
            1893.94
          ],
          [
            0.195588,
            42.831049,
            1891.2
          ],
          [
            0.195721,
            42.831137,
            1888.09
          ],
          [
            0.195731,
            42.831183,
            1886.88
          ],
          [
            0.195726,
            42.831245,
            1885.12
          ],
          [
            0.195753,
            42.831252,
            1884.51
          ],
          [
            0.195844,
            42.83125,
            1882.59
          ],
          [
            0.195789,
            42.831411,
            1878.03
          ],
          [
            0.195773,
            42.831526,
            1874.9
          ],
          [
            0.195771,
            42.831652,
            1871.53
          ],
          [
            0.195795,
            42.831682,
            1870.59
          ],
          [
            0.195915,
            42.831632,
            1867.83
          ],
          [
            0.195981,
            42.831617,
            1866.35
          ],
          [
            0.196004,
            42.831657,
            1865.06
          ],
          [
            0.196017,
            42.831705,
            1863.63
          ],
          [
            0.196005,
            42.831762,
            1861.85
          ],
          [
            0.196103,
            42.831807,
            1859.22
          ],
          [
            0.196141,
            42.831765,
            1857.55
          ],
          [
            0.196177,
            42.831741,
            1856.3
          ],
          [
            0.196269,
            42.831687,
            1853.15
          ],
          [
            0.196336,
            42.831673,
            1851.35
          ],
          [
            0.196503,
            42.831565,
            1845.34
          ],
          [
            0.196568,
            42.831551,
            1843.5
          ],
          [
            0.196697,
            42.831565,
            1839.62
          ],
          [
            0.196751,
            42.831559,
            1838.01
          ],
          [
            0.196813,
            42.831521,
            1836.56
          ],
          [
            0.196855,
            42.831593,
            1833.96
          ],
          [
            0.196898,
            42.831617,
            1832.6
          ],
          [
            0.196935,
            42.831619,
            1831.71
          ],
          [
            0.19696,
            42.831657,
            1830.53
          ],
          [
            0.197035,
            42.831691,
            1828.91
          ],
          [
            0.197044,
            42.831872,
            1825.1
          ],
          [
            0.19707,
            42.831892,
            1824.43
          ],
          [
            0.197072,
            42.831967,
            1823.71
          ],
          [
            0.197121,
            42.83213,
            1821.75
          ],
          [
            0.197148,
            42.832423,
            1819.99
          ],
          [
            0.197085,
            42.832793,
            1818.66
          ],
          [
            0.196936,
            42.833132,
            1818.0
          ],
          [
            0.196865,
            42.833247,
            1817.63
          ],
          [
            0.196772,
            42.833352,
            1817.18
          ],
          [
            0.196735,
            42.833433,
            1816.93
          ],
          [
            0.19672,
            42.833519,
            1816.73
          ],
          [
            0.1967,
            42.833889,
            1817.21
          ],
          [
            0.196677,
            42.833963,
            1817.44
          ],
          [
            0.19656,
            42.834136,
            1817.8
          ],
          [
            0.196421,
            42.834315,
            1818.13
          ],
          [
            0.196369,
            42.83441,
            1818.37
          ],
          [
            0.19634,
            42.834506,
            1818.7
          ],
          [
            0.196351,
            42.834614,
            1819.12
          ],
          [
            0.196483,
            42.834907,
            1819.93
          ],
          [
            0.196495,
            42.835111,
            1820.14
          ],
          [
            0.196551,
            42.835299,
            1820.26
          ],
          [
            0.196561,
            42.835377,
            1820.35
          ],
          [
            0.196553,
            42.835453,
            1820.42
          ],
          [
            0.196461,
            42.835697,
            1820.38
          ],
          [
            0.196431,
            42.835833,
            1820.44
          ],
          [
            0.196437,
            42.835949,
            1820.78
          ],
          [
            0.196492,
            42.836052,
            1821.31
          ],
          [
            0.196636,
            42.836196,
            1821.9
          ],
          [
            0.196665,
            42.836258,
            1822.02
          ],
          [
            0.196658,
            42.836307,
            1822.1
          ],
          [
            0.196628,
            42.836353,
            1822.19
          ],
          [
            0.196459,
            42.836466,
            1822.54
          ],
          [
            0.196419,
            42.836503,
            1822.67
          ],
          [
            0.196398,
            42.836562,
            1822.86
          ],
          [
            0.196397,
            42.836611,
            1823.03
          ],
          [
            0.196407,
            42.836646,
            1823.17
          ],
          [
            0.196443,
            42.836717,
            1823.52
          ],
          [
            0.196449,
            42.836809,
            1824.03
          ],
          [
            0.196324,
            42.837213,
            1826.14
          ],
          [
            0.196325,
            42.837316,
            1826.33
          ],
          [
            0.196355,
            42.837497,
            1826.84
          ],
          [
            0.196357,
            42.837578,
            1827.09
          ],
          [
            0.196344,
            42.837655,
            1827.3
          ],
          [
            0.196344,
            42.83784,
            1827.53
          ],
          [
            0.196326,
            42.837932,
            1827.53
          ],
          [
            0.196289,
            42.83803,
            1827.55
          ],
          [
            0.19619,
            42.838198,
            1827.62
          ],
          [
            0.196141,
            42.838322,
            1827.61
          ],
          [
            0.196087,
            42.838499,
            1827.6
          ],
          [
            0.196004,
            42.838698,
            1827.56
          ],
          [
            0.195947,
            42.838881,
            1827.78
          ],
          [
            0.195922,
            42.839014,
            1827.65
          ],
          [
            0.195923,
            42.839217,
            1827.79
          ],
          [
            0.195902,
            42.839324,
            1827.85
          ],
          [
            0.19588,
            42.839663,
            1827.07
          ],
          [
            0.19588,
            42.83971,
            1826.77
          ],
          [
            0.195897,
            42.839754,
            1826.53
          ],
          [
            0.196061,
            42.839916,
            1825.41
          ],
          [
            0.196159,
            42.839971,
            1824.98
          ],
          [
            0.196276,
            42.839998,
            1824.44
          ],
          [
            0.196541,
            42.839948,
            1822.13
          ],
          [
            0.196605,
            42.839947,
            1821.4
          ],
          [
            0.196641,
            42.839955,
            1820.99
          ],
          [
            0.196674,
            42.839981,
            1820.55
          ],
          [
            0.196727,
            42.840103,
            1819.93
          ],
          [
            0.19674,
            42.840116,
            1819.9
          ],
          [
            0.196767,
            42.84012,
            1819.67
          ],
          [
            0.196767,
            42.84015,
            1819.82
          ],
          [
            0.196793,
            42.840194,
            1819.67
          ],
          [
            0.196812,
            42.840254,
            1819.76
          ],
          [
            0.196816,
            42.840416,
            1820.31
          ],
          [
            0.196833,
            42.840449,
            1820.52
          ],
          [
            0.196873,
            42.840492,
            1820.87
          ],
          [
            0.19687,
            42.840511,
            1820.99
          ],
          [
            0.196819,
            42.840598,
            1821.48
          ],
          [
            0.196842,
            42.840647,
            1821.7
          ],
          [
            0.196833,
            42.840678,
            1821.84
          ],
          [
            0.196773,
            42.840777,
            1822.42
          ],
          [
            0.196763,
            42.840844,
            1822.77
          ],
          [
            0.196808,
            42.840976,
            1823.52
          ],
          [
            0.196999,
            42.841242,
            1825.28
          ],
          [
            0.19703,
            42.841306,
            1825.59
          ],
          [
            0.197038,
            42.841355,
            1825.83
          ],
          [
            0.197067,
            42.84139,
            1826.08
          ],
          [
            0.197073,
            42.841437,
            1826.41
          ],
          [
            0.197035,
            42.841473,
            1826.77
          ],
          [
            0.196917,
            42.841527,
            1827.45
          ],
          [
            0.196755,
            42.841578,
            1828.33
          ],
          [
            0.196711,
            42.841625,
            1828.96
          ],
          [
            0.196711,
            42.841625,
            1828.96
          ],
          [
            0.196755,
            42.841578,
            1828.33
          ],
          [
            0.196917,
            42.841527,
            1827.45
          ],
          [
            0.197035,
            42.841473,
            1826.77
          ],
          [
            0.197073,
            42.841437,
            1826.41
          ],
          [
            0.197067,
            42.84139,
            1826.08
          ],
          [
            0.197038,
            42.841355,
            1825.83
          ],
          [
            0.19703,
            42.841306,
            1825.59
          ],
          [
            0.196999,
            42.841242,
            1825.28
          ],
          [
            0.196808,
            42.840976,
            1823.52
          ],
          [
            0.196763,
            42.840844,
            1822.77
          ],
          [
            0.196773,
            42.840777,
            1822.42
          ],
          [
            0.196833,
            42.840678,
            1821.84
          ],
          [
            0.196842,
            42.840647,
            1821.7
          ],
          [
            0.196819,
            42.840598,
            1821.48
          ],
          [
            0.19687,
            42.840511,
            1820.99
          ],
          [
            0.196873,
            42.840492,
            1820.87
          ],
          [
            0.196833,
            42.840449,
            1820.52
          ],
          [
            0.196816,
            42.840416,
            1820.31
          ],
          [
            0.196812,
            42.840254,
            1819.76
          ],
          [
            0.196793,
            42.840194,
            1819.67
          ],
          [
            0.196767,
            42.84015,
            1819.82
          ],
          [
            0.196767,
            42.84012,
            1819.67
          ],
          [
            0.19674,
            42.840116,
            1819.9
          ],
          [
            0.196727,
            42.840103,
            1819.93
          ],
          [
            0.196674,
            42.839981,
            1820.55
          ],
          [
            0.196641,
            42.839955,
            1820.99
          ],
          [
            0.196605,
            42.839947,
            1821.4
          ],
          [
            0.196541,
            42.839948,
            1822.13
          ],
          [
            0.196276,
            42.839998,
            1824.44
          ],
          [
            0.196159,
            42.839971,
            1824.98
          ],
          [
            0.196061,
            42.839916,
            1825.41
          ],
          [
            0.195897,
            42.839754,
            1826.53
          ],
          [
            0.19588,
            42.83971,
            1826.77
          ],
          [
            0.19588,
            42.839663,
            1827.07
          ],
          [
            0.195902,
            42.839324,
            1827.85
          ],
          [
            0.195923,
            42.839217,
            1827.79
          ],
          [
            0.195922,
            42.839014,
            1827.65
          ],
          [
            0.195947,
            42.838881,
            1827.78
          ],
          [
            0.196004,
            42.838698,
            1827.56
          ],
          [
            0.196087,
            42.838499,
            1827.6
          ],
          [
            0.196141,
            42.838322,
            1827.61
          ],
          [
            0.19619,
            42.838198,
            1827.62
          ],
          [
            0.196289,
            42.83803,
            1827.55
          ],
          [
            0.196326,
            42.837932,
            1827.53
          ],
          [
            0.196344,
            42.83784,
            1827.53
          ],
          [
            0.196344,
            42.837655,
            1827.3
          ],
          [
            0.196357,
            42.837578,
            1827.09
          ],
          [
            0.196355,
            42.837497,
            1826.84
          ],
          [
            0.196325,
            42.837316,
            1826.33
          ],
          [
            0.196324,
            42.837213,
            1826.14
          ],
          [
            0.196449,
            42.836809,
            1824.03
          ],
          [
            0.196443,
            42.836717,
            1823.52
          ],
          [
            0.196407,
            42.836646,
            1823.17
          ],
          [
            0.196397,
            42.836611,
            1823.03
          ],
          [
            0.196398,
            42.836562,
            1822.86
          ],
          [
            0.196419,
            42.836503,
            1822.67
          ],
          [
            0.196459,
            42.836466,
            1822.54
          ],
          [
            0.196628,
            42.836353,
            1822.19
          ],
          [
            0.196658,
            42.836307,
            1822.1
          ],
          [
            0.196665,
            42.836258,
            1822.02
          ],
          [
            0.196636,
            42.836196,
            1821.9
          ],
          [
            0.196492,
            42.836052,
            1821.31
          ],
          [
            0.196437,
            42.835949,
            1820.78
          ],
          [
            0.196431,
            42.835833,
            1820.44
          ],
          [
            0.196461,
            42.835697,
            1820.38
          ],
          [
            0.196553,
            42.835453,
            1820.42
          ],
          [
            0.196561,
            42.835377,
            1820.35
          ],
          [
            0.196551,
            42.835299,
            1820.26
          ],
          [
            0.196495,
            42.835111,
            1820.14
          ],
          [
            0.196483,
            42.834907,
            1819.93
          ],
          [
            0.196351,
            42.834614,
            1819.12
          ],
          [
            0.19634,
            42.834506,
            1818.7
          ],
          [
            0.196369,
            42.83441,
            1818.37
          ],
          [
            0.196421,
            42.834315,
            1818.13
          ],
          [
            0.19656,
            42.834136,
            1817.8
          ],
          [
            0.196677,
            42.833963,
            1817.44
          ],
          [
            0.1967,
            42.833889,
            1817.21
          ],
          [
            0.19672,
            42.833519,
            1816.73
          ],
          [
            0.196735,
            42.833433,
            1816.93
          ],
          [
            0.196772,
            42.833352,
            1817.18
          ],
          [
            0.196865,
            42.833247,
            1817.63
          ],
          [
            0.196936,
            42.833132,
            1818.0
          ],
          [
            0.197085,
            42.832793,
            1818.66
          ],
          [
            0.197148,
            42.832423,
            1819.99
          ],
          [
            0.197121,
            42.83213,
            1821.75
          ],
          [
            0.197072,
            42.831967,
            1823.71
          ],
          [
            0.19707,
            42.831892,
            1824.43
          ],
          [
            0.197044,
            42.831872,
            1825.1
          ],
          [
            0.197035,
            42.831691,
            1828.91
          ],
          [
            0.19696,
            42.831657,
            1830.53
          ],
          [
            0.196935,
            42.831619,
            1831.71
          ],
          [
            0.196898,
            42.831617,
            1832.6
          ],
          [
            0.196855,
            42.831593,
            1833.96
          ],
          [
            0.196813,
            42.831521,
            1836.56
          ],
          [
            0.196751,
            42.831559,
            1838.01
          ],
          [
            0.196697,
            42.831565,
            1839.62
          ],
          [
            0.196568,
            42.831551,
            1843.5
          ],
          [
            0.196503,
            42.831565,
            1845.34
          ],
          [
            0.196336,
            42.831673,
            1851.35
          ],
          [
            0.196269,
            42.831687,
            1853.15
          ],
          [
            0.196177,
            42.831741,
            1856.3
          ],
          [
            0.196141,
            42.831765,
            1857.55
          ],
          [
            0.196103,
            42.831807,
            1859.22
          ],
          [
            0.196005,
            42.831762,
            1861.85
          ],
          [
            0.196017,
            42.831705,
            1863.63
          ],
          [
            0.196004,
            42.831657,
            1865.06
          ],
          [
            0.195981,
            42.831617,
            1866.35
          ],
          [
            0.195915,
            42.831632,
            1867.83
          ],
          [
            0.195795,
            42.831682,
            1870.59
          ],
          [
            0.195771,
            42.831652,
            1871.53
          ],
          [
            0.195773,
            42.831526,
            1874.9
          ],
          [
            0.195789,
            42.831411,
            1878.03
          ],
          [
            0.195844,
            42.83125,
            1882.59
          ],
          [
            0.195753,
            42.831252,
            1884.51
          ],
          [
            0.195726,
            42.831245,
            1885.12
          ],
          [
            0.195731,
            42.831183,
            1886.88
          ],
          [
            0.195721,
            42.831137,
            1888.09
          ],
          [
            0.195588,
            42.831049,
            1891.2
          ],
          [
            0.195453,
            42.830987,
            1893.94
          ],
          [
            0.195303,
            42.830895,
            1897.76
          ],
          [
            0.195215,
            42.83086,
            1900.03
          ],
          [
            0.195071,
            42.830847,
            1903.49
          ],
          [
            0.195042,
            42.830707,
            1908.22
          ],
          [
            0.195013,
            42.830666,
            1909.74
          ],
          [
            0.194909,
            42.830566,
            1913.83
          ],
          [
            0.19477,
            42.830545,
            1917.02
          ],
          [
            0.194683,
            42.830549,
            1918.9
          ],
          [
            0.194584,
            42.830531,
            1921.05
          ],
          [
            0.194488,
            42.830473,
            1923.62
          ],
          [
            0.194401,
            42.830348,
            1927.8
          ],
          [
            0.194291,
            42.830113,
            1936.09
          ],
          [
            0.194265,
            42.829985,
            1939.73
          ],
          [
            0.194224,
            42.829949,
            1940.92
          ],
          [
            0.194205,
            42.829894,
            1942.36
          ],
          [
            0.194139,
            42.829862,
            1943.97
          ],
          [
            0.194011,
            42.829681,
            1950.64
          ],
          [
            0.194227,
            42.82967,
            1948.19
          ],
          [
            0.194262,
            42.829645,
            1949.08
          ],
          [
            0.194253,
            42.829611,
            1950.29
          ],
          [
            0.194189,
            42.82957,
            1952.43
          ],
          [
            0.194276,
            42.829442,
            1958.41
          ],
          [
            0.194227,
            42.829401,
            1960.78
          ],
          [
            0.194185,
            42.829344,
            1963.42
          ],
          [
            0.194144,
            42.829331,
            1964.73
          ],
          [
            0.194213,
            42.829189,
            1970.75
          ],
          [
            0.194195,
            42.829152,
            1972.39
          ],
          [
            0.194209,
            42.829102,
            1974.43
          ],
          [
            0.194319,
            42.82902,
            1979.24
          ],
          [
            0.19437,
            42.828944,
            1982.82
          ],
          [
            0.194368,
            42.828911,
            1984.22
          ],
          [
            0.194353,
            42.828893,
            1985.16
          ],
          [
            0.194316,
            42.828897,
            1986.36
          ],
          [
            0.194329,
            42.828879,
            1987.27
          ],
          [
            0.19441,
            42.82882,
            1990.95
          ],
          [
            0.194309,
            42.828701,
            1997.06
          ],
          [
            0.194232,
            42.828699,
            1999.56
          ],
          [
            0.194208,
            42.828655,
            2001.61
          ],
          [
            0.194111,
            42.828652,
            2004.61
          ],
          [
            0.194054,
            42.828632,
            2006.57
          ],
          [
            0.194082,
            42.828602,
            2008.11
          ],
          [
            0.194058,
            42.82852,
            2011.7
          ],
          [
            0.194048,
            42.828503,
            2012.49
          ],
          [
            0.193989,
            42.828473,
            2014.73
          ],
          [
            0.193969,
            42.828426,
            2016.8
          ],
          [
            0.193754,
            42.82838,
            2023.63
          ],
          [
            0.193708,
            42.828333,
            2026.0
          ],
          [
            0.193885,
            42.828174,
            2034.15
          ],
          [
            0.193926,
            42.828112,
            2036.86
          ],
          [
            0.19385,
            42.828076,
            2039.4
          ],
          [
            0.193777,
            42.828066,
            2041.43
          ],
          [
            0.193717,
            42.828075,
            2043.06
          ],
          [
            0.19367,
            42.828056,
            2044.47
          ],
          [
            0.19356,
            42.828028,
            2047.45
          ],
          [
            0.193529,
            42.827979,
            2049.29
          ],
          [
            0.193485,
            42.827952,
            2050.67
          ],
          [
            0.193346,
            42.827908,
            2054.16
          ],
          [
            0.193202,
            42.827876,
            2057.46
          ],
          [
            0.193126,
            42.827852,
            2059.2
          ],
          [
            0.193093,
            42.827831,
            2060.09
          ],
          [
            0.192738,
            42.827794,
            2066.98
          ],
          [
            0.192649,
            42.827767,
            2068.73
          ],
          [
            0.192146,
            42.827772,
            2077.46
          ],
          [
            0.191993,
            42.827763,
            2080.17
          ],
          [
            0.191928,
            42.827745,
            2081.41
          ],
          [
            0.191875,
            42.827743,
            2082.34
          ],
          [
            0.191664,
            42.827763,
            2086.32
          ],
          [
            0.191605,
            42.827753,
            2087.56
          ],
          [
            0.191419,
            42.827746,
            2091.6
          ],
          [
            0.191272,
            42.82775,
            2094.93
          ],
          [
            0.191174,
            42.827732,
            2097.27
          ],
          [
            0.191067,
            42.827829,
            2101.4
          ],
          [
            0.191016,
            42.827815,
            2102.77
          ],
          [
            0.190965,
            42.827829,
            2104.14
          ],
          [
            0.190921,
            42.827832,
            2105.27
          ],
          [
            0.190703,
            42.827813,
            2110.96
          ],
          [
            0.190616,
            42.827826,
            2113.26
          ],
          [
            0.190571,
            42.827842,
            2114.54
          ],
          [
            0.19056,
            42.827877,
            2115.82
          ],
          [
            0.190496,
            42.827897,
            2117.6
          ],
          [
            0.190307,
            42.827921,
            2122.49
          ],
          [
            0.190124,
            42.827926,
            2127.06
          ],
          [
            0.190059,
            42.827901,
            2128.83
          ],
          [
            0.19004,
            42.827906,
            2129.31
          ],
          [
            0.189993,
            42.827956,
            2131.24
          ],
          [
            0.189857,
            42.827992,
            2134.42
          ],
          [
            0.189788,
            42.827997,
            2135.9
          ],
          [
            0.18968,
            42.827989,
            2138.21
          ],
          [
            0.189516,
            42.827996,
            2141.56
          ],
          [
            0.189438,
            42.827978,
            2143.11
          ],
          [
            0.18932,
            42.827964,
            2145.22
          ],
          [
            0.1892,
            42.827996,
            2147.24
          ],
          [
            0.18908,
            42.828005,
            2149.03
          ],
          [
            0.188982,
            42.827954,
            2150.74
          ],
          [
            0.188879,
            42.827937,
            2152.16
          ],
          [
            0.188765,
            42.827933,
            2153.6
          ],
          [
            0.188416,
            42.828001,
            2157.63
          ],
          [
            0.188228,
            42.828063,
            2159.63
          ],
          [
            0.188081,
            42.82808,
            2160.96
          ],
          [
            0.187821,
            42.828082,
            2163.33
          ],
          [
            0.187427,
            42.828115,
            2167.8
          ],
          [
            0.187311,
            42.828136,
            2169.28
          ],
          [
            0.18715,
            42.828129,
            2171.39
          ],
          [
            0.187026,
            42.828099,
            2173.19
          ],
          [
            0.186963,
            42.82809,
            2174.1
          ],
          [
            0.186871,
            42.828055,
            2175.61
          ],
          [
            0.18682,
            42.828046,
            2176.42
          ],
          [
            0.186646,
            42.828089,
            2179.44
          ],
          [
            0.186597,
            42.828079,
            2180.33
          ],
          [
            0.186494,
            42.828038,
            2182.45
          ],
          [
            0.186409,
            42.828026,
            2184.11
          ],
          [
            0.186328,
            42.827974,
            2186.25
          ],
          [
            0.186205,
            42.827951,
            2188.84
          ],
          [
            0.186086,
            42.827879,
            2191.97
          ],
          [
            0.185875,
            42.827841,
            2196.52
          ],
          [
            0.185571,
            42.827696,
            2204.58
          ],
          [
            0.185365,
            42.827631,
            2209.42
          ],
          [
            0.185301,
            42.827602,
            2211.04
          ],
          [
            0.185188,
            42.827591,
            2213.51
          ],
          [
            0.185075,
            42.827539,
            2216.43
          ],
          [
            0.185004,
            42.827478,
            2218.85
          ],
          [
            0.184916,
            42.827421,
            2221.47
          ],
          [
            0.18486,
            42.827394,
            2222.99
          ],
          [
            0.184778,
            42.827391,
            2224.9
          ],
          [
            0.18469,
            42.827339,
            2227.55
          ],
          [
            0.184593,
            42.827304,
            2229.96
          ],
          [
            0.184564,
            42.827307,
            2230.6
          ],
          [
            0.18452,
            42.827284,
            2231.75
          ],
          [
            0.184394,
            42.827179,
            2235.64
          ],
          [
            0.184251,
            42.827039,
            2240.68
          ],
          [
            0.184191,
            42.826934,
            2244.33
          ],
          [
            0.18415,
            42.826895,
            2245.9
          ],
          [
            0.184015,
            42.826834,
            2249.29
          ],
          [
            0.183874,
            42.826799,
            2250.89
          ],
          [
            0.183494,
            42.82678,
            2253.34
          ],
          [
            0.183214,
            42.826804,
            2251.13
          ],
          [
            0.183034,
            42.82686,
            2248.97
          ],
          [
            0.182845,
            42.826942,
            2245.52
          ],
          [
            0.182233,
            42.827117,
            2234.2
          ],
          [
            0.181971,
            42.827205,
            2228.98
          ],
          [
            0.181836,
            42.827336,
            2226.53
          ],
          [
            0.181716,
            42.827423,
            2223.67
          ],
          [
            0.181671,
            42.827442,
            2222.79
          ],
          [
            0.181582,
            42.827458,
            2221.64
          ],
          [
            0.181453,
            42.827498,
            2220.46
          ],
          [
            0.181194,
            42.827592,
            2216.71
          ],
          [
            0.181052,
            42.827636,
            2214.0
          ],
          [
            0.180845,
            42.827738,
            2210.35
          ],
          [
            0.180649,
            42.827874,
            2206.44
          ],
          [
            0.180472,
            42.828018,
            2201.5
          ],
          [
            0.180418,
            42.828105,
            2199.68
          ],
          [
            0.180401,
            42.828152,
            2199.08
          ],
          [
            0.180361,
            42.828202,
            2198.58
          ],
          [
            0.18033,
            42.828213,
            2198.16
          ],
          [
            0.180234,
            42.828221,
            2195.66
          ],
          [
            0.179951,
            42.828191,
            2188.71
          ],
          [
            0.179831,
            42.828228,
            2187.16
          ],
          [
            0.179575,
            42.828393,
            2185.46
          ],
          [
            0.179462,
            42.828543,
            2183.52
          ],
          [
            0.179398,
            42.828608,
            2182.55
          ],
          [
            0.179288,
            42.828664,
            2181.62
          ],
          [
            0.179028,
            42.828814,
            2179.97
          ],
          [
            0.178867,
            42.828895,
            2178.96
          ],
          [
            0.178744,
            42.828983,
            2177.77
          ],
          [
            0.178485,
            42.829235,
            2174.31
          ],
          [
            0.178266,
            42.829321,
            2172.5
          ],
          [
            0.178099,
            42.829378,
            2171.4
          ],
          [
            0.177969,
            42.829408,
            2170.64
          ],
          [
            0.177849,
            42.829458,
            2169.8
          ],
          [
            0.177763,
            42.829524,
            2168.95
          ],
          [
            0.177549,
            42.829637,
            2167.18
          ],
          [
            0.177392,
            42.829834,
            2165.79
          ],
          [
            0.177176,
            42.830013,
            2165.33
          ],
          [
            0.177109,
            42.830124,
            2165.42
          ],
          [
            0.177025,
            42.830296,
            2165.87
          ],
          [
            0.176933,
            42.830426,
            2166.08
          ],
          [
            0.176752,
            42.830618,
            2166.57
          ],
          [
            0.176576,
            42.830741,
            2166.85
          ],
          [
            0.176289,
            42.830882,
            2165.34
          ],
          [
            0.176133,
            42.830999,
            2163.34
          ],
          [
            0.175891,
            42.831207,
            2158.98
          ],
          [
            0.175816,
            42.831243,
            2157.71
          ],
          [
            0.175681,
            42.831252,
            2155.67
          ],
          [
            0.175171,
            42.831516,
            2145.5
          ],
          [
            0.174981,
            42.831563,
            2142.25
          ],
          [
            0.17479,
            42.831574,
            2139.95
          ],
          [
            0.174522,
            42.831635,
            2136.35
          ],
          [
            0.174191,
            42.831837,
            2130.97
          ],
          [
            0.17401,
            42.831994,
            2128.18
          ],
          [
            0.173812,
            42.832213,
            2124.69
          ],
          [
            0.1737,
            42.832278,
            2124.3
          ],
          [
            0.173574,
            42.832299,
            2124.27
          ],
          [
            0.173452,
            42.832289,
            2124.46
          ],
          [
            0.173383,
            42.832224,
            2124.83
          ],
          [
            0.173299,
            42.832189,
            2125.28
          ],
          [
            0.173229,
            42.832184,
            2125.65
          ],
          [
            0.173145,
            42.832221,
            2126.21
          ],
          [
            0.173052,
            42.832311,
            2127.24
          ],
          [
            0.17298,
            42.832369,
            2128.02
          ],
          [
            0.172882,
            42.832412,
            2128.82
          ],
          [
            0.172701,
            42.832439,
            2130.2
          ],
          [
            0.172581,
            42.83247,
            2131.51
          ],
          [
            0.172265,
            42.832449,
            2135.46
          ],
          [
            0.172178,
            42.832458,
            2136.32
          ],
          [
            0.172087,
            42.832517,
            2137.38
          ],
          [
            0.171879,
            42.832589,
            2139.4
          ],
          [
            0.171754,
            42.832589,
            2140.66
          ],
          [
            0.171341,
            42.832656,
            2145.98
          ],
          [
            0.171263,
            42.832689,
            2147.26
          ],
          [
            0.171154,
            42.832712,
            2148.88
          ],
          [
            0.171036,
            42.832779,
            2151.01
          ],
          [
            0.170963,
            42.832797,
            2152.12
          ],
          [
            0.170709,
            42.83279,
            2155.84
          ],
          [
            0.170626,
            42.832801,
            2157.09
          ],
          [
            0.170556,
            42.832821,
            2158.18
          ],
          [
            0.170434,
            42.832814,
            2159.94
          ],
          [
            0.170378,
            42.832842,
            2160.88
          ],
          [
            0.17023,
            42.832881,
            2162.9
          ],
          [
            0.170169,
            42.832913,
            2163.81
          ],
          [
            0.170018,
            42.832942,
            2165.53
          ],
          [
            0.169076,
            42.833286,
            2175.15
          ],
          [
            0.168754,
            42.833352,
            2177.68
          ],
          [
            0.168186,
            42.833395,
            2181.7
          ],
          [
            0.167974,
            42.833439,
            2182.95
          ],
          [
            0.167296,
            42.833643,
            2186.7
          ],
          [
            0.166833,
            42.833813,
            2188.57
          ],
          [
            0.166729,
            42.833911,
            2189.01
          ],
          [
            0.166567,
            42.833982,
            2189.54
          ],
          [
            0.166427,
            42.834083,
            2190.12
          ],
          [
            0.166158,
            42.834171,
            2190.82
          ],
          [
            0.166058,
            42.834283,
            2191.44
          ],
          [
            0.165778,
            42.834371,
            2193.16
          ],
          [
            0.165585,
            42.834515,
            2195.64
          ],
          [
            0.165075,
            42.834627,
            2201.65
          ],
          [
            0.16466,
            42.834669,
            2205.73
          ],
          [
            0.164452,
            42.834739,
            2207.27
          ],
          [
            0.164311,
            42.834812,
            2207.91
          ],
          [
            0.163668,
            42.834905,
            2205.17
          ],
          [
            0.163485,
            42.834946,
            2203.04
          ],
          [
            0.163308,
            42.834939,
            2200.98
          ],
          [
            0.163179,
            42.834997,
            2198.93
          ],
          [
            0.162919,
            42.835072,
            2194.95
          ],
          [
            0.162736,
            42.835148,
            2192.12
          ],
          [
            0.162662,
            42.835206,
            2191.39
          ],
          [
            0.162502,
            42.835307,
            2190.72
          ],
          [
            0.162407,
            42.835318,
            2190.1
          ],
          [
            0.162319,
            42.835352,
            2189.61
          ],
          [
            0.161984,
            42.83554,
            2187.61
          ],
          [
            0.161824,
            42.83571,
            2187.13
          ],
          [
            0.161771,
            42.835876,
            2186.59
          ],
          [
            0.161776,
            42.836064,
            2186.15
          ],
          [
            0.161663,
            42.836279,
            2185.97
          ],
          [
            0.161416,
            42.836404,
            2186.12
          ],
          [
            0.161049,
            42.836672,
            2186.75
          ],
          [
            0.160368,
            42.837142,
            2190.43
          ],
          [
            0.159811,
            42.837395,
            2194.62
          ],
          [
            0.159599,
            42.837474,
            2196.19
          ],
          [
            0.159214,
            42.837708,
            2197.97
          ],
          [
            0.158115,
            42.838015,
            2201.41
          ],
          [
            0.157378,
            42.838174,
            2200.27
          ],
          [
            0.157424,
            42.838339,
            2199.73
          ],
          [
            0.157435,
            42.838512,
            2197.91
          ],
          [
            0.157405,
            42.83864,
            2196.63
          ],
          [
            0.15742,
            42.838842,
            2194.59
          ],
          [
            0.157455,
            42.83898,
            2193.28
          ],
          [
            0.157477,
            42.839137,
            2192.19
          ],
          [
            0.157492,
            42.839199,
            2192.28
          ],
          [
            0.15752,
            42.839253,
            2192.45
          ],
          [
            0.157532,
            42.839395,
            2192.89
          ],
          [
            0.157637,
            42.839474,
            2193.23
          ],
          [
            0.157634,
            42.839511,
            2193.34
          ],
          [
            0.157571,
            42.839597,
            2193.3
          ],
          [
            0.157521,
            42.839645,
            2193.73
          ],
          [
            0.157493,
            42.839693,
            2194.38
          ],
          [
            0.157497,
            42.839752,
            2195.34
          ],
          [
            0.157556,
            42.839848,
            2197.02
          ],
          [
            0.157618,
            42.839882,
            2197.93
          ],
          [
            0.157731,
            42.839903,
            2199.02
          ],
          [
            0.157812,
            42.840186,
            2202.05
          ],
          [
            0.157922,
            42.840297,
            2204.34
          ],
          [
            0.158197,
            42.840653,
            2212.22
          ],
          [
            0.158255,
            42.840797,
            2215.71
          ],
          [
            0.158249,
            42.840928,
            2219.39
          ],
          [
            0.158098,
            42.841165,
            2226.33
          ],
          [
            0.158105,
            42.841224,
            2228.44
          ],
          [
            0.158251,
            42.841238,
            2230.8
          ],
          [
            0.158549,
            42.841284,
            2236.04
          ],
          [
            0.158543,
            42.841322,
            2236.96
          ],
          [
            0.158523,
            42.841352,
            2237.77
          ],
          [
            0.158521,
            42.841428,
            2239.59
          ],
          [
            0.158491,
            42.841471,
            2240.69
          ],
          [
            0.158508,
            42.841503,
            2241.49
          ],
          [
            0.158551,
            42.841526,
            2242.43
          ],
          [
            0.158663,
            42.841534,
            2244.54
          ],
          [
            0.158775,
            42.841512,
            2246.71
          ],
          [
            0.158798,
            42.841538,
            2247.42
          ],
          [
            0.15884,
            42.841539,
            2248.07
          ],
          [
            0.158907,
            42.841526,
            2249.24
          ],
          [
            0.15891,
            42.841532,
            2249.38
          ],
          [
            0.158992,
            42.841543,
            2250.78
          ],
          [
            0.159003,
            42.84156,
            2251.47
          ],
          [
            0.158976,
            42.84163,
            2253.8
          ],
          [
            0.158845,
            42.841733,
            2256.17
          ],
          [
            0.158914,
            42.841721,
            2256.85
          ],
          [
            0.158941,
            42.841723,
            2257.16
          ],
          [
            0.158936,
            42.841746,
            2258.04
          ],
          [
            0.158952,
            42.84177,
            2259.07
          ],
          [
            0.158929,
            42.841816,
            2261.09
          ],
          [
            0.158961,
            42.841899,
            2264.76
          ],
          [
            0.158891,
            42.841933,
            2266.06
          ],
          [
            0.158969,
            42.841956,
            2267.11
          ],
          [
            0.159018,
            42.841982,
            2267.82
          ],
          [
            0.158995,
            42.84208,
            2271.78
          ],
          [
            0.159012,
            42.842117,
            2273.26
          ],
          [
            0.158987,
            42.842167,
            2275.32
          ],
          [
            0.158987,
            42.842184,
            2275.9
          ],
          [
            0.158922,
            42.84221,
            2277.03
          ],
          [
            0.158824,
            42.842225,
            2279.06
          ],
          [
            0.158789,
            42.842268,
            2280.39
          ],
          [
            0.158809,
            42.842337,
            2282.09
          ],
          [
            0.158975,
            42.842418,
            2285.71
          ],
          [
            0.158964,
            42.842427,
            2286.04
          ],
          [
            0.158812,
            42.842467,
            2289.49
          ],
          [
            0.158802,
            42.84249,
            2290.17
          ],
          [
            0.158856,
            42.842492,
            2291.27
          ],
          [
            0.158806,
            42.842539,
            2292.84
          ],
          [
            0.158895,
            42.842549,
            2294.59
          ],
          [
            0.158864,
            42.842591,
            2295.84
          ],
          [
            0.158941,
            42.842603,
            2297.35
          ],
          [
            0.158941,
            42.842622,
            2297.88
          ],
          [
            0.158889,
            42.842636,
            2298.93
          ],
          [
            0.158927,
            42.842656,
            2299.79
          ],
          [
            0.159081,
            42.842684,
            2302.78
          ],
          [
            0.159222,
            42.842684,
            2305.62
          ],
          [
            0.159393,
            42.842648,
            2309.25
          ],
          [
            0.159391,
            42.842668,
            2309.83
          ],
          [
            0.159272,
            42.842768,
            2313.81
          ],
          [
            0.159133,
            42.84282,
            2317.02
          ],
          [
            0.159114,
            42.842846,
            2317.81
          ],
          [
            0.159041,
            42.842861,
            2319.28
          ],
          [
            0.159033,
            42.842876,
            2319.69
          ],
          [
            0.159042,
            42.842893,
            2320.16
          ],
          [
            0.159116,
            42.842909,
            2321.62
          ],
          [
            0.159093,
            42.842927,
            2322.26
          ],
          [
            0.159116,
            42.842954,
            2323.11
          ],
          [
            0.159006,
            42.842967,
            2325.29
          ],
          [
            0.158988,
            42.842978,
            2325.77
          ],
          [
            0.158986,
            42.842995,
            2326.24
          ],
          [
            0.159008,
            42.843032,
            2327.38
          ],
          [
            0.158987,
            42.843082,
            2328.88
          ],
          [
            0.159004,
            42.843094,
            2329.39
          ],
          [
            0.159406,
            42.84309,
            2338.16
          ],
          [
            0.15957,
            42.84308,
            2341.69
          ],
          [
            0.159617,
            42.84309,
            2342.7
          ],
          [
            0.159661,
            42.843074,
            2343.7
          ],
          [
            0.159674,
            42.843079,
            2343.99
          ],
          [
            0.159681,
            42.843097,
            2344.51
          ],
          [
            0.159717,
            42.843106,
            2345.3
          ],
          [
            0.159778,
            42.843099,
            2346.52
          ],
          [
            0.159781,
            42.843155,
            2347.97
          ],
          [
            0.159817,
            42.843226,
            2349.83
          ],
          [
            0.159884,
            42.843266,
            2351.42
          ],
          [
            0.159961,
            42.843226,
            2353.18
          ],
          [
            0.159964,
            42.843397,
            2357.58
          ],
          [
            0.159985,
            42.843518,
            2361.02
          ],
          [
            0.159972,
            42.84356,
            2362.11
          ],
          [
            0.159978,
            42.843565,
            2362.27
          ],
          [
            0.160029,
            42.843554,
            2363.1
          ],
          [
            0.160041,
            42.843558,
            2363.29
          ],
          [
            0.160021,
            42.843625,
            2364.83
          ],
          [
            0.160031,
            42.843687,
            2366.2
          ],
          [
            0.160059,
            42.843722,
            2367.01
          ],
          [
            0.160091,
            42.84373,
            2367.52
          ],
          [
            0.160106,
            42.84376,
            2368.23
          ],
          [
            0.160074,
            42.843769,
            2368.8
          ],
          [
            0.160078,
            42.843785,
            2369.19
          ],
          [
            0.160159,
            42.843837,
            2370.74
          ],
          [
            0.160178,
            42.84386,
            2371.25
          ],
          [
            0.16017,
            42.843873,
            2371.53
          ],
          [
            0.160129,
            42.843885,
            2371.9
          ],
          [
            0.160127,
            42.843899,
            2372.01
          ],
          [
            0.160145,
            42.843906,
            2372.37
          ],
          [
            0.160163,
            42.843935,
            2373.3
          ],
          [
            0.160162,
            42.843953,
            2373.87
          ],
          [
            0.160194,
            42.843966,
            2374.77
          ],
          [
            0.160186,
            42.843992,
            2375.63
          ],
          [
            0.160206,
            42.844027,
            2376.74
          ],
          [
            0.160182,
            42.844104,
            2379.13
          ],
          [
            0.160155,
            42.84432,
            2381.2
          ],
          [
            0.160181,
            42.844348,
            2380.89
          ],
          [
            0.160228,
            42.84436,
            2380.73
          ],
          [
            0.160236,
            42.844374,
            2380.59
          ],
          [
            0.160198,
            42.844418,
            2379.92
          ],
          [
            0.160179,
            42.844467,
            2379.13
          ],
          [
            0.160086,
            42.844602,
            2376.63
          ],
          [
            0.160035,
            42.844634,
            2375.44
          ],
          [
            0.159995,
            42.844679,
            2374.04
          ],
          [
            0.159953,
            42.844833,
            2371.35
          ],
          [
            0.159962,
            42.844939,
            2369.75
          ],
          [
            0.159943,
            42.845008,
            2368.49
          ],
          [
            0.159901,
            42.845052,
            2367.5
          ],
          [
            0.1598,
            42.845096,
            2365.85
          ],
          [
            0.159824,
            42.845145,
            2364.98
          ],
          [
            0.159891,
            42.845135,
            2364.35
          ],
          [
            0.159874,
            42.845234,
            2363.31
          ],
          [
            0.159887,
            42.845411,
            2359.03
          ],
          [
            0.159944,
            42.845471,
            2355.93
          ],
          [
            0.159928,
            42.845524,
            2354.82
          ],
          [
            0.159857,
            42.845656,
            2352.13
          ],
          [
            0.159799,
            42.845676,
            2352.78
          ],
          [
            0.159756,
            42.845705,
            2352.19
          ],
          [
            0.159713,
            42.845772,
            2351.84
          ],
          [
            0.159627,
            42.845807,
            2350.54
          ],
          [
            0.159556,
            42.84587,
            2348.2
          ],
          [
            0.15957,
            42.845907,
            2347.54
          ],
          [
            0.159559,
            42.845921,
            2347.31
          ],
          [
            0.159574,
            42.845938,
            2347.01
          ],
          [
            0.159689,
            42.845945,
            2345.59
          ],
          [
            0.159733,
            42.845942,
            2345.07
          ],
          [
            0.159744,
            42.845975,
            2344.54
          ],
          [
            0.159734,
            42.845994,
            2344.24
          ],
          [
            0.159657,
            42.846051,
            2343.2
          ],
          [
            0.159644,
            42.846085,
            2342.73
          ],
          [
            0.159618,
            42.846109,
            2342.29
          ],
          [
            0.159614,
            42.846157,
            2341.58
          ],
          [
            0.159665,
            42.846243,
            2340.23
          ],
          [
            0.159647,
            42.84633,
            2338.84
          ],
          [
            0.159668,
            42.846392,
            2337.77
          ],
          [
            0.159673,
            42.846459,
            2336.7
          ],
          [
            0.159649,
            42.846509,
            2335.97
          ],
          [
            0.159589,
            42.846547,
            2335.27
          ],
          [
            0.159559,
            42.846595,
            2334.7
          ],
          [
            0.159575,
            42.846604,
            2334.53
          ],
          [
            0.159624,
            42.846609,
            2334.12
          ],
          [
            0.159635,
            42.846616,
            2333.99
          ],
          [
            0.15958,
            42.846763,
            2332.07
          ],
          [
            0.159537,
            42.846794,
            2331.58
          ],
          [
            0.159558,
            42.846817,
            2331.3
          ],
          [
            0.15963,
            42.846831,
            2330.74
          ],
          [
            0.15961,
            42.846914,
            2329.78
          ],
          [
            0.159535,
            42.847033,
            2328.07
          ],
          [
            0.159477,
            42.847253,
            2325.75
          ],
          [
            0.159409,
            42.847376,
            2325.54
          ],
          [
            0.159318,
            42.847423,
            2326.17
          ],
          [
            0.15943,
            42.84758,
            2324.77
          ],
          [
            0.1596,
            42.847691,
            2322.53
          ],
          [
            0.159714,
            42.847754,
            2321.03
          ],
          [
            0.15994,
            42.847811,
            2318.83
          ],
          [
            0.16016,
            42.847817,
            2315.73
          ],
          [
            0.160415,
            42.847771,
            2312.46
          ],
          [
            0.160619,
            42.847747,
            2310.32
          ],
          [
            0.160764,
            42.847707,
            2308.34
          ],
          [
            0.160956,
            42.847691,
            2306.09
          ],
          [
            0.16104,
            42.84766,
            2305.03
          ],
          [
            0.16111,
            42.847664,
            2304.24
          ],
          [
            0.161214,
            42.847613,
            2302.83
          ],
          [
            0.161286,
            42.847539,
            2301.41
          ],
          [
            0.161563,
            42.847441,
            2297.6
          ],
          [
            0.161661,
            42.847436,
            2296.37
          ],
          [
            0.161864,
            42.847379,
            2293.58
          ],
          [
            0.162085,
            42.847368,
            2290.78
          ],
          [
            0.162309,
            42.847323,
            2288.14
          ],
          [
            0.162408,
            42.847333,
            2287.03
          ],
          [
            0.162718,
            42.847234,
            2283.21
          ],
          [
            0.162989,
            42.847126,
            2280.16
          ],
          [
            0.164079,
            42.846789,
            2274.16
          ],
          [
            0.164268,
            42.846791,
            2273.6
          ],
          [
            0.164993,
            42.846919,
            2271.36
          ],
          [
            0.165184,
            42.846929,
            2270.59
          ],
          [
            0.16533,
            42.84691,
            2269.87
          ],
          [
            0.165564,
            42.846908,
            2269.52
          ],
          [
            0.165862,
            42.846946,
            2268.46
          ],
          [
            0.166005,
            42.847028,
            2267.84
          ],
          [
            0.166129,
            42.847026,
            2267.05
          ],
          [
            0.166309,
            42.847063,
            2265.55
          ],
          [
            0.166522,
            42.847087,
            2264.18
          ],
          [
            0.16666,
            42.847089,
            2263.6
          ],
          [
            0.166778,
            42.847051,
            2262.57
          ],
          [
            0.167006,
            42.847026,
            2261.11
          ],
          [
            0.1673,
            42.846975,
            2258.25
          ],
          [
            0.167602,
            42.846959,
            2253.46
          ],
          [
            0.167996,
            42.846948,
            2248.24
          ],
          [
            0.16857,
            42.846827,
            2241.65
          ],
          [
            0.168898,
            42.846743,
            2237.97
          ],
          [
            0.169441,
            42.846735,
            2232.58
          ],
          [
            0.170077,
            42.846647,
            2226.03
          ],
          [
            0.1702,
            42.846586,
            2224.72
          ],
          [
            0.170788,
            42.84655,
            2220.11
          ],
          [
            0.171114,
            42.846456,
            2217.56
          ],
          [
            0.171516,
            42.846322,
            2214.95
          ],
          [
            0.171805,
            42.846322,
            2213.16
          ],
          [
            0.172124,
            42.846213,
            2210.9
          ],
          [
            0.172972,
            42.846128,
            2203.8
          ],
          [
            0.173326,
            42.846117,
            2199.92
          ],
          [
            0.173714,
            42.846086,
            2195.11
          ],
          [
            0.174051,
            42.84604,
            2189.63
          ],
          [
            0.174345,
            42.845977,
            2184.48
          ],
          [
            0.174931,
            42.84596,
            2175.46
          ],
          [
            0.175447,
            42.845902,
            2166.39
          ],
          [
            0.175967,
            42.845745,
            2158.83
          ],
          [
            0.176135,
            42.845746,
            2156.9
          ],
          [
            0.176362,
            42.84571,
            2154.36
          ],
          [
            0.176563,
            42.845644,
            2151.79
          ],
          [
            0.176842,
            42.845683,
            2148.94
          ],
          [
            0.177065,
            42.845654,
            2147.48
          ],
          [
            0.177204,
            42.845676,
            2146.76
          ],
          [
            0.177598,
            42.845763,
            2144.65
          ],
          [
            0.177789,
            42.845765,
            2143.79
          ],
          [
            0.178351,
            42.845689,
            2141.08
          ],
          [
            0.17852,
            42.845636,
            2140.29
          ],
          [
            0.178583,
            42.845644,
            2140.02
          ],
          [
            0.17872,
            42.845757,
            2139.17
          ],
          [
            0.17883,
            42.845802,
            2138.63
          ],
          [
            0.179027,
            42.84583,
            2137.61
          ],
          [
            0.179252,
            42.845822,
            2136.61
          ],
          [
            0.179432,
            42.845767,
            2135.95
          ],
          [
            0.179543,
            42.845767,
            2135.58
          ]
        ]
      }
    },
    {
      "type": "Feature",
      "properties": {
        "source": "Lac_de_lOule.gpx",
        "type": "route"
      },
      "geometry": {
        "type": "LineString",
        "coordinates": [
          [
            0.213521,
            42.830153
          ],
          [
            0.220587,
            42.828119
          ],
          [
            0.219743,
            42.827876
          ],
          [
            0.217013,
            42.827685
          ],
          [
            0.213988,
            42.827757
          ],
          [
            0.207201,
            42.82473
          ],
          [
            0.207229,
            42.824413
          ],
          [
            0.206482,
            42.824402
          ],
          [
            0.206494,
            42.824326
          ],
          [
            0.206117,
            42.82404
          ],
          [
            0.219285,
            42.812888
          ],
          [
            0.212741,
            42.814522
          ],
          [
            0.195445,
            42.817595
          ],
          [
            0.186234,
            42.819693
          ],
          [
            0.181894,
            42.821255
          ],
          [
            0.177824,
            42.821444
          ],
          [
            0.175263,
            42.822063
          ],
          [
            0.174599,
            42.822365
          ],
          [
            0.168848,
            42.825021
          ],
          [
            0.169511,
            42.827308
          ],
          [
            0.169435,
            42.827501
          ],
          [
            0.169549,
            42.82776
          ],
          [
            0.170124,
            42.82835
          ],
          [
            0.171936,
            42.829318
          ],
          [
            0.157444,
            42.833873
          ],
          [
            0.155543,
            42.834974
          ],
          [
            0.156306,
            42.838198
          ],
          [
            0.156323,
            42.838311
          ],
          [
            0.181971,
            42.827205
          ],
          [
            0.182004,
            42.827144
          ],
          [
            0.182888,
            42.826706
          ],
          [
            0.183121,
            42.826833
          ],
          [
            0.18368,
            42.826789
          ],
          [
            0.196813,
            42.831521
          ],
          [
            0.19707,
            42.831892
          ],
          [
            0.196767,
            42.84012
          ],
          [
            0.196711,
            42.841625
          ],
          [
            0.196711,
            42.841625
          ],
          [
            0.196767,
            42.84012
          ],
          [
            0.19707,
            42.831892
          ],
          [
            0.196813,
            42.831521
          ],
          [
            0.157378,
            42.838174
          ],
          [
            0.159944,
            42.845471
          ],
          [
            0.159857,
            42.845656
          ],
          [
            0.159318,
            42.847423
          ],
          [
            0.179543,
            42.845767
          ]
        ]
      }
    }
  ]
}