{
  "type": "FeatureCollection",
  "features": [
    {
      "type": "Feature",
      "properties": {
        "name": "GraphHopper Track",
        "source": "Col_de_Saint-Louis.gpx",
        "type": "track"
      },
      "geometry": {
        "type": "LineString",
        "coordinates": [
          [
            2.005961,
            42.984037,
            372.17
          ],
          [
            2.005855,
            42.984031,
            372.13
          ],
          [
            2.005875,
            42.98385,
            372.32
          ],
          [
            2.005215,
            42.983765,
            371.99
          ],
          [
            2.004463,
            42.983563,
            370.92
          ],
          [
            2.003126,
            42.983102,
            370.0
          ],
          [
            2.003137,
            42.982839,
            370.67
          ],
          [
            2.002548,
            42.982808,
            369.82
          ],
          [
            2.002411,
            42.982896,
            369.3
          ],
          [
            2.002432,
            42.982959,
            369.78
          ],
          [
            2.002363,
            42.982972,
            370.69
          ],
          [
            2.002191,
            42.982421,
            373.35
          ],
          [
            2.002143,
            42.98211,
            374.86
          ],
          [
            2.002054,
            42.981865,
            375.81
          ],
          [
            2.002001,
            42.981637,
            376.33
          ],
          [
            2.00172,
            42.979831,
            377.38
          ],
          [
            2.001492,
            42.979064,
            377.64
          ],
          [
            2.001344,
            42.978784,
            377.61
          ],
          [
            2.000694,
            42.977618,
            376.29
          ],
          [
            2.000425,
            42.977158,
            375.73
          ],
          [
            2.000179,
            42.976659,
            375.25
          ],
          [
            1.999291,
            42.974522,
            377.61
          ],
          [
            1.999206,
            42.974353,
            377.8
          ],
          [
            1.999047,
            42.974163,
            378.63
          ],
          [
            1.999067,
            42.974087,
            378.37
          ],
          [
            1.998934,
            42.973717,
            377.35
          ],
          [
            1.99873,
            42.973259,
            377.29
          ],
          [
            1.998202,
            42.972018,
            378.45
          ],
          [
            1.998039,
            42.971508,
            378.94
          ],
          [
            1.997983,
            42.971208,
            379.02
          ],
          [
            1.997932,
            42.970847,
            379.17
          ],
          [
            1.997914,
            42.970469,
            379.43
          ],
          [
            1.997932,
            42.970024,
            379.74
          ],
          [
            1.997993,
            42.969556,
            379.96
          ],
          [
            1.998104,
            42.969048,
            379.98
          ],
          [
            1.998621,
            42.967444,
            380.24
          ],
          [
            1.999349,
            42.965277,
            382.97
          ],
          [
            2.000571,
            42.961524,
            385.61
          ],
          [
            2.00069,
            42.96111,
            386.1
          ],
          [
            2.000742,
            42.960793,
            386.82
          ],
          [
            2.00077,
            42.960227,
            388.92
          ],
          [
            2.000697,
            42.959648,
            391.51
          ],
          [
            2.00022,
            42.958033,
            389.2
          ],
          [
            2.000096,
            42.957721,
            389.55
          ],
          [
            1.999975,
            42.957467,
            389.76
          ],
          [
            1.999728,
            42.957058,
            389.96
          ],
          [
            1.999413,
            42.956634,
            390.0
          ],
          [
            1.998991,
            42.956202,
            390.03
          ],
          [
            1.998519,
            42.955835,
            390.13
          ],
          [
            1.998486,
            42.955751,
            390.03
          ],
          [
            1.998482,
            42.955674,
            390.0
          ],
          [
            1.998587,
            42.955452,
            389.75
          ],
          [
            1.998597,
            42.95535,
            389.39
          ],
          [
            1.998593,
            42.955158,
            389.19
          ],
          [
            1.998681,
            42.955007,
            388.94
          ],
          [
            1.998806,
            42.954913,
            388.97
          ],
          [
            1.998973,
            42.954851,
            388.93
          ],
          [
            1.999653,
            42.95476,
            387.94
          ],
          [
            1.999942,
            42.954635,
            390.0
          ],
          [
            1.999263,
            42.953869,
            389.39
          ],
          [
            1.999164,
            42.953748,
            389.35
          ],
          [
            1.999094,
            42.953627,
            389.34
          ],
          [
            1.998953,
            42.95318,
            389.39
          ],
          [
            1.998744,
            42.952267,
            389.94
          ],
          [
            1.998705,
            42.952184,
            390.0
          ],
          [
            1.998624,
            42.952128,
            389.84
          ],
          [
            1.998655,
            42.952091,
            390.42
          ],
          [
            1.998679,
            42.952039,
            390.71
          ],
          [
            1.999078,
            42.948225,
            395.78
          ],
          [
            1.999178,
            42.947838,
            397.06
          ],
          [
            1.999312,
            42.947518,
            398.11
          ],
          [
            1.999498,
            42.947248,
            398.94
          ],
          [
            1.999773,
            42.946913,
            399.95
          ],
          [
            1.999837,
            42.946756,
            399.68
          ],
          [
            1.999911,
            42.945754,
            400.28
          ],
          [
            1.999963,
            42.94442,
            402.52
          ],
          [
            2.000228,
            42.944448,
            403.53
          ],
          [
            2.000416,
            42.944425,
            404.51
          ],
          [
            2.000465,
            42.944337,
            404.61
          ],
          [
            2.000431,
            42.944114,
            405.21
          ],
          [
            2.000372,
            42.943932,
            405.85
          ],
          [
            2.000187,
            42.943446,
            406.61
          ],
          [
            2.000862,
            42.943211,
            413.04
          ],
          [
            2.001308,
            42.943086,
            416.48
          ],
          [
            2.001815,
            42.942977,
            420.1
          ],
          [
            2.003535,
            42.942654,
            428.85
          ],
          [
            2.003617,
            42.942676,
            429.12
          ],
          [
            2.003776,
            42.942607,
            429.94
          ],
          [
            2.004152,
            42.94248,
            431.23
          ],
          [
            2.004757,
            42.942303,
            434.45
          ],
          [
            2.00517,
            42.94217,
            436.44
          ],
          [
            2.005453,
            42.942122,
            437.64
          ],
          [
            2.005755,
            42.942108,
            438.8
          ],
          [
            2.006204,
            42.942114,
            440.45
          ],
          [
            2.006455,
            42.942091,
            441.26
          ],
          [
            2.006827,
            42.942024,
            442.46
          ],
          [
            2.006988,
            42.941978,
            443.14
          ],
          [
            2.007114,
            42.941922,
            443.81
          ],
          [
            2.007192,
            42.941845,
            444.44
          ],
          [
            2.007215,
            42.941738,
            445.21
          ],
          [
            2.007169,
            42.941576,
            446.51
          ],
          [
            2.007165,
            42.941469,
            447.38
          ],
          [
            2.007271,
            42.941351,
            448.53
          ],
          [
            2.00743,
            42.941271,
            449.75
          ],
          [
            2.00771,
            42.941206,
            451.76
          ],
          [
            2.007983,
            42.941178,
            453.64
          ],
          [
            2.008258,
            42.94119,
            455.29
          ],
          [
            2.00891,
            42.941271,
            458.93
          ],
          [
            2.00959,
            42.941294,
            462.49
          ],
          [
            2.010013,
            42.941347,
            464.71
          ],
          [
            2.010289,
            42.94135,
            465.22
          ],
          [
            2.010868,
            42.941286,
            468.19
          ],
          [
            2.011099,
            42.941283,
            468.98
          ],
          [
            2.011627,
            42.941322,
            471.02
          ],
          [
            2.011945,
            42.941319,
            472.36
          ],
          [
            2.012207,
            42.941297,
            473.52
          ],
          [
            2.012546,
            42.941246,
            475.22
          ],
          [
            2.012714,
            42.941236,
            476.12
          ],
          [
            2.012848,
            42.941263,
            476.85
          ],
          [
            2.012954,
            42.941327,
            477.53
          ],
          [
            2.013125,
            42.94153,
            479.01
          ],
          [
            2.013286,
            42.941664,
            480.05
          ],
          [
            2.013486,
            42.941768,
            481.04
          ],
          [
            2.013656,
            42.941795,
            481.78
          ],
          [
            2.013825,
            42.941786,
            482.53
          ],
          [
            2.014033,
            42.94173,
            483.56
          ],
          [
            2.014214,
            42.941644,
            484.58
          ],
          [
            2.014751,
            42.941333,
            488.18
          ],
          [
            2.015099,
            42.941116,
            490.62
          ],
          [
            2.015248,
            42.940999,
            491.77
          ],
          [
            2.015344,
            42.940849,
            492.76
          ],
          [
            2.01546,
            42.940557,
            494.27
          ],
          [
            2.015594,
            42.940379,
            495.37
          ],
          [
            2.015755,
            42.940261,
            496.4
          ],
          [
            2.016034,
            42.940107,
            497.97
          ],
          [
            2.017458,
            42.939521,
            505.45
          ],
          [
            2.017752,
            42.939437,
            506.93
          ],
          [
            2.018051,
            42.939396,
            508.37
          ],
          [
            2.018665,
            42.939376,
            511.38
          ],
          [
            2.01901,
            42.939313,
            513.22
          ],
          [
            2.0199,
            42.939037,
            518.63
          ],
          [
            2.020218,
            42.938902,
            520.91
          ],
          [
            2.021842,
            42.938058,
            531.03
          ],
          [
            2.022081,
            42.937851,
            530.71
          ],
          [
            2.022477,
            42.937443,
            530.44
          ],
          [
            2.022584,
            42.937281,
            530.23
          ],
          [
            2.022642,
            42.937107,
            530.12
          ],
          [
            2.022636,
            42.936931,
            530.19
          ],
          [
            2.022557,
            42.936628,
            530.33
          ],
          [
            2.022571,
            42.936504,
            530.46
          ],
          [
            2.022685,
            42.936417,
            530.64
          ],
          [
            2.022822,
            42.936392,
            530.85
          ],
          [
            2.023512,
            42.936374,
            531.85
          ],
          [
            2.023779,
            42.936338,
            531.87
          ],
          [
            2.026963,
            42.93556,
            530.64
          ],
          [
            2.02715,
            42.935479,
            530.61
          ],
          [
            2.027285,
            42.935373,
            530.46
          ],
          [
            2.027365,
            42.935223,
            530.29
          ],
          [
            2.027487,
            42.93515,
            530.68
          ],
          [
            2.027675,
            42.935089,
            532.07
          ],
          [
            2.028049,
            42.935039,
            531.57
          ],
          [
            2.028292,
            42.935035,
            531.54
          ],
          [
            2.028501,
            42.935079,
            531.26
          ],
          [
            2.028843,
            42.935216,
            530.56
          ],
          [
            2.029141,
            42.935287,
            530.11
          ],
          [
            2.02948,
            42.935323,
            529.53
          ],
          [
            2.029759,
            42.935305,
            529.12
          ],
          [
            2.029995,
            42.935247,
            528.82
          ],
          [
            2.035794,
            42.933199,
            523.57
          ],
          [
            2.035971,
            42.933085,
            522.96
          ],
          [
            2.036093,
            42.93294,
            522.47
          ],
          [
            2.036126,
            42.932792,
            522.13
          ],
          [
            2.036096,
            42.93264,
            521.84
          ],
          [
            2.03605,
            42.932475,
            521.64
          ],
          [
            2.036031,
            42.932325,
            521.56
          ],
          [
            2.036049,
            42.932192,
            521.55
          ],
          [
            2.036123,
            42.932034,
            521.75
          ],
          [
            2.036235,
            42.931892,
            522.08
          ],
          [
            2.036397,
            42.931779,
            522.4
          ],
          [
            2.036906,
            42.931525,
            522.7
          ],
          [
            2.037368,
            42.931343,
            522.68
          ],
          [
            2.037872,
            42.931196,
            522.54
          ],
          [
            2.038895,
            42.930968,
            521.94
          ],
          [
            2.03901,
            42.930927,
            521.8
          ],
          [
            2.039091,
            42.930862,
            521.67
          ],
          [
            2.039121,
            42.930768,
            521.52
          ],
          [
            2.039092,
            42.930648,
            521.34
          ],
          [
            2.038611,
            42.930004,
            520.95
          ],
          [
            2.038248,
            42.929422,
            522.41
          ],
          [
            2.038207,
            42.929168,
            523.13
          ],
          [
            2.038219,
            42.928993,
            523.58
          ],
          [
            2.038261,
            42.928825,
            524.05
          ],
          [
            2.038362,
            42.928629,
            524.62
          ],
          [
            2.038493,
            42.928472,
            525.05
          ],
          [
            2.038662,
            42.928294,
            525.45
          ],
          [
            2.039162,
            42.927861,
            526.43
          ],
          [
            2.041376,
            42.926108,
            531.21
          ],
          [
            2.041599,
            42.925912,
            531.61
          ],
          [
            2.041827,
            42.925629,
            531.97
          ],
          [
            2.041874,
            42.925488,
            532.09
          ],
          [
            2.041894,
            42.92535,
            532.21
          ],
          [
            2.041881,
            42.92518,
            532.31
          ],
          [
            2.041742,
            42.924905,
            532.1
          ],
          [
            2.041728,
            42.924861,
            532.03
          ],
          [
            2.041777,
            42.924814,
            531.69
          ],
          [
            2.042022,
            42.924311,
            527.59
          ],
          [
            2.04254,
            42.923579,
            520.24
          ],
          [
            2.042723,
            42.923502,
            518.59
          ],
          [
            2.042911,
            42.923437,
            516.78
          ],
          [
            2.043045,
            42.923414,
            515.85
          ],
          [
            2.043141,
            42.923425,
            515.46
          ],
          [
            2.043672,
            42.923017,
            509.9
          ],
          [
            2.043832,
            42.922884,
            508.54
          ],
          [
            2.044111,
            42.922695,
            506.9
          ],
          [
            2.044272,
            42.922542,
            505.67
          ],
          [
            2.044953,
            42.921611,
            499.19
          ],
          [
            2.044964,
            42.921448,
            497.99
          ],
          [
            2.044856,
            42.921425,
            497.81
          ],
          [
            2.0449,
            42.921286,
            497.01
          ],
          [
            2.044951,
            42.921195,
            496.1
          ],
          [
            2.045039,
            42.921126,
            495.12
          ],
          [
            2.045146,
            42.921087,
            494.25
          ],
          [
            2.045437,
            42.921021,
            490.5
          ],
          [
            2.045697,
            42.920977,
            487.78
          ],
          [
            2.045783,
            42.920911,
            486.95
          ],
          [
            2.045911,
            42.920739,
            485.34
          ],
          [
            2.046127,
            42.920001,
            479.0
          ],
          [
            2.046377,
            42.919881,
            478.28
          ],
          [
            2.046564,
            42.919904,
            478.0
          ],
          [
            2.046666,
            42.919998,
            474.31
          ],
          [
            2.046791,
            42.920157,
            474.31
          ],
          [
            2.046883,
            42.920179,
            475.89
          ],
          [
            2.046996,
            42.920248,
            477.79
          ],
          [
            2.04724,
            42.920108,
            477.1
          ],
          [
            2.047652,
            42.919801,
            476.19
          ],
          [
            2.047843,
            42.91954,
            475.44
          ],
          [
            2.047956,
            42.919293,
            475.91
          ],
          [
            2.04812,
            42.918994,
            476.88
          ],
          [
            2.048341,
            42.918435,
            479.17
          ],
          [
            2.048363,
            42.918087,
            480.1
          ],
          [
            2.048417,
            42.918046,
            481.49
          ],
          [
            2.048409,
            42.917971,
            480.62
          ],
          [
            2.048465,
            42.917857,
            479.75
          ],
          [
            2.04856,
            42.917792,
            479.55
          ],
          [
            2.049411,
            42.917549,
            477.21
          ],
          [
            2.049757,
            42.917408,
            476.32
          ],
          [
            2.049854,
            42.917351,
            476.37
          ],
          [
            2.049916,
            42.917289,
            475.57
          ],
          [
            2.049951,
            42.917196,
            474.35
          ],
          [
            2.049979,
            42.916703,
            474.68
          ],
          [
            2.050138,
            42.916345,
            474.79
          ],
          [
            2.050106,
            42.916066,
            474.86
          ],
          [
            2.050142,
            42.915598,
            475.0
          ],
          [
            2.051707,
            42.91564,
            475.32
          ],
          [
            2.05253,
            42.915609,
            475.96
          ],
          [
            2.053877,
            42.915536,
            477.01
          ],
          [
            2.054615,
            42.915339,
            477.47
          ],
          [
            2.055494,
            42.915048,
            478.26
          ],
          [
            2.056345,
            42.914653,
            479.58
          ],
          [
            2.058303,
            42.913614,
            482.35
          ],
          [
            2.059665,
            42.912846,
            484.04
          ],
          [
            2.060927,
            42.912191,
            486.79
          ],
          [
            2.062133,
            42.91163,
            490.53
          ],
          [
            2.062643,
            42.911412,
            492.23
          ],
          [
            2.063283,
            42.911275,
            494.24
          ],
          [
            2.063869,
            42.91119,
            496.91
          ],
          [
            2.064246,
            42.911204,
            497.84
          ],
          [
            2.064629,
            42.911246,
            498.44
          ],
          [
            2.064862,
            42.911261,
            498.61
          ],
          [
            2.065239,
            42.911218,
            498.63
          ],
          [
            2.065689,
            42.911206,
            498.2
          ],
          [
            2.066208,
            42.911178,
            498.54
          ],
          [
            2.0667,
            42.911277,
            498.7
          ],
          [
            2.067182,
            42.911412,
            498.76
          ],
          [
            2.067608,
            42.911485,
            498.67
          ],
          [
            2.068062,
            42.911474,
            498.67
          ],
          [
            2.068334,
            42.911478,
            498.68
          ],
          [
            2.068661,
            42.911536,
            498.68
          ],
          [
            2.068963,
            42.911627,
            498.77
          ],
          [
            2.069452,
            42.911869,
            499.15
          ],
          [
            2.069636,
            42.911921,
            499.28
          ],
          [
            2.069906,
            42.911911,
            499.54
          ],
          [
            2.071017,
            42.911675,
            501.98
          ],
          [
            2.072192,
            42.911513,
            504.72
          ],
          [
            2.072473,
            42.911443,
            505.2
          ],
          [
            2.073353,
            42.91107,
            506.44
          ],
          [
            2.073843,
            42.910922,
            507.02
          ],
          [
            2.074519,
            42.910628,
            508.05
          ],
          [
            2.074832,
            42.910541,
            508.58
          ],
          [
            2.075182,
            42.910497,
            509.21
          ],
          [
            2.075963,
            42.910446,
            510.99
          ],
          [
            2.076897,
            42.910121,
            513.58
          ],
          [
            2.077635,
            42.909992,
            516.15
          ],
          [
            2.07785,
            42.909925,
            517.12
          ],
          [
            2.078076,
            42.909791,
            518.44
          ],
          [
            2.078327,
            42.909663,
            519.77
          ],
          [
            2.078504,
            42.909519,
            520.83
          ],
          [
            2.078587,
            42.909396,
            521.45
          ],
          [
            2.07892,
            42.908778,
            522.82
          ],
          [
            2.079038,
            42.908633,
            522.92
          ],
          [
            2.079211,
            42.908493,
            523.07
          ],
          [
            2.07951,
            42.90836,
            523.4
          ],
          [
            2.079807,
            42.908254,
            523.74
          ],
          [
            2.080083,
            42.908087,
            524.05
          ],
          [
            2.08028,
            42.907929,
            524.26
          ],
          [
            2.080782,
            42.907425,
            524.58
          ],
          [
            2.081137,
            42.907204,
            524.27
          ],
          [
            2.081299,
            42.907149,
            523.63
          ],
          [
            2.081414,
            42.907135,
            523.78
          ],
          [
            2.081732,
            42.907156,
            524.22
          ],
          [
            2.082102,
            42.907135,
            524.62
          ],
          [
            2.082501,
            42.907089,
            525.21
          ],
          [
            2.082936,
            42.906998,
            525.76
          ],
          [
            2.083495,
            42.90697,
            526.38
          ],
          [
            2.084048,
            42.90688,
            525.92
          ],
          [
            2.084384,
            42.906785,
            525.79
          ],
          [
            2.084698,
            42.906668,
            525.85
          ],
          [
            2.085125,
            42.906462,
            526.02
          ],
          [
            2.085236,
            42.906391,
            526.09
          ],
          [
            2.085769,
            42.905901,
            526.8
          ],
          [
            2.086372,
            42.905431,
            527.93
          ],
          [
            2.086553,
            42.905342,
            528.18
          ],
          [
            2.08674,
            42.905276,
            528.39
          ],
          [
            2.087024,
            42.905205,
            528.66
          ],
          [
            2.088301,
            42.904964,
            529.67
          ],
          [
            2.089061,
            42.904787,
            530.27
          ],
          [
            2.089399,
            42.904691,
            530.51
          ],
          [
            2.089731,
            42.904574,
            530.76
          ],
          [
            2.09027,
            42.90455,
            531.22
          ],
          [
            2.091175,
            42.904371,
            531.45
          ],
          [
            2.091497,
            42.904282,
            531.42
          ],
          [
            2.092125,
            42.904,
            531.39
          ],
          [
            2.09354,
            42.903442,
            533.0
          ],
          [
            2.094362,
            42.903135,
            534.95
          ],
          [
            2.094743,
            42.902941,
            535.89
          ],
          [
            2.094999,
            42.902772,
            536.33
          ],
          [
            2.095701,
            42.902558,
            536.29
          ],
          [
            2.096049,
            42.902523,
            536.77
          ],
          [
            2.096335,
            42.902415,
            537.25
          ],
          [
            2.096771,
            42.902117,
            538.24
          ],
          [
            2.097238,
            42.901934,
            538.94
          ],
          [
            2.098747,
            42.901466,
            540.63
          ],
          [
            2.100725,
            42.90083,
            541.86
          ],
          [
            2.101011,
            42.900693,
            542.0
          ],
          [
            2.101805,
            42.900255,
            543.42
          ],
          [
            2.101916,
            42.900182,
            543.63
          ],
          [
            2.102,
            42.900103,
            543.83
          ],
          [
            2.102435,
            42.899556,
            545.01
          ],
          [
            2.103821,
            42.898962,
            546.34
          ],
          [
            2.106297,
            42.898384,
            549.94
          ],
          [
            2.107587,
            42.897565,
            552.71
          ],
          [
            2.108894,
            42.896785,
            555.4
          ],
          [
            2.10959,
            42.896277,
            557.86
          ],
          [
            2.109893,
            42.896028,
            558.21
          ],
          [
            2.110398,
            42.895693,
            559.22
          ],
          [
            2.110909,
            42.895513,
            560.05
          ],
          [
            2.111549,
            42.895409,
            560.93
          ],
          [
            2.113426,
            42.894772,
            564.89
          ],
          [
            2.113629,
            42.895091,
            565.0
          ],
          [
            2.113673,
            42.895135,
            565.0
          ],
          [
            2.113968,
            42.895072,
            565.39
          ],
          [
            2.11462,
            42.894876,
            565.96
          ],
          [
            2.114781,
            42.894792,
            566.0
          ],
          [
            2.115062,
            42.894663,
            566.09
          ],
          [
            2.116894,
            42.894058,
            566.4
          ],
          [
            2.117211,
            42.893993,
            566.08
          ],
          [
            2.117474,
            42.893971,
            565.84
          ],
          [
            2.117453,
            42.89407,
            566.02
          ],
          [
            2.117572,
            42.894119,
            565.5
          ],
          [
            2.117913,
            42.894279,
            564.87
          ],
          [
            2.118773,
            42.894628,
            564.16
          ],
          [
            2.118972,
            42.894686,
            564.2
          ],
          [
            2.119092,
            42.894575,
            562.3
          ],
          [
            2.119288,
            42.894501,
            560.95
          ],
          [
            2.119715,
            42.894508,
            559.68
          ],
          [
            2.121208,
            42.894566,
            556.97
          ],
          [
            2.121855,
            42.894598,
            556.0
          ],
          [
            2.12272,
            42.894684,
            554.99
          ],
          [
            2.123546,
            42.894755,
            553.99
          ],
          [
            2.124333,
            42.894774,
            553.03
          ],
          [
            2.126395,
            42.894574,
            551.11
          ],
          [
            2.126985,
            42.894489,
            550.54
          ],
          [
            2.12761,
            42.894449,
            549.89
          ],
          [
            2.12901,
            42.894585,
            548.32
          ],
          [
            2.129871,
            42.894601,
            547.73
          ],
          [
            2.130225,
            42.894595,
            547.54
          ],
          [
            2.130438,
            42.894605,
            547.26
          ],
          [
            2.130562,
            42.89462,
            547.02
          ],
          [
            2.130686,
            42.894616,
            547.0
          ],
          [
            2.130739,
            42.894594,
            547.0
          ],
          [
            2.130801,
            42.894623,
            547.0
          ],
          [
            2.131533,
            42.894645,
            546.7
          ],
          [
            2.132421,
            42.894634,
            546.07
          ],
          [
            2.132637,
            42.894793,
            546.0
          ],
          [
            2.132921,
            42.894672,
            546.0
          ],
          [
            2.133761,
            42.894267,
            546.0
          ],
          [
            2.133991,
            42.89409,
            546.0
          ],
          [
            2.134394,
            42.893863,
            546.0
          ],
          [
            2.134601,
            42.893737,
            545.99
          ],
          [
            2.135245,
            42.892961,
            546.15
          ],
          [
            2.135453,
            42.892902,
            546.16
          ],
          [
            2.135706,
            42.892801,
            546.05
          ],
          [
            2.135993,
            42.892598,
            545.82
          ],
          [
            2.13609,
            42.892333,
            545.38
          ],
          [
            2.136319,
            42.892032,
            544.32
          ],
          [
            2.136397,
            42.891965,
            543.77
          ],
          [
            2.13656,
            42.891942,
            542.51
          ],
          [
            2.136739,
            42.891983,
            540.71
          ],
          [
            2.136874,
            42.891986,
            538.72
          ],
          [
            2.137047,
            42.89201,
            536.61
          ],
          [
            2.137255,
            42.892015,
            534.47
          ],
          [
            2.137412,
            42.892063,
            532.81
          ],
          [
            2.138133,
            42.892203,
            526.12
          ],
          [
            2.138277,
            42.892211,
            525.3
          ],
          [
            2.138937,
            42.892218,
            522.26
          ],
          [
            2.139213,
            42.892241,
            521.07
          ],
          [
            2.139473,
            42.892241,
            519.85
          ],
          [
            2.139641,
            42.892212,
            519.05
          ],
          [
            2.139944,
            42.892141,
            517.92
          ],
          [
            2.14007,
            42.89214,
            517.58
          ],
          [
            2.140336,
            42.892207,
            517.04
          ],
          [
            2.140561,
            42.892333,
            516.56
          ],
          [
            2.140679,
            42.892371,
            516.38
          ],
          [
            2.140771,
            42.892369,
            516.33
          ],
          [
            2.140924,
            42.892322,
            516.3
          ],
          [
            2.14105,
            42.892313,
            516.47
          ],
          [
            2.141116,
            42.892295,
            516.71
          ],
          [
            2.141234,
            42.892229,
            517.21
          ],
          [
            2.14136,
            42.892133,
            517.37
          ],
          [
            2.141434,
            42.892107,
            517.32
          ],
          [
            2.141668,
            42.892106,
            518.91
          ],
          [
            2.141668,
            42.89204,
            516.85
          ],
          [
            2.141971,
            42.891828,
            514.37
          ],
          [
            2.14215,
            42.891755,
            513.58
          ],
          [
            2.142247,
            42.89175,
            513.33
          ],
          [
            2.142798,
            42.891782,
            511.14
          ],
          [
            2.143695,
            42.891666,
            506.7
          ],
          [
            2.144681,
            42.891674,
            500.45
          ],
          [
            2.144961,
            42.891728,
            498.27
          ],
          [
            2.145399,
            42.891945,
            493.82
          ],
          [
            2.145907,
            42.892107,
            487.78
          ],
          [
            2.146243,
            42.892257,
            482.6
          ],
          [
            2.146402,
            42.892266,
            480.39
          ],
          [
            2.146488,
            42.892249,
            479.13
          ],
          [
            2.146806,
            42.89209,
            473.6
          ],
          [
            2.147304,
            42.891914,
            466.14
          ],
          [
            2.147728,
            42.891721,
            460.76
          ],
          [
            2.148045,
            42.891636,
            457.57
          ],
          [
            2.148758,
            42.891538,
            451.27
          ],
          [
            2.149315,
            42.891347,
            445.93
          ],
          [
            2.149662,
            42.891238,
            442.92
          ],
          [
            2.150018,
            42.891251,
            440.19
          ],
          [
            2.150336,
            42.891283,
            437.37
          ],
          [
            2.150522,
            42.891378,
            436.29
          ],
          [
            2.150612,
            42.891517,
            435.28
          ],
          [
            2.15063,
            42.892045,
            433.01
          ],
          [
            2.150616,
            42.892219,
            432.89
          ],
          [
            2.150755,
            42.892126,
            428.39
          ],
          [
            2.150824,
            42.891985,
            425.07
          ],
          [
            2.15095,
            42.891479,
            415.97
          ],
          [
            2.150957,
            42.891359,
            414.1
          ],
          [
            2.150991,
            42.891314,
            413.17
          ],
          [
            2.151049,
            42.891282,
            412.25
          ],
          [
            2.151233,
            42.891251,
            411.31
          ],
          [
            2.151812,
            42.891262,
            409.02
          ],
          [
            2.152024,
            42.89122,
            407.96
          ],
          [
            2.15218,
            42.89111,
            406.31
          ],
          [
            2.152279,
            42.891103,
            405.66
          ],
          [
            2.15237,
            42.891085,
            405.18
          ],
          [
            2.152492,
            42.89121,
            403.84
          ],
          [
            2.152548,
            42.891231,
            403.0
          ],
          [
            2.152823,
            42.891037,
            399.17
          ],
          [
            2.153041,
            42.891108,
            397.45
          ],
          [
            2.15331,
            42.891222,
            396.22
          ],
          [
            2.153502,
            42.891263,
            395.43
          ],
          [
            2.153541,
            42.891239,
            395.15
          ],
          [
            2.153593,
            42.891117,
            393.55
          ],
          [
            2.153432,
            42.890801,
            391.72
          ],
          [
            2.153545,
            42.890338,
            401.27
          ],
          [
            2.153997,
            42.890039,
            407.16
          ],
          [
            2.154659,
            42.889635,
            417.41
          ],
          [
            2.155211,
            42.889445,
            425.0
          ],
          [
            2.15535,
            42.88934,
            427.25
          ],
          [
            2.155729,
            42.888535,
            436.47
          ],
          [
            2.156536,
            42.888387,
            438.55
          ],
          [
            2.157522,
            42.888349,
            441.91
          ],
          [
            2.159595,
            42.888909,
            469.22
          ],
          [
            2.160532,
            42.888841,
            483.76
          ],
          [
            2.161263,
            42.888829,
            489.43
          ],
          [
            2.162912,
            42.888969,
            506.22
          ],
          [
            2.163979,
            42.889205,
            519.07
          ],
          [
            2.164732,
            42.889411,
            528.37
          ],
          [
            2.165154,
            42.889584,
            533.05
          ],
          [
            2.165436,
            42.889753,
            536.26
          ],
          [
            2.16558,
            42.88978,
            537.44
          ],
          [
            2.165779,
            42.889763,
            539.13
          ],
          [
            2.166003,
            42.889673,
            541.43
          ],
          [
            2.166329,
            42.889559,
            544.44
          ],
          [
            2.166616,
            42.889426,
            548.09
          ],
          [
            2.166896,
            42.889256,
            552.55
          ],
          [
            2.167094,
            42.889115,
            550.69
          ],
          [
            2.167319,
            42.888935,
            546.09
          ],
          [
            2.167898,
            42.888718,
            537.25
          ],
          [
            2.167884,
            42.888605,
            533.86
          ],
          [
            2.167619,
            42.888424,
            528.89
          ],
          [
            2.167636,
            42.888286,
            525.83
          ],
          [
            2.168049,
            42.888219,
            518.91
          ],
          [
            2.168065,
            42.88807,
            515.49
          ],
          [
            2.168258,
            42.888007,
            511.73
          ],
          [
            2.168295,
            42.88796,
            510.38
          ],
          [
            2.168145,
            42.887865,
            506.74
          ],
          [
            2.168145,
            42.887657,
            501.26
          ],
          [
            2.168381,
            42.887186,
            488.27
          ],
          [
            2.168746,
            42.886947,
            479.91
          ],
          [
            2.169076,
            42.886794,
            473.58
          ],
          [
            2.169266,
            42.886593,
            468.61
          ],
          [
            2.169644,
            42.886414,
            461.22
          ],
          [
            2.16972,
            42.886526,
            454.69
          ],
          [
            2.170017,
            42.886308,
            450.97
          ],
          [
            2.170307,
            42.886125,
            445.35
          ],
          [
            2.170537,
            42.885926,
            441.18
          ],
          [
            2.170573,
            42.885781,
            438.32
          ],
          [
            2.170621,
            42.885692,
            436.79
          ],
          [
            2.170707,
            42.885622,
            435.41
          ],
          [
            2.170967,
            42.885512,
            432.29
          ],
          [
            2.171393,
            42.885371,
            427.78
          ],
          [
            2.172276,
            42.884777,
            418.96
          ],
          [
            2.173022,
            42.884122,
            412.22
          ],
          [
            2.173187,
            42.883848,
            409.26
          ],
          [
            2.173341,
            42.883641,
            406.68
          ],
          [
            2.173612,
            42.883496,
            403.77
          ],
          [
            2.173879,
            42.883459,
            400.83
          ],
          [
            2.174242,
            42.883386,
            397.94
          ],
          [
            2.174432,
            42.883331,
            396.17
          ],
          [
            2.174563,
            42.883272,
            394.8
          ],
          [
            2.174888,
            42.883061,
            390.7
          ],
          [
            2.175062,
            42.882931,
            388.47
          ],
          [
            2.175644,
            42.882622,
            382.7
          ],
          [
            2.175846,
            42.882534,
            380.99
          ],
          [
            2.176317,
            42.882379,
            377.73
          ],
          [
            2.176591,
            42.882221,
            375.91
          ],
          [
            2.176794,
            42.88209,
            374.57
          ],
          [
            2.176856,
            42.882038,
            374.1
          ],
          [
            2.176933,
            42.881952,
            373.39
          ],
          [
            2.177153,
            42.881656,
            371.2
          ],
          [
            2.17732,
            42.881505,
            370.14
          ],
          [
            2.177447,
            42.881439,
            369.57
          ],
          [
            2.17758,
            42.881391,
            369.03
          ],
          [
            2.177791,
            42.88134,
            368.23
          ],
          [
            2.178539,
            42.881135,
            366.07
          ],
          [
            2.178705,
            42.881057,
            365.7
          ],
          [
            2.178941,
            42.880921,
            365.15
          ],
          [
            2.179093,
            42.880863,
            364.52
          ],
          [
            2.179245,
            42.880831,
            363.21
          ],
          [
            2.179375,
            42.880826,
            362.53
          ],
          [
            2.179614,
            42.880836,
            361.91
          ],
          [
            2.179833,
            42.880812,
            360.46
          ],
          [
            2.179921,
            42.88079,
            359.84
          ],
          [
            2.180007,
            42.880751,
            359.16
          ],
          [
            2.18014,
            42.880674,
            358.14
          ],
          [
            2.180294,
            42.88056,
            356.94
          ],
          [
            2.18038,
            42.880478,
            356.12
          ],
          [
            2.180476,
            42.880354,
            354.98
          ],
          [
            2.180691,
            42.880152,
            353.05
          ],
          [
            2.181048,
            42.879775,
            350.03
          ],
          [
            2.18107,
            42.879721,
            349.64
          ],
          [
            2.181079,
            42.879659,
            349.17
          ],
          [
            2.181074,
            42.87957,
            348.43
          ],
          [
            2.181054,
            42.879503,
            347.93
          ],
          [
            2.18101,
            42.879438,
            347.71
          ],
          [
            2.180959,
            42.879407,
            347.69
          ],
          [
            2.180795,
            42.879356,
            347.27
          ],
          [
            2.180041,
            42.879256,
            343.83
          ],
          [
            2.179877,
            42.87922,
            342.67
          ],
          [
            2.179783,
            42.879169,
            341.86
          ],
          [
            2.17964,
            42.879068,
            340.44
          ],
          [
            2.179587,
            42.879063,
            340.05
          ],
          [
            2.179534,
            42.879072,
            339.65
          ],
          [
            2.179485,
            42.879111,
            339.11
          ],
          [
            2.179474,
            42.879181,
            338.39
          ],
          [
            2.179499,
            42.879265,
            337.48
          ],
          [
            2.179555,
            42.879385,
            336.06
          ],
          [
            2.179788,
            42.879607,
            332.7
          ],
          [
            2.179798,
            42.879698,
            331.67
          ],
          [
            2.179747,
            42.879757,
            330.96
          ],
          [
            2.179589,
            42.879783,
            329.75
          ],
          [
            2.179422,
            42.879713,
            328.24
          ],
          [
            2.179116,
            42.879312,
            323.25
          ],
          [
            2.179034,
            42.879192,
            321.83
          ],
          [
            2.179,
            42.879113,
            321.0
          ],
          [
            2.178998,
            42.879021,
            320.11
          ],
          [
            2.179032,
            42.87886,
            318.57
          ],
          [
            2.179115,
            42.878696,
            316.94
          ],
          [
            2.179181,
            42.878603,
            316.03
          ],
          [
            2.179273,
            42.87852,
            315.2
          ],
          [
            2.179705,
            42.878215,
            311.42
          ],
          [
            2.179959,
            42.878124,
            309.55
          ],
          [
            2.180317,
            42.878009,
            306.55
          ],
          [
            2.180371,
            42.877926,
            304.67
          ],
          [
            2.180321,
            42.877869,
            303.94
          ],
          [
            2.17998,
            42.877765,
            303.25
          ],
          [
            2.179662,
            42.877657,
            302.43
          ],
          [
            2.180681,
            42.875939,
            291.14
          ],
          [
            2.181018,
            42.875354,
            290.09
          ],
          [
            2.181321,
            42.875417,
            290.79
          ],
          [
            2.181919,
            42.875479,
            289.6
          ],
          [
            2.182111,
            42.875488,
            288.39
          ],
          [
            2.182316,
            42.875507,
            288.0
          ],
          [
            2.182407,
            42.87556,
            287.94
          ],
          [
            2.182866,
            42.87575,
            287.0
          ],
          [
            2.183182,
            42.875203,
            287.0
          ],
          [
            2.183338,
            42.874908,
            287.38
          ],
          [
            2.183487,
            42.874944,
            287.09
          ],
          [
            2.183663,
            42.874976,
            287.0
          ],
          [
            2.183811,
            42.874422,
            287.44
          ],
          [
            2.184051,
            42.873592,
            287.97
          ],
          [
            2.184537,
            42.873093,
            287.0
          ],
          [
            2.184874,
            42.872706,
            285.76
          ],
          [
            2.185047,
            42.872687,
            286.81
          ],
          [
            2.18529,
            42.872704,
            286.27
          ],
          [
            2.185623,
            42.872664,
            286.0
          ],
          [
            2.185671,
            42.872572,
            286.0
          ],
          [
            2.185765,
            42.871948,
            286.29
          ],
          [
            2.185966,
            42.870759,
            289.89
          ],
          [
            2.185925,
            42.870612,
            290.06
          ],
          [
            2.185837,
            42.870504,
            289.76
          ],
          [
            2.18578,
            42.870346,
            289.15
          ],
          [
            2.185787,
            42.870283,
            289.0
          ],
          [
            2.185837,
            42.870196,
            289.0
          ],
          [
            2.185988,
            42.870106,
            289.0
          ],
          [
            2.186566,
            42.869793,
            288.19
          ],
          [
            2.186808,
            42.869539,
            288.17
          ],
          [
            2.187003,
            42.869257,
            288.47
          ],
          [
            2.187159,
            42.868966,
            288.91
          ],
          [
            2.187186,
            42.868868,
            289.1
          ],
          [
            2.18717,
            42.868761,
            289.34
          ],
          [
            2.186859,
            42.868497,
            290.29
          ],
          [
            2.186592,
            42.868188,
            291.26
          ],
          [
            2.186194,
            42.867599,
            292.86
          ],
          [
            2.185883,
            42.86702,
            293.12
          ],
          [
            2.185824,
            42.866817,
            293.48
          ],
          [
            2.185691,
            42.866354,
            292.65
          ],
          [
            2.185689,
            42.86625,
            292.45
          ],
          [
            2.185725,
            42.866152,
            292.15
          ],
          [
            2.185777,
            42.866071,
            291.93
          ],
          [
            2.186134,
            42.865612,
            291.76
          ],
          [
            2.186144,
            42.865322,
            292.02
          ],
          [
            2.186025,
            42.865011,
            291.44
          ],
          [
            2.186009,
            42.864858,
            291.56
          ],
          [
            2.185977,
            42.864773,
            291.42
          ],
          [
            2.185978,
            42.864679,
            291.38
          ],
          [
            2.186003,
            42.86461,
            291.5
          ],
          [
            2.186625,
            42.864184,
            292.22
          ],
          [
            2.18687,
            42.864132,
            292.86
          ],
          [
            2.187485,
            42.864236,
            291.99
          ],
          [
            2.188086,
            42.864337,
            292.86
          ],
          [
            2.188422,
            42.864366,
            293.0
          ],
          [
            2.189324,
            42.864424,
            293.53
          ],
          [
            2.190207,
            42.864658,
            294.16
          ],
          [
            2.191292,
            42.864615,
            294.82
          ],
          [
            2.192073,
            42.8642,
            295.46
          ],
          [
            2.192623,
            42.863544,
            295.66
          ],
          [
            2.193037,
            42.862775,
            295.6
          ],
          [
            2.193027,
            42.862474,
            296.05
          ],
          [
            2.193112,
            42.862071,
            296.71
          ],
          [
            2.193203,
            42.861921,
            297.9
          ],
          [
            2.193192,
            42.86183,
            298.26
          ],
          [
            2.193229,
            42.86166,
            299.85
          ],
          [
            2.193229,
            42.861528,
            301.42
          ],
          [
            2.193138,
            42.861314,
            304.03
          ],
          [
            2.192921,
            42.86107,
            307.06
          ],
          [
            2.192493,
            42.860764,
            311.45
          ],
          [
            2.191925,
            42.860082,
            318.89
          ],
          [
            2.1918,
            42.859958,
            320.76
          ],
          [
            2.191686,
            42.859804,
            323.45
          ],
          [
            2.191608,
            42.859729,
            323.87
          ],
          [
            2.1916,
            42.859612,
            323.36
          ],
          [
            2.191666,
            42.859488,
            323.16
          ],
          [
            2.191807,
            42.859391,
            323.06
          ],
          [
            2.192093,
            42.859356,
            322.46
          ],
          [
            2.192437,
            42.859255,
            320.94
          ],
          [
            2.19277,
            42.858961,
            318.43
          ],
          [
            2.193079,
            42.858757,
            315.11
          ],
          [
            2.193094,
            42.858645,
            313.9
          ],
          [
            2.193213,
            42.858508,
            312.42
          ],
          [
            2.193192,
            42.858353,
            311.26
          ],
          [
            2.193776,
            42.857908,
            308.37
          ],
          [
            2.194304,
            42.857758,
            308.61
          ],
          [
            2.195821,
            42.857182,
            309.4
          ],
          [
            2.196398,
            42.857158,
            309.99
          ],
          [
            2.197083,
            42.856968,
            311.36
          ],
          [
            2.197645,
            42.856639,
            314.07
          ],
          [
            2.197791,
            42.856635,
            314.78
          ],
          [
            2.198342,
            42.856697,
            320.34
          ],
          [
            2.198786,
            42.856649,
            320.7
          ],
          [
            2.199699,
            42.856515,
            316.7
          ],
          [
            2.199985,
            42.856443,
            315.27
          ],
          [
            2.200276,
            42.856315,
            313.76
          ],
          [
            2.20076,
            42.856059,
            311.47
          ],
          [
            2.200933,
            42.855928,
            310.74
          ],
          [
            2.200985,
            42.855843,
            310.43
          ],
          [
            2.201085,
            42.855053,
            309.06
          ],
          [
            2.201142,
            42.854873,
            308.93
          ],
          [
            2.20116,
            42.854682,
            308.72
          ],
          [
            2.201198,
            42.854501,
            308.57
          ],
          [
            2.20129,
            42.854366,
            308.75
          ],
          [
            2.201304,
            42.854325,
            308.94
          ],
          [
            2.201638,
            42.854305,
            310.0
          ],
          [
            2.201629,
            42.854156,
            310.0
          ],
          [
            2.201738,
            42.854151,
            310.01
          ],
          [
            2.201715,
            42.853967,
            309.54
          ],
          [
            2.201792,
            42.8539,
            309.4
          ],
          [
            2.20181,
            42.853803,
            309.42
          ],
          [
            2.201872,
            42.853621,
            309.11
          ],
          [
            2.202142,
            42.853356,
            309.33
          ],
          [
            2.203425,
            42.852582,
            311.68
          ],
          [
            2.204278,
            42.852239,
            314.03
          ],
          [
            2.204559,
            42.852087,
            314.77
          ],
          [
            2.205072,
            42.851663,
            314.05
          ],
          [
            2.2051,
            42.851631,
            313.54
          ],
          [
            2.20519,
            42.851466,
            314.38
          ],
          [
            2.205197,
            42.851383,
            314.83
          ],
          [
            2.205179,
            42.851217,
            314.87
          ],
          [
            2.205134,
            42.851078,
            314.93
          ],
          [
            2.205024,
            42.850841,
            314.97
          ],
          [
            2.204765,
            42.850467,
            315.22
          ],
          [
            2.204703,
            42.850346,
            315.45
          ],
          [
            2.204653,
            42.850151,
            315.7
          ],
          [
            2.20464,
            42.850041,
            315.91
          ],
          [
            2.204744,
            42.849632,
            317.93
          ],
          [
            2.20496,
            42.849366,
            320.65
          ],
          [
            2.205063,
            42.849287,
            321.53
          ],
          [
            2.206458,
            42.848775,
            327.72
          ],
          [
            2.206631,
            42.848723,
            328.41
          ],
          [
            2.206734,
            42.84871,
            328.86
          ],
          [
            2.206852,
            42.848726,
            329.4
          ],
          [
            2.207375,
            42.848893,
            331.75
          ],
          [
            2.207725,
            42.848953,
            333.54
          ],
          [
            2.208056,
            42.848977,
            334.82
          ],
          [
            2.208277,
            42.84905,
            335.02
          ],
          [
            2.208759,
            42.849277,
            338.22
          ],
          [
            2.209006,
            42.849376,
            339.81
          ],
          [
            2.209488,
            42.849541,
            342.41
          ],
          [
            2.209943,
            42.849761,
            344.37
          ],
          [
            2.210434,
            42.850126,
            347.15
          ],
          [
            2.211114,
            42.850447,
            349.82
          ],
          [
            2.211851,
            42.850644,
            351.53
          ],
          [
            2.212366,
            42.850747,
            354.43
          ],
          [
            2.212757,
            42.850805,
            356.94
          ],
          [
            2.213057,
            42.850779,
            358.49
          ],
          [
            2.213528,
            42.850767,
            361.32
          ],
          [
            2.214182,
            42.850767,
            365.45
          ],
          [
            2.214587,
            42.850797,
            368.52
          ],
          [
            2.215434,
            42.850786,
            374.48
          ],
          [
            2.21608,
            42.850828,
            378.33
          ],
          [
            2.217167,
            42.850825,
            384.0
          ],
          [
            2.217483,
            42.850873,
            385.24
          ],
          [
            2.217982,
            42.850879,
            387.3
          ],
          [
            2.218236,
            42.850908,
            388.24
          ],
          [
            2.218583,
            42.850961,
            389.55
          ],
          [
            2.21879,
            42.850912,
            390.42
          ],
          [
            2.219028,
            42.850825,
            391.57
          ],
          [
            2.219782,
            42.850777,
            393.95
          ],
          [
            2.220355,
            42.850622,
            395.35
          ],
          [
            2.220605,
            42.850664,
            395.9
          ],
          [
            2.221119,
            42.850878,
            397.56
          ],
          [
            2.221775,
            42.850958,
            400.23
          ],
          [
            2.222476,
            42.850975,
            403.73
          ],
          [
            2.223163,
            42.851048,
            406.65
          ],
          [
            2.223705,
            42.851186,
            408.24
          ],
          [
            2.224247,
            42.851352,
            410.46
          ],
          [
            2.224568,
            42.851496,
            412.15
          ],
          [
            2.224891,
            42.851531,
            413.96
          ],
          [
            2.225229,
            42.851467,
            416.69
          ],
          [
            2.225721,
            42.851353,
            419.13
          ],
          [
            2.226171,
            42.851248,
            420.18
          ],
          [
            2.227159,
            42.851159,
            424.16
          ],
          [
            2.228188,
            42.851095,
            430.31
          ],
          [
            2.22897,
            42.85103,
            436.98
          ],
          [
            2.229444,
            42.850981,
            442.6
          ],
          [
            2.230151,
            42.850962,
            455.11
          ],
          [
            2.231004,
            42.851078,
            474.2
          ],
          [
            2.231424,
            42.851121,
            483.79
          ],
          [
            2.232054,
            42.851177,
            499.57
          ],
          [
            2.232821,
            42.851172,
            515.71
          ],
          [
            2.23372,
            42.851094,
            529.54
          ],
          [
            2.234425,
            42.85093,
            537.33
          ],
          [
            2.234672,
            42.850831,
            538.14
          ],
          [
            2.234876,
            42.850718,
            537.02
          ],
          [
            2.235005,
            42.850674,
            535.67
          ],
          [
            2.235115,
            42.850666,
            534.65
          ],
          [
            2.235308,
            42.85067,
            533.46
          ],
          [
            2.235469,
            42.850654,
            532.88
          ],
          [
            2.235649,
            42.850609,
            532.36
          ],
          [
            2.235777,
            42.850531,
            532.03
          ],
          [
            2.23589,
            42.850403,
            531.7
          ],
          [
            2.236013,
            42.850299,
            531.61
          ],
          [
            2.236185,
            42.850206,
            531.89
          ],
          [
            2.236493,
            42.850124,
            532.9
          ],
          [
            2.237121,
            42.849905,
            536.43
          ],
          [
            2.237352,
            42.849864,
            537.9
          ],
          [
            2.237818,
            42.849817,
            541.42
          ],
          [
            2.238199,
            42.849768,
            544.39
          ],
          [
            2.238497,
            42.849701,
            546.48
          ],
          [
            2.239189,
            42.849467,
            549.56
          ],
          [
            2.239358,
            42.849426,
            549.99
          ],
          [
            2.240259,
            42.849292,
            553.85
          ],
          [
            2.240844,
            42.849158,
            557.76
          ],
          [
            2.241069,
            42.84907,
            559.69
          ],
          [
            2.241547,
            42.8489,
            563.68
          ],
          [
            2.241743,
            42.848816,
            565.65
          ],
          [
            2.241842,
            42.848759,
            566.89
          ],
          [
            2.242067,
            42.848568,
            570.75
          ],
          [
            2.242169,
            42.848509,
            572.35
          ],
          [
            2.242711,
            42.848338,
            579.95
          ],
          [
            2.242907,
            42.848258,
            582.97
          ],
          [
            2.243384,
            42.847968,
            591.4
          ],
          [
            2.243583,
            42.847807,
            594.5
          ],
          [
            2.243963,
            42.847607,
            597.63
          ],
          [
            2.244055,
            42.847536,
            598.31
          ],
          [
            2.2442,
            42.8473,
            599.65
          ],
          [
            2.244302,
            42.847178,
            600.12
          ],
          [
            2.244441,
            42.84706,
            600.55
          ],
          [
            2.244495,
            42.846918,
            600.75
          ],
          [
            2.244452,
            42.846781,
            601.05
          ],
          [
            2.244398,
            42.846671,
            601.52
          ],
          [
            2.244382,
            42.846482,
            602.67
          ],
          [
            2.24435,
            42.846297,
            603.8
          ],
          [
            2.244291,
            42.846136,
            605.42
          ],
          [
            2.244253,
            42.845994,
            606.34
          ],
          [
            2.24428,
            42.845743,
            609.62
          ],
          [
            2.244633,
            42.845673,
            607.59
          ],
          [
            2.245325,
            42.845689,
            606.4
          ],
          [
            2.246091,
            42.845522,
            607.43
          ],
          [
            2.247431,
            42.845436,
            613.31
          ],
          [
            2.247932,
            42.845446,
            615.37
          ],
          [
            2.248396,
            42.845398,
            617.04
          ],
          [
            2.24981,
            42.845409,
            622.11
          ],
          [
            2.250487,
            42.84529,
            625.44
          ],
          [
            2.25076,
            42.84529,
            627.08
          ],
          [
            2.251179,
            42.845398,
            629.74
          ],
          [
            2.251386,
            42.845414,
            631.0
          ],
          [
            2.251768,
            42.845317,
            633.33
          ],
          [
            2.252129,
            42.845247,
            635.31
          ],
          [
            2.25277,
            42.84523,
            638.58
          ],
          [
            2.25316,
            42.845279,
            640.56
          ],
          [
            2.253632,
            42.845403,
            643.09
          ],
          [
            2.253911,
            42.845425,
            644.61
          ],
          [
            2.254206,
            42.845392,
            646.24
          ],
          [
            2.254861,
            42.845177,
            650.3
          ],
          [
            2.255178,
            42.845128,
            652.16
          ],
          [
            2.255686,
            42.845113,
            655.13
          ],
          [
            2.255895,
            42.845142,
            656.36
          ],
          [
            2.256216,
            42.84522,
            658.28
          ],
          [
            2.257041,
            42.845457,
            663.45
          ],
          [
            2.257365,
            42.845484,
            665.61
          ],
          [
            2.257659,
            42.845452,
            667.63
          ],
          [
            2.257961,
            42.845344,
            669.94
          ],
          [
            2.258793,
            42.845014,
            674.92
          ],
          [
            2.25911,
            42.844799,
            675.33
          ],
          [
            2.259346,
            42.844707,
            674.94
          ],
          [
            2.259589,
            42.844658,
            674.06
          ],
          [
            2.25992,
            42.844691,
            672.25
          ],
          [
            2.260229,
            42.844793,
            670.12
          ],
          [
            2.2607,
            42.844885,
            666.94
          ],
          [
            2.26168,
            42.845198,
            660.26
          ],
          [
            2.262203,
            42.845247,
            658.21
          ],
          [
            2.262482,
            42.845376,
            657.69
          ],
          [
            2.262696,
            42.845419,
            657.79
          ],
          [
            2.262968,
            42.845398,
            658.41
          ],
          [
            2.263969,
            42.845182,
            664.31
          ],
          [
            2.264103,
            42.845171,
            665.28
          ],
          [
            2.264527,
            42.845207,
            667.93
          ],
          [
            2.264714,
            42.845203,
            669.13
          ],
          [
            2.2652,
            42.845171,
            671.31
          ],
          [
            2.268233,
            42.845025,
            684.93
          ],
          [
            2.268948,
            42.844955,
            686.07
          ],
          [
            2.269154,
            42.844998,
            685.78
          ],
          [
            2.269618,
            42.84523,
            683.9
          ],
          [
            2.270487,
            42.845571,
            678.12
          ],
          [
            2.271046,
            42.845759,
            673.87
          ],
          [
            2.271444,
            42.845981,
            670.56
          ],
          [
            2.271724,
            42.846073,
            668.72
          ],
          [
            2.27221,
            42.846132,
            665.99
          ],
          [
            2.272703,
            42.846148,
            663.33
          ],
          [
            2.273101,
            42.84624,
            660.97
          ],
          [
            2.273822,
            42.846267,
            656.2
          ],
          [
            2.27461,
            42.846256,
            650.54
          ],
          [
            2.274912,
            42.846294,
            648.26
          ],
          [
            2.275288,
            42.846386,
            645.44
          ],
          [
            2.275567,
            42.84651,
            643.06
          ],
          [
            2.275869,
            42.846758,
            639.83
          ],
          [
            2.276208,
            42.84691,
            637.28
          ],
          [
            2.276775,
            42.847125,
            633.13
          ],
          [
            2.277475,
            42.847493,
            628.06
          ],
          [
            2.277732,
            42.847574,
            626.26
          ],
          [
            2.278012,
            42.847579,
            624.38
          ],
          [
            2.27894,
            42.847617,
            618.43
          ],
          [
            2.27961,
            42.847498,
            614.43
          ],
          [
            2.279802,
            42.847417,
            613.19
          ],
          [
            2.279993,
            42.84725,
            611.47
          ],
          [
            2.280177,
            42.847174,
            610.15
          ],
          [
            2.280523,
            42.847163,
            608.04
          ],
          [
            2.281112,
            42.847223,
            604.73
          ],
          [
            2.281304,
            42.84719,
            603.65
          ],
          [
            2.28148,
            42.847045,
            602.64
          ],
          [
            2.281635,
            42.847023,
            602.15
          ],
          [
            2.281753,
            42.847071,
            600.74
          ],
          [
            2.281767,
            42.847208,
            599.09
          ],
          [
            2.28186,
            42.847245,
            598.88
          ],
          [
            2.282077,
            42.847396,
            599.61
          ],
          [
            2.282136,
            42.847427,
            600.1
          ],
          [
            2.282206,
            42.847441,
            600.68
          ],
          [
            2.28232,
            42.847422,
            601.59
          ],
          [
            2.282406,
            42.847348,
            602.23
          ],
          [
            2.28243,
            42.847296,
            602.43
          ],
          [
            2.282445,
            42.847209,
            602.79
          ],
          [
            2.282444,
            42.84709,
            603.29
          ],
          [
            2.282454,
            42.847,
            603.68
          ],
          [
            2.282476,
            42.846928,
            604.04
          ],
          [
            2.282519,
            42.846879,
            604.33
          ],
          [
            2.282585,
            42.846844,
            604.6
          ],
          [
            2.282641,
            42.846825,
            604.8
          ],
          [
            2.282719,
            42.846817,
            605.02
          ],
          [
            2.28278,
            42.846823,
            605.17
          ],
          [
            2.282857,
            42.846851,
            605.34
          ],
          [
            2.283089,
            42.846985,
            605.6
          ],
          [
            2.283244,
            42.847051,
            605.76
          ],
          [
            2.283437,
            42.847094,
            606.13
          ],
          [
            2.283771,
            42.847133,
            607.03
          ],
          [
            2.284115,
            42.847119,
            608.29
          ],
          [
            2.284375,
            42.847097,
            609.03
          ],
          [
            2.285014,
            42.84702,
            610.73
          ],
          [
            2.285548,
            42.846867,
            612.04
          ],
          [
            2.285858,
            42.846893,
            612.5
          ],
          [
            2.285997,
            42.846946,
            612.72
          ],
          [
            2.286186,
            42.846994,
            613.16
          ],
          [
            2.286358,
            42.846999,
            613.69
          ],
          [
            2.286749,
            42.846983,
            614.89
          ],
          [
            2.287092,
            42.846954,
            615.65
          ],
          [
            2.287249,
            42.84696,
            616.05
          ],
          [
            2.287408,
            42.847003,
            616.46
          ],
          [
            2.287548,
            42.847057,
            616.86
          ],
          [
            2.287723,
            42.847105,
            617.28
          ],
          [
            2.288064,
            42.847146,
            617.66
          ],
          [
            2.288431,
            42.847167,
            617.68
          ],
          [
            2.288584,
            42.847166,
            617.67
          ],
          [
            2.288733,
            42.847148,
            617.74
          ],
          [
            2.288893,
            42.847089,
            617.87
          ],
          [
            2.289264,
            42.84692,
            618.1
          ],
          [
            2.290584,
            42.846544,
            619.7
          ],
          [
            2.291038,
            42.84629,
            621.05
          ],
          [
            2.291464,
            42.846184,
            622.11
          ],
          [
            2.29189,
            42.846237,
            623.22
          ],
          [
            2.292701,
            42.84622,
            624.79
          ],
          [
            2.2932,
            42.846308,
            625.58
          ],
          [
            2.293818,
            42.846456,
            626.22
          ],
          [
            2.294099,
            42.846451,
            626.36
          ],
          [
            2.294504,
            42.846372,
            626.5
          ],
          [
            2.294667,
            42.846371,
            626.55
          ],
          [
            2.295316,
            42.846517,
            627.44
          ],
          [
            2.29548,
            42.846526,
            627.77
          ],
          [
            2.295631,
            42.84648,
            628.13
          ],
          [
            2.295971,
            42.846337,
            629.02
          ],
          [
            2.296222,
            42.846319,
            629.61
          ],
          [
            2.296419,
            42.846399,
            630.22
          ],
          [
            2.296984,
            42.846474,
            631.7
          ],
          [
            2.298916,
            42.846705,
            634.17
          ],
          [
            2.299604,
            42.84672,
            635.17
          ],
          [
            2.299821,
            42.84669,
            635.54
          ],
          [
            2.300212,
            42.846683,
            636.09
          ],
          [
            2.300421,
            42.846744,
            636.35
          ],
          [
            2.300841,
            42.84698,
            636.67
          ],
          [
            2.301019,
            42.847031,
            636.73
          ],
          [
            2.301657,
            42.847026,
            636.42
          ],
          [
            2.301938,
            42.847107,
            636.1
          ],
          [
            2.302142,
            42.847188,
            635.92
          ],
          [
            2.302419,
            42.847221,
            635.77
          ],
          [
            2.303381,
            42.847165,
            634.64
          ],
          [
            2.303922,
            42.847074,
            634.11
          ],
          [
            2.304891,
            42.847257,
            633.01
          ],
          [
            2.30535,
            42.84728,
            632.94
          ],
          [
            2.306412,
            42.847022,
            633.49
          ],
          [
            2.307021,
            42.846863,
            634.11
          ],
          [
            2.307219,
            42.846776,
            634.42
          ],
          [
            2.307473,
            42.846495,
            635.14
          ],
          [
            2.307702,
            42.846383,
            635.63
          ],
          [
            2.308037,
            42.846334,
            636.35
          ],
          [
            2.308744,
            42.846312,
            637.99
          ],
          [
            2.308893,
            42.846292,
            638.38
          ],
          [
            2.309096,
            42.846207,
            638.9
          ],
          [
            2.309431,
            42.845923,
            640.04
          ],
          [
            2.309532,
            42.845932,
            639.12
          ],
          [
            2.31002,
            42.845847,
            637.18
          ],
          [
            2.310128,
            42.845854,
            636.68
          ],
          [
            2.310323,
            42.845928,
            635.64
          ],
          [
            2.310687,
            42.846197,
            633.25
          ],
          [
            2.310981,
            42.846224,
            631.74
          ],
          [
            2.313082,
            42.846088,
            623.2
          ],
          [
            2.31329,
            42.846064,
            622.26
          ],
          [
            2.313692,
            42.845981,
            620.37
          ],
          [
            2.313844,
            42.845986,
            619.67
          ],
          [
            2.314227,
            42.846054,
            617.91
          ],
          [
            2.314376,
            42.846065,
            617.28
          ],
          [
            2.314558,
            42.846062,
            616.49
          ],
          [
            2.314977,
            42.846033,
            614.69
          ],
          [
            2.315137,
            42.846043,
            614.04
          ],
          [
            2.315245,
            42.846069,
            613.57
          ],
          [
            2.315245,
            42.846069,
            613.57
          ],
          [
            2.315137,
            42.846043,
            614.04
          ],
          [
            2.314977,
            42.846033,
            614.69
          ],
          [
            2.314558,
            42.846062,
            616.49
          ],
          [
            2.314376,
            42.846065,
            617.28
          ],
          [
            2.314227,
            42.846054,
            617.91
          ],
          [
            2.313844,
            42.845986,
            619.67
          ],
          [
            2.313692,
            42.845981,
            620.37
          ],
          [
            2.31329,
            42.846064,
            622.26
          ],
          [
            2.313082,
            42.846088,
            623.2
          ],
          [
            2.310981,
            42.846224,
            631.74
          ],
          [
            2.310687,
            42.846197,
            633.25
          ],
          [
            2.310323,
            42.845928,
            635.64
          ],
          [
            2.310128,
            42.845854,
            636.68
          ],
          [
            2.31002,
            42.845847,
            637.18
          ],
          [
            2.309532,
            42.845932,
            639.12
          ],
          [
            2.309431,
            42.845923,
            640.04
          ],
          [
            2.309096,
            42.846207,
            638.9
          ],
          [
            2.308893,
            42.846292,
            638.38
          ],
          [
            2.308744,
            42.846312,
            637.99
          ],
          [
            2.308037,
            42.846334,
            636.35
          ],
          [
            2.307702,
            42.846383,
            635.63
          ],
          [
            2.307473,
            42.846495,
            635.14
          ],
          [
            2.307219,
            42.846776,
            634.42
          ],
          [
            2.307021,
            42.846863,
            634.11
          ],
          [
            2.306412,
            42.847022,
            633.49
          ],
          [
            2.30535,
            42.84728,
            632.94
          ],
          [
            2.304891,
            42.847257,
            633.01
          ],
          [
            2.303922,
            42.847074,
            634.11
          ],
          [
            2.303381,
            42.847165,
            634.64
          ],
          [
            2.302419,
            42.847221,
            635.77
          ],
          [
            2.302142,
            42.847188,
            635.92
          ],
          [
            2.301938,
            42.847107,
            636.1
          ],
          [
            2.301657,
            42.847026,
            636.42
          ],
          [
            2.301019,
            42.847031,
            636.73
          ],
          [
            2.300841,
            42.84698,
            636.67
          ],
          [
            2.300421,
            42.846744,
            636.35
          ],
          [
            2.300212,
            42.846683,
            636.09
          ],
          [
            2.299821,
            42.84669,
            635.54
          ],
          [
            2.299604,
            42.84672,
            635.17
          ],
          [
            2.298916,
            42.846705,
            634.17
          ],
          [
            2.296984,
            42.846474,
            631.7
          ],
          [
            2.296419,
            42.846399,
            630.22
          ],
          [
            2.296222,
            42.846319,
            629.61
          ],
          [
            2.295971,
            42.846337,
            629.02
          ],
          [
            2.295631,
            42.84648,
            628.13
          ],
          [
            2.29548,
            42.846526,
            627.77
          ],
          [
            2.295316,
            42.846517,
            627.44
          ],
          [
            2.294667,
            42.846371,
            626.55
          ],
          [
            2.294504,
            42.846372,
            626.5
          ],
          [
            2.294099,
            42.846451,
            626.36
          ],
          [
            2.293818,
            42.846456,
            626.22
          ],
          [
            2.2932,
            42.846308,
            625.58
          ],
          [
            2.292701,
            42.84622,
            624.79
          ],
          [
            2.29189,
            42.846237,
            623.22
          ],
          [
            2.291464,
            42.846184,
            622.11
          ],
          [
            2.291038,
            42.84629,
            621.05
          ],
          [
            2.290584,
            42.846544,
            619.7
          ],
          [
            2.289264,
            42.84692,
            618.1
          ],
          [
            2.288893,
            42.847089,
            617.87
          ],
          [
            2.288733,
            42.847148,
            617.74
          ],
          [
            2.288584,
            42.847166,
            617.67
          ],
          [
            2.288431,
            42.847167,
            617.68
          ],
          [
            2.288064,
            42.847146,
            617.66
          ],
          [
            2.287723,
            42.847105,
            617.28
          ],
          [
            2.287548,
            42.847057,
            616.86
          ],
          [
            2.287408,
            42.847003,
            616.46
          ],
          [
            2.287249,
            42.84696,
            616.05
          ],
          [
            2.287092,
            42.846954,
            615.65
          ],
          [
            2.286749,
            42.846983,
            614.89
          ],
          [
            2.286358,
            42.846999,
            613.69
          ],
          [
            2.286186,
            42.846994,
            613.16
          ],
          [
            2.285997,
            42.846946,
            612.72
          ],
          [
            2.285858,
            42.846893,
            612.5
          ],
          [
            2.285548,
            42.846867,
            612.04
          ],
          [
            2.285014,
            42.84702,
            610.73
          ],
          [
            2.284375,
            42.847097,
            609.03
          ],
          [
            2.284115,
            42.847119,
            608.29
          ],
          [
            2.283771,
            42.847133,
            607.03
          ],
          [
            2.283437,
            42.847094,
            606.13
          ],
          [
            2.283244,
            42.847051,
            605.76
          ],
          [
            2.283089,
            42.846985,
            605.6
          ],
          [
            2.282857,
            42.846851,
            605.34
          ],
          [
            2.28278,
            42.846823,
            605.17
          ],
          [
            2.282719,
            42.846817,
            605.02
          ],
          [
            2.282641,
            42.846825,
            604.8
          ],
          [
            2.282585,
            42.846844,
            604.6
          ],
          [
            2.282519,
            42.846879,
            604.33
          ],
          [
            2.282476,
            42.846928,
            604.04
          ],
          [
            2.282454,
            42.847,
            603.68
          ],
          [
            2.282444,
            42.84709,
            603.29
          ],
          [
            2.282445,
            42.847209,
            602.79
          ],
          [
            2.28243,
            42.847296,
            602.43
          ],
          [
            2.282406,
            42.847348,
            602.23
          ],
          [
            2.28232,
            42.847422,
            601.59
          ],
          [
            2.282206,
            42.847441,
            600.68
          ],
          [
            2.282136,
            42.847427,
            600.1
          ],
          [
            2.282077,
            42.847396,
            599.61
          ],
          [
            2.28186,
            42.847245,
            598.88
          ],
          [
            2.281767,
            42.847208,
            599.09
          ],
          [
            2.281753,
            42.847071,
            600.74
          ],
          [
            2.281635,
            42.847023,
            602.15
          ],
          [
            2.28148,
            42.847045,
            602.64
          ],
          [
            2.281304,
            42.84719,
            603.65
          ],
          [
            2.281112,
            42.847223,
            604.73
          ],
          [
            2.280523,
            42.847163,
            608.04
          ],
          [
            2.280177,
            42.847174,
            610.15
          ],
          [
            2.279993,
            42.84725,
            611.47
          ],
          [
            2.279802,
            42.847417,
            613.19
          ],
          [
            2.27961,
            42.847498,
            614.43
          ],
          [
            2.27894,
            42.847617,
            618.43
          ],
          [
            2.278012,
            42.847579,
            624.38
          ],
          [
            2.277732,
            42.847574,
            626.26
          ],
          [
            2.277475,
            42.847493,
            628.06
          ],
          [
            2.276775,
            42.847125,
            633.13
          ],
          [
            2.276208,
            42.84691,
            637.28
          ],
          [
            2.275869,
            42.846758,
            639.83
          ],
          [
            2.275567,
            42.84651,
            643.06
          ],
          [
            2.275288,
            42.846386,
            645.44
          ],
          [
            2.274912,
            42.846294,
            648.26
          ],
          [
            2.27461,
            42.846256,
            650.54
          ],
          [
            2.273822,
            42.846267,
            656.2
          ],
          [
            2.273101,
            42.84624,
            660.97
          ],
          [
            2.272703,
            42.846148,
            663.33
          ],
          [
            2.27221,
            42.846132,
            665.99
          ],
          [
            2.271724,
            42.846073,
            668.72
          ],
          [
            2.271444,
            42.845981,
            670.56
          ],
          [
            2.271046,
            42.845759,
            673.87
          ],
          [
            2.270487,
            42.845571,
            678.12
          ],
          [
            2.269618,
            42.84523,
            683.9
          ],
          [
            2.269154,
            42.844998,
            685.78
          ],
          [
            2.268948,
            42.844955,
            686.07
          ],
          [
            2.268233,
            42.845025,
            684.93
          ],
          [
            2.2652,
            42.845171,
            671.31
          ],
          [
            2.264714,
            42.845203,
            669.13
          ],
          [
            2.264527,
            42.845207,
            667.93
          ],
          [
            2.264103,
            42.845171,
            665.28
          ],
          [
            2.263969,
            42.845182,
            664.31
          ],
          [
            2.262968,
            42.845398,
            658.41
          ],
          [
            2.262696,
            42.845419,
            657.79
          ],
          [
            2.262482,
            42.845376,
            657.69
          ],
          [
            2.262203,
            42.845247,
            658.21
          ],
          [
            2.26168,
            42.845198,
            660.26
          ],
          [
            2.2607,
            42.844885,
            666.94
          ],
          [
            2.260229,
            42.844793,
            670.12
          ],
          [
            2.25992,
            42.844691,
            672.25
          ],
          [
            2.259589,
            42.844658,
            674.06
          ],
          [
            2.259346,
            42.844707,
            674.94
          ],
          [
            2.25911,
            42.844799,
            675.33
          ],
          [
            2.258793,
            42.845014,
            674.92
          ],
          [
            2.257961,
            42.845344,
            669.94
          ],
          [
            2.257659,
            42.845452,
            667.63
          ],
          [
            2.257365,
            42.845484,
            665.61
          ],
          [
            2.257041,
            42.845457,
            663.45
          ],
          [
            2.256216,
            42.84522,
            658.28
          ],
          [
            2.255895,
            42.845142,
            656.36
          ],
          [
            2.255686,
            42.845113,
            655.13
          ],
          [
            2.255178,
            42.845128,
            652.16
          ],
          [
            2.254861,
            42.845177,
            650.3
          ],
          [
            2.254206,
            42.845392,
            646.24
          ],
          [
            2.253911,
            42.845425,
            644.61
          ],
          [
            2.253632,
            42.845403,
            643.09
          ],
          [
            2.25316,
            42.845279,
            640.56
          ],
          [
            2.25277,
            42.84523,
            638.58
          ],
          [
            2.252129,
            42.845247,
            635.31
          ],
          [
            2.251768,
            42.845317,
            633.33
          ],
          [
            2.251386,
            42.845414,
            631.0
          ],
          [
            2.251179,
            42.845398,
            629.74
          ],
          [
            2.25076,
            42.84529,
            627.08
          ],
          [
            2.250487,
            42.84529,
            625.44
          ],
          [
            2.24981,
            42.845409,
            622.11
          ],
          [
            2.248396,
            42.845398,
            617.04
          ],
          [
            2.247932,
            42.845446,
            615.37
          ],
          [
            2.247431,
            42.845436,
            613.31
          ],
          [
            2.246091,
            42.845522,
            607.43
          ],
          [
            2.245325,
            42.845689,
            606.4
          ],
          [
            2.244633,
            42.845673,
            607.59
          ],
          [
            2.24428,
            42.845743,
            609.62
          ],
          [
            2.244253,
            42.845994,
            606.34
          ],
          [
            2.244291,
            42.846136,
            605.42
          ],
          [
            2.24435,
            42.846297,
            603.8
          ],
          [
            2.244382,
            42.846482,
            602.67
          ],
          [
            2.244398,
            42.846671,
            601.52
          ],
          [
            2.244452,
            42.846781,
            601.05
          ],
          [
            2.244495,
            42.846918,
            600.75
          ],
          [
            2.244441,
            42.84706,
            600.55
          ],
          [
            2.244302,
            42.847178,
            600.12
          ],
          [
            2.2442,
            42.8473,
            599.65
          ],
          [
            2.244055,
            42.847536,
            598.31
          ],
          [
            2.243963,
            42.847607,
            597.63
          ],
          [
            2.243583,
            42.847807,
            594.5
          ],
          [
            2.243384,
            42.847968,
            591.4
          ],
          [
            2.242907,
            42.848258,
            582.97
          ],
          [
            2.242711,
            42.848338,
            579.95
          ],
          [
            2.242169,
            42.848509,
            572.35
          ],
          [
            2.242067,
            42.848568,
            570.75
          ],
          [
            2.241842,
            42.848759,
            566.89
          ],
          [
            2.241743,
            42.848816,
            565.65
          ],
          [
            2.241547,
            42.8489,
            563.68
          ],
          [
            2.241069,
            42.84907,
            559.69
          ],
          [
            2.240844,
            42.849158,
            557.76
          ],
          [
            2.240259,
            42.849292,
            553.85
          ],
          [
            2.239358,
            42.849426,
            549.99
          ],
          [
            2.239189,
            42.849467,
            549.56
          ],
          [
            2.238497,
            42.849701,
            546.48
          ],
          [
            2.238199,
            42.849768,
            544.39
          ],
          [
            2.237818,
            42.849817,
            541.42
          ],
          [
            2.237352,
            42.849864,
            537.9
          ],
          [
            2.237121,
            42.849905,
            536.43
          ],
          [
            2.236493,
            42.850124,
            532.9
          ],
          [
            2.236185,
            42.850206,
            531.89
          ],
          [
            2.236013,
            42.850299,
            531.61
          ],
          [
            2.23589,
            42.850403,
            531.7
          ],
          [
            2.235777,
            42.850531,
            532.03
          ],
          [
            2.235649,
            42.850609,
            532.36
          ],
          [
            2.235469,
            42.850654,
            532.88
          ],
          [
            2.235308,
            42.85067,
            533.46
          ],
          [
            2.235115,
            42.850666,
            534.65
          ],
          [
            2.235005,
            42.850674,
            535.67
          ],
          [
            2.234876,
            42.850718,
            537.02
          ],
          [
            2.234672,
            42.850831,
            538.14
          ],
          [
            2.234425,
            42.85093,
            537.33
          ],
          [
            2.23372,
            42.851094,
            529.54
          ],
          [
            2.232821,
            42.851172,
            515.71
          ],
          [
            2.232054,
            42.851177,
            499.57
          ],
          [
            2.231424,
            42.851121,
            483.79
          ],
          [
            2.231004,
            42.851078,
            474.2
          ],
          [
            2.230151,
            42.850962,
            455.11
          ],
          [
            2.229444,
            42.850981,
            442.6
          ],
          [
            2.22897,
            42.85103,
            436.98
          ],
          [
            2.228188,
            42.851095,
            430.31
          ],
          [
            2.227159,
            42.851159,
            424.16
          ],
          [
            2.226171,
            42.851248,
            420.18
          ],
          [
            2.225229,
            42.851467,
            416.69
          ],
          [
            2.224891,
            42.851531,
            413.96
          ],
          [
            2.224568,
            42.851496,
            412.15
          ],
          [
            2.224247,
            42.851352,
            410.46
          ],
          [
            2.223705,
            42.851186,
            408.24
          ],
          [
            2.223163,
            42.851048,
            406.65
          ],
          [
            2.222476,
            42.850975,
            403.73
          ],
          [
            2.221775,
            42.850958,
            400.23
          ],
          [
            2.221119,
            42.850878,
            397.56
          ],
          [
            2.220605,
            42.850664,
            395.9
          ],
          [
            2.220355,
            42.850622,
            395.35
          ],
          [
            2.219782,
            42.850777,
            393.95
          ],
          [
            2.219028,
            42.850825,
            391.57
          ],
          [
            2.21879,
            42.850912,
            390.42
          ],
          [
            2.218583,
            42.850961,
            389.55
          ],
          [
            2.218236,
            42.850908,
            388.24
          ],
          [
            2.217982,
            42.850879,
            387.3
          ],
          [
            2.217483,
            42.850873,
            385.24
          ],
          [
            2.217167,
            42.850825,
            384.0
          ],
          [
            2.21608,
            42.850828,
            378.33
          ],
          [
            2.215434,
            42.850786,
            374.48
          ],
          [
            2.214587,
            42.850797,
            368.52
          ],
          [
            2.214182,
            42.850767,
            365.45
          ],
          [
            2.213528,
            42.850767,
            361.32
          ],
          [
            2.213057,
            42.850779,
            358.49
          ],
          [
            2.212757,
            42.850805,
            356.94
          ],
          [
            2.212366,
            42.850747,
            354.43
          ],
          [
            2.211851,
            42.850644,
            351.53
          ],
          [
            2.211114,
            42.850447,
            349.82
          ],
          [
            2.210434,
            42.850126,
            347.15
          ],
          [
            2.209943,
            42.849761,
            344.37
          ],
          [
            2.209488,
            42.849541,
            342.41
          ],
          [
            2.209006,
            42.849376,
            339.81
          ],
          [
            2.208759,
            42.849277,
            338.22
          ],
          [
            2.208277,
            42.84905,
            335.02
          ],
          [
            2.208056,
            42.848977,
            334.82
          ],
          [
            2.207725,
            42.848953,
            333.54
          ],
          [
            2.207375,
            42.848893,
            331.75
          ],
          [
            2.206852,
            42.848726,
            329.4
          ],
          [
            2.206734,
            42.84871,
            328.86
          ],
          [
            2.206631,
            42.848723,
            328.41
          ],
          [
            2.206458,
            42.848775,
            327.72
          ],
          [
            2.205063,
            42.849287,
            321.53
          ],
          [
            2.20496,
            42.849366,
            320.65
          ],
          [
            2.204744,
            42.849632,
            317.93
          ],
          [
            2.20464,
            42.850041,
            315.91
          ],
          [
            2.204653,
            42.850151,
            315.7
          ],
          [
            2.204703,
            42.850346,
            315.45
          ],
          [
            2.204765,
            42.850467,
            315.22
          ],
          [
            2.205024,
            42.850841,
            314.97
          ],
          [
            2.205134,
            42.851078,
            314.93
          ],
          [
            2.205179,
            42.851217,
            314.87
          ],
          [
            2.205197,
            42.851383,
            314.83
          ],
          [
            2.20519,
            42.851466,
            314.38
          ],
          [
            2.2051,
            42.851631,
            313.54
          ],
          [
            2.205072,
            42.851663,
            314.05
          ],
          [
            2.204559,
            42.852087,
            314.77
          ],
          [
            2.204278,
            42.852239,
            314.03
          ],
          [
            2.203425,
            42.852582,
            311.68
          ],
          [
            2.202142,
            42.853356,
            309.33
          ],
          [
            2.201872,
            42.853621,
            309.11
          ],
          [
            2.20181,
            42.853803,
            309.42
          ],
          [
            2.201792,
            42.8539,
            309.4
          ],
          [
            2.201715,
            42.853967,
            309.54
          ],
          [
            2.201738,
            42.854151,
            310.01
          ],
          [
            2.201629,
            42.854156,
            310.0
          ],
          [
            2.201638,
            42.854305,
            310.0
          ],
          [
            2.201304,
            42.854325,
            308.94
          ],
          [
            2.20129,
            42.854366,
            308.75
          ],
          [
            2.201198,
            42.854501,
            308.57
          ],
          [
            2.20116,
            42.854682,
            308.72
          ],
          [
            2.201142,
            42.854873,
            308.93
          ],
          [
            2.201085,
            42.855053,
            309.06
          ],
          [
            2.200985,
            42.855843,
            310.43
          ],
          [
            2.200933,
            42.855928,
            310.74
          ],
          [
            2.20076,
            42.856059,
            311.47
          ],
          [
            2.200276,
            42.856315,
            313.76
          ],
          [
            2.199985,
            42.856443,
            315.27
          ],
          [
            2.199699,
            42.856515,
            316.7
          ],
          [
            2.198786,
            42.856649,
            320.7
          ],
          [
            2.198342,
            42.856697,
            320.34
          ],
          [
            2.197791,
            42.856635,
            314.78
          ],
          [
            2.197645,
            42.856639,
            314.07
          ],
          [
            2.197083,
            42.856968,
            311.36
          ],
          [
            2.196398,
            42.857158,
            309.99
          ],
          [
            2.195821,
            42.857182,
            309.4
          ],
          [
            2.194304,
            42.857758,
            308.61
          ],
          [
            2.193776,
            42.857908,
            308.37
          ],
          [
            2.193192,
            42.858353,
            311.26
          ],
          [
            2.193213,
            42.858508,
            312.42
          ],
          [
            2.193094,
            42.858645,
            313.9
          ],
          [
            2.193079,
            42.858757,
            315.11
          ],
          [
            2.19277,
            42.858961,
            318.43
          ],
          [
            2.192437,
            42.859255,
            320.94
          ],
          [
            2.192093,
            42.859356,
            322.46
          ],
          [
            2.191807,
            42.859391,
            323.06
          ],
          [
            2.191666,
            42.859488,
            323.16
          ],
          [
            2.1916,
            42.859612,
            323.36
          ],
          [
            2.191608,
            42.859729,
            323.87
          ],
          [
            2.191686,
            42.859804,
            323.45
          ],
          [
            2.1918,
            42.859958,
            320.76
          ],
          [
            2.191925,
            42.860082,
            318.89
          ],
          [
            2.192493,
            42.860764,
            311.45
          ],
          [
            2.192921,
            42.86107,
            307.06
          ],
          [
            2.193138,
            42.861314,
            304.03
          ],
          [
            2.193229,
            42.861528,
            301.42
          ],
          [
            2.193229,
            42.86166,
            299.85
          ],
          [
            2.193192,
            42.86183,
            298.26
          ],
          [
            2.193203,
            42.861921,
            297.9
          ],
          [
            2.193112,
            42.862071,
            296.71
          ],
          [
            2.193027,
            42.862474,
            296.05
          ],
          [
            2.193037,
            42.862775,
            295.6
          ],
          [
            2.192623,
            42.863544,
            295.66
          ],
          [
            2.192073,
            42.8642,
            295.46
          ],
          [
            2.191292,
            42.864615,
            294.82
          ],
          [
            2.190207,
            42.864658,
            294.16
          ],
          [
            2.189324,
            42.864424,
            293.53
          ],
          [
            2.188422,
            42.864366,
            293.0
          ],
          [
            2.188086,
            42.864337,
            292.86
          ],
          [
            2.18687,
            42.864132,
            292.86
          ],
          [
            2.186625,
            42.864184,
            292.22
          ],
          [
            2.186003,
            42.86461,
            291.5
          ],
          [
            2.185978,
            42.864679,
            291.38
          ],
          [
            2.185977,
            42.864773,
            291.42
          ],
          [
            2.186009,
            42.864858,
            291.56
          ],
          [
            2.186025,
            42.865011,
            291.44
          ],
          [
            2.186144,
            42.865322,
            292.02
          ],
          [
            2.186134,
            42.865612,
            291.76
          ],
          [
            2.185777,
            42.866071,
            291.93
          ],
          [
            2.185725,
            42.866152,
            292.15
          ],
          [
            2.185689,
            42.86625,
            292.45
          ],
          [
            2.185691,
            42.866354,
            292.65
          ],
          [
            2.185883,
            42.86702,
            293.12
          ],
          [
            2.186194,
            42.867599,
            292.86
          ],
          [
            2.186592,
            42.868188,
            291.26
          ],
          [
            2.186859,
            42.868497,
            290.29
          ],
          [
            2.18717,
            42.868761,
            289.34
          ],
          [
            2.187186,
            42.868868,
            289.1
          ],
          [
            2.187159,
            42.868966,
            288.91
          ],
          [
            2.187003,
            42.869257,
            288.47
          ],
          [
            2.186808,
            42.869539,
            288.17
          ],
          [
            2.186566,
            42.869793,
            288.19
          ],
          [
            2.185988,
            42.870106,
            289.0
          ],
          [
            2.185837,
            42.870196,
            289.0
          ],
          [
            2.185787,
            42.870283,
            289.0
          ],
          [
            2.18578,
            42.870346,
            289.15
          ],
          [
            2.185837,
            42.870504,
            289.76
          ],
          [
            2.185925,
            42.870612,
            290.06
          ],
          [
            2.185966,
            42.870759,
            289.89
          ],
          [
            2.185765,
            42.871948,
            286.29
          ],
          [
            2.185671,
            42.872572,
            286.0
          ],
          [
            2.185623,
            42.872664,
            286.0
          ],
          [
            2.18529,
            42.872704,
            286.27
          ],
          [
            2.185047,
            42.872687,
            286.81
          ],
          [
            2.184874,
            42.872706,
            285.76
          ],
          [
            2.184537,
            42.873093,
            287.0
          ],
          [
            2.184051,
            42.873592,
            287.97
          ],
          [
            2.183811,
            42.874422,
            287.44
          ],
          [
            2.183663,
            42.874976,
            287.0
          ],
          [
            2.183487,
            42.874944,
            287.09
          ],
          [
            2.183338,
            42.874908,
            287.38
          ],
          [
            2.183182,
            42.875203,
            287.0
          ],
          [
            2.182866,
            42.87575,
            287.0
          ],
          [
            2.182407,
            42.87556,
            287.94
          ],
          [
            2.182316,
            42.875507,
            288.0
          ],
          [
            2.182111,
            42.875488,
            288.39
          ],
          [
            2.181919,
            42.875479,
            289.6
          ],
          [
            2.181321,
            42.875417,
            290.79
          ],
          [
            2.181018,
            42.875354,
            290.09
          ],
          [
            2.180681,
            42.875939,
            291.14
          ],
          [
            2.179662,
            42.877657,
            302.43
          ],
          [
            2.17998,
            42.877765,
            303.25
          ],
          [
            2.180321,
            42.877869,
            303.94
          ],
          [
            2.180371,
            42.877926,
            304.67
          ],
          [
            2.180317,
            42.878009,
            306.55
          ],
          [
            2.179959,
            42.878124,
            309.55
          ],
          [
            2.179705,
            42.878215,
            311.42
          ],
          [
            2.179273,
            42.87852,
            315.2
          ],
          [
            2.179181,
            42.878603,
            316.03
          ],
          [
            2.179115,
            42.878696,
            316.94
          ],
          [
            2.179032,
            42.87886,
            318.57
          ],
          [
            2.178998,
            42.879021,
            320.11
          ],
          [
            2.179,
            42.879113,
            321.0
          ],
          [
            2.179034,
            42.879192,
            321.83
          ],
          [
            2.179116,
            42.879312,
            323.25
          ],
          [
            2.179422,
            42.879713,
            328.24
          ],
          [
            2.179589,
            42.879783,
            329.75
          ],
          [
            2.179747,
            42.879757,
            330.96
          ],
          [
            2.179798,
            42.879698,
            331.67
          ],
          [
            2.179788,
            42.879607,
            332.7
          ],
          [
            2.179555,
            42.879385,
            336.06
          ],
          [
            2.179499,
            42.879265,
            337.48
          ],
          [
            2.179474,
            42.879181,
            338.39
          ],
          [
            2.179485,
            42.879111,
            339.11
          ],
          [
            2.179534,
            42.879072,
            339.65
          ],
          [
            2.179587,
            42.879063,
            340.05
          ],
          [
            2.17964,
            42.879068,
            340.44
          ],
          [
            2.179783,
            42.879169,
            341.86
          ],
          [
            2.179877,
            42.87922,
            342.67
          ],
          [
            2.180041,
            42.879256,
            343.83
          ],
          [
            2.180795,
            42.879356,
            347.27
          ],
          [
            2.180959,
            42.879407,
            347.69
          ],
          [
            2.18101,
            42.879438,
            347.71
          ],
          [
            2.181054,
            42.879503,
            347.93
          ],
          [
            2.181074,
            42.87957,
            348.43
          ],
          [
            2.181079,
            42.879659,
            349.17
          ],
          [
            2.18107,
            42.879721,
            349.64
          ],
          [
            2.181048,
            42.879775,
            350.03
          ],
          [
            2.180691,
            42.880152,
            353.05
          ],
          [
            2.180476,
            42.880354,
            354.98
          ],
          [
            2.18038,
            42.880478,
            356.12
          ],
          [
            2.180294,
            42.88056,
            356.94
          ],
          [
            2.18014,
            42.880674,
            358.14
          ],
          [
            2.180007,
            42.880751,
            359.16
          ],
          [
            2.179921,
            42.88079,
            359.84
          ],
          [
            2.179833,
            42.880812,
            360.46
          ],
          [
            2.179614,
            42.880836,
            361.91
          ],
          [
            2.179375,
            42.880826,
            362.53
          ],
          [
            2.179245,
            42.880831,
            363.21
          ],
          [
            2.179093,
            42.880863,
            364.52
          ],
          [
            2.178941,
            42.880921,
            365.15
          ],
          [
            2.178705,
            42.881057,
            365.7
          ],
          [
            2.178539,
            42.881135,
            366.07
          ],
          [
            2.177791,
            42.88134,
            368.23
          ],
          [
            2.17758,
            42.881391,
            369.03
          ],
          [
            2.177447,
            42.881439,
            369.57
          ],
          [
            2.17732,
            42.881505,
            370.14
          ],
          [
            2.177153,
            42.881656,
            371.2
          ],
          [
            2.176933,
            42.881952,
            373.39
          ],
          [
            2.176856,
            42.882038,
            374.1
          ],
          [
            2.176794,
            42.88209,
            374.57
          ],
          [
            2.176591,
            42.882221,
            375.91
          ],
          [
            2.176317,
            42.882379,
            377.73
          ],
          [
            2.175846,
            42.882534,
            380.99
          ],
          [
            2.175644,
            42.882622,
            382.7
          ],
          [
            2.175062,
            42.882931,
            388.47
          ],
          [
            2.174888,
            42.883061,
            390.7
          ],
          [
            2.174563,
            42.883272,
            394.8
          ],
          [
            2.174432,
            42.883331,
            396.17
          ],
          [
            2.174242,
            42.883386,
            397.94
          ],
          [
            2.173879,
            42.883459,
            400.83
          ],
          [
            2.173612,
            42.883496,
            403.77
          ],
          [
            2.173341,
            42.883641,
            406.68
          ],
          [
            2.173187,
            42.883848,
            409.26
          ],
          [
            2.173022,
            42.884122,
            412.22
          ],
          [
            2.172276,
            42.884777,
            418.96
          ],
          [
            2.171393,
            42.885371,
            427.78
          ],
          [
            2.170967,
            42.885512,
            432.29
          ],
          [
            2.170707,
            42.885622,
            435.41
          ],
          [
            2.170621,
            42.885692,
            436.79
          ],
          [
            2.170573,
            42.885781,
            438.32
          ],
          [
            2.170537,
            42.885926,
            441.18
          ],
          [
            2.170307,
            42.886125,
            445.35
          ],
          [
            2.170017,
            42.886308,
            450.97
          ],
          [
            2.16972,
            42.886526,
            454.69
          ],
          [
            2.169644,
            42.886414,
            461.22
          ],
          [
            2.169266,
            42.886593,
            468.61
          ],
          [
            2.169076,
            42.886794,
            473.58
          ],
          [
            2.168746,
            42.886947,
            479.91
          ],
          [
            2.168381,
            42.887186,
            488.27
          ],
          [
            2.168145,
            42.887657,
            501.26
          ],
          [
            2.168145,
            42.887865,
            506.74
          ],
          [
            2.168295,
            42.88796,
            510.38
          ],
          [
            2.168258,
            42.888007,
            511.73
          ],
          [
            2.168065,
            42.88807,
            515.49
          ],
          [
            2.168049,
            42.888219,
            518.91
          ],
          [
            2.167636,
            42.888286,
            525.83
          ],
          [
            2.167619,
            42.888424,
            528.89
          ],
          [
            2.167884,
            42.888605,
            533.86
          ],
          [
            2.167898,
            42.888718,
            537.25
          ],
          [
            2.167319,
            42.888935,
            546.09
          ],
          [
            2.167094,
            42.889115,
            550.69
          ],
          [
            2.166896,
            42.889256,
            552.55
          ],
          [
            2.166616,
            42.889426,
            548.09
          ],
          [
            2.166329,
            42.889559,
            544.44
          ],
          [
            2.166003,
            42.889673,
            541.43
          ],
          [
            2.165779,
            42.889763,
            539.13
          ],
          [
            2.16558,
            42.88978,
            537.44
          ],
          [
            2.165436,
            42.889753,
            536.26
          ],
          [
            2.165154,
            42.889584,
            533.05
          ],
          [
            2.164732,
            42.889411,
            528.37
          ],
          [
            2.163979,
            42.889205,
            519.07
          ],
          [
            2.162912,
            42.888969,
            506.22
          ],
          [
            2.161263,
            42.888829,
            489.43
          ],
          [
            2.160532,
            42.888841,
            483.76
          ],
          [
            2.159595,
            42.888909,
            469.22
          ],
          [
            2.157522,
            42.888349,
            441.91
          ],
          [
            2.156536,
            42.888387,
            438.55
          ],
          [
            2.155729,
            42.888535,
            436.47
          ],
          [
            2.15535,
            42.88934,
            427.25
          ],
          [
            2.155211,
            42.889445,
            425.0
          ],
          [
            2.154659,
            42.889635,
            417.41
          ],
          [
            2.153997,
            42.890039,
            407.16
          ],
          [
            2.153545,
            42.890338,
            401.27
          ],
          [
            2.153432,
            42.890801,
            391.72
          ],
          [
            2.153593,
            42.891117,
            393.55
          ],
          [
            2.153541,
            42.891239,
            395.15
          ],
          [
            2.153502,
            42.891263,
            395.43
          ],
          [
            2.15331,
            42.891222,
            396.22
          ],
          [
            2.153041,
            42.891108,
            397.45
          ],
          [
            2.152823,
            42.891037,
            399.17
          ],
          [
            2.152548,
            42.891231,
            403.0
          ],
          [
            2.152492,
            42.89121,
            403.84
          ],
          [
            2.15237,
            42.891085,
            405.18
          ],
          [
            2.152279,
            42.891103,
            405.66
          ],
          [
            2.15218,
            42.89111,
            406.31
          ],
          [
            2.152024,
            42.89122,
            407.96
          ],
          [
            2.151812,
            42.891262,
            409.02
          ],
          [
            2.151233,
            42.891251,
            411.31
          ],
          [
            2.151049,
            42.891282,
            412.25
          ],
          [
            2.150991,
            42.891314,
            413.17
          ],
          [
            2.150957,
            42.891359,
            414.1
          ],
          [
            2.15095,
            42.891479,
            415.97
          ],
          [
            2.150824,
            42.891985,
            425.07
          ],
          [
            2.150755,
            42.892126,
            428.39
          ],
          [
            2.150616,
            42.892219,
            432.89
          ],
          [
            2.15063,
            42.892045,
            433.01
          ],
          [
            2.150612,
            42.891517,
            435.28
          ],
          [
            2.150522,
            42.891378,
            436.29
          ],
          [
            2.150336,
            42.891283,
            437.37
          ],
          [
            2.150018,
            42.891251,
            440.19
          ],
          [
            2.149662,
            42.891238,
            442.92
          ],
          [
            2.149315,
            42.891347,
            445.93
          ],
          [
            2.148758,
            42.891538,
            451.27
          ],
          [
            2.148045,
            42.891636,
            457.57
          ],
          [
            2.147728,
            42.891721,
            460.76
          ],
          [
            2.147304,
            42.891914,
            466.14
          ],
          [
            2.146806,
            42.89209,
            473.6
          ],
          [
            2.146488,
            42.892249,
            479.13
          ],
          [
            2.146402,
            42.892266,
            480.39
          ],
          [
            2.146243,
            42.892257,
            482.6
          ],
          [
            2.145907,
            42.892107,
            487.78
          ],
          [
            2.145399,
            42.891945,
            493.82
          ],
          [
            2.144961,
            42.891728,
            498.27
          ],
          [
            2.144681,
            42.891674,
            500.45
          ],
          [
            2.143695,
            42.891666,
            506.7
          ],
          [
            2.142798,
            42.891782,
            511.14
          ],
          [
            2.142247,
            42.89175,
            513.33
          ],
          [
            2.14215,
            42.891755,
            513.58
          ],
          [
            2.141971,
            42.891828,
            514.37
          ],
          [
            2.141668,
            42.89204,
            516.85
          ],
          [
            2.141668,
            42.892106,
            518.91
          ],
          [
            2.141434,
            42.892107,
            517.32
          ],
          [
            2.14136,
            42.892133,
            517.37
          ],
          [
            2.141234,
            42.892229,
            517.21
          ],
          [
            2.141116,
            42.892295,
            516.71
          ],
          [
            2.14105,
            42.892313,
            516.47
          ],
          [
            2.140924,
            42.892322,
            516.3
          ],
          [
            2.140771,
            42.892369,
            516.33
          ],
          [
            2.140679,
            42.892371,
            516.38
          ],
          [
            2.140561,
            42.892333,
            516.56
          ],
          [
            2.140336,
            42.892207,
            517.04
          ],
          [
            2.14007,
            42.89214,
            517.58
          ],
          [
            2.139944,
            42.892141,
            517.92
          ],
          [
            2.139641,
            42.892212,
            519.05
          ],
          [
            2.139473,
            42.892241,
            519.85
          ],
          [
            2.139213,
            42.892241,
            521.07
          ],
          [
            2.138937,
            42.892218,
            522.26
          ],
          [
            2.138277,
            42.892211,
            525.3
          ],
          [
            2.138133,
            42.892203,
            526.12
          ],
          [
            2.137412,
            42.892063,
            532.81
          ],
          [
            2.137255,
            42.892015,
            534.47
          ],
          [
            2.137047,
            42.89201,
            536.61
          ],
          [
            2.136874,
            42.891986,
            538.72
          ],
          [
            2.136739,
            42.891983,
            540.71
          ],
          [
            2.13656,
            42.891942,
            542.51
          ],
          [
            2.136397,
            42.891965,
            543.77
          ],
          [
            2.136319,
            42.892032,
            544.32
          ],
          [
            2.13609,
            42.892333,
            545.38
          ],
          [
            2.135993,
            42.892598,
            545.82
          ],
          [
            2.135706,
            42.892801,
            546.05
          ],
          [
            2.135453,
            42.892902,
            546.16
          ],
          [
            2.135245,
            42.892961,
            546.15
          ],
          [
            2.134601,
            42.893737,
            545.99
          ],
          [
            2.134394,
            42.893863,
            546.0
          ],
          [
            2.133991,
            42.89409,
            546.0
          ],
          [
            2.133761,
            42.894267,
            546.0
          ],
          [
            2.132921,
            42.894672,
            546.0
          ],
          [
            2.132637,
            42.894793,
            546.0
          ],
          [
            2.132421,
            42.894634,
            546.07
          ],
          [
            2.131533,
            42.894645,
            546.7
          ],
          [
            2.130801,
            42.894623,
            547.0
          ],
          [
            2.130739,
            42.894594,
            547.0
          ],
          [
            2.130686,
            42.894616,
            547.0
          ],
          [
            2.130562,
            42.89462,
            547.02
          ],
          [
            2.130438,
            42.894605,
            547.26
          ],
          [
            2.130225,
            42.894595,
            547.54
          ],
          [
            2.129871,
            42.894601,
            547.73
          ],
          [
            2.12901,
            42.894585,
            548.32
          ],
          [
            2.12761,
            42.894449,
            549.89
          ],
          [
            2.126985,
            42.894489,
            550.54
          ],
          [
            2.126395,
            42.894574,
            551.11
          ],
          [
            2.124333,
            42.894774,
            553.03
          ],
          [
            2.123546,
            42.894755,
            553.99
          ],
          [
            2.12272,
            42.894684,
            554.99
          ],
          [
            2.121855,
            42.894598,
            556.0
          ],
          [
            2.121208,
            42.894566,
            556.97
          ],
          [
            2.119715,
            42.894508,
            559.68
          ],
          [
            2.119288,
            42.894501,
            560.95
          ],
          [
            2.119092,
            42.894575,
            562.3
          ],
          [
            2.118972,
            42.894686,
            564.2
          ],
          [
            2.118773,
            42.894628,
            564.16
          ],
          [
            2.117913,
            42.894279,
            564.87
          ],
          [
            2.117572,
            42.894119,
            565.5
          ],
          [
            2.117453,
            42.89407,
            566.02
          ],
          [
            2.117474,
            42.893971,
            565.84
          ],
          [
            2.117211,
            42.893993,
            566.08
          ],
          [
            2.116894,
            42.894058,
            566.4
          ],
          [
            2.115062,
            42.894663,
            566.09
          ],
          [
            2.114781,
            42.894792,
            566.0
          ],
          [
            2.11462,
            42.894876,
            565.96
          ],
          [
            2.113968,
            42.895072,
            565.39
          ],
          [
            2.113673,
            42.895135,
            565.0
          ],
          [
            2.113629,
            42.895091,
            565.0
          ],
          [
            2.113426,
            42.894772,
            564.89
          ],
          [
            2.111549,
            42.895409,
            560.93
          ],
          [
            2.110909,
            42.895513,
            560.05
          ],
          [
            2.110398,
            42.895693,
            559.22
          ],
          [
            2.109893,
            42.896028,
            558.21
          ],
          [
            2.10959,
            42.896277,
            557.86
          ],
          [
            2.108894,
            42.896785,
            555.4
          ],
          [
            2.107587,
            42.897565,
            552.71
          ],
          [
            2.106297,
            42.898384,
            549.94
          ],
          [
            2.103821,
            42.898962,
            546.34
          ],
          [
            2.102435,
            42.899556,
            545.01
          ],
          [
            2.102,
            42.900103,
            543.83
          ],
          [
            2.101916,
            42.900182,
            543.63
          ],
          [
            2.101805,
            42.900255,
            543.42
          ],
          [
            2.101011,
            42.900693,
            542.0
          ],
          [
            2.100725,
            42.90083,
            541.86
          ],
          [
            2.098747,
            42.901466,
            540.63
          ],
          [
            2.097238,
            42.901934,
            538.94
          ],
          [
            2.096771,
            42.902117,
            538.24
          ],
          [
            2.096335,
            42.902415,
            537.25
          ],
          [
            2.096049,
            42.902523,
            536.77
          ],
          [
            2.095701,
            42.902558,
            536.29
          ],
          [
            2.094999,
            42.902772,
            536.33
          ],
          [
            2.094743,
            42.902941,
            535.89
          ],
          [
            2.094362,
            42.903135,
            534.95
          ],
          [
            2.09354,
            42.903442,
            533.0
          ],
          [
            2.092125,
            42.904,
            531.39
          ],
          [
            2.091497,
            42.904282,
            531.42
          ],
          [
            2.091175,
            42.904371,
            531.45
          ],
          [
            2.09027,
            42.90455,
            531.22
          ],
          [
            2.089731,
            42.904574,
            530.76
          ],
          [
            2.089399,
            42.904691,
            530.51
          ],
          [
            2.089061,
            42.904787,
            530.27
          ],
          [
            2.088301,
            42.904964,
            529.67
          ],
          [
            2.087024,
            42.905205,
            528.66
          ],
          [
            2.08674,
            42.905276,
            528.39
          ],
          [
            2.086553,
            42.905342,
            528.18
          ],
          [
            2.086372,
            42.905431,
            527.93
          ],
          [
            2.085769,
            42.905901,
            526.8
          ],
          [
            2.085236,
            42.906391,
            526.09
          ],
          [
            2.085125,
            42.906462,
            526.02
          ],
          [
            2.084698,
            42.906668,
            525.85
          ],
          [
            2.084384,
            42.906785,
            525.79
          ],
          [
            2.084048,
            42.90688,
            525.92
          ],
          [
            2.083495,
            42.90697,
            526.38
          ],
          [
            2.082936,
            42.906998,
            525.76
          ],
          [
            2.082501,
            42.907089,
            525.21
          ],
          [
            2.082102,
            42.907135,
            524.62
          ],
          [
            2.081732,
            42.907156,
            524.22
          ],
          [
            2.081414,
            42.907135,
            523.78
          ],
          [
            2.081299,
            42.907149,
            523.63
          ],
          [
            2.081137,
            42.907204,
            524.27
          ],
          [
            2.080782,
            42.907425,
            524.58
          ],
          [
            2.08028,
            42.907929,
            524.26
          ],
          [
            2.080083,
            42.908087,
            524.05
          ],
          [
            2.079807,
            42.908254,
            523.74
          ],
          [
            2.07951,
            42.90836,
            523.4
          ],
          [
            2.079211,
            42.908493,
            523.07
          ],
          [
            2.079038,
            42.908633,
            522.92
          ],
          [
            2.07892,
            42.908778,
            522.82
          ],
          [
            2.078587,
            42.909396,
            521.45
          ],
          [
            2.078504,
            42.909519,
            520.83
          ],
          [
            2.078327,
            42.909663,
            519.77
          ],
          [
            2.078076,
            42.909791,
            518.44
          ],
          [
            2.07785,
            42.909925,
            517.12
          ],
          [
            2.077635,
            42.909992,
            516.15
          ],
          [
            2.076897,
            42.910121,
            513.58
          ],
          [
            2.075963,
            42.910446,
            510.99
          ],
          [
            2.075182,
            42.910497,
            509.21
          ],
          [
            2.074832,
            42.910541,
            508.58
          ],
          [
            2.074519,
            42.910628,
            508.05
          ],
          [
            2.073843,
            42.910922,
            507.02
          ],
          [
            2.073353,
            42.91107,
            506.44
          ],
          [
            2.072473,
            42.911443,
            505.2
          ],
          [
            2.072192,
            42.911513,
            504.72
          ],
          [
            2.071017,
            42.911675,
            501.98
          ],
          [
            2.069906,
            42.911911,
            499.54
          ],
          [
            2.069636,
            42.911921,
            499.28
          ],
          [
            2.069452,
            42.911869,
            499.15
          ],
          [
            2.068963,
            42.911627,
            498.77
          ],
          [
            2.068661,
            42.911536,
            498.68
          ],
          [
            2.068334,
            42.911478,
            498.68
          ],
          [
            2.068062,
            42.911474,
            498.67
          ],
          [
            2.067608,
            42.911485,
            498.67
          ],
          [
            2.067182,
            42.911412,
            498.76
          ],
          [
            2.0667,
            42.911277,
            498.7
          ],
          [
            2.066208,
            42.911178,
            498.54
          ],
          [
            2.065689,
            42.911206,
            498.2
          ],
          [
            2.065239,
            42.911218,
            498.63
          ],
          [
            2.064862,
            42.911261,
            498.61
          ],
          [
            2.064629,
            42.911246,
            498.44
          ],
          [
            2.064246,
            42.911204,
            497.84
          ],
          [
            2.063869,
            42.91119,
            496.91
          ],
          [
            2.063283,
            42.911275,
            494.24
          ],
          [
            2.062643,
            42.911412,
            492.23
          ],
          [
            2.062133,
            42.91163,
            490.53
          ],
          [
            2.060927,
            42.912191,
            486.79
          ],
          [
            2.059665,
            42.912846,
            484.04
          ],
          [
            2.058303,
            42.913614,
            482.35
          ],
          [
            2.056345,
            42.914653,
            479.58
          ],
          [
            2.055494,
            42.915048,
            478.26
          ],
          [
            2.054615,
            42.915339,
            477.47
          ],
          [
            2.053877,
            42.915536,
            477.01
          ],
          [
            2.05253,
            42.915609,
            475.96
          ],
          [
            2.051707,
            42.91564,
            475.32
          ],
          [
            2.050142,
            42.915598,
            475.0
          ],
          [
            2.050106,
            42.916066,
            474.86
          ],
          [
            2.050138,
            42.916345,
            474.79
          ],
          [
            2.049979,
            42.916703,
            474.68
          ],
          [
            2.049951,
            42.917196,
            474.35
          ],
          [
            2.049916,
            42.917289,
            475.57
          ],
          [
            2.049854,
            42.917351,
            476.37
          ],
          [
            2.049757,
            42.917408,
            476.32
          ],
          [
            2.049411,
            42.917549,
            477.21
          ],
          [
            2.04856,
            42.917792,
            479.55
          ],
          [
            2.048465,
            42.917857,
            479.75
          ],
          [
            2.048409,
            42.917971,
            480.62
          ],
          [
            2.048417,
            42.918046,
            481.49
          ],
          [
            2.048363,
            42.918087,
            480.1
          ],
          [
            2.048341,
            42.918435,
            479.17
          ],
          [
            2.04812,
            42.918994,
            476.88
          ],
          [
            2.047956,
            42.919293,
            475.91
          ],
          [
            2.047843,
            42.91954,
            475.44
          ],
          [
            2.047652,
            42.919801,
            476.19
          ],
          [
            2.04724,
            42.920108,
            477.1
          ],
          [
            2.046996,
            42.920248,
            477.79
          ],
          [
            2.046883,
            42.920179,
            475.89
          ],
          [
            2.046791,
            42.920157,
            474.31
          ],
          [
            2.046666,
            42.919998,
            474.31
          ],
          [
            2.046564,
            42.919904,
            478.0
          ],
          [
            2.046377,
            42.919881,
            478.28
          ],
          [
            2.046127,
            42.920001,
            479.0
          ],
          [
            2.045911,
            42.920739,
            485.34
          ],
          [
            2.045783,
            42.920911,
            486.95
          ],
          [
            2.045697,
            42.920977,
            487.78
          ],
          [
            2.045437,
            42.921021,
            490.5
          ],
          [
            2.045146,
            42.921087,
            494.25
          ],
          [
            2.045039,
            42.921126,
            495.12
          ],
          [
            2.044951,
            42.921195,
            496.1
          ],
          [
            2.0449,
            42.921286,
            497.01
          ],
          [
            2.044856,
            42.921425,
            497.81
          ],
          [
            2.044964,
            42.921448,
            497.99
          ],
          [
            2.044953,
            42.921611,
            499.19
          ],
          [
            2.044272,
            42.922542,
            505.67
          ],
          [
            2.044111,
            42.922695,
            506.9
          ],
          [
            2.043832,
            42.922884,
            508.54
          ],
          [
            2.043672,
            42.923017,
            509.9
          ],
          [
            2.043141,
            42.923425,
            515.46
          ],
          [
            2.043045,
            42.923414,
            515.85
          ],
          [
            2.042911,
            42.923437,
            516.78
          ],
          [
            2.042723,
            42.923502,
            518.59
          ],
          [
            2.04254,
            42.923579,
            520.24
          ],
          [
            2.042022,
            42.924311,
            527.59
          ],
          [
            2.041777,
            42.924814,
            531.69
          ],
          [
            2.041728,
            42.924861,
            532.03
          ],
          [
            2.041742,
            42.924905,
            532.1
          ],
          [
            2.041881,
            42.92518,
            532.31
          ],
          [
            2.041894,
            42.92535,
            532.21
          ],
          [
            2.041874,
            42.925488,
            532.09
          ],
          [
            2.041827,
            42.925629,
            531.97
          ],
          [
            2.041599,
            42.925912,
            531.61
          ],
          [
            2.041376,
            42.926108,
            531.21
          ],
          [
            2.039162,
            42.927861,
            526.43
          ],
          [
            2.038662,
            42.928294,
            525.45
          ],
          [
            2.038493,
            42.928472,
            525.05
          ],
          [
            2.038362,
            42.928629,
            524.62
          ],
          [
            2.038261,
            42.928825,
            524.05
          ],
          [
            2.038219,
            42.928993,
            523.58
          ],
          [
            2.038207,
            42.929168,
            523.13
          ],
          [
            2.038248,
            42.929422,
            522.41
          ],
          [
            2.038611,
            42.930004,
            520.95
          ],
          [
            2.039092,
            42.930648,
            521.34
          ],
          [
            2.039121,
            42.930768,
            521.52
          ],
          [
            2.039091,
            42.930862,
            521.67
          ],
          [
            2.03901,
            42.930927,
            521.8
          ],
          [
            2.038895,
            42.930968,
            521.94
          ],
          [
            2.037872,
            42.931196,
            522.54
          ],
          [
            2.037368,
            42.931343,
            522.68
          ],
          [
            2.036906,
            42.931525,
            522.7
          ],
          [
            2.036397,
            42.931779,
            522.4
          ],
          [
            2.036235,
            42.931892,
            522.08
          ],
          [
            2.036123,
            42.932034,
            521.75
          ],
          [
            2.036049,
            42.932192,
            521.55
          ],
          [
            2.036031,
            42.932325,
            521.56
          ],
          [
            2.03605,
            42.932475,
            521.64
          ],
          [
            2.036096,
            42.93264,
            521.84
          ],
          [
            2.036126,
            42.932792,
            522.13
          ],
          [
            2.036093,
            42.93294,
            522.47
          ],
          [
            2.035971,
            42.933085,
            522.96
          ],
          [
            2.035794,
            42.933199,
            523.57
          ],
          [
            2.029995,
            42.935247,
            528.82
          ],
          [
            2.029759,
            42.935305,
            529.12
          ],
          [
            2.02948,
            42.935323,
            529.53
          ],
          [
            2.029141,
            42.935287,
            530.11
          ],
          [
            2.028843,
            42.935216,
            530.56
          ],
          [
            2.028501,
            42.935079,
            531.26
          ],
          [
            2.028292,
            42.935035,
            531.54
          ],
          [
            2.028049,
            42.935039,
            531.57
          ],
          [
            2.027675,
            42.935089,
            532.07
          ],
          [
            2.027487,
            42.93515,
            530.68
          ],
          [
            2.027365,
            42.935223,
            530.29
          ],
          [
            2.027285,
            42.935373,
            530.46
          ],
          [
            2.02715,
            42.935479,
            530.61
          ],
          [
            2.026963,
            42.93556,
            530.64
          ],
          [
            2.023779,
            42.936338,
            531.87
          ],
          [
            2.023512,
            42.936374,
            531.85
          ],
          [
            2.022822,
            42.936392,
            530.85
          ],
          [
            2.022685,
            42.936417,
            530.64
          ],
          [
            2.022571,
            42.936504,
            530.46
          ],
          [
            2.022557,
            42.936628,
            530.33
          ],
          [
            2.022636,
            42.936931,
            530.19
          ],
          [
            2.022642,
            42.937107,
            530.12
          ],
          [
            2.022584,
            42.937281,
            530.23
          ],
          [
            2.022477,
            42.937443,
            530.44
          ],
          [
            2.022081,
            42.937851,
            530.71
          ],
          [
            2.021842,
            42.938058,
            531.03
          ],
          [
            2.020218,
            42.938902,
            520.91
          ],
          [
            2.0199,
            42.939037,
            518.63
          ],
          [
            2.01901,
            42.939313,
            513.22
          ],
          [
            2.018665,
            42.939376,
            511.38
          ],
          [
            2.018051,
            42.939396,
            508.37
          ],
          [
            2.017752,
            42.939437,
            506.93
          ],
          [
            2.017458,
            42.939521,
            505.45
          ],
          [
            2.016034,
            42.940107,
            497.97
          ],
          [
            2.015755,
            42.940261,
            496.4
          ],
          [
            2.015594,
            42.940379,
            495.37
          ],
          [
            2.01546,
            42.940557,
            494.27
          ],
          [
            2.015344,
            42.940849,
            492.76
          ],
          [
            2.015248,
            42.940999,
            491.77
          ],
          [
            2.015099,
            42.941116,
            490.62
          ],
          [
            2.014751,
            42.941333,
            488.18
          ],
          [
            2.014214,
            42.941644,
            484.58
          ],
          [
            2.014033,
            42.94173,
            483.56
          ],
          [
            2.013825,
            42.941786,
            482.53
          ],
          [
            2.013656,
            42.941795,
            481.78
          ],
          [
            2.013486,
            42.941768,
            481.04
          ],
          [
            2.013286,
            42.941664,
            480.05
          ],
          [
            2.013125,
            42.94153,
            479.01
          ],
          [
            2.012954,
            42.941327,
            477.53
          ],
          [
            2.012848,
            42.941263,
            476.85
          ],
          [
            2.012714,
            42.941236,
            476.12
          ],
          [
            2.012546,
            42.941246,
            475.22
          ],
          [
            2.012207,
            42.941297,
            473.52
          ],
          [
            2.011945,
            42.941319,
            472.36
          ],
          [
            2.011627,
            42.941322,
            471.02
          ],
          [
            2.011099,
            42.941283,
            468.98
          ],
          [
            2.010868,
            42.941286,
            468.19
          ],
          [
            2.010289,
            42.94135,
            465.22
          ],
          [
            2.010013,
            42.941347,
            464.71
          ],
          [
            2.00959,
            42.941294,
            462.49
          ],
          [
            2.00891,
            42.941271,
            458.93
          ],
          [
            2.008258,
            42.94119,
            455.29
          ],
          [
            2.007983,
            42.941178,
            453.64
          ],
          [
            2.00771,
            42.941206,
            451.76
          ],
          [
            2.00743,
            42.941271,
            449.75
          ],
          [
            2.007271,
            42.941351,
            448.53
          ],
          [
            2.007165,
            42.941469,
            447.38
          ],
          [
            2.007169,
            42.941576,
            446.51
          ],
          [
            2.007215,
            42.941738,
            445.21
          ],
          [
            2.007192,
            42.941845,
            444.44
          ],
          [
            2.007114,
            42.941922,
            443.81
          ],
          [
            2.006988,
            42.941978,
            443.14
          ],
          [
            2.006827,
            42.942024,
            442.46
          ],
          [
            2.006455,
            42.942091,
            441.26
          ],
          [
            2.006204,
            42.942114,
            440.45
          ],
          [
            2.005755,
            42.942108,
            438.8
          ],
          [
            2.005453,
            42.942122,
            437.64
          ],
          [
            2.00517,
            42.94217,
            436.44
          ],
          [
            2.004757,
            42.942303,
            434.45
          ],
          [
            2.004152,
            42.94248,
            431.23
          ],
          [
            2.003776,
            42.942607,
            429.94
          ],
          [
            2.003617,
            42.942676,
            429.12
          ],
          [
            2.003535,
            42.942654,
            428.85
          ],
          [
            2.001815,
            42.942977,
            420.1
          ],
          [
            2.001308,
            42.943086,
            416.48
          ],
          [
            2.000862,
            42.943211,
            413.04
          ],
          [
            2.000917,
            42.943428,
            411.2
          ],
          [
            2.001046,
            42.943738,
            410.18
          ],
          [
            2.001083,
            42.943806,
            410.31
          ],
          [
            2.001078,
            42.94385,
            410.22
          ],
          [
            2.001039,
            42.943907,
            409.89
          ],
          [
            2.000955,
            42.94396,
            409.28
          ],
          [
            2.000788,
            42.944039,
            408.13
          ],
          [
            2.000595,
            42.944101,
            406.62
          ],
          [
            2.000431,
            42.944114,
            405.21
          ],
          [
            2.000465,
            42.944337,
            404.61
          ],
          [
            2.000416,
            42.944425,
            404.51
          ],
          [
            2.000228,
            42.944448,
            403.53
          ],
          [
            1.999963,
            42.94442,
            402.52
          ],
          [
            1.999911,
            42.945754,
            400.28
          ],
          [
            1.999837,
            42.946756,
            399.68
          ],
          [
            1.999773,
            42.946913,
            399.95
          ],
          [
            1.999498,
            42.947248,
            398.94
          ],
          [
            1.999312,
            42.947518,
            398.11
          ],
          [
            1.999178,
            42.947838,
            397.06
          ],
          [
            1.999078,
            42.948225,
            395.78
          ],
          [
            1.998679,
            42.952039,
            390.71
          ],
          [
            1.998655,
            42.952091,
            390.42
          ],
          [
            1.998624,
            42.952128,
            389.84
          ],
          [
            1.998705,
            42.952184,
            390.0
          ],
          [
            1.998744,
            42.952267,
            389.94
          ],
          [
            1.998953,
            42.95318,
            389.39
          ],
          [
            1.999094,
            42.953627,
            389.34
          ],
          [
            1.999164,
            42.953748,
            389.35
          ],
          [
            1.999263,
            42.953869,
            389.39
          ],
          [
            1.999942,
            42.954635,
            390.0
          ],
          [
            1.999653,
            42.95476,
            387.94
          ],
          [
            1.998973,
            42.954851,
            388.93
          ],
          [
            1.998806,
            42.954913,
            388.97
          ],
          [
            1.998681,
            42.955007,
            388.94
          ],
          [
            1.998593,
            42.955158,
            389.19
          ],
          [
            1.998597,
            42.95535,
            389.39
          ],
          [
            1.998587,
            42.955452,
            389.75
          ],
          [
            1.998482,
            42.955674,
            390.0
          ],
          [
            1.998486,
            42.955751,
            390.03
          ],
          [
            1.998519,
            42.955835,
            390.13
          ],
          [
            1.998991,
            42.956202,
            390.03
          ],
          [
            1.999413,
            42.956634,
            390.0
          ],
          [
            1.999728,
            42.957058,
            389.96
          ],
          [
            1.999975,
            42.957467,
            389.76
          ],
          [
            2.000096,
            42.957721,
            389.55
          ],
          [
            2.00022,
            42.958033,
            389.2
          ],
          [
            2.000697,
            42.959648,
            391.51
          ],
          [
            2.00077,
            42.960227,
            388.92
          ],
          [
            2.000742,
            42.960793,
            386.82
          ],
          [
            2.00069,
            42.96111,
            386.1
          ],
          [
            2.000571,
            42.961524,
            385.61
          ],
          [
            1.999349,
            42.965277,
            382.97
          ],
          [
            1.998621,
            42.967444,
            380.24
          ],
          [
            1.998104,
            42.969048,
            379.98
          ],
          [
            1.997993,
            42.969556,
            379.96
          ],
          [
            1.997932,
            42.970024,
            379.74
          ],
          [
            1.997914,
            42.970469,
            379.43
          ],
          [
            1.997932,
            42.970847,
            379.17
          ],
          [
            1.997983,
            42.971208,
            379.02
          ],
          [
            1.998039,
            42.971508,
            378.94
          ],
          [
            1.998202,
            42.972018,
            378.45
          ],
          [
            1.99873,
            42.973259,
            377.29
          ],
          [
            1.998934,
            42.973717,
            377.35
          ],
          [
            1.999067,
            42.974087,
            378.37
          ],
          [
            1.999047,
            42.974163,
            378.63
          ],
          [
            1.999206,
            42.974353,
            377.8
          ],
          [
            1.999291,
            42.974522,
            377.61
          ],
          [
            2.000179,
            42.976659,
            375.25
          ],
          [
            2.000425,
            42.977158,
            375.73
          ],
          [
            2.000694,
            42.977618,
            376.29
          ],
          [
            2.001344,
            42.978784,
            377.61
          ],
          [
            2.001492,
            42.979064,
            377.64
          ],
          [
            2.00172,
            42.979831,
            377.38
          ],
          [
            2.002001,
            42.981637,
            376.33
          ],
          [
            2.002054,
            42.981865,
            375.81
          ],
          [
            2.002143,
            42.98211,
            374.86
          ],
          [
            2.002191,
            42.982421,
            373.35
          ],
          [
            2.002363,
            42.982972,
            370.69
          ],
          [
            2.002432,
            42.982959,
            369.78
          ],
          [
            2.002411,
            42.982896,
            369.3
          ],
          [
            2.002548,
            42.982808,
            369.82
          ],
          [
            2.003137,
            42.982839,
            370.67
          ],
          [
            2.003126,
            42.983102,
            370.0
          ],
          [
            2.004463,
            42.983563,
            370.92
          ],
          [
            2.005215,
            42.983765,
            371.99
          ],
          [
            2.005875,
            42.98385,
            372.32
          ],
          [
            2.005855,
            42.984031,
            372.13
          ],
          [
            2.005961,
            42.984037,
            372.17
          ]
        ]
      }
    },
    {
      "type": "Feature",
      "properties": {
        "source": "Col_de_Saint-Louis.gpx",
        "type": "route"
      },
      "geometry": {
        "type": "LineString",
        "coordinates": [
          [
            2.005961,
            42.984037
          ],
          [
            2.005855,
            42.984031
          ],
          [
            2.005875,
            42.98385
          ],
          [
            2.003137,
            42.982839
          ],
          [
            2.002363,
            42.982972
          ],
          [
            1.999942,
            42.954635
          ],
          [
            1.998624,
            42.952128
          ],
          [
            1.999963,
            42.94442
          ],
          [
            2.000416,
            42.944425
          ],
          [
            2.000187,
            42.943446
          ],
          [
            2.003617,
            42.942676
          ],
          [
            2.041728,
            42.924861
          ],
          [
            2.043045,
            42.923414
          ],
          [
            2.043141,
            42.923425
          ],
          [
            2.044964,
            42.921448
          ],
          [
            2.044856,
            42.921425
          ],
          [
            2.046377,
            42.919881
          ],
          [
            2.046564,
            42.919904
          ],
          [
            2.046996,
            42.920248
          ],
          [
            2.048417,
            42.918046
          ],
          [
            2.050142,
            42.915598
          ],
          [
            2.063283,
            42.911275
          ],
          [
            2.080782,
            42.907425
          ],
          [
            2.09354,
            42.903442
          ],
          [
            2.113426,
            42.894772
          ],
          [
            2.113673,
            42.895135
          ],
          [
            2.117474,
            42.893971
          ],
          [
            2.117453,
            42.89407
          ],
          [
            2.118972,
            42.894686
          ],
          [
            2.130739,
            42.894594
          ],
          [
            2.132637,
            42.894793
          ],
          [
            2.136319,
            42.892032
          ],
          [
            2.141668,
            42.892106
          ],
          [
            2.150616,
            42.892219
          ],
          [
            2.15218,
            42.89111
          ],
          [
            2.152548,
            42.891231
          ],
          [
            2.152823,
            42.891037
          ],
          [
            2.15331,
            42.891222
          ],
          [
            2.153593,
            42.891117
          ],
          [
            2.153432,
            42.890801
          ],
          [
            2.160532,
            42.888841
          ],
          [
            2.167898,
            42.888718
          ],
          [
            2.180371,
            42.877926
          ],
          [
            2.179662,
            42.877657
          ],
          [
            2.181018,
            42.875354
          ],
          [
            2.182866,
            42.87575
          ],
          [
            2.183182,
            42.875203
          ],
          [
            2.183338,
            42.874908
          ],
          [
            2.183663,
            42.874976
          ],
          [
            2.185623,
            42.872664
          ],
          [
            2.185978,
            42.864679
          ],
          [
            2.187485,
            42.864236
          ],
          [
            2.188422,
            42.864366
          ],
          [
            2.1918,
            42.859958
          ],
          [
            2.201638,
            42.854305
          ],
          [
            2.201629,
            42.854156
          ],
          [
            2.201738,
            42.854151
          ],
          [
            2.204744,
            42.849632
          ],
          [
            2.225721,
            42.851353
          ],
          [
            2.229444,
            42.850981
          ],
          [
            2.231424,
            42.851121
          ],
          [
            2.234425,
            42.85093
          ],
          [
            2.24428,
            42.845743
          ],
          [
            2.24981,
            42.845409
          ],
          [
            2.281767,
            42.847208
          ],
          [
            2.309431,
            42.845923
          ],
          [
            2.315245,
            42.846069
          ],
          [
            2.315245,
            42.846069
          ],
          [
            2.309431,
            42.845923
          ],
          [
            2.281767,
            42.847208
          ],
          [
            2.24428,
            42.845743
          ],
          [
            2.231424,
            42.851121
          ],
          [
            2.204744,
            42.849632
          ],
          [
            2.201738,
            42.854151
          ],
          [
            2.201629,
            42.854156
          ],
          [
            2.201638,
            42.854305
          ],
          [
            2.188422,
            42.864366
          ],
          [
            2.18687,
            42.864132
          ],
          [
            2.185623,
            42.872664
          ],
          [
            2.183663,
            42.874976
          ],
          [
            2.183338,
            42.874908
          ],
          [
            2.183182,
            42.875203
          ],
          [
            2.182866,
            42.87575
          ],
          [
            2.181018,
            42.875354
          ],
          [
            2.179662,
            42.877657
          ],
          [
            2.180371,
            42.877926
          ],
          [
            2.18101,
            42.879438
          ],
          [
            2.167898,
            42.888718
          ],
          [
            2.153432,
            42.890801
          ],
          [
            2.153593,
            42.891117
          ],
          [
            2.152823,
            42.891037
          ],
          [
            2.152548,
            42.891231
          ],
          [
            2.15218,
            42.89111
          ],
          [
            2.150616,
            42.892219
          ],
          [
            2.141971,
            42.891828
          ],
          [
            2.141668,
            42.892106
          ],
          [
            2.132637,
            42.894793
          ],
          [
            2.130739,
            42.894594
          ],
          [
            2.118972,
            42.894686
          ],
          [
            2.117453,
            42.89407
          ],
          [
            2.117474,
            42.893971
          ],
          [
            2.113673,
            42.895135
          ],
          [
            2.113426,
            42.894772
          ],
          [
            2.09354,
            42.903442
          ],
          [
            2.080782,
            42.907425
          ],
          [
            2.063283,
            42.911275
          ],
          [
            2.050142,
            42.915598
          ],
          [
            2.048417,
            42.918046
          ],
          [
            2.046996,
            42.920248
          ],
          [
            2.046564,
            42.919904
          ],
          [
            2.046377,
            42.919881
          ],
          [
            2.046127,
            42.920001
          ],
          [
            2.044856,
            42.921425
          ],
          [
            2.044964,
            42.921448
          ],
          [
            2.043141,
            42.923425
          ],
          [
            2.043045,
            42.923414
          ],
          [
            2.041728,
            42.924861
          ],
          [
            2.003617,
            42.942676
          ],
          [
            2.000862,
            42.943211
          ],
          [
            2.000431,
            42.944114
          ],
          [
            2.000416,
            42.944425
          ],
          [
            1.999963,
            42.94442
          ],
          [
            1.998624,
            42.952128
          ],
          [
            1.999942,
            42.954635
          ],
          [
            1.999067,
            42.974087
          ],
          [
            2.002363,
            42.982972
          ],
          [
            2.003137,
            42.982839
          ],
          [
            2.005875,
            42.98385
          ],
          [
            2.005855,
            42.984031
          ],
          [
            2.005961,
            42.984037
          ]
        ]
      }
    }
  ]
}