{
  "type": "FeatureCollection",
  "features": [
    {
      "type": "Feature",
      "properties": {
        "name": "GraphHopper Track",
        "source": "Ilhéou_Col_et_Lac.gpx",
        "type": "track"
      },
      "geometry": {
        "type": "LineString",
        "coordinates": [
          [
            -0.178488,
            42.938499,
            982.21
          ],
          [
            -0.178508,
            42.93838,
            982.59
          ],
          [
            -0.178481,
            42.937938,
            983.8
          ],
          [
            -0.178422,
            42.937471,
            984.88
          ],
          [
            -0.178334,
            42.937232,
            986.0
          ],
          [
            -0.178367,
            42.937191,
            986.01
          ],
          [
            -0.178397,
            42.937114,
            986.6
          ],
          [
            -0.178471,
            42.936999,
            987.52
          ],
          [
            -0.178542,
            42.936851,
            988.23
          ],
          [
            -0.178641,
            42.936597,
            988.98
          ],
          [
            -0.178674,
            42.936482,
            989.29
          ],
          [
            -0.178683,
            42.936278,
            989.86
          ],
          [
            -0.178677,
            42.935715,
            991.03
          ],
          [
            -0.178719,
            42.935592,
            991.3
          ],
          [
            -0.178875,
            42.935318,
            992.13
          ],
          [
            -0.179042,
            42.935169,
            993.02
          ],
          [
            -0.179174,
            42.935075,
            993.69
          ],
          [
            -0.1793,
            42.934952,
            994.35
          ],
          [
            -0.179452,
            42.934823,
            994.96
          ],
          [
            -0.179553,
            42.934751,
            995.27
          ],
          [
            -0.179639,
            42.93466,
            995.58
          ],
          [
            -0.179667,
            42.934569,
            995.83
          ],
          [
            -0.179669,
            42.934457,
            996.12
          ],
          [
            -0.17964,
            42.934326,
            996.49
          ],
          [
            -0.179564,
            42.934204,
            996.89
          ],
          [
            -0.179456,
            42.934097,
            997.19
          ],
          [
            -0.17941,
            42.934016,
            997.32
          ],
          [
            -0.179399,
            42.933875,
            997.52
          ],
          [
            -0.179479,
            42.933662,
            997.94
          ],
          [
            -0.179725,
            42.933353,
            999.29
          ],
          [
            -0.179785,
            42.933262,
            999.72
          ],
          [
            -0.179944,
            42.933099,
            1000.46
          ],
          [
            -0.180013,
            42.932986,
            1000.88
          ],
          [
            -0.180061,
            42.932801,
            1001.6
          ],
          [
            -0.180067,
            42.932688,
            1002.08
          ],
          [
            -0.180088,
            42.932582,
            1002.56
          ],
          [
            -0.18016,
            42.932423,
            1003.34
          ],
          [
            -0.180478,
            42.932007,
            1005.04
          ],
          [
            -0.180555,
            42.931831,
            1005.75
          ],
          [
            -0.180562,
            42.931768,
            1005.95
          ],
          [
            -0.180545,
            42.931694,
            1006.16
          ],
          [
            -0.18043,
            42.931403,
            1006.94
          ],
          [
            -0.180431,
            42.93134,
            1007.12
          ],
          [
            -0.180572,
            42.931148,
            1007.73
          ],
          [
            -0.180754,
            42.930976,
            1008.39
          ],
          [
            -0.180854,
            42.930926,
            1008.98
          ],
          [
            -0.181021,
            42.930902,
            1010.88
          ],
          [
            -0.181039,
            42.930834,
            1011.03
          ],
          [
            -0.181091,
            42.930709,
            1011.34
          ],
          [
            -0.181186,
            42.930535,
            1011.9
          ],
          [
            -0.181238,
            42.930401,
            1012.35
          ],
          [
            -0.181247,
            42.930261,
            1012.59
          ],
          [
            -0.181344,
            42.93024,
            1013.88
          ],
          [
            -0.181543,
            42.930118,
            1016.88
          ],
          [
            -0.181737,
            42.930044,
            1018.99
          ],
          [
            -0.181811,
            42.930038,
            1019.66
          ],
          [
            -0.182051,
            42.930063,
            1020.96
          ],
          [
            -0.182122,
            42.929909,
            1021.59
          ],
          [
            -0.182235,
            42.929754,
            1021.94
          ],
          [
            -0.182259,
            42.929662,
            1022.16
          ],
          [
            -0.182405,
            42.929344,
            1023.19
          ],
          [
            -0.182509,
            42.929161,
            1023.79
          ],
          [
            -0.182556,
            42.929057,
            1024.15
          ],
          [
            -0.182776,
            42.928832,
            1025.4
          ],
          [
            -0.18292,
            42.928626,
            1026.01
          ],
          [
            -0.18288,
            42.928373,
            1026.93
          ],
          [
            -0.182669,
            42.928025,
            1027.56
          ],
          [
            -0.182748,
            42.927621,
            1028.13
          ],
          [
            -0.182821,
            42.927394,
            1028.6
          ],
          [
            -0.182867,
            42.927212,
            1028.63
          ],
          [
            -0.182864,
            42.927161,
            1028.46
          ],
          [
            -0.182822,
            42.927096,
            1027.88
          ],
          [
            -0.182743,
            42.927048,
            1027.22
          ],
          [
            -0.182488,
            42.926962,
            1028.47
          ],
          [
            -0.182655,
            42.926688,
            1031.54
          ],
          [
            -0.182801,
            42.9265,
            1032.54
          ],
          [
            -0.183024,
            42.926333,
            1033.28
          ],
          [
            -0.183559,
            42.926024,
            1034.81
          ],
          [
            -0.18366,
            42.925946,
            1035.07
          ],
          [
            -0.183758,
            42.925822,
            1035.38
          ],
          [
            -0.183819,
            42.925664,
            1035.92
          ],
          [
            -0.183813,
            42.925535,
            1036.49
          ],
          [
            -0.183794,
            42.92544,
            1036.94
          ],
          [
            -0.183716,
            42.925223,
            1038.09
          ],
          [
            -0.183588,
            42.925006,
            1039.39
          ],
          [
            -0.183552,
            42.92492,
            1039.86
          ],
          [
            -0.183547,
            42.924792,
            1040.51
          ],
          [
            -0.183617,
            42.92443,
            1042.54
          ],
          [
            -0.183779,
            42.924017,
            1044.05
          ],
          [
            -0.183833,
            42.923577,
            1045.19
          ],
          [
            -0.183871,
            42.923494,
            1044.92
          ],
          [
            -0.183943,
            42.923398,
            1044.91
          ],
          [
            -0.184192,
            42.923152,
            1045.63
          ],
          [
            -0.184346,
            42.922911,
            1047.95
          ],
          [
            -0.184466,
            42.922657,
            1051.2
          ],
          [
            -0.184535,
            42.922368,
            1054.77
          ],
          [
            -0.184546,
            42.92212,
            1058.44
          ],
          [
            -0.184561,
            42.922051,
            1059.0
          ],
          [
            -0.1846,
            42.921964,
            1059.48
          ],
          [
            -0.184702,
            42.921779,
            1060.7
          ],
          [
            -0.18463,
            42.921776,
            1061.61
          ],
          [
            -0.183395,
            42.922161,
            1065.41
          ],
          [
            -0.183262,
            42.922177,
            1065.48
          ],
          [
            -0.183136,
            42.922169,
            1065.57
          ],
          [
            -0.182888,
            42.922139,
            1066.38
          ],
          [
            -0.182805,
            42.922112,
            1066.79
          ],
          [
            -0.182675,
            42.921958,
            1068.94
          ],
          [
            -0.182609,
            42.92179,
            1071.9
          ],
          [
            -0.182553,
            42.921738,
            1073.04
          ],
          [
            -0.182562,
            42.9217,
            1073.59
          ],
          [
            -0.182722,
            42.921646,
            1073.91
          ],
          [
            -0.182756,
            42.921607,
            1074.45
          ],
          [
            -0.18277,
            42.921501,
            1075.97
          ],
          [
            -0.182782,
            42.921042,
            1084.53
          ],
          [
            -0.18286,
            42.920475,
            1097.13
          ],
          [
            -0.182897,
            42.920049,
            1107.54
          ],
          [
            -0.182932,
            42.919783,
            1113.74
          ],
          [
            -0.18316,
            42.919013,
            1130.71
          ],
          [
            -0.183117,
            42.918717,
            1137.04
          ],
          [
            -0.182991,
            42.918355,
            1145.62
          ],
          [
            -0.182817,
            42.918193,
            1151.17
          ],
          [
            -0.182645,
            42.91807,
            1156.41
          ],
          [
            -0.182447,
            42.917944,
            1162.58
          ],
          [
            -0.182219,
            42.917851,
            1169.15
          ],
          [
            -0.181741,
            42.917627,
            1184.79
          ],
          [
            -0.181325,
            42.91742,
            1198.38
          ],
          [
            -0.181052,
            42.917271,
            1206.84
          ],
          [
            -0.180778,
            42.917016,
            1216.93
          ],
          [
            -0.180227,
            42.91637,
            1239.98
          ],
          [
            -0.180121,
            42.916155,
            1248.41
          ],
          [
            -0.180121,
            42.916155,
            1248.41
          ],
          [
            -0.180227,
            42.91637,
            1239.98
          ],
          [
            -0.180778,
            42.917016,
            1216.93
          ],
          [
            -0.181052,
            42.917271,
            1206.84
          ],
          [
            -0.181325,
            42.91742,
            1198.38
          ],
          [
            -0.181741,
            42.917627,
            1184.79
          ],
          [
            -0.182219,
            42.917851,
            1169.15
          ],
          [
            -0.182447,
            42.917944,
            1162.58
          ],
          [
            -0.182645,
            42.91807,
            1156.41
          ],
          [
            -0.182817,
            42.918193,
            1151.17
          ],
          [
            -0.182991,
            42.918355,
            1145.62
          ],
          [
            -0.183117,
            42.918717,
            1137.04
          ],
          [
            -0.18316,
            42.919013,
            1130.71
          ],
          [
            -0.182932,
            42.919783,
            1113.74
          ],
          [
            -0.182897,
            42.920049,
            1107.54
          ],
          [
            -0.18286,
            42.920475,
            1097.13
          ],
          [
            -0.182782,
            42.921042,
            1084.53
          ],
          [
            -0.18277,
            42.921501,
            1075.97
          ],
          [
            -0.182756,
            42.921607,
            1074.45
          ],
          [
            -0.182722,
            42.921646,
            1073.91
          ],
          [
            -0.182562,
            42.9217,
            1073.59
          ],
          [
            -0.182553,
            42.921738,
            1073.04
          ],
          [
            -0.182609,
            42.92179,
            1071.9
          ],
          [
            -0.182675,
            42.921958,
            1068.94
          ],
          [
            -0.182805,
            42.922112,
            1066.79
          ],
          [
            -0.182888,
            42.922139,
            1066.38
          ],
          [
            -0.183136,
            42.922169,
            1065.57
          ],
          [
            -0.183262,
            42.922177,
            1065.48
          ],
          [
            -0.183395,
            42.922161,
            1065.41
          ],
          [
            -0.18463,
            42.921776,
            1061.61
          ],
          [
            -0.184702,
            42.921779,
            1060.7
          ],
          [
            -0.184917,
            42.921432,
            1062.37
          ],
          [
            -0.185141,
            42.921224,
            1064.03
          ],
          [
            -0.185535,
            42.920964,
            1066.44
          ],
          [
            -0.185705,
            42.920794,
            1068.61
          ],
          [
            -0.185817,
            42.920565,
            1071.23
          ],
          [
            -0.185935,
            42.920424,
            1072.9
          ],
          [
            -0.18634,
            42.920107,
            1077.9
          ],
          [
            -0.186565,
            42.919867,
            1079.18
          ],
          [
            -0.186714,
            42.919686,
            1077.52
          ],
          [
            -0.186761,
            42.919566,
            1076.77
          ],
          [
            -0.186787,
            42.91908,
            1074.73
          ],
          [
            -0.186843,
            42.918928,
            1074.38
          ],
          [
            -0.186901,
            42.918845,
            1074.26
          ],
          [
            -0.187076,
            42.91872,
            1074.19
          ],
          [
            -0.187375,
            42.918537,
            1074.71
          ],
          [
            -0.188485,
            42.917699,
            1076.73
          ],
          [
            -0.188681,
            42.917495,
            1077.03
          ],
          [
            -0.188846,
            42.917269,
            1078.01
          ],
          [
            -0.189004,
            42.917318,
            1077.98
          ],
          [
            -0.189267,
            42.917431,
            1079.92
          ],
          [
            -0.189348,
            42.917458,
            1080.75
          ],
          [
            -0.18951,
            42.917544,
            1082.97
          ],
          [
            -0.189518,
            42.917573,
            1083.67
          ],
          [
            -0.18955,
            42.917601,
            1084.47
          ],
          [
            -0.189604,
            42.91762,
            1085.18
          ],
          [
            -0.189696,
            42.91767,
            1086.58
          ],
          [
            -0.189726,
            42.917668,
            1086.9
          ],
          [
            -0.189817,
            42.91762,
            1087.96
          ],
          [
            -0.189872,
            42.917603,
            1088.46
          ],
          [
            -0.189912,
            42.917601,
            1088.81
          ],
          [
            -0.18995,
            42.917611,
            1089.14
          ],
          [
            -0.190014,
            42.917597,
            1089.57
          ],
          [
            -0.190133,
            42.917541,
            1090.49
          ],
          [
            -0.190239,
            42.917506,
            1091.43
          ],
          [
            -0.190343,
            42.917448,
            1092.5
          ],
          [
            -0.190571,
            42.917362,
            1094.27
          ],
          [
            -0.190614,
            42.917313,
            1094.65
          ],
          [
            -0.191168,
            42.916979,
            1095.77
          ],
          [
            -0.191201,
            42.916904,
            1095.9
          ],
          [
            -0.191243,
            42.916735,
            1096.46
          ],
          [
            -0.191275,
            42.916676,
            1096.76
          ],
          [
            -0.191342,
            42.916621,
            1097.17
          ],
          [
            -0.191505,
            42.916539,
            1097.99
          ],
          [
            -0.191595,
            42.916477,
            1098.42
          ],
          [
            -0.192124,
            42.916235,
            1101.51
          ],
          [
            -0.192275,
            42.916124,
            1103.04
          ],
          [
            -0.192415,
            42.916042,
            1104.37
          ],
          [
            -0.192553,
            42.915914,
            1105.95
          ],
          [
            -0.192716,
            42.915745,
            1107.62
          ],
          [
            -0.192937,
            42.915605,
            1109.0
          ],
          [
            -0.193017,
            42.915569,
            1109.56
          ],
          [
            -0.193345,
            42.915382,
            1112.44
          ],
          [
            -0.19354,
            42.91523,
            1114.33
          ],
          [
            -0.193885,
            42.915126,
            1116.71
          ],
          [
            -0.193966,
            42.915047,
            1117.78
          ],
          [
            -0.194124,
            42.914926,
            1120.2
          ],
          [
            -0.194269,
            42.914854,
            1122.15
          ],
          [
            -0.19436,
            42.914798,
            1123.41
          ],
          [
            -0.194533,
            42.914663,
            1126.42
          ],
          [
            -0.194687,
            42.914691,
            1128.6
          ],
          [
            -0.194833,
            42.914664,
            1130.85
          ],
          [
            -0.194891,
            42.914589,
            1132.62
          ],
          [
            -0.194966,
            42.914463,
            1135.21
          ],
          [
            -0.195049,
            42.914442,
            1136.31
          ],
          [
            -0.195149,
            42.914476,
            1137.65
          ],
          [
            -0.195249,
            42.914473,
            1138.83
          ],
          [
            -0.195344,
            42.914424,
            1140.11
          ],
          [
            -0.195461,
            42.914389,
            1141.42
          ],
          [
            -0.195586,
            42.914277,
            1143.64
          ],
          [
            -0.195724,
            42.914075,
            1147.21
          ],
          [
            -0.195856,
            42.913953,
            1148.43
          ],
          [
            -0.196015,
            42.913914,
            1148.87
          ],
          [
            -0.196122,
            42.913907,
            1149.06
          ],
          [
            -0.196197,
            42.913873,
            1149.19
          ],
          [
            -0.196291,
            42.913796,
            1149.31
          ],
          [
            -0.196307,
            42.913682,
            1149.32
          ],
          [
            -0.196305,
            42.91361,
            1149.27
          ],
          [
            -0.196376,
            42.913553,
            1149.23
          ],
          [
            -0.196382,
            42.913498,
            1149.25
          ],
          [
            -0.196424,
            42.913419,
            1149.32
          ],
          [
            -0.196495,
            42.913382,
            1149.35
          ],
          [
            -0.196586,
            42.913245,
            1148.83
          ],
          [
            -0.19661,
            42.913037,
            1147.85
          ],
          [
            -0.196749,
            42.912985,
            1147.62
          ],
          [
            -0.196982,
            42.912953,
            1147.48
          ],
          [
            -0.197108,
            42.912699,
            1146.85
          ],
          [
            -0.197205,
            42.912442,
            1145.14
          ],
          [
            -0.197264,
            42.912215,
            1142.47
          ],
          [
            -0.197253,
            42.912136,
            1141.43
          ],
          [
            -0.197219,
            42.912096,
            1140.62
          ],
          [
            -0.197112,
            42.912035,
            1138.2
          ],
          [
            -0.19699,
            42.911945,
            1133.61
          ],
          [
            -0.19679,
            42.911859,
            1128.87
          ],
          [
            -0.196757,
            42.911827,
            1127.77
          ],
          [
            -0.196779,
            42.911777,
            1127.01
          ],
          [
            -0.196809,
            42.911741,
            1127.26
          ],
          [
            -0.19696,
            42.911638,
            1129.11
          ],
          [
            -0.197006,
            42.911586,
            1130.19
          ],
          [
            -0.197008,
            42.911566,
            1130.58
          ],
          [
            -0.196971,
            42.911521,
            1131.33
          ],
          [
            -0.196888,
            42.911475,
            1132.14
          ],
          [
            -0.196759,
            42.911441,
            1132.4
          ],
          [
            -0.196764,
            42.911377,
            1133.98
          ],
          [
            -0.196783,
            42.911313,
            1135.23
          ],
          [
            -0.196859,
            42.911256,
            1136.02
          ],
          [
            -0.197298,
            42.911063,
            1138.77
          ],
          [
            -0.197649,
            42.911022,
            1141.33
          ],
          [
            -0.197872,
            42.910957,
            1142.72
          ],
          [
            -0.197993,
            42.910947,
            1143.59
          ],
          [
            -0.198106,
            42.910921,
            1144.61
          ],
          [
            -0.198138,
            42.910905,
            1144.98
          ],
          [
            -0.198587,
            42.91088,
            1146.77
          ],
          [
            -0.198696,
            42.910911,
            1146.32
          ],
          [
            -0.198733,
            42.910883,
            1146.63
          ],
          [
            -0.198988,
            42.91092,
            1146.49
          ],
          [
            -0.199168,
            42.910929,
            1147.49
          ],
          [
            -0.199319,
            42.910872,
            1149.02
          ],
          [
            -0.199566,
            42.910759,
            1151.15
          ],
          [
            -0.199748,
            42.910716,
            1152.69
          ],
          [
            -0.199978,
            42.910689,
            1155.06
          ],
          [
            -0.200148,
            42.910652,
            1156.29
          ],
          [
            -0.200307,
            42.910585,
            1157.51
          ],
          [
            -0.200604,
            42.91047,
            1159.51
          ],
          [
            -0.200953,
            42.91038,
            1160.74
          ],
          [
            -0.201104,
            42.910381,
            1160.09
          ],
          [
            -0.201254,
            42.910361,
            1159.28
          ],
          [
            -0.201404,
            42.910325,
            1159.29
          ],
          [
            -0.201731,
            42.910209,
            1159.73
          ],
          [
            -0.202068,
            42.910048,
            1161.2
          ],
          [
            -0.203054,
            42.909517,
            1165.11
          ],
          [
            -0.203721,
            42.90895,
            1165.85
          ],
          [
            -0.203846,
            42.90868,
            1165.96
          ],
          [
            -0.204057,
            42.907879,
            1166.71
          ],
          [
            -0.203927,
            42.907817,
            1167.6
          ],
          [
            -0.203782,
            42.90772,
            1169.06
          ],
          [
            -0.203752,
            42.907673,
            1169.6
          ],
          [
            -0.203752,
            42.907595,
            1169.76
          ],
          [
            -0.203758,
            42.907294,
            1171.1
          ],
          [
            -0.203774,
            42.907064,
            1171.75
          ],
          [
            -0.203888,
            42.906627,
            1173.48
          ],
          [
            -0.203866,
            42.906518,
            1172.75
          ],
          [
            -0.203941,
            42.906455,
            1172.25
          ],
          [
            -0.204664,
            42.906225,
            1165.85
          ],
          [
            -0.20512,
            42.906122,
            1166.62
          ],
          [
            -0.205288,
            42.906047,
            1167.91
          ],
          [
            -0.205873,
            42.905762,
            1180.27
          ],
          [
            -0.206136,
            42.905611,
            1187.59
          ],
          [
            -0.206377,
            42.905463,
            1193.52
          ],
          [
            -0.206766,
            42.905192,
            1203.93
          ],
          [
            -0.206933,
            42.905201,
            1207.22
          ],
          [
            -0.207141,
            42.905159,
            1211.09
          ],
          [
            -0.207274,
            42.905114,
            1213.05
          ],
          [
            -0.207371,
            42.905016,
            1215.89
          ],
          [
            -0.207272,
            42.904911,
            1219.53
          ],
          [
            -0.207363,
            42.904799,
            1223.24
          ],
          [
            -0.207425,
            42.904739,
            1224.94
          ],
          [
            -0.207454,
            42.904628,
            1227.51
          ],
          [
            -0.207472,
            42.904507,
            1230.24
          ],
          [
            -0.207428,
            42.904355,
            1234.07
          ],
          [
            -0.207436,
            42.904217,
            1237.86
          ],
          [
            -0.20736,
            42.904047,
            1241.18
          ],
          [
            -0.207395,
            42.903967,
            1242.91
          ],
          [
            -0.207562,
            42.903898,
            1245.91
          ],
          [
            -0.207682,
            42.903703,
            1248.97
          ],
          [
            -0.207699,
            42.903588,
            1251.68
          ],
          [
            -0.207578,
            42.90348,
            1255.76
          ],
          [
            -0.207321,
            42.90338,
            1261.59
          ],
          [
            -0.207327,
            42.903262,
            1264.53
          ],
          [
            -0.207443,
            42.903096,
            1268.63
          ],
          [
            -0.207508,
            42.903001,
            1271.03
          ],
          [
            -0.207528,
            42.90293,
            1272.88
          ],
          [
            -0.207594,
            42.902896,
            1273.53
          ],
          [
            -0.207618,
            42.902836,
            1275.2
          ],
          [
            -0.207611,
            42.90278,
            1276.8
          ],
          [
            -0.20765,
            42.902689,
            1279.7
          ],
          [
            -0.207643,
            42.902566,
            1283.75
          ],
          [
            -0.207571,
            42.902378,
            1290.18
          ],
          [
            -0.207341,
            42.90229,
            1296.6
          ],
          [
            -0.207155,
            42.902235,
            1301.64
          ],
          [
            -0.206961,
            42.902137,
            1307.72
          ],
          [
            -0.206528,
            42.90201,
            1319.65
          ],
          [
            -0.206338,
            42.901891,
            1326.13
          ],
          [
            -0.206317,
            42.90179,
            1329.78
          ],
          [
            -0.206231,
            42.901663,
            1334.72
          ],
          [
            -0.206095,
            42.901596,
            1338.69
          ],
          [
            -0.205986,
            42.901503,
            1342.68
          ],
          [
            -0.205843,
            42.901472,
            1346.09
          ],
          [
            -0.205727,
            42.90141,
            1349.18
          ],
          [
            -0.205623,
            42.901404,
            1351.41
          ],
          [
            -0.205613,
            42.901288,
            1354.58
          ],
          [
            -0.20556,
            42.901165,
            1357.67
          ],
          [
            -0.205489,
            42.901038,
            1360.78
          ],
          [
            -0.205543,
            42.900976,
            1362.46
          ],
          [
            -0.205536,
            42.900846,
            1365.44
          ],
          [
            -0.205475,
            42.900779,
            1367.27
          ],
          [
            -0.205548,
            42.900762,
            1368.53
          ],
          [
            -0.205634,
            42.900756,
            1370.02
          ],
          [
            -0.205678,
            42.900696,
            1371.67
          ],
          [
            -0.205661,
            42.900643,
            1373.0
          ],
          [
            -0.205558,
            42.90065,
            1374.9
          ],
          [
            -0.205384,
            42.900513,
            1379.67
          ],
          [
            -0.20522,
            42.900399,
            1383.85
          ],
          [
            -0.205155,
            42.900309,
            1386.39
          ],
          [
            -0.204942,
            42.900139,
            1393.58
          ],
          [
            -0.20488,
            42.900056,
            1396.4
          ],
          [
            -0.204888,
            42.899978,
            1398.55
          ],
          [
            -0.204953,
            42.899881,
            1400.98
          ],
          [
            -0.205012,
            42.899761,
            1402.53
          ],
          [
            -0.205069,
            42.899716,
            1403.0
          ],
          [
            -0.205123,
            42.899651,
            1403.69
          ],
          [
            -0.205181,
            42.899545,
            1404.74
          ],
          [
            -0.205186,
            42.899505,
            1405.4
          ],
          [
            -0.204927,
            42.899211,
            1412.54
          ],
          [
            -0.20477,
            42.898956,
            1418.2
          ],
          [
            -0.20476,
            42.898897,
            1419.52
          ],
          [
            -0.204784,
            42.898757,
            1422.62
          ],
          [
            -0.204762,
            42.89846,
            1428.99
          ],
          [
            -0.204724,
            42.898428,
            1430.31
          ],
          [
            -0.204668,
            42.898425,
            1431.09
          ],
          [
            -0.204397,
            42.898526,
            1435.04
          ],
          [
            -0.204512,
            42.898368,
            1436.16
          ],
          [
            -0.204562,
            42.898225,
            1437.44
          ],
          [
            -0.204643,
            42.898156,
            1438.18
          ],
          [
            -0.204798,
            42.898109,
            1439.16
          ],
          [
            -0.20548,
            42.898054,
            1442.96
          ],
          [
            -0.205698,
            42.898049,
            1443.52
          ],
          [
            -0.20601,
            42.898,
            1448.96
          ],
          [
            -0.206097,
            42.897973,
            1450.89
          ],
          [
            -0.206156,
            42.897943,
            1452.32
          ],
          [
            -0.206291,
            42.897907,
            1454.97
          ],
          [
            -0.206316,
            42.897886,
            1455.6
          ],
          [
            -0.206313,
            42.897866,
            1456.06
          ],
          [
            -0.206269,
            42.897799,
            1457.74
          ],
          [
            -0.20624,
            42.897773,
            1458.49
          ],
          [
            -0.206252,
            42.89776,
            1458.84
          ],
          [
            -0.206243,
            42.897742,
            1459.25
          ],
          [
            -0.206245,
            42.897709,
            1459.95
          ],
          [
            -0.206149,
            42.897646,
            1462.09
          ],
          [
            -0.206137,
            42.897622,
            1462.67
          ],
          [
            -0.206062,
            42.897561,
            1464.49
          ],
          [
            -0.205911,
            42.897475,
            1467.54
          ],
          [
            -0.205796,
            42.897384,
            1470.14
          ],
          [
            -0.205674,
            42.897301,
            1472.59
          ],
          [
            -0.205602,
            42.897269,
            1473.8
          ],
          [
            -0.205136,
            42.896989,
            1482.32
          ],
          [
            -0.204911,
            42.896816,
            1486.68
          ],
          [
            -0.204881,
            42.896776,
            1487.49
          ],
          [
            -0.204864,
            42.896728,
            1488.37
          ],
          [
            -0.204823,
            42.896675,
            1489.44
          ],
          [
            -0.204707,
            42.896485,
            1493.14
          ],
          [
            -0.204695,
            42.896433,
            1494.08
          ],
          [
            -0.204593,
            42.896185,
            1498.62
          ],
          [
            -0.204504,
            42.896034,
            1501.51
          ],
          [
            -0.204435,
            42.895993,
            1502.64
          ],
          [
            -0.204414,
            42.895954,
            1503.36
          ],
          [
            -0.204256,
            42.895816,
            1506.52
          ],
          [
            -0.204179,
            42.895705,
            1508.76
          ],
          [
            -0.204065,
            42.895617,
            1511.03
          ],
          [
            -0.20401,
            42.8956,
            1511.85
          ],
          [
            -0.203975,
            42.895571,
            1512.59
          ],
          [
            -0.20392,
            42.895472,
            1514.66
          ],
          [
            -0.20388,
            42.895445,
            1515.44
          ],
          [
            -0.203826,
            42.895375,
            1517.0
          ],
          [
            -0.203789,
            42.895341,
            1517.85
          ],
          [
            -0.203727,
            42.895241,
            1519.99
          ],
          [
            -0.203683,
            42.895194,
            1521.11
          ],
          [
            -0.203486,
            42.894923,
            1527.11
          ],
          [
            -0.203283,
            42.894595,
            1534.28
          ],
          [
            -0.203244,
            42.894521,
            1535.89
          ],
          [
            -0.20319,
            42.894337,
            1539.73
          ],
          [
            -0.20313,
            42.894203,
            1542.69
          ],
          [
            -0.203071,
            42.89416,
            1543.96
          ],
          [
            -0.203009,
            42.894064,
            1546.09
          ],
          [
            -0.202963,
            42.894025,
            1547.14
          ],
          [
            -0.202855,
            42.89387,
            1550.47
          ],
          [
            -0.202631,
            42.893688,
            1555.03
          ],
          [
            -0.202526,
            42.893534,
            1558.2
          ],
          [
            -0.202452,
            42.893465,
            1559.76
          ],
          [
            -0.202418,
            42.893364,
            1561.57
          ],
          [
            -0.202374,
            42.89331,
            1562.63
          ],
          [
            -0.202288,
            42.893153,
            1565.33
          ],
          [
            -0.202028,
            42.892814,
            1571.29
          ],
          [
            -0.202002,
            42.892754,
            1572.38
          ],
          [
            -0.201972,
            42.892729,
            1572.97
          ],
          [
            -0.201953,
            42.892612,
            1574.99
          ],
          [
            -0.201911,
            42.89248,
            1577.23
          ],
          [
            -0.201901,
            42.892405,
            1578.46
          ],
          [
            -0.20188,
            42.892381,
            1578.94
          ],
          [
            -0.201844,
            42.892231,
            1581.41
          ],
          [
            -0.201809,
            42.892196,
            1582.1
          ],
          [
            -0.201747,
            42.892065,
            1584.3
          ],
          [
            -0.20173,
            42.891971,
            1585.82
          ],
          [
            -0.201697,
            42.891915,
            1586.84
          ],
          [
            -0.201694,
            42.891893,
            1587.2
          ],
          [
            -0.201543,
            42.891696,
            1591.06
          ],
          [
            -0.201495,
            42.891613,
            1592.5
          ],
          [
            -0.201384,
            42.891471,
            1594.95
          ],
          [
            -0.20135,
            42.891444,
            1595.52
          ],
          [
            -0.201328,
            42.891403,
            1596.23
          ],
          [
            -0.201173,
            42.891241,
            1599.51
          ],
          [
            -0.201126,
            42.891217,
            1600.17
          ],
          [
            -0.201028,
            42.891033,
            1603.17
          ],
          [
            -0.200782,
            42.890796,
            1607.82
          ],
          [
            -0.200557,
            42.890489,
            1612.91
          ],
          [
            -0.20031,
            42.890239,
            1616.91
          ],
          [
            -0.20012,
            42.890082,
            1619.78
          ],
          [
            -0.200022,
            42.889923,
            1622.46
          ],
          [
            -0.199949,
            42.889843,
            1623.94
          ],
          [
            -0.199817,
            42.889728,
            1626.14
          ],
          [
            -0.199803,
            42.889704,
            1626.51
          ],
          [
            -0.199651,
            42.889536,
            1629.19
          ],
          [
            -0.199591,
            42.889483,
            1630.06
          ],
          [
            -0.199563,
            42.889425,
            1630.88
          ],
          [
            -0.199495,
            42.889328,
            1632.41
          ],
          [
            -0.199329,
            42.888874,
            1638.09
          ],
          [
            -0.199041,
            42.888334,
            1643.39
          ],
          [
            -0.199025,
            42.888254,
            1644.21
          ],
          [
            -0.198923,
            42.888073,
            1646.38
          ],
          [
            -0.198905,
            42.88798,
            1647.33
          ],
          [
            -0.19886,
            42.887858,
            1648.61
          ],
          [
            -0.198834,
            42.887836,
            1648.94
          ],
          [
            -0.198819,
            42.887787,
            1649.55
          ],
          [
            -0.198735,
            42.887698,
            1650.97
          ],
          [
            -0.1987,
            42.887681,
            1651.43
          ],
          [
            -0.198567,
            42.887578,
            1653.89
          ],
          [
            -0.198484,
            42.887545,
            1655.32
          ],
          [
            -0.198511,
            42.887509,
            1654.87
          ],
          [
            -0.198585,
            42.887455,
            1653.78
          ],
          [
            -0.198594,
            42.88742,
            1654.19
          ],
          [
            -0.198542,
            42.887373,
            1654.8
          ],
          [
            -0.198554,
            42.887325,
            1655.75
          ],
          [
            -0.198517,
            42.887272,
            1657.22
          ],
          [
            -0.198524,
            42.887246,
            1657.8
          ],
          [
            -0.198504,
            42.887227,
            1658.53
          ],
          [
            -0.198394,
            42.887181,
            1661.51
          ],
          [
            -0.198358,
            42.887176,
            1662.31
          ],
          [
            -0.198274,
            42.887129,
            1664.59
          ],
          [
            -0.198133,
            42.886997,
            1669.69
          ],
          [
            -0.19812,
            42.886945,
            1671.29
          ],
          [
            -0.198091,
            42.886894,
            1672.97
          ],
          [
            -0.198035,
            42.88686,
            1674.59
          ],
          [
            -0.197905,
            42.886686,
            1680.7
          ],
          [
            -0.197826,
            42.886546,
            1685.47
          ],
          [
            -0.197818,
            42.886466,
            1688.01
          ],
          [
            -0.197764,
            42.886385,
            1690.89
          ],
          [
            -0.197709,
            42.886333,
            1693.0
          ],
          [
            -0.197627,
            42.886177,
            1698.26
          ],
          [
            -0.197627,
            42.886116,
            1700.17
          ],
          [
            -0.197553,
            42.886031,
            1703.27
          ],
          [
            -0.197476,
            42.885989,
            1705.46
          ],
          [
            -0.197416,
            42.885899,
            1708.56
          ],
          [
            -0.197363,
            42.885854,
            1710.41
          ],
          [
            -0.19735,
            42.885807,
            1711.9
          ],
          [
            -0.19737,
            42.885765,
            1713.3
          ],
          [
            -0.197415,
            42.885716,
            1715.18
          ],
          [
            -0.197362,
            42.885675,
            1716.98
          ],
          [
            -0.197342,
            42.885641,
            1718.14
          ],
          [
            -0.197352,
            42.885617,
            1718.92
          ],
          [
            -0.197337,
            42.885579,
            1720.18
          ],
          [
            -0.197303,
            42.88556,
            1721.19
          ],
          [
            -0.197272,
            42.885503,
            1723.13
          ],
          [
            -0.19717,
            42.885446,
            1726.02
          ],
          [
            -0.197128,
            42.88541,
            1727.44
          ],
          [
            -0.197057,
            42.885387,
            1729.07
          ],
          [
            -0.196975,
            42.88531,
            1731.9
          ],
          [
            -0.196902,
            42.885289,
            1733.58
          ],
          [
            -0.196886,
            42.885269,
            1734.26
          ],
          [
            -0.196833,
            42.885244,
            1735.6
          ],
          [
            -0.196794,
            42.885192,
            1737.35
          ],
          [
            -0.196654,
            42.885088,
            1741.74
          ],
          [
            -0.196625,
            42.885053,
            1743.04
          ],
          [
            -0.196616,
            42.885009,
            1744.45
          ],
          [
            -0.196679,
            42.884906,
            1748.06
          ],
          [
            -0.196672,
            42.884856,
            1749.66
          ],
          [
            -0.196692,
            42.884838,
            1750.4
          ],
          [
            -0.196693,
            42.884792,
            1751.89
          ],
          [
            -0.19667,
            42.88474,
            1753.61
          ],
          [
            -0.196634,
            42.884712,
            1754.85
          ],
          [
            -0.196651,
            42.884608,
            1758.17
          ],
          [
            -0.196545,
            42.884594,
            1760.65
          ],
          [
            -0.196509,
            42.884504,
            1763.53
          ],
          [
            -0.196425,
            42.884517,
            1765.42
          ],
          [
            -0.196414,
            42.884437,
            1767.87
          ],
          [
            -0.196299,
            42.884467,
            1770.72
          ],
          [
            -0.196284,
            42.884399,
            1772.97
          ],
          [
            -0.196355,
            42.884144,
            1781.86
          ],
          [
            -0.196494,
            42.883924,
            1789.8
          ],
          [
            -0.196516,
            42.883744,
            1795.73
          ],
          [
            -0.19642,
            42.883565,
            1801.94
          ],
          [
            -0.196374,
            42.88355,
            1803.1
          ],
          [
            -0.19617,
            42.883719,
            1810.11
          ],
          [
            -0.196044,
            42.883713,
            1813.0
          ],
          [
            -0.195959,
            42.883552,
            1818.27
          ],
          [
            -0.195947,
            42.883363,
            1823.76
          ],
          [
            -0.196079,
            42.882976,
            1835.0
          ],
          [
            -0.196132,
            42.882911,
            1837.06
          ],
          [
            -0.19611,
            42.882873,
            1838.23
          ],
          [
            -0.196161,
            42.88279,
            1841.09
          ],
          [
            -0.196183,
            42.882575,
            1847.76
          ],
          [
            -0.196175,
            42.88246,
            1850.36
          ],
          [
            -0.196152,
            42.882409,
            1851.29
          ],
          [
            -0.196101,
            42.882366,
            1852.3
          ],
          [
            -0.195966,
            42.882312,
            1854.45
          ],
          [
            -0.195838,
            42.882274,
            1856.66
          ],
          [
            -0.195689,
            42.882301,
            1859.08
          ],
          [
            -0.195459,
            42.882362,
            1862.75
          ],
          [
            -0.195385,
            42.882405,
            1864.14
          ],
          [
            -0.195162,
            42.882453,
            1867.67
          ],
          [
            -0.194996,
            42.882505,
            1870.5
          ],
          [
            -0.194864,
            42.882509,
            1872.41
          ],
          [
            -0.194821,
            42.88255,
            1873.4
          ],
          [
            -0.19478,
            42.882564,
            1874.04
          ],
          [
            -0.194425,
            42.882484,
            1879.13
          ],
          [
            -0.194387,
            42.882452,
            1879.96
          ],
          [
            -0.194232,
            42.882422,
            1882.25
          ],
          [
            -0.194158,
            42.882446,
            1883.39
          ],
          [
            -0.194157,
            42.882495,
            1884.29
          ],
          [
            -0.194016,
            42.882627,
            1887.48
          ],
          [
            -0.193774,
            42.882699,
            1891.01
          ],
          [
            -0.193604,
            42.88279,
            1893.64
          ],
          [
            -0.193528,
            42.882929,
            1896.37
          ],
          [
            -0.193437,
            42.882999,
            1898.41
          ],
          [
            -0.193357,
            42.883117,
            1901.16
          ],
          [
            -0.193356,
            42.883201,
            1902.91
          ],
          [
            -0.193295,
            42.883257,
            1904.48
          ],
          [
            -0.193209,
            42.883271,
            1905.93
          ],
          [
            -0.193181,
            42.88325,
            1906.57
          ],
          [
            -0.193175,
            42.883179,
            1908.14
          ],
          [
            -0.19314,
            42.883069,
            1910.73
          ],
          [
            -0.193113,
            42.883059,
            1911.28
          ],
          [
            -0.193109,
            42.88308,
            1911.81
          ],
          [
            -0.193071,
            42.883122,
            1913.1
          ],
          [
            -0.193039,
            42.88314,
            1913.88
          ],
          [
            -0.192817,
            42.883168,
            1918.67
          ],
          [
            -0.192636,
            42.883136,
            1923.21
          ],
          [
            -0.192693,
            42.883105,
            1925.01
          ],
          [
            -0.192821,
            42.882984,
            1930.37
          ],
          [
            -0.192792,
            42.882963,
            1931.42
          ],
          [
            -0.192733,
            42.882897,
            1934.16
          ],
          [
            -0.192571,
            42.882774,
            1940.26
          ],
          [
            -0.192505,
            42.882681,
            1944.12
          ],
          [
            -0.192514,
            42.88265,
            1945.27
          ],
          [
            -0.192543,
            42.882624,
            1946.51
          ],
          [
            -0.19252,
            42.882474,
            1951.94
          ],
          [
            -0.192427,
            42.882418,
            1955.06
          ],
          [
            -0.192337,
            42.882447,
            1957.62
          ],
          [
            -0.192331,
            42.8824,
            1959.3
          ],
          [
            -0.192363,
            42.882332,
            1961.8
          ],
          [
            -0.192361,
            42.882279,
            1963.64
          ],
          [
            -0.192211,
            42.882282,
            1967.33
          ],
          [
            -0.192225,
            42.882138,
            1971.78
          ],
          [
            -0.192239,
            42.882089,
            1973.33
          ],
          [
            -0.192235,
            42.882035,
            1975.03
          ],
          [
            -0.192246,
            42.881999,
            1976.21
          ],
          [
            -0.192191,
            42.881973,
            1977.63
          ],
          [
            -0.192166,
            42.88198,
            1978.21
          ],
          [
            -0.192116,
            42.881957,
            1979.49
          ],
          [
            -0.192053,
            42.881954,
            1981.13
          ],
          [
            -0.192016,
            42.881933,
            1982.74
          ],
          [
            -0.191996,
            42.881908,
            1984.18
          ],
          [
            -0.19193,
            42.881914,
            1986.66
          ],
          [
            -0.191907,
            42.881868,
            1988.92
          ],
          [
            -0.191873,
            42.881864,
            1990.21
          ],
          [
            -0.191811,
            42.881901,
            1991.45
          ],
          [
            -0.191693,
            42.881952,
            1994.87
          ],
          [
            -0.191642,
            42.881951,
            1996.44
          ],
          [
            -0.191614,
            42.881934,
            1997.59
          ],
          [
            -0.191544,
            42.881935,
            1999.7
          ],
          [
            -0.191476,
            42.88195,
            2001.71
          ],
          [
            -0.191416,
            42.88193,
            2003.67
          ],
          [
            -0.191357,
            42.881931,
            2005.43
          ],
          [
            -0.191309,
            42.881942,
            2006.96
          ],
          [
            -0.191266,
            42.88191,
            2008.77
          ],
          [
            -0.191292,
            42.881852,
            2011.1
          ],
          [
            -0.191264,
            42.881836,
            2012.08
          ],
          [
            -0.191191,
            42.881849,
            2014.1
          ],
          [
            -0.191144,
            42.881835,
            2015.46
          ],
          [
            -0.19102,
            42.881846,
            2018.82
          ],
          [
            -0.190937,
            42.881834,
            2021.1
          ],
          [
            -0.190907,
            42.88181,
            2022.3
          ],
          [
            -0.19089,
            42.881748,
            2024.57
          ],
          [
            -0.190944,
            42.881629,
            2029.06
          ],
          [
            -0.190925,
            42.881596,
            2030.33
          ],
          [
            -0.190952,
            42.881428,
            2036.26
          ],
          [
            -0.190936,
            42.881394,
            2037.52
          ],
          [
            -0.19091,
            42.881381,
            2038.3
          ],
          [
            -0.190824,
            42.881426,
            2040.9
          ],
          [
            -0.190761,
            42.881448,
            2042.55
          ],
          [
            -0.190731,
            42.881443,
            2043.28
          ],
          [
            -0.190641,
            42.881464,
            2045.43
          ],
          [
            -0.190567,
            42.881458,
            2047.1
          ],
          [
            -0.190496,
            42.881464,
            2048.68
          ],
          [
            -0.190452,
            42.881492,
            2049.94
          ],
          [
            -0.190371,
            42.881505,
            2051.71
          ],
          [
            -0.19032,
            42.881496,
            2052.78
          ],
          [
            -0.190397,
            42.881102,
            2064.41
          ],
          [
            -0.190407,
            42.880954,
            2068.66
          ],
          [
            -0.190484,
            42.880854,
            2071.98
          ],
          [
            -0.190457,
            42.880753,
            2074.92
          ],
          [
            -0.190437,
            42.880584,
            2080.15
          ],
          [
            -0.190431,
            42.880351,
            2087.89
          ],
          [
            -0.190375,
            42.880335,
            2089.41
          ],
          [
            -0.190365,
            42.880204,
            2094.06
          ],
          [
            -0.190318,
            42.880201,
            2095.33
          ],
          [
            -0.190262,
            42.880166,
            2097.28
          ],
          [
            -0.190141,
            42.880154,
            2100.43
          ],
          [
            -0.190085,
            42.880071,
            2103.73
          ],
          [
            -0.189988,
            42.879992,
            2107.53
          ],
          [
            -0.189927,
            42.879927,
            2110.3
          ],
          [
            -0.189826,
            42.879942,
            2112.97
          ],
          [
            -0.189774,
            42.879941,
            2114.28
          ],
          [
            -0.189721,
            42.879967,
            2115.91
          ],
          [
            -0.189669,
            42.879934,
            2117.66
          ],
          [
            -0.189667,
            42.879782,
            2122.67
          ],
          [
            -0.189634,
            42.879685,
            2125.77
          ],
          [
            -0.189664,
            42.879649,
            2127.08
          ],
          [
            -0.189633,
            42.879635,
            2127.92
          ],
          [
            -0.189554,
            42.879646,
            2129.72
          ],
          [
            -0.18949,
            42.879685,
            2131.54
          ],
          [
            -0.189325,
            42.879732,
            2135.45
          ],
          [
            -0.189309,
            42.879658,
            2137.8
          ],
          [
            -0.189315,
            42.879629,
            2138.72
          ],
          [
            -0.18936,
            42.879576,
            2140.69
          ],
          [
            -0.189346,
            42.879544,
            2141.79
          ],
          [
            -0.189321,
            42.879532,
            2142.49
          ],
          [
            -0.189282,
            42.879536,
            2143.43
          ],
          [
            -0.189245,
            42.87955,
            2144.43
          ],
          [
            -0.189066,
            42.879534,
            2148.69
          ],
          [
            -0.189086,
            42.879469,
            2150.82
          ],
          [
            -0.189062,
            42.879418,
            2152.56
          ],
          [
            -0.18908,
            42.87931,
            2156.11
          ],
          [
            -0.189045,
            42.879179,
            2160.48
          ],
          [
            -0.188894,
            42.879044,
            2166.47
          ],
          [
            -0.188655,
            42.878984,
            2172.82
          ],
          [
            -0.18853,
            42.878893,
            2177.15
          ],
          [
            -0.188483,
            42.878791,
            2180.65
          ],
          [
            -0.188433,
            42.878615,
            2186.19
          ],
          [
            -0.188418,
            42.878423,
            2192.06
          ],
          [
            -0.188404,
            42.878406,
            2192.68
          ],
          [
            -0.188306,
            42.878401,
            2194.88
          ],
          [
            -0.188135,
            42.878464,
            2199.3
          ],
          [
            -0.188059,
            42.87847,
            2201.13
          ],
          [
            -0.188019,
            42.878497,
            2202.41
          ],
          [
            -0.187973,
            42.878487,
            2203.57
          ],
          [
            -0.187963,
            42.878403,
            2206.27
          ],
          [
            -0.187913,
            42.878339,
            2208.65
          ],
          [
            -0.187896,
            42.878282,
            2210.52
          ],
          [
            -0.187906,
            42.878106,
            2216.0
          ],
          [
            -0.187647,
            42.878015,
            2222.48
          ],
          [
            -0.187484,
            42.877782,
            2230.16
          ],
          [
            -0.187417,
            42.877704,
            2232.58
          ],
          [
            -0.187374,
            42.87769,
            2233.46
          ],
          [
            -0.187146,
            42.877705,
            2237.39
          ],
          [
            -0.187019,
            42.877684,
            2239.31
          ],
          [
            -0.186857,
            42.877572,
            2242.05
          ],
          [
            -0.18662,
            42.877506,
            2244.51
          ],
          [
            -0.186285,
            42.877454,
            2247.43
          ],
          [
            -0.185908,
            42.877464,
            2248.88
          ],
          [
            -0.1858,
            42.877542,
            2249.09
          ],
          [
            -0.185644,
            42.877598,
            2249.0
          ],
          [
            -0.185616,
            42.877608,
            2249.05
          ],
          [
            -0.18544,
            42.877628,
            2249.27
          ],
          [
            -0.185275,
            42.877678,
            2249.45
          ],
          [
            -0.185092,
            42.87781,
            2248.63
          ],
          [
            -0.184958,
            42.877848,
            2247.67
          ],
          [
            -0.184909,
            42.877873,
            2247.2
          ],
          [
            -0.184616,
            42.877942,
            2245.13
          ],
          [
            -0.184028,
            42.878068,
            2240.09
          ],
          [
            -0.183832,
            42.878139,
            2237.82
          ],
          [
            -0.183643,
            42.878138,
            2235.71
          ],
          [
            -0.183347,
            42.878074,
            2231.96
          ],
          [
            -0.182892,
            42.878185,
            2225.99
          ],
          [
            -0.182674,
            42.878251,
            2223.1
          ],
          [
            -0.182477,
            42.878357,
            2220.07
          ],
          [
            -0.18225,
            42.878491,
            2216.56
          ],
          [
            -0.181974,
            42.8786,
            2212.71
          ],
          [
            -0.181632,
            42.878676,
            2208.43
          ],
          [
            -0.181234,
            42.878631,
            2203.66
          ],
          [
            -0.180808,
            42.878535,
            2196.88
          ],
          [
            -0.180637,
            42.878451,
            2193.38
          ],
          [
            -0.180182,
            42.87833,
            2188.42
          ],
          [
            -0.180108,
            42.878265,
            2187.2
          ],
          [
            -0.179747,
            42.878218,
            2182.4
          ],
          [
            -0.179332,
            42.878284,
            2176.9
          ],
          [
            -0.179147,
            42.878304,
            2174.46
          ],
          [
            -0.178887,
            42.878301,
            2170.99
          ],
          [
            -0.178681,
            42.878334,
            2168.16
          ],
          [
            -0.178544,
            42.878345,
            2166.28
          ],
          [
            -0.178316,
            42.878403,
            2163.16
          ],
          [
            -0.178159,
            42.878408,
            2161.38
          ],
          [
            -0.177962,
            42.878435,
            2159.13
          ],
          [
            -0.177871,
            42.878429,
            2158.25
          ],
          [
            -0.177725,
            42.878459,
            2156.64
          ],
          [
            -0.177033,
            42.878513,
            2145.53
          ],
          [
            -0.17685,
            42.878507,
            2143.1
          ],
          [
            -0.1768,
            42.87853,
            2142.3
          ],
          [
            -0.176743,
            42.878535,
            2141.49
          ],
          [
            -0.176644,
            42.878502,
            2139.95
          ],
          [
            -0.176229,
            42.878437,
            2134.35
          ],
          [
            -0.176053,
            42.878373,
            2132.12
          ],
          [
            -0.175989,
            42.878335,
            2131.22
          ],
          [
            -0.17586,
            42.878289,
            2129.56
          ],
          [
            -0.175752,
            42.878265,
            2128.19
          ],
          [
            -0.175623,
            42.878222,
            2126.37
          ],
          [
            -0.175092,
            42.878074,
            2118.08
          ],
          [
            -0.174833,
            42.877965,
            2113.4
          ],
          [
            -0.174698,
            42.877925,
            2111.09
          ],
          [
            -0.174609,
            42.877851,
            2108.76
          ],
          [
            -0.174511,
            42.877813,
            2106.73
          ],
          [
            -0.174365,
            42.877739,
            2103.45
          ],
          [
            -0.174312,
            42.877742,
            2102.5
          ],
          [
            -0.174191,
            42.877711,
            2100.29
          ],
          [
            -0.174098,
            42.877732,
            2098.71
          ],
          [
            -0.174001,
            42.877712,
            2097.12
          ],
          [
            -0.173998,
            42.877627,
            2095.35
          ],
          [
            -0.173911,
            42.877499,
            2092.71
          ],
          [
            -0.173764,
            42.877385,
            2090.19
          ],
          [
            -0.173608,
            42.877241,
            2087.56
          ],
          [
            -0.173588,
            42.877125,
            2085.81
          ],
          [
            -0.173359,
            42.876791,
            2080.64
          ],
          [
            -0.173199,
            42.876597,
            2077.3
          ],
          [
            -0.173147,
            42.876484,
            2075.3
          ],
          [
            -0.173043,
            42.876364,
            2072.38
          ],
          [
            -0.172836,
            42.876174,
            2066.78
          ],
          [
            -0.17281,
            42.87604,
            2063.67
          ],
          [
            -0.172777,
            42.876002,
            2062.68
          ],
          [
            -0.172787,
            42.87597,
            2061.96
          ],
          [
            -0.172762,
            42.875906,
            2060.55
          ],
          [
            -0.172771,
            42.875862,
            2059.59
          ],
          [
            -0.172839,
            42.875785,
            2057.64
          ],
          [
            -0.172846,
            42.875746,
            2056.81
          ],
          [
            -0.172817,
            42.875671,
            2055.27
          ],
          [
            -0.172818,
            42.875618,
            2054.28
          ],
          [
            -0.172847,
            42.875576,
            2053.44
          ],
          [
            -0.172866,
            42.875572,
            2053.19
          ],
          [
            -0.172888,
            42.875581,
            2052.89
          ],
          [
            -0.172912,
            42.875604,
            2052.41
          ],
          [
            -0.172906,
            42.875648,
            2051.73
          ],
          [
            -0.172982,
            42.875681,
            2050.84
          ],
          [
            -0.173139,
            42.875797,
            2048.96
          ],
          [
            -0.17325,
            42.875755,
            2048.24
          ],
          [
            -0.173292,
            42.875708,
            2047.88
          ],
          [
            -0.17368,
            42.875503,
            2047.21
          ],
          [
            -0.173724,
            42.875381,
            2047.5
          ],
          [
            -0.173834,
            42.87485,
            2052.32
          ],
          [
            -0.173876,
            42.874745,
            2053.35
          ],
          [
            -0.174002,
            42.87467,
            2054.57
          ],
          [
            -0.174114,
            42.87457,
            2056.02
          ],
          [
            -0.174169,
            42.874537,
            2056.58
          ],
          [
            -0.174376,
            42.874297,
            2058.93
          ],
          [
            -0.174455,
            42.874119,
            2059.47
          ],
          [
            -0.17443,
            42.873743,
            2057.72
          ],
          [
            -0.174387,
            42.873579,
            2056.55
          ],
          [
            -0.174331,
            42.873475,
            2055.58
          ],
          [
            -0.174271,
            42.873306,
            2053.55
          ],
          [
            -0.174259,
            42.873159,
            2051.44
          ],
          [
            -0.174187,
            42.872928,
            2047.34
          ],
          [
            -0.174164,
            42.872801,
            2045.42
          ],
          [
            -0.174124,
            42.872669,
            2043.44
          ],
          [
            -0.174058,
            42.872554,
            2041.79
          ],
          [
            -0.173926,
            42.872432,
            2039.55
          ],
          [
            -0.173931,
            42.872236,
            2036.34
          ],
          [
            -0.173878,
            42.87217,
            2035.15
          ],
          [
            -0.173866,
            42.8721,
            2033.99
          ],
          [
            -0.173919,
            42.871885,
            2031.61
          ],
          [
            -0.17388,
            42.87179,
            2030.34
          ],
          [
            -0.173908,
            42.871485,
            2027.05
          ],
          [
            -0.173825,
            42.871311,
            2026.04
          ],
          [
            -0.173865,
            42.871218,
            2026.7
          ],
          [
            -0.173821,
            42.871153,
            2026.82
          ],
          [
            -0.173819,
            42.87105,
            2027.44
          ],
          [
            -0.173756,
            42.871027,
            2027.23
          ],
          [
            -0.173729,
            42.870968,
            2026.58
          ],
          [
            -0.173738,
            42.870893,
            2025.85
          ],
          [
            -0.173697,
            42.870819,
            2025.23
          ],
          [
            -0.173733,
            42.870734,
            2024.66
          ],
          [
            -0.173714,
            42.87069,
            2024.44
          ],
          [
            -0.173659,
            42.870647,
            2024.14
          ],
          [
            -0.173575,
            42.870479,
            2022.59
          ],
          [
            -0.17361,
            42.870328,
            2021.39
          ],
          [
            -0.173606,
            42.870121,
            2019.14
          ],
          [
            -0.173657,
            42.870036,
            2017.7
          ],
          [
            -0.173636,
            42.869993,
            2017.09
          ],
          [
            -0.17359,
            42.869938,
            2016.39
          ],
          [
            -0.17363,
            42.869703,
            2013.91
          ],
          [
            -0.173579,
            42.869577,
            2012.01
          ],
          [
            -0.173562,
            42.869493,
            2010.86
          ],
          [
            -0.173608,
            42.8694,
            2009.46
          ],
          [
            -0.173685,
            42.869311,
            2007.83
          ],
          [
            -0.173706,
            42.869258,
            2007.0
          ],
          [
            -0.173704,
            42.869166,
            2005.49
          ],
          [
            -0.173655,
            42.869053,
            2003.22
          ],
          [
            -0.173834,
            42.868803,
            1997.82
          ],
          [
            -0.173874,
            42.868702,
            1995.73
          ],
          [
            -0.173928,
            42.868276,
            1987.66
          ],
          [
            -0.174041,
            42.867676,
            1979.03
          ],
          [
            -0.174126,
            42.867424,
            1976.72
          ],
          [
            -0.174129,
            42.86712,
            1974.89
          ],
          [
            -0.174157,
            42.866994,
            1974.33
          ],
          [
            -0.174152,
            42.866888,
            1973.98
          ],
          [
            -0.174116,
            42.866788,
            1973.93
          ],
          [
            -0.174119,
            42.866584,
            1974.83
          ],
          [
            -0.174065,
            42.866545,
            1976.11
          ],
          [
            -0.174081,
            42.866498,
            1976.92
          ],
          [
            -0.173993,
            42.866468,
            1978.98
          ],
          [
            -0.173765,
            42.86645,
            1981.71
          ],
          [
            -0.173707,
            42.866422,
            1982.19
          ],
          [
            -0.173657,
            42.866358,
            1982.59
          ],
          [
            -0.173681,
            42.866182,
            1983.67
          ],
          [
            -0.173669,
            42.866053,
            1983.9
          ],
          [
            -0.17366,
            42.865738,
            1980.68
          ],
          [
            -0.173606,
            42.865607,
            1978.86
          ],
          [
            -0.173547,
            42.865531,
            1977.71
          ],
          [
            -0.173488,
            42.865499,
            1977.0
          ],
          [
            -0.173199,
            42.865427,
            1976.58
          ],
          [
            -0.172963,
            42.865397,
            1975.41
          ],
          [
            -0.172768,
            42.865331,
            1975.06
          ],
          [
            -0.172659,
            42.865321,
            1974.21
          ],
          [
            -0.172547,
            42.865346,
            1973.15
          ],
          [
            -0.172136,
            42.865544,
            1969.44
          ],
          [
            -0.17127,
            42.865853,
            1962.63
          ],
          [
            -0.171135,
            42.865938,
            1961.31
          ],
          [
            -0.170896,
            42.866144,
            1958.59
          ],
          [
            -0.170438,
            42.866353,
            1953.44
          ],
          [
            -0.169923,
            42.866755,
            1944.28
          ],
          [
            -0.169745,
            42.866989,
            1939.15
          ],
          [
            -0.169689,
            42.867152,
            1935.66
          ],
          [
            -0.169634,
            42.867367,
            1930.87
          ],
          [
            -0.169312,
            42.868027,
            1915.86
          ],
          [
            -0.169093,
            42.868371,
            1907.84
          ],
          [
            -0.169019,
            42.868522,
            1904.56
          ],
          [
            -0.168919,
            42.868638,
            1901.93
          ],
          [
            -0.168746,
            42.86874,
            1898.73
          ],
          [
            -0.168692,
            42.868797,
            1897.25
          ],
          [
            -0.168694,
            42.868853,
            1895.97
          ],
          [
            -0.168739,
            42.868917,
            1894.34
          ],
          [
            -0.168894,
            42.869033,
            1891.34
          ],
          [
            -0.168992,
            42.869093,
            1890.15
          ],
          [
            -0.169083,
            42.869122,
            1889.03
          ],
          [
            -0.168995,
            42.8692,
            1887.18
          ],
          [
            -0.168706,
            42.869313,
            1885.38
          ],
          [
            -0.168587,
            42.869293,
            1884.74
          ],
          [
            -0.168504,
            42.869292,
            1884.39
          ],
          [
            -0.168377,
            42.869498,
            1882.75
          ],
          [
            -0.168246,
            42.869587,
            1881.75
          ],
          [
            -0.168125,
            42.869641,
            1881.03
          ],
          [
            -0.168044,
            42.869724,
            1880.34
          ],
          [
            -0.167971,
            42.869821,
            1879.33
          ],
          [
            -0.167981,
            42.869954,
            1878.0
          ],
          [
            -0.167906,
            42.870193,
            1875.18
          ],
          [
            -0.167816,
            42.870321,
            1873.22
          ],
          [
            -0.167802,
            42.870437,
            1871.39
          ],
          [
            -0.167727,
            42.870512,
            1869.8
          ],
          [
            -0.167677,
            42.870605,
            1868.03
          ],
          [
            -0.167637,
            42.870801,
            1864.2
          ],
          [
            -0.167554,
            42.870892,
            1861.98
          ],
          [
            -0.167535,
            42.871005,
            1859.61
          ],
          [
            -0.167494,
            42.871091,
            1857.81
          ],
          [
            -0.167409,
            42.871201,
            1855.25
          ],
          [
            -0.167319,
            42.87127,
            1853.14
          ],
          [
            -0.167128,
            42.871353,
            1849.25
          ],
          [
            -0.166778,
            42.871561,
            1840.65
          ],
          [
            -0.166629,
            42.871569,
            1838.15
          ],
          [
            -0.166574,
            42.871601,
            1836.79
          ],
          [
            -0.166556,
            42.871585,
            1836.18
          ],
          [
            -0.166535,
            42.871608,
            1835.31
          ],
          [
            -0.166516,
            42.871595,
            1834.67
          ],
          [
            -0.166516,
            42.871622,
            1833.65
          ],
          [
            -0.166456,
            42.8716,
            1831.5
          ],
          [
            -0.166441,
            42.871635,
            1829.8
          ],
          [
            -0.166408,
            42.871648,
            1828.59
          ],
          [
            -0.166351,
            42.871645,
            1826.62
          ],
          [
            -0.166351,
            42.871673,
            1825.22
          ],
          [
            -0.166195,
            42.871512,
            1818.87
          ],
          [
            -0.166081,
            42.871444,
            1814.59
          ],
          [
            -0.166038,
            42.871401,
            1813.07
          ],
          [
            -0.166031,
            42.871271,
            1808.86
          ],
          [
            -0.16589,
            42.871021,
            1800.36
          ],
          [
            -0.165885,
            42.870989,
            1799.69
          ],
          [
            -0.165827,
            42.871005,
            1796.7
          ],
          [
            -0.165769,
            42.871136,
            1791.36
          ],
          [
            -0.165751,
            42.871137,
            1791.1
          ],
          [
            -0.165678,
            42.870978,
            1787.77
          ],
          [
            -0.165706,
            42.870948,
            1787.21
          ],
          [
            -0.165673,
            42.870872,
            1785.74
          ],
          [
            -0.165634,
            42.870855,
            1785.18
          ],
          [
            -0.165562,
            42.870768,
            1783.5
          ],
          [
            -0.165581,
            42.870716,
            1782.34
          ],
          [
            -0.165578,
            42.870648,
            1780.61
          ],
          [
            -0.165544,
            42.870568,
            1778.5
          ],
          [
            -0.165522,
            42.870562,
            1778.06
          ],
          [
            -0.165487,
            42.8706,
            1776.89
          ],
          [
            -0.165314,
            42.870426,
            1771.26
          ],
          [
            -0.165089,
            42.870406,
            1766.55
          ],
          [
            -0.164988,
            42.870458,
            1764.13
          ],
          [
            -0.164916,
            42.870474,
            1762.55
          ],
          [
            -0.164877,
            42.870445,
            1761.34
          ],
          [
            -0.164762,
            42.870461,
            1758.49
          ],
          [
            -0.164679,
            42.870453,
            1755.98
          ],
          [
            -0.164498,
            42.87041,
            1750.65
          ],
          [
            -0.164409,
            42.870451,
            1748.58
          ],
          [
            -0.164216,
            42.870442,
            1745.09
          ],
          [
            -0.164096,
            42.870398,
            1745.22
          ],
          [
            -0.163885,
            42.870401,
            1744.35
          ],
          [
            -0.163768,
            42.870388,
            1744.35
          ],
          [
            -0.163479,
            42.870374,
            1743.9
          ],
          [
            -0.163355,
            42.870433,
            1740.71
          ],
          [
            -0.163227,
            42.870457,
            1738.83
          ],
          [
            -0.162988,
            42.870461,
            1736.9
          ],
          [
            -0.162703,
            42.870437,
            1735.51
          ],
          [
            -0.162508,
            42.8704,
            1734.26
          ],
          [
            -0.162218,
            42.870393,
            1732.08
          ],
          [
            -0.16204,
            42.870377,
            1730.56
          ],
          [
            -0.161606,
            42.870447,
            1725.77
          ],
          [
            -0.161381,
            42.870447,
            1723.06
          ],
          [
            -0.161094,
            42.870457,
            1719.31
          ],
          [
            -0.160884,
            42.870452,
            1716.17
          ],
          [
            -0.160554,
            42.870384,
            1710.77
          ],
          [
            -0.160337,
            42.870313,
            1706.96
          ],
          [
            -0.160194,
            42.870297,
            1704.68
          ],
          [
            -0.159763,
            42.870056,
            1694.82
          ],
          [
            -0.159681,
            42.869978,
            1692.21
          ],
          [
            -0.159627,
            42.869914,
            1690.13
          ],
          [
            -0.159596,
            42.869917,
            1689.5
          ],
          [
            -0.15958,
            42.869962,
            1688.27
          ],
          [
            -0.15956,
            42.869979,
            1687.67
          ],
          [
            -0.159525,
            42.869982,
            1687.0
          ],
          [
            -0.159511,
            42.870015,
            1686.1
          ],
          [
            -0.159492,
            42.869998,
            1685.53
          ],
          [
            -0.159417,
            42.870001,
            1684.12
          ],
          [
            -0.159421,
            42.870037,
            1683.2
          ],
          [
            -0.159396,
            42.870041,
            1682.71
          ],
          [
            -0.159367,
            42.870028,
            1682.05
          ],
          [
            -0.159338,
            42.870029,
            1681.5
          ],
          [
            -0.159322,
            42.870074,
            1680.27
          ],
          [
            -0.159169,
            42.870029,
            1677.22
          ],
          [
            -0.159084,
            42.870037,
            1675.65
          ],
          [
            -0.159014,
            42.870069,
            1674.15
          ],
          [
            -0.158647,
            42.870144,
            1667.73
          ],
          [
            -0.158475,
            42.870158,
            1665.35
          ],
          [
            -0.158055,
            42.870176,
            1659.75
          ],
          [
            -0.157654,
            42.870178,
            1654.59
          ],
          [
            -0.157254,
            42.870146,
            1650.02
          ],
          [
            -0.157171,
            42.870156,
            1649.2
          ],
          [
            -0.157118,
            42.870132,
            1648.63
          ],
          [
            -0.156912,
            42.870103,
            1646.77
          ],
          [
            -0.156788,
            42.870052,
            1645.55
          ],
          [
            -0.15661,
            42.870007,
            1643.98
          ],
          [
            -0.156467,
            42.869945,
            1642.61
          ],
          [
            -0.15625,
            42.869829,
            1640.73
          ],
          [
            -0.156027,
            42.869769,
            1639.57
          ],
          [
            -0.155915,
            42.869759,
            1639.01
          ],
          [
            -0.155629,
            42.869826,
            1637.25
          ],
          [
            -0.155364,
            42.869847,
            1634.89
          ],
          [
            -0.155197,
            42.869869,
            1633.1
          ],
          [
            -0.154886,
            42.869974,
            1629.07
          ],
          [
            -0.154684,
            42.870084,
            1625.78
          ],
          [
            -0.154547,
            42.870136,
            1623.31
          ],
          [
            -0.154362,
            42.87017,
            1619.83
          ],
          [
            -0.153992,
            42.870278,
            1611.76
          ],
          [
            -0.153723,
            42.870404,
            1604.69
          ],
          [
            -0.153343,
            42.870515,
            1594.97
          ],
          [
            -0.153136,
            42.870613,
            1588.83
          ],
          [
            -0.152902,
            42.870673,
            1582.86
          ],
          [
            -0.152404,
            42.870759,
            1571.19
          ],
          [
            -0.152175,
            42.870786,
            1566.34
          ],
          [
            -0.15202,
            42.870765,
            1563.35
          ],
          [
            -0.151758,
            42.870804,
            1558.67
          ],
          [
            -0.151522,
            42.870862,
            1554.4
          ],
          [
            -0.151373,
            42.870959,
            1551.21
          ],
          [
            -0.151182,
            42.871002,
            1548.0
          ],
          [
            -0.151048,
            42.8711,
            1544.9
          ],
          [
            -0.150926,
            42.871205,
            1541.77
          ],
          [
            -0.150819,
            42.871219,
            1540.09
          ],
          [
            -0.150715,
            42.871261,
            1538.21
          ],
          [
            -0.150625,
            42.871269,
            1536.58
          ],
          [
            -0.150521,
            42.871343,
            1534.0
          ],
          [
            -0.150416,
            42.871381,
            1531.83
          ],
          [
            -0.15032,
            42.87144,
            1529.22
          ],
          [
            -0.150148,
            42.871506,
            1524.8
          ],
          [
            -0.149959,
            42.871502,
            1523.1
          ],
          [
            -0.14979,
            42.871513,
            1521.13
          ],
          [
            -0.149547,
            42.871554,
            1518.92
          ],
          [
            -0.149405,
            42.871597,
            1517.62
          ],
          [
            -0.149244,
            42.871722,
            1515.32
          ],
          [
            -0.149017,
            42.871929,
            1511.68
          ],
          [
            -0.148962,
            42.872031,
            1510.2
          ],
          [
            -0.148489,
            42.872439,
            1503.06
          ],
          [
            -0.14832,
            42.872639,
            1499.85
          ],
          [
            -0.148228,
            42.872794,
            1497.85
          ],
          [
            -0.14815,
            42.872891,
            1496.86
          ],
          [
            -0.148002,
            42.873023,
            1495.24
          ],
          [
            -0.147968,
            42.873064,
            1494.43
          ],
          [
            -0.148004,
            42.873161,
            1491.72
          ],
          [
            -0.148011,
            42.873244,
            1490.7
          ],
          [
            -0.147973,
            42.873339,
            1489.75
          ],
          [
            -0.14755,
            42.873671,
            1484.51
          ],
          [
            -0.147482,
            42.873827,
            1482.13
          ],
          [
            -0.147378,
            42.873981,
            1479.78
          ],
          [
            -0.147218,
            42.874124,
            1477.06
          ],
          [
            -0.147128,
            42.874233,
            1475.06
          ],
          [
            -0.147087,
            42.874474,
            1471.1
          ],
          [
            -0.147084,
            42.874613,
            1468.83
          ],
          [
            -0.147202,
            42.875174,
            1460.09
          ],
          [
            -0.147091,
            42.87557,
            1454.11
          ],
          [
            -0.147093,
            42.875699,
            1452.23
          ],
          [
            -0.14716,
            42.875934,
            1448.8
          ],
          [
            -0.14716,
            42.876003,
            1447.83
          ],
          [
            -0.146948,
            42.876564,
            1439.44
          ],
          [
            -0.146597,
            42.877088,
            1431.14
          ],
          [
            -0.146569,
            42.877327,
            1428.17
          ],
          [
            -0.146385,
            42.877658,
            1423.84
          ],
          [
            -0.146293,
            42.877744,
            1422.45
          ],
          [
            -0.146206,
            42.87786,
            1420.79
          ],
          [
            -0.146096,
            42.877985,
            1418.96
          ],
          [
            -0.146024,
            42.878008,
            1418.24
          ],
          [
            -0.145869,
            42.878082,
            1416.54
          ],
          [
            -0.145832,
            42.878137,
            1415.76
          ],
          [
            -0.145806,
            42.878247,
            1414.38
          ],
          [
            -0.145753,
            42.878631,
            1409.46
          ],
          [
            -0.145561,
            42.878876,
            1406.16
          ],
          [
            -0.145481,
            42.878995,
            1404.64
          ],
          [
            -0.145003,
            42.879391,
            1397.88
          ],
          [
            -0.144932,
            42.879502,
            1396.06
          ],
          [
            -0.144903,
            42.879593,
            1394.6
          ],
          [
            -0.144761,
            42.87968,
            1392.6
          ],
          [
            -0.144682,
            42.879757,
            1391.29
          ],
          [
            -0.144627,
            42.879864,
            1389.47
          ],
          [
            -0.14444,
            42.880065,
            1385.71
          ],
          [
            -0.144487,
            42.880044,
            1386.76
          ],
          [
            -0.14455,
            42.88004,
            1387.79
          ],
          [
            -0.144644,
            42.880068,
            1388.86
          ],
          [
            -0.144783,
            42.880195,
            1390.69
          ],
          [
            -0.145295,
            42.880737,
            1398.17
          ],
          [
            -0.145499,
            42.8809,
            1400.58
          ],
          [
            -0.145586,
            42.881,
            1401.88
          ],
          [
            -0.145618,
            42.881094,
            1402.99
          ],
          [
            -0.145649,
            42.881565,
            1409.23
          ],
          [
            -0.145802,
            42.881927,
            1414.25
          ],
          [
            -0.14583,
            42.882018,
            1415.47
          ],
          [
            -0.145821,
            42.882091,
            1416.43
          ],
          [
            -0.145739,
            42.88224,
            1418.51
          ],
          [
            -0.14562,
            42.882365,
            1420.41
          ],
          [
            -0.145536,
            42.882626,
            1423.29
          ],
          [
            -0.145488,
            42.882827,
            1425.01
          ],
          [
            -0.145485,
            42.882886,
            1425.52
          ],
          [
            -0.145544,
            42.882947,
            1426.36
          ],
          [
            -0.145758,
            42.883085,
            1431.61
          ],
          [
            -0.145837,
            42.883166,
            1434.17
          ],
          [
            -0.146068,
            42.883603,
            1441.19
          ],
          [
            -0.146098,
            42.883619,
            1441.59
          ],
          [
            -0.146163,
            42.883343,
            1445.78
          ],
          [
            -0.146246,
            42.883408,
            1449.28
          ],
          [
            -0.146301,
            42.883438,
            1450.47
          ],
          [
            -0.146299,
            42.883505,
            1452.12
          ],
          [
            -0.146532,
            42.883727,
            1456.98
          ],
          [
            -0.146772,
            42.884049,
            1464.43
          ],
          [
            -0.146983,
            42.884126,
            1467.42
          ],
          [
            -0.147323,
            42.884204,
            1473.84
          ],
          [
            -0.147392,
            42.884214,
            1475.23
          ],
          [
            -0.147449,
            42.884174,
            1476.98
          ],
          [
            -0.147486,
            42.884106,
            1479.66
          ],
          [
            -0.147528,
            42.884073,
            1481.12
          ],
          [
            -0.147544,
            42.884027,
            1482.5
          ],
          [
            -0.147425,
            42.883636,
            1484.16
          ],
          [
            -0.147262,
            42.883534,
            1487.36
          ],
          [
            -0.147205,
            42.883405,
            1490.91
          ],
          [
            -0.147236,
            42.883339,
            1492.41
          ],
          [
            -0.147286,
            42.883319,
            1493.36
          ],
          [
            -0.147536,
            42.883348,
            1498.2
          ],
          [
            -0.147576,
            42.883345,
            1499.01
          ],
          [
            -0.147625,
            42.883312,
            1500.39
          ],
          [
            -0.147649,
            42.883173,
            1504.54
          ],
          [
            -0.147666,
            42.883125,
            1506.03
          ],
          [
            -0.147686,
            42.883098,
            1506.95
          ],
          [
            -0.147746,
            42.883076,
            1508.42
          ],
          [
            -0.147802,
            42.883078,
            1509.64
          ],
          [
            -0.147858,
            42.883092,
            1510.9
          ],
          [
            -0.147916,
            42.883096,
            1512.14
          ],
          [
            -0.14794,
            42.883071,
            1513.03
          ],
          [
            -0.14794,
            42.88303,
            1514.23
          ],
          [
            -0.147956,
            42.882993,
            1515.35
          ],
          [
            -0.148007,
            42.882991,
            1516.42
          ],
          [
            -0.14807,
            42.88303,
            1518.11
          ],
          [
            -0.148117,
            42.883045,
            1519.13
          ],
          [
            -0.148189,
            42.88305,
            1520.53
          ],
          [
            -0.148277,
            42.883139,
            1523.37
          ],
          [
            -0.148474,
            42.883291,
            1528.66
          ],
          [
            -0.14851,
            42.883297,
            1529.32
          ],
          [
            -0.148539,
            42.883281,
            1529.99
          ],
          [
            -0.148492,
            42.883057,
            1534.83
          ],
          [
            -0.148471,
            42.882894,
            1538.84
          ],
          [
            -0.148482,
            42.882806,
            1541.13
          ],
          [
            -0.148503,
            42.882766,
            1542.28
          ],
          [
            -0.148461,
            42.882565,
            1548.14
          ],
          [
            -0.148406,
            42.882488,
            1549.19
          ],
          [
            -0.148384,
            42.882427,
            1550.35
          ],
          [
            -0.148347,
            42.882379,
            1550.95
          ],
          [
            -0.148338,
            42.882317,
            1553.03
          ],
          [
            -0.148406,
            42.882264,
            1555.87
          ],
          [
            -0.148697,
            42.882081,
            1564.73
          ],
          [
            -0.148828,
            42.882067,
            1567.62
          ],
          [
            -0.148993,
            42.882083,
            1570.96
          ],
          [
            -0.14917,
            42.882148,
            1574.04
          ],
          [
            -0.149432,
            42.882375,
            1579.95
          ],
          [
            -0.149583,
            42.882545,
            1583.72
          ],
          [
            -0.149679,
            42.88268,
            1586.02
          ],
          [
            -0.14977,
            42.883011,
            1591.21
          ],
          [
            -0.149748,
            42.88328,
            1596.5
          ],
          [
            -0.149761,
            42.883307,
            1597.05
          ],
          [
            -0.149811,
            42.883335,
            1597.9
          ],
          [
            -0.149871,
            42.883344,
            1598.74
          ],
          [
            -0.149902,
            42.88333,
            1599.23
          ],
          [
            -0.149938,
            42.883274,
            1600.37
          ],
          [
            -0.149957,
            42.88317,
            1602.27
          ],
          [
            -0.150124,
            42.882956,
            1607.21
          ],
          [
            -0.150186,
            42.882807,
            1611.09
          ],
          [
            -0.150178,
            42.882704,
            1613.68
          ],
          [
            -0.150102,
            42.882518,
            1617.93
          ],
          [
            -0.150104,
            42.882468,
            1619.02
          ],
          [
            -0.150114,
            42.882445,
            1619.58
          ],
          [
            -0.150169,
            42.882411,
            1620.8
          ],
          [
            -0.150233,
            42.882417,
            1621.9
          ],
          [
            -0.150353,
            42.882506,
            1624.51
          ],
          [
            -0.150519,
            42.882644,
            1628.56
          ],
          [
            -0.150623,
            42.882787,
            1632.71
          ],
          [
            -0.150695,
            42.882836,
            1634.58
          ],
          [
            -0.150743,
            42.882847,
            1635.5
          ],
          [
            -0.150784,
            42.882844,
            1636.2
          ],
          [
            -0.150799,
            42.88285,
            1636.47
          ],
          [
            -0.150756,
            42.883032,
            1640.35
          ],
          [
            -0.150804,
            42.883145,
            1643.23
          ],
          [
            -0.150838,
            42.883293,
            1646.18
          ],
          [
            -0.150826,
            42.883409,
            1649.05
          ],
          [
            -0.150831,
            42.883486,
            1650.0
          ],
          [
            -0.150889,
            42.88357,
            1650.5
          ],
          [
            -0.150956,
            42.883614,
            1651.63
          ],
          [
            -0.150966,
            42.883604,
            1652.47
          ],
          [
            -0.150999,
            42.883598,
            1653.89
          ],
          [
            -0.151056,
            42.883614,
            1655.44
          ],
          [
            -0.151113,
            42.883664,
            1656.38
          ],
          [
            -0.151532,
            42.884218,
            1661.42
          ],
          [
            -0.151639,
            42.88439,
            1663.69
          ],
          [
            -0.151661,
            42.884489,
            1664.7
          ],
          [
            -0.151636,
            42.884717,
            1667.98
          ],
          [
            -0.151653,
            42.88477,
            1669.1
          ],
          [
            -0.151686,
            42.88481,
            1670.45
          ],
          [
            -0.151734,
            42.884815,
            1672.0
          ],
          [
            -0.15178,
            42.884809,
            1673.94
          ],
          [
            -0.151827,
            42.884785,
            1675.95
          ],
          [
            -0.151841,
            42.884724,
            1675.56
          ],
          [
            -0.151921,
            42.884663,
            1677.14
          ],
          [
            -0.151973,
            42.884567,
            1678.71
          ],
          [
            -0.152003,
            42.884376,
            1682.92
          ],
          [
            -0.152034,
            42.884322,
            1684.48
          ],
          [
            -0.152089,
            42.884289,
            1686.71
          ],
          [
            -0.152287,
            42.88424,
            1694.67
          ],
          [
            -0.152355,
            42.884229,
            1696.87
          ],
          [
            -0.152486,
            42.884249,
            1701.09
          ],
          [
            -0.152557,
            42.884249,
            1703.14
          ],
          [
            -0.152588,
            42.884197,
            1704.33
          ],
          [
            -0.152589,
            42.884145,
            1705.06
          ],
          [
            -0.152664,
            42.884123,
            1707.53
          ],
          [
            -0.152801,
            42.88398,
            1714.59
          ],
          [
            -0.152863,
            42.88395,
            1717.31
          ],
          [
            -0.152896,
            42.883964,
            1717.8
          ],
          [
            -0.152979,
            42.884045,
            1719.21
          ],
          [
            -0.153004,
            42.884113,
            1720.06
          ],
          [
            -0.153013,
            42.884247,
            1721.5
          ],
          [
            -0.153001,
            42.884724,
            1725.79
          ],
          [
            -0.152989,
            42.884781,
            1726.35
          ],
          [
            -0.15293,
            42.884903,
            1727.61
          ],
          [
            -0.152832,
            42.885039,
            1729.24
          ],
          [
            -0.152828,
            42.885082,
            1729.71
          ],
          [
            -0.152855,
            42.885104,
            1730.04
          ],
          [
            -0.152906,
            42.885116,
            1730.5
          ],
          [
            -0.153983,
            42.88498,
            1743.4
          ],
          [
            -0.1544,
            42.884838,
            1751.14
          ],
          [
            -0.154629,
            42.884621,
            1757.7
          ],
          [
            -0.15529,
            42.884207,
            1771.5
          ],
          [
            -0.156321,
            42.883889,
            1786.06
          ],
          [
            -0.156797,
            42.883673,
            1794.35
          ],
          [
            -0.156691,
            42.883558,
            1797.06
          ],
          [
            -0.15652,
            42.883436,
            1800.1
          ],
          [
            -0.15634,
            42.883379,
            1802.32
          ],
          [
            -0.156077,
            42.883371,
            1804.85
          ],
          [
            -0.155315,
            42.883466,
            1811.22
          ],
          [
            -0.155185,
            42.883443,
            1812.27
          ],
          [
            -0.155127,
            42.883413,
            1812.83
          ],
          [
            -0.155116,
            42.883341,
            1813.67
          ],
          [
            -0.15519,
            42.883275,
            1814.72
          ],
          [
            -0.156561,
            42.882581,
            1833.29
          ],
          [
            -0.156596,
            42.882538,
            1834.0
          ],
          [
            -0.156641,
            42.882502,
            1834.7
          ],
          [
            -0.156523,
            42.882381,
            1837.05
          ],
          [
            -0.156381,
            42.882149,
            1841.57
          ],
          [
            -0.156178,
            42.882135,
            1843.05
          ],
          [
            -0.156116,
            42.882066,
            1844.5
          ],
          [
            -0.155531,
            42.882025,
            1852.02
          ],
          [
            -0.155892,
            42.881678,
            1858.82
          ],
          [
            -0.15613,
            42.881429,
            1863.46
          ],
          [
            -0.156496,
            42.880866,
            1875.24
          ],
          [
            -0.156705,
            42.880623,
            1881.77
          ],
          [
            -0.156806,
            42.880479,
            1885.67
          ],
          [
            -0.156943,
            42.880244,
            1891.52
          ],
          [
            -0.157153,
            42.880107,
            1895.43
          ],
          [
            -0.157218,
            42.880077,
            1896.33
          ],
          [
            -0.157195,
            42.880043,
            1896.87
          ],
          [
            -0.157152,
            42.880017,
            1897.43
          ],
          [
            -0.157085,
            42.880019,
            1898.04
          ],
          [
            -0.156921,
            42.880065,
            1899.38
          ],
          [
            -0.156795,
            42.880126,
            1900.55
          ],
          [
            -0.156511,
            42.880345,
            1901.94
          ],
          [
            -0.156257,
            42.880458,
            1901.51
          ],
          [
            -0.156143,
            42.880491,
            1902.06
          ],
          [
            -0.155996,
            42.880533,
            1902.78
          ],
          [
            -0.155709,
            42.880592,
            1905.22
          ],
          [
            -0.155446,
            42.880695,
            1906.15
          ],
          [
            -0.155245,
            42.880824,
            1906.81
          ],
          [
            -0.155085,
            42.880969,
            1907.88
          ],
          [
            -0.155059,
            42.880978,
            1908.01
          ],
          [
            -0.155017,
            42.880972,
            1908.2
          ],
          [
            -0.155006,
            42.880951,
            1908.34
          ],
          [
            -0.155013,
            42.880927,
            1908.5
          ],
          [
            -0.155086,
            42.880856,
            1909.1
          ],
          [
            -0.155338,
            42.880564,
            1912.48
          ],
          [
            -0.155504,
            42.880424,
            1915.18
          ],
          [
            -0.155797,
            42.88024,
            1920.25
          ],
          [
            -0.155948,
            42.880094,
            1924.07
          ],
          [
            -0.156064,
            42.879929,
            1928.27
          ],
          [
            -0.156141,
            42.879764,
            1932.29
          ],
          [
            -0.156223,
            42.879648,
            1935.06
          ],
          [
            -0.156551,
            42.879386,
            1941.58
          ],
          [
            -0.156645,
            42.879285,
            1943.95
          ],
          [
            -0.156891,
            42.878982,
            1951.48
          ],
          [
            -0.157074,
            42.878812,
            1955.63
          ],
          [
            -0.157207,
            42.878725,
            1958.06
          ],
          [
            -0.157367,
            42.878642,
            1961.02
          ],
          [
            -0.157601,
            42.878558,
            1965.25
          ],
          [
            -0.157828,
            42.878523,
            1968.95
          ],
          [
            -0.157917,
            42.878494,
            1970.39
          ],
          [
            -0.15812,
            42.878327,
            1974.34
          ],
          [
            -0.158267,
            42.878245,
            1976.29
          ],
          [
            -0.158453,
            42.87812,
            1979.17
          ],
          [
            -0.158564,
            42.87807,
            1980.87
          ],
          [
            -0.158674,
            42.878039,
            1982.33
          ],
          [
            -0.159014,
            42.878072,
            1986.05
          ],
          [
            -0.159074,
            42.87805,
            1986.79
          ],
          [
            -0.159279,
            42.877842,
            1990.82
          ],
          [
            -0.159506,
            42.87781,
            1993.45
          ],
          [
            -0.159601,
            42.877764,
            1994.76
          ],
          [
            -0.159842,
            42.877607,
            1998.47
          ],
          [
            -0.160009,
            42.877539,
            2000.44
          ],
          [
            -0.160159,
            42.877519,
            2001.93
          ],
          [
            -0.160431,
            42.877559,
            2004.81
          ],
          [
            -0.161073,
            42.877504,
            2010.18
          ],
          [
            -0.161202,
            42.877516,
            2011.22
          ],
          [
            -0.161325,
            42.877566,
            2012.5
          ],
          [
            -0.162167,
            42.877845,
            2017.37
          ],
          [
            -0.162544,
            42.878039,
            2021.42
          ],
          [
            -0.162853,
            42.878181,
            2025.33
          ],
          [
            -0.163269,
            42.878371,
            2033.31
          ],
          [
            -0.163548,
            42.878531,
            2039.15
          ],
          [
            -0.164019,
            42.878759,
            2047.35
          ],
          [
            -0.164193,
            42.878862,
            2050.91
          ],
          [
            -0.164427,
            42.87896,
            2055.05
          ],
          [
            -0.16453,
            42.879024,
            2056.08
          ],
          [
            -0.164616,
            42.879088,
            2057.04
          ],
          [
            -0.165033,
            42.879509,
            2064.25
          ],
          [
            -0.165185,
            42.879811,
            2068.55
          ],
          [
            -0.165277,
            42.879928,
            2070.09
          ],
          [
            -0.165452,
            42.880008,
            2071.98
          ],
          [
            -0.165766,
            42.880172,
            2075.08
          ],
          [
            -0.165783,
            42.880319,
            2069.48
          ],
          [
            -0.165818,
            42.880449,
            2065.7
          ],
          [
            -0.165755,
            42.880602,
            2062.42
          ],
          [
            -0.165723,
            42.880739,
            2058.11
          ],
          [
            -0.165755,
            42.880796,
            2056.27
          ],
          [
            -0.165768,
            42.880858,
            2054.53
          ],
          [
            -0.16572,
            42.880915,
            2052.68
          ],
          [
            -0.16565,
            42.880931,
            2051.16
          ],
          [
            -0.165593,
            42.880915,
            2049.85
          ],
          [
            -0.165486,
            42.880845,
            2046.64
          ],
          [
            -0.165366,
            42.880756,
            2042.64
          ],
          [
            -0.165161,
            42.880522,
            2034.23
          ],
          [
            -0.164959,
            42.880482,
            2028.78
          ],
          [
            -0.164877,
            42.88044,
            2026.19
          ],
          [
            -0.164825,
            42.880438,
            2024.88
          ],
          [
            -0.164802,
            42.88046,
            2023.95
          ],
          [
            -0.164797,
            42.880516,
            2022.06
          ],
          [
            -0.164825,
            42.880668,
            2017.02
          ],
          [
            -0.16482,
            42.880756,
            2014.07
          ],
          [
            -0.164692,
            42.880803,
            2010.51
          ],
          [
            -0.164553,
            42.880831,
            2007.07
          ],
          [
            -0.164366,
            42.880888,
            2002.64
          ],
          [
            -0.164341,
            42.880913,
            2001.75
          ],
          [
            -0.164328,
            42.880986,
            1999.64
          ],
          [
            -0.164266,
            42.880986,
            1998.29
          ],
          [
            -0.164219,
            42.880968,
            1997.11
          ],
          [
            -0.164189,
            42.880908,
            1995.14
          ],
          [
            -0.164086,
            42.880814,
            1991.46
          ],
          [
            -0.163835,
            42.880652,
            1984.9
          ],
          [
            -0.163583,
            42.880606,
            1980.29
          ],
          [
            -0.163364,
            42.88049,
            1975.76
          ],
          [
            -0.163274,
            42.880407,
            1973.69
          ],
          [
            -0.163195,
            42.880363,
            1972.24
          ],
          [
            -0.163161,
            42.880359,
            1971.73
          ],
          [
            -0.163128,
            42.880382,
            1971.0
          ],
          [
            -0.163128,
            42.880442,
            1969.64
          ],
          [
            -0.163151,
            42.880518,
            1967.78
          ],
          [
            -0.163149,
            42.880682,
            1963.71
          ],
          [
            -0.163172,
            42.880727,
            1962.51
          ],
          [
            -0.163267,
            42.880776,
            1960.44
          ],
          [
            -0.163301,
            42.880815,
            1959.37
          ],
          [
            -0.163294,
            42.880851,
            1958.5
          ],
          [
            -0.163255,
            42.880873,
            1957.65
          ],
          [
            -0.163047,
            42.880945,
            1953.61
          ],
          [
            -0.162881,
            42.880973,
            1950.67
          ],
          [
            -0.16278,
            42.881041,
            1948.14
          ],
          [
            -0.162702,
            42.881208,
            1942.12
          ],
          [
            -0.162534,
            42.881328,
            1938.7
          ],
          [
            -0.162508,
            42.881337,
            1938.06
          ],
          [
            -0.162473,
            42.881325,
            1937.12
          ],
          [
            -0.162431,
            42.881234,
            1933.3
          ],
          [
            -0.162332,
            42.881687,
            1939.4
          ],
          [
            -0.162276,
            42.8818,
            1941.29
          ],
          [
            -0.162001,
            42.882137,
            1946.43
          ],
          [
            -0.161766,
            42.882489,
            1952.14
          ],
          [
            -0.161695,
            42.882716,
            1955.38
          ],
          [
            -0.161711,
            42.882854,
            1957.72
          ],
          [
            -0.161736,
            42.882874,
            1958.2
          ],
          [
            -0.161755,
            42.882871,
            1958.45
          ],
          [
            -0.161809,
            42.88281,
            1959.64
          ],
          [
            -0.161855,
            42.882703,
            1961.43
          ],
          [
            -0.161962,
            42.882569,
            1963.9
          ],
          [
            -0.162055,
            42.882515,
            1965.47
          ],
          [
            -0.162112,
            42.882496,
            1966.37
          ],
          [
            -0.162201,
            42.882498,
            1967.74
          ],
          [
            -0.162238,
            42.882481,
            1968.4
          ],
          [
            -0.162289,
            42.882431,
            1969.69
          ],
          [
            -0.162336,
            42.882353,
            1971.29
          ],
          [
            -0.162542,
            42.882177,
            1975.75
          ],
          [
            -0.162601,
            42.882147,
            1976.76
          ],
          [
            -0.162897,
            42.882098,
            1980.8
          ],
          [
            -0.163102,
            42.881952,
            1984.67
          ],
          [
            -0.16323,
            42.881904,
            1987.04
          ],
          [
            -0.163232,
            42.881861,
            1988.06
          ],
          [
            -0.163253,
            42.881832,
            1988.89
          ],
          [
            -0.163253,
            42.881801,
            1989.69
          ],
          [
            -0.163378,
            42.88171,
            1992.95
          ],
          [
            -0.163403,
            42.881714,
            1993.4
          ],
          [
            -0.163414,
            42.881735,
            1993.93
          ],
          [
            -0.163403,
            42.881815,
            1995.78
          ],
          [
            -0.163415,
            42.882133,
            2002.67
          ],
          [
            -0.163408,
            42.882256,
            2005.2
          ],
          [
            -0.163204,
            42.882542,
            2012.14
          ],
          [
            -0.163188,
            42.882611,
            2013.54
          ],
          [
            -0.163121,
            42.88267,
            2015.11
          ],
          [
            -0.163104,
            42.882734,
            2016.52
          ],
          [
            -0.163139,
            42.882767,
            2017.42
          ],
          [
            -0.163343,
            42.882883,
            2021.06
          ],
          [
            -0.163498,
            42.88302,
            2023.98
          ],
          [
            -0.163593,
            42.883092,
            2026.39
          ],
          [
            -0.163739,
            42.883118,
            2029.24
          ],
          [
            -0.163844,
            42.883105,
            2031.91
          ],
          [
            -0.164021,
            42.882983,
            2036.55
          ],
          [
            -0.164007,
            42.882834,
            2037.63
          ],
          [
            -0.164037,
            42.882644,
            2039.27
          ],
          [
            -0.164056,
            42.882574,
            2040.0
          ],
          [
            -0.164086,
            42.882523,
            2040.55
          ],
          [
            -0.164124,
            42.882509,
            2040.89
          ],
          [
            -0.164196,
            42.882518,
            2041.61
          ],
          [
            -0.164276,
            42.882562,
            2042.65
          ],
          [
            -0.164381,
            42.882655,
            2044.15
          ],
          [
            -0.164501,
            42.882801,
            2046.35
          ],
          [
            -0.164533,
            42.882856,
            2047.17
          ],
          [
            -0.164583,
            42.882885,
            2047.85
          ],
          [
            -0.16464,
            42.882885,
            2048.49
          ],
          [
            -0.164705,
            42.882854,
            2049.37
          ],
          [
            -0.164755,
            42.882769,
            2050.83
          ],
          [
            -0.164979,
            42.882574,
            2054.82
          ],
          [
            -0.165024,
            42.882567,
            2055.37
          ],
          [
            -0.165079,
            42.882606,
            2056.27
          ],
          [
            -0.165249,
            42.882653,
            2058.35
          ],
          [
            -0.165319,
            42.882704,
            2059.31
          ],
          [
            -0.16537,
            42.882762,
            2060.17
          ],
          [
            -0.16541,
            42.88286,
            2061.53
          ],
          [
            -0.165411,
            42.882942,
            2062.67
          ],
          [
            -0.165361,
            42.883075,
            2064.63
          ],
          [
            -0.165265,
            42.883266,
            2067.36
          ],
          [
            -0.16527,
            42.883316,
            2068.01
          ],
          [
            -0.165311,
            42.883371,
            2068.8
          ],
          [
            -0.16537,
            42.883408,
            2069.56
          ],
          [
            -0.165509,
            42.883424,
            2071.03
          ]
        ]
      }
    },
    {
      "type": "Feature",
      "properties": {
        "source": "Ilhéou_Col_et_Lac.gpx",
        "type": "route"
      },
      "geometry": {
        "type": "LineString",
        "coordinates": [
          [
            -0.178488,
            42.938499
          ],
          [
            -0.178334,
            42.937232
          ],
          [
            -0.178367,
            42.937191
          ],
          [
            -0.181021,
            42.930902
          ],
          [
            -0.181247,
            42.930261
          ],
          [
            -0.182051,
            42.930063
          ],
          [
            -0.18292,
            42.928626
          ],
          [
            -0.182488,
            42.926962
          ],
          [
            -0.184702,
            42.921779
          ],
          [
            -0.182553,
            42.921738
          ],
          [
            -0.182562,
            42.9217
          ],
          [
            -0.180121,
            42.916155
          ],
          [
            -0.180121,
            42.916155
          ],
          [
            -0.182562,
            42.9217
          ],
          [
            -0.182553,
            42.921738
          ],
          [
            -0.184702,
            42.921779
          ],
          [
            -0.188846,
            42.917269
          ],
          [
            -0.189348,
            42.917458
          ],
          [
            -0.196757,
            42.911827
          ],
          [
            -0.196759,
            42.911441
          ],
          [
            -0.198587,
            42.91088
          ],
          [
            -0.198696,
            42.910911
          ],
          [
            -0.200307,
            42.910585
          ],
          [
            -0.201104,
            42.910381
          ],
          [
            -0.204057,
            42.907879
          ],
          [
            -0.203752,
            42.907595
          ],
          [
            -0.205288,
            42.906047
          ],
          [
            -0.207363,
            42.904799
          ],
          [
            -0.207699,
            42.903588
          ],
          [
            -0.207321,
            42.90338
          ],
          [
            -0.207443,
            42.903096
          ],
          [
            -0.207528,
            42.90293
          ],
          [
            -0.204762,
            42.89846
          ],
          [
            -0.204397,
            42.898526
          ],
          [
            -0.205698,
            42.898049
          ],
          [
            -0.196175,
            42.88246
          ],
          [
            -0.191873,
            42.881864
          ],
          [
            -0.185644,
            42.877598
          ],
          [
            -0.177725,
            42.878459
          ],
          [
            -0.174081,
            42.866498
          ],
          [
            -0.169083,
            42.869122
          ],
          [
            -0.165885,
            42.870989
          ],
          [
            -0.147968,
            42.873064
          ],
          [
            -0.14444,
            42.880065
          ],
          [
            -0.148384,
            42.882427
          ],
          [
            -0.150956,
            42.883614
          ],
          [
            -0.156178,
            42.882135
          ],
          [
            -0.156143,
            42.880491
          ],
          [
            -0.162853,
            42.878181
          ],
          [
            -0.165766,
            42.880172
          ],
          [
            -0.162431,
            42.881234
          ],
          [
            -0.165509,
            42.883424
          ]
        ]
      }
    }
  ]
}